ifi_district_name,ifi_state_context,lgd_state_code,lgd_state_name,lgd_district_code,lgd_district_name,census_2001_code,census_2011_code,census_boundary_district,census_boundary_state,censuscode,match_class,verification_status,historical_boundary_status,mapping_method,mapping_confidence,notes
& Parts of Himachal Pradesh,Himachal Pradesh,,,,,,,,,,UNMATCHED,UNMATCHED,HISTORICAL_REVIEW_REQUIRED,none,NONE,No defensible LGD/Census candidate in the reviewed comparison. Existing comparison note: No exact or normalized LGD district/state candidate.
& Parts of Uttar Pradesh,Uttar Pradesh,,,,,,,,,,UNMATCHED,UNMATCHED,HISTORICAL_REVIEW_REQUIRED,none,NONE,No defensible LGD/Census candidate in the reviewed comparison. Existing comparison note: No exact or normalized LGD district/state candidate.
& various parts of Nagaland,Nagaland,,,,,,,,,,UNMATCHED,UNMATCHED,HISTORICAL_REVIEW_REQUIRED,none,NONE,No defensible LGD/Census candidate in the reviewed comparison. Existing comparison note: No exact or normalized LGD district/state candidate.
11 districts,Odisha,,,,,,,,,,UNMATCHED,UNMATCHED,HISTORICAL_REVIEW_REQUIRED,none,NONE,No defensible LGD/Census candidate in the reviewed comparison. Existing comparison note: No exact or normalized LGD district/state candidate.
14 districts,Odisha,,,,,,,,,,UNMATCHED,UNMATCHED,HISTORICAL_REVIEW_REQUIRED,none,NONE,No defensible LGD/Census candidate in the reviewed comparison. Existing comparison note: No exact or normalized LGD district/state candidate.
14 districts of Assam,Assam,,,,,,,,,,UNMATCHED,UNMATCHED,HISTORICAL_REVIEW_REQUIRED,none,NONE,No defensible LGD/Census candidate in the reviewed comparison. Existing comparison note: No exact or normalized LGD district/state candidate.
19 districts of Orissa,Odisha,,,,,,,,,,UNMATCHED,UNMATCHED,HISTORICAL_REVIEW_REQUIRED,none,NONE,No defensible LGD/Census candidate in the reviewed comparison. Existing comparison note: No exact or normalized LGD district/state candidate.
21 districts of Assam,Assam,,,,,,,,,,UNMATCHED,UNMATCHED,HISTORICAL_REVIEW_REQUIRED,none,NONE,No defensible LGD/Census candidate in the reviewed comparison. Existing comparison note: No exact or normalized LGD district/state candidate.
26 districts of Rajasthan,Rajasthan,,,,,,,,,,UNMATCHED,UNMATCHED,HISTORICAL_REVIEW_REQUIRED,none,NONE,No defensible LGD/Census candidate in the reviewed comparison. Existing comparison note: No exact or normalized LGD district/state candidate.
29 districts affected,Uttar Pradesh,,,,,,,,,,UNMATCHED,UNMATCHED,HISTORICAL_REVIEW_REQUIRED,none,NONE,No defensible LGD/Census candidate in the reviewed comparison. Existing comparison note: No exact or normalized LGD district/state candidate.
3 out of 8 districts,Manipur,,,,,,,,,,UNMATCHED,UNMATCHED,HISTORICAL_REVIEW_REQUIRED,none,NONE,No defensible LGD/Census candidate in the reviewed comparison. Existing comparison note: No exact or normalized LGD district/state candidate.
6 districts,Arunachal Pradesh,,,,,,,,,,UNMATCHED,UNMATCHED,HISTORICAL_REVIEW_REQUIRED,none,NONE,No defensible LGD/Census candidate in the reviewed comparison. Existing comparison note: No exact or normalized LGD district/state candidate.
Adilabad,Andhra Pradesh; Maharashtra; Telangana,36.0,Telangana,501.0,Adilabad,1.0,532.0,Adilabad,Andhra Pradesh,532.0,VERIFIED_NAME_STATE,NAME_STATE_CANDIDATE_WITH_HISTORICAL_LIMITATION,HISTORICAL_REVIEW_REQUIRED,exact_name_state_boundary_candidate,HIGH_FOR_CURRENT_NAME_STATE_LINK; HISTORICAL_LIMITATION,"Exact LGD name, observed state context, and Census boundary candidate agree; code equivalence is not assumed. Existing comparison note: Exact LGD district name; observed IFI state context is retained separately because the IFI field can be multi-value and historical equivalence is unresolved. Observed IFI state context includes LGD state name. LGD/Census candidate by name; codes are not assumed equivalent."
Agar-Malwa,Andhra Pradesh; Bihar; Chhattisgarh; Gujarat; Haryana; Madhya Pradesh; Maharashtra; Odisha; Punjab; Rajasthan; Uttar Pradesh; West Bengal,23.0,Madhya Pradesh,667.0,Agar-Malwa,0.0,0.0,,,,HISTORICAL_REVIEW,REQUIRES_MANUAL_VERIFICATION,HISTORICAL_REVIEW_REQUIRED,exact_name_without_complete_state_boundary_confirmation,LOW_REQUIRES_HISTORICAL_REVIEW,Identity is plausible by exact LGD name but state or Census-boundary evidence is incomplete or contradictory. Existing comparison note: Exact LGD district name; observed IFI state context is retained separately because the IFI field can be multi-value and historical equivalence is unresolved. Observed IFI state context includes LGD state name. LGD district has no exact Census boundary pair.
Agra,Arunachal Pradesh; Assam; Bihar; East Rajasthan; Gujarat; Haryana; Himachal Pradesh; Jammu and Kashmir; Kerala; Madhya Pradesh; Maharashtra; Odisha; Punjab; Rajasthan; Uttar Pradesh; Uttar pradesh; Uttarakhand; West Bengal,9.0,Uttar Pradesh,118.0,Agra,15.0,146.0,Agra,Uttar Pradesh,146.0,VERIFIED_NAME_STATE,NAME_STATE_CANDIDATE_WITH_HISTORICAL_LIMITATION,HISTORICAL_REVIEW_REQUIRED,exact_name_state_boundary_candidate,HIGH_FOR_CURRENT_NAME_STATE_LINK; HISTORICAL_LIMITATION,"Exact LGD name, observed state context, and Census boundary candidate agree; code equivalence is not assumed. Existing comparison note: Exact LGD district name; observed IFI state context is retained separately because the IFI field can be multi-value and historical equivalence is unresolved. Observed IFI state context includes LGD state name. LGD/Census candidate by name; codes are not assumed equivalent."
Ahmedabad,Bihar; Gujarat; Madhya Pradesh; Maharashtra; Rajasthan; Uttar Pradesh,24.0,Gujarat,438.0,Ahmedabad,7.0,474.0,,,,HISTORICAL_REVIEW,REQUIRES_MANUAL_VERIFICATION,HISTORICAL_REVIEW_REQUIRED,exact_name_without_complete_state_boundary_confirmation,LOW_REQUIRES_HISTORICAL_REVIEW,Identity is plausible by exact LGD name but state or Census-boundary evidence is incomplete or contradictory. Existing comparison note: Exact LGD district name; observed IFI state context is retained separately because the IFI field can be multi-value and historical equivalence is unresolved. Observed IFI state context includes LGD state name. LGD district has no exact Census boundary pair.
Ahmednagar,Bihar; Gujarat; Madhya Pradesh; Maharashtra; Rajasthan; Telangana; Uttar Pradesh,,,,,,,,,,UNMATCHED,UNMATCHED,HISTORICAL_REVIEW_REQUIRED,none,NONE,No defensible LGD/Census candidate in the reviewed comparison. Existing comparison note: No exact or normalized LGD district/state candidate.
Aizawl,Mizoram,15.0,Mizoram,261.0,Aizawl,3.0,283.0,Aizawl,Mizoram,283.0,VERIFIED_NAME_STATE,NAME_STATE_CANDIDATE_WITH_HISTORICAL_LIMITATION,HISTORICAL_REVIEW_REQUIRED,exact_name_state_boundary_candidate,HIGH_FOR_CURRENT_NAME_STATE_LINK; HISTORICAL_LIMITATION,"Exact LGD name, observed state context, and Census boundary candidate agree; code equivalence is not assumed. Existing comparison note: Exact LGD district name; observed IFI state context is retained separately because the IFI field can be multi-value and historical equivalence is unresolved. Observed IFI state context includes LGD state name. LGD/Census candidate by name; codes are not assumed equivalent."
Ajmer,Bihar; Gujarat; Haryana; Kerala; Madhya Pradesh; Maharashtra; Odisha; Punjab; Rajasthan; Uttar Pradesh,8.0,Rajasthan,86.0,Ajmer,21.0,119.0,Ajmer,Rajasthan,119.0,VERIFIED_NAME_STATE,NAME_STATE_CANDIDATE_WITH_HISTORICAL_LIMITATION,HISTORICAL_REVIEW_REQUIRED,exact_name_state_boundary_candidate,HIGH_FOR_CURRENT_NAME_STATE_LINK; HISTORICAL_LIMITATION,"Exact LGD name, observed state context, and Census boundary candidate agree; code equivalence is not assumed. Existing comparison note: Exact LGD district name; observed IFI state context is retained separately because the IFI field can be multi-value and historical equivalence is unresolved. Observed IFI state context includes LGD state name. LGD/Census candidate by name; codes are not assumed equivalent."
Akharpur,Uttar Pradesh,,,,,,,,,,UNMATCHED,UNMATCHED,HISTORICAL_REVIEW_REQUIRED,none,NONE,No defensible LGD/Census candidate in the reviewed comparison. Existing comparison note: No exact or normalized LGD district/state candidate.
Akola,Bihar; Gujarat; Madhya Pradesh; Maharashtra; Rajasthan; Telangana; Uttar Pradesh,27.0,Maharashtra,467.0,Akola,5.0,501.0,Akola,Maharashtra,501.0,VERIFIED_NAME_STATE,NAME_STATE_CANDIDATE_WITH_HISTORICAL_LIMITATION,HISTORICAL_REVIEW_REQUIRED,exact_name_state_boundary_candidate,HIGH_FOR_CURRENT_NAME_STATE_LINK; HISTORICAL_LIMITATION,"Exact LGD name, observed state context, and Census boundary candidate agree; code equivalence is not assumed. Existing comparison note: Exact LGD district name; observed IFI state context is retained separately because the IFI field can be multi-value and historical equivalence is unresolved. Observed IFI state context includes LGD state name. LGD/Census candidate by name; codes are not assumed equivalent."
Alappuzha,Bihar; Haryana; Karnataka; Kerala; Rajasthan; Uttar Pradesh,32.0,Kerala,554.0,Alappuzha,11.0,598.0,Alappuzha,Kerala,598.0,VERIFIED_NAME_STATE,NAME_STATE_CANDIDATE_WITH_HISTORICAL_LIMITATION,HISTORICAL_REVIEW_REQUIRED,exact_name_state_boundary_candidate,HIGH_FOR_CURRENT_NAME_STATE_LINK; HISTORICAL_LIMITATION,"Exact LGD name, observed state context, and Census boundary candidate agree; code equivalence is not assumed. Existing comparison note: Exact LGD district name; observed IFI state context is retained separately because the IFI field can be multi-value and historical equivalence is unresolved. Observed IFI state context includes LGD state name. LGD/Census candidate by name; codes are not assumed equivalent."
Aligarh,Arunachal Pradesh; Assam; Bihar; East Rajasthan; Gujarat; Haryana; Himachal Pradesh; Jammu and Kashmir; Kerala; Madhya Pradesh; Maharashtra; Odisha; Punjab; Rajasthan; Uttar Pradesh; Uttar pradesh; Uttarakhand; West Bengal,9.0,Uttar Pradesh,119.0,Aligarh,12.0,143.0,Aligarh,Uttar Pradesh,143.0,VERIFIED_NAME_STATE,NAME_STATE_CANDIDATE_WITH_HISTORICAL_LIMITATION,HISTORICAL_REVIEW_REQUIRED,exact_name_state_boundary_candidate,HIGH_FOR_CURRENT_NAME_STATE_LINK; HISTORICAL_LIMITATION,"Exact LGD name, observed state context, and Census boundary candidate agree; code equivalence is not assumed. Existing comparison note: Exact LGD district name; observed IFI state context is retained separately because the IFI field can be multi-value and historical equivalence is unresolved. Observed IFI state context includes LGD state name. LGD/Census candidate by name; codes are not assumed equivalent."
Alirajpur,Andhra Pradesh; Bihar; Chhattisgarh; Gujarat; Haryana; Madhya Pradesh; Maharashtra; Odisha; Punjab; Rajasthan; Uttar Pradesh; West Bengal,23.0,Madhya Pradesh,639.0,Alirajpur,24.0,465.0,Alirajpur,Madhya Pradesh,465.0,VERIFIED_NAME_STATE,NAME_STATE_CANDIDATE_WITH_HISTORICAL_LIMITATION,HISTORICAL_REVIEW_REQUIRED,exact_name_state_boundary_candidate,HIGH_FOR_CURRENT_NAME_STATE_LINK; HISTORICAL_LIMITATION,"Exact LGD name, observed state context, and Census boundary candidate agree; code equivalence is not assumed. Existing comparison note: Exact LGD district name; observed IFI state context is retained separately because the IFI field can be multi-value and historical equivalence is unresolved. Observed IFI state context includes LGD state name. LGD/Census candidate by name; codes are not assumed equivalent."
Almora,Uttar Pradesh; Uttarakhand,5.0,Uttarakhand,45.0,Almora,9.0,64.0,Almora,Uttarakhand,64.0,VERIFIED_NAME_STATE,NAME_STATE_CANDIDATE_WITH_HISTORICAL_LIMITATION,HISTORICAL_REVIEW_REQUIRED,exact_name_state_boundary_candidate,HIGH_FOR_CURRENT_NAME_STATE_LINK; HISTORICAL_LIMITATION,"Exact LGD name, observed state context, and Census boundary candidate agree; code equivalence is not assumed. Existing comparison note: Exact LGD district name; observed IFI state context is retained separately because the IFI field can be multi-value and historical equivalence is unresolved. Observed IFI state context includes LGD state name. LGD/Census candidate by name; codes are not assumed equivalent."
Alwar,Bihar; Gujarat; Haryana; Kerala; Madhya Pradesh; Maharashtra; Odisha; Punjab; Rajasthan; Uttar Pradesh,8.0,Rajasthan,87.0,Alwar,6.0,104.0,Alwar,Rajasthan,104.0,VERIFIED_NAME_STATE,NAME_STATE_CANDIDATE_WITH_HISTORICAL_LIMITATION,HISTORICAL_REVIEW_REQUIRED,exact_name_state_boundary_candidate,HIGH_FOR_CURRENT_NAME_STATE_LINK; HISTORICAL_LIMITATION,"Exact LGD name, observed state context, and Census boundary candidate agree; code equivalence is not assumed. Existing comparison note: Exact LGD district name; observed IFI state context is retained separately because the IFI field can be multi-value and historical equivalence is unresolved. Observed IFI state context includes LGD state name. LGD/Census candidate by name; codes are not assumed equivalent."
Ambala,Bihar; Haryana; Himachal Pradesh; Kerala; Madhya Pradesh; Odisha; Punjab; Rajasthan; Uttar Pradesh; West Bengal,6.0,Haryana,58.0,Ambala,2.0,70.0,Ambala,Haryana,70.0,VERIFIED_NAME_STATE,NAME_STATE_CANDIDATE_WITH_HISTORICAL_LIMITATION,HISTORICAL_REVIEW_REQUIRED,exact_name_state_boundary_candidate,HIGH_FOR_CURRENT_NAME_STATE_LINK; HISTORICAL_LIMITATION,"Exact LGD name, observed state context, and Census boundary candidate agree; code equivalence is not assumed. Existing comparison note: Exact LGD district name; observed IFI state context is retained separately because the IFI field can be multi-value and historical equivalence is unresolved. Observed IFI state context includes LGD state name. LGD/Census candidate by name; codes are not assumed equivalent."
Ambedkar Nagar,Arunachal Pradesh; Assam; Bihar; East Rajasthan; Gujarat; Haryana; Himachal Pradesh; Jammu and Kashmir; Kerala; Madhya Pradesh; Maharashtra; Odisha; Punjab; Rajasthan; Uttar Pradesh; Uttar pradesh; West Bengal,9.0,Uttar Pradesh,121.0,Ambedkar Nagar,48.0,178.0,Ambedkar Nagar,Uttar Pradesh,178.0,VERIFIED_NAME_STATE,NAME_STATE_CANDIDATE_WITH_HISTORICAL_LIMITATION,HISTORICAL_REVIEW_REQUIRED,exact_name_state_boundary_candidate,HIGH_FOR_CURRENT_NAME_STATE_LINK; HISTORICAL_LIMITATION,"Exact LGD name, observed state context, and Census boundary candidate agree; code equivalence is not assumed. Existing comparison note: Exact LGD district name; observed IFI state context is retained separately because the IFI field can be multi-value and historical equivalence is unresolved. Observed IFI state context includes LGD state name. LGD/Census candidate by name; codes are not assumed equivalent."
Amethi,Arunachal Pradesh; Assam; Bihar; East Rajasthan; Gujarat; Haryana; Himachal Pradesh; Jammu and Kashmir; Kerala; Madhya Pradesh; Maharashtra; Odisha; Punjab; Rajasthan; Uttar Pradesh; Uttar pradesh; West Bengal,9.0,Uttar Pradesh,640.0,Amethi,0.0,0.0,,,,HISTORICAL_REVIEW,REQUIRES_MANUAL_VERIFICATION,HISTORICAL_REVIEW_REQUIRED,exact_name_without_complete_state_boundary_confirmation,LOW_REQUIRES_HISTORICAL_REVIEW,Identity is plausible by exact LGD name but state or Census-boundary evidence is incomplete or contradictory. Existing comparison note: Exact LGD district name; observed IFI state context is retained separately because the IFI field can be multi-value and historical equivalence is unresolved. Observed IFI state context includes LGD state name. LGD district has no exact Census boundary pair.
Amravati,Bihar; Gujarat; Madhya Pradesh; Maharashtra; Rajasthan; Telangana; Uttar Pradesh,27.0,Maharashtra,468.0,Amravati,7.0,503.0,Amravati,Maharashtra,503.0,VERIFIED_NAME_STATE,NAME_STATE_CANDIDATE_WITH_HISTORICAL_LIMITATION,HISTORICAL_REVIEW_REQUIRED,exact_name_state_boundary_candidate,HIGH_FOR_CURRENT_NAME_STATE_LINK; HISTORICAL_LIMITATION,"Exact LGD name, observed state context, and Census boundary candidate agree; code equivalence is not assumed. Existing comparison note: Exact LGD district name; observed IFI state context is retained separately because the IFI field can be multi-value and historical equivalence is unresolved. Observed IFI state context includes LGD state name. LGD/Census candidate by name; codes are not assumed equivalent."
Amreli,Bihar; Gujarat; Madhya Pradesh; Maharashtra; Rajasthan; Uttar Pradesh,24.0,Gujarat,439.0,Amreli,13.0,480.0,Amreli,Gujarat,480.0,VERIFIED_NAME_STATE,NAME_STATE_CANDIDATE_WITH_HISTORICAL_LIMITATION,HISTORICAL_REVIEW_REQUIRED,exact_name_state_boundary_candidate,HIGH_FOR_CURRENT_NAME_STATE_LINK; HISTORICAL_LIMITATION,"Exact LGD name, observed state context, and Census boundary candidate agree; code equivalence is not assumed. Existing comparison note: Exact LGD district name; observed IFI state context is retained separately because the IFI field can be multi-value and historical equivalence is unresolved. Observed IFI state context includes LGD state name. LGD/Census candidate by name; codes are not assumed equivalent."
Amritsar,Arunachal Pradesh; Assam; Delhi; Haryana; Jammu and Kashmir; Madhya Pradesh; Punjab; Rajasthan; Uttar Pradesh; West Bengal,3.0,Punjab,27.0,Amritsar,2.0,49.0,Amritsar,Punjab,49.0,VERIFIED_NAME_STATE,NAME_STATE_CANDIDATE_WITH_HISTORICAL_LIMITATION,HISTORICAL_REVIEW_REQUIRED,exact_name_state_boundary_candidate,HIGH_FOR_CURRENT_NAME_STATE_LINK; HISTORICAL_LIMITATION,"Exact LGD name, observed state context, and Census boundary candidate agree; code equivalence is not assumed. Existing comparison note: Exact LGD district name; observed IFI state context is retained separately because the IFI field can be multi-value and historical equivalence is unresolved. Observed IFI state context includes LGD state name. LGD/Census candidate by name; codes are not assumed equivalent."
Amroha,Arunachal Pradesh; Assam; Bihar; East Rajasthan; Gujarat; Haryana; Himachal Pradesh; Jammu and Kashmir; Kerala; Madhya Pradesh; Maharashtra; Odisha; Punjab; Rajasthan; Uttar Pradesh; Uttar pradesh; Uttarakhand; West Bengal,9.0,Uttar Pradesh,154.0,Amroha,6.0,137.0,,,,HISTORICAL_REVIEW,REQUIRES_MANUAL_VERIFICATION,HISTORICAL_REVIEW_REQUIRED,exact_name_without_complete_state_boundary_confirmation,LOW_REQUIRES_HISTORICAL_REVIEW,Identity is plausible by exact LGD name but state or Census-boundary evidence is incomplete or contradictory. Existing comparison note: Exact LGD district name; observed IFI state context is retained separately because the IFI field can be multi-value and historical equivalence is unresolved. Observed IFI state context includes LGD state name. LGD district has no exact Census boundary pair.
Anand,Bihar; Gujarat; Madhya Pradesh; Maharashtra; Rajasthan; Uttar Pradesh,24.0,Gujarat,440.0,Anand,15.0,482.0,Anand,Gujarat,482.0,VERIFIED_NAME_STATE,NAME_STATE_CANDIDATE_WITH_HISTORICAL_LIMITATION,HISTORICAL_REVIEW_REQUIRED,exact_name_state_boundary_candidate,HIGH_FOR_CURRENT_NAME_STATE_LINK; HISTORICAL_LIMITATION,"Exact LGD name, observed state context, and Census boundary candidate agree; code equivalence is not assumed. Existing comparison note: Exact LGD district name; observed IFI state context is retained separately because the IFI field can be multi-value and historical equivalence is unresolved. Observed IFI state context includes LGD state name. LGD/Census candidate by name; codes are not assumed equivalent."
Ananthapuramu,Andhra Pradesh,28.0,Andhra Pradesh,502.0,Ananthapuramu,22.0,553.0,,,,HISTORICAL_REVIEW,REQUIRES_MANUAL_VERIFICATION,HISTORICAL_REVIEW_REQUIRED,exact_name_without_complete_state_boundary_confirmation,LOW_REQUIRES_HISTORICAL_REVIEW,Identity is plausible by exact LGD name but state or Census-boundary evidence is incomplete or contradictory. Existing comparison note: Exact LGD district name; observed IFI state context is retained separately because the IFI field can be multi-value and historical equivalence is unresolved. Observed IFI state context includes LGD state name. LGD district has no exact Census boundary pair.
Ananthapuramuamu,Andhra Pradesh; Madhya Pradesh; Punjab,,,,,,,,,,UNMATCHED,UNMATCHED,HISTORICAL_REVIEW_REQUIRED,none,NONE,No defensible LGD/Census candidate in the reviewed comparison. Existing comparison note: No exact or normalized LGD district/state candidate.
Anantnag,Arunachal Pradesh; Assam; Delhi; Jammu & Kashmir; Jammu and Kashmir; Punjab; Uttar Pradesh,1.0,Jammu And Kashmir,1.0,Anantnag,6.0,14.0,Anantnag,Jammu & Kashmir,14.0,HISTORICAL_REVIEW,REQUIRES_MANUAL_VERIFICATION,HISTORICAL_REVIEW_REQUIRED,exact_name_without_complete_state_boundary_confirmation,LOW_REQUIRES_HISTORICAL_REVIEW,Identity is plausible by exact LGD name but state or Census-boundary evidence is incomplete or contradictory. Existing comparison note: Exact LGD district name; observed IFI state context is retained separately because the IFI field can be multi-value and historical equivalence is unresolved. Observed IFI state context does not uniquely confirm LGD state name; manual review required. LGD/Census candidate by name; codes are not assumed equivalent.
Anjaw,Arunachal Pradesh; Assam; Jammu and Kashmir; Punjab; Uttar Pradesh,12.0,Arunachal Pradesh,628.0,Anjaw,0.0,260.0,Anjaw,Arunanchal Pradesh,260.0,VERIFIED_NAME_STATE,NAME_STATE_CANDIDATE_WITH_HISTORICAL_LIMITATION,HISTORICAL_REVIEW_REQUIRED,exact_name_state_boundary_candidate,HIGH_FOR_CURRENT_NAME_STATE_LINK; HISTORICAL_LIMITATION,"Exact LGD name, observed state context, and Census boundary candidate agree; code equivalence is not assumed. Existing comparison note: Exact LGD district name; observed IFI state context is retained separately because the IFI field can be multi-value and historical equivalence is unresolved. Observed IFI state context includes LGD state name. LGD/Census candidate by name; codes are not assumed equivalent."
Anugul,Andhra Pradesh; Assam; Bihar; Haryana; Madhya Pradesh; Odisha; Rajasthan; Uttar Pradesh; West Bengal,,,,,,,,,,UNMATCHED,UNMATCHED,HISTORICAL_REVIEW_REQUIRED,none,NONE,No defensible LGD/Census candidate in the reviewed comparison. Existing comparison note: No exact or normalized LGD district/state candidate.
Anuppur,Andhra Pradesh; Bihar; Gujarat; Haryana; Madhya Pradesh; Maharashtra; Odisha; Punjab; Rajasthan; Uttar Pradesh; West Bengal,23.0,Madhya Pradesh,390.0,Anuppur,16.0,461.0,Anuppur,Madhya Pradesh,461.0,VERIFIED_NAME_STATE,NAME_STATE_CANDIDATE_WITH_HISTORICAL_LIMITATION,HISTORICAL_REVIEW_REQUIRED,exact_name_state_boundary_candidate,HIGH_FOR_CURRENT_NAME_STATE_LINK; HISTORICAL_LIMITATION,"Exact LGD name, observed state context, and Census boundary candidate agree; code equivalence is not assumed. Existing comparison note: Exact LGD district name; observed IFI state context is retained separately because the IFI field can be multi-value and historical equivalence is unresolved. Observed IFI state context includes LGD state name. LGD/Census candidate by name; codes are not assumed equivalent."
Araria,Andhra Pradesh; Assam; Bihar; Gujarat; Haryana; Himachal Pradesh; Jharkhand; Kerala; Madhya Pradesh; Maharashtra; Odisha; Rajasthan; Uttar Pradesh; Uttar pradesh; West Bengal,10.0,Bihar,188.0,Araria,7.0,209.0,Araria,Bihar,209.0,VERIFIED_NAME_STATE,NAME_STATE_CANDIDATE_WITH_HISTORICAL_LIMITATION,HISTORICAL_REVIEW_REQUIRED,exact_name_state_boundary_candidate,HIGH_FOR_CURRENT_NAME_STATE_LINK; HISTORICAL_LIMITATION,"Exact LGD name, observed state context, and Census boundary candidate agree; code equivalence is not assumed. Existing comparison note: Exact LGD district name; observed IFI state context is retained separately because the IFI field can be multi-value and historical equivalence is unresolved. Observed IFI state context includes LGD state name. LGD/Census candidate by name; codes are not assumed equivalent."
Ariyalur,Tamil Nadu,33.0,Tamil Nadu,610.0,Ariyalur,17.0,616.0,Ariyalur,Tamil Nadu,616.0,VERIFIED_NAME_STATE,NAME_STATE_CANDIDATE_WITH_HISTORICAL_LIMITATION,HISTORICAL_REVIEW_REQUIRED,exact_name_state_boundary_candidate,HIGH_FOR_CURRENT_NAME_STATE_LINK; HISTORICAL_LIMITATION,"Exact LGD name, observed state context, and Census boundary candidate agree; code equivalence is not assumed. Existing comparison note: Exact LGD district name; observed IFI state context is retained separately because the IFI field can be multi-value and historical equivalence is unresolved. Observed IFI state context includes LGD state name. LGD/Census candidate by name; codes are not assumed equivalent."
Arvalli,Bihar; Gujarat; Madhya Pradesh; Maharashtra; Rajasthan; Uttar Pradesh,24.0,Gujarat,672.0,Arvalli,0.0,0.0,,,,HISTORICAL_REVIEW,REQUIRES_MANUAL_VERIFICATION,HISTORICAL_REVIEW_REQUIRED,exact_name_without_complete_state_boundary_confirmation,LOW_REQUIRES_HISTORICAL_REVIEW,Identity is plausible by exact LGD name but state or Census-boundary evidence is incomplete or contradictory. Existing comparison note: Exact LGD district name; observed IFI state context is retained separately because the IFI field can be multi-value and historical equivalence is unresolved. Observed IFI state context includes LGD state name. LGD district has no exact Census boundary pair.
Arwal,Andhra Pradesh; Assam; Bihar; Gujarat; Haryana; Himachal Pradesh; Kerala; Madhya Pradesh; Maharashtra; Odisha; Rajasthan; Uttar Pradesh; Uttar pradesh; West Bengal,10.0,Bihar,611.0,Arwal,33.0,240.0,Arwal,Bihar,240.0,VERIFIED_NAME_STATE,NAME_STATE_CANDIDATE_WITH_HISTORICAL_LIMITATION,HISTORICAL_REVIEW_REQUIRED,exact_name_state_boundary_candidate,HIGH_FOR_CURRENT_NAME_STATE_LINK; HISTORICAL_LIMITATION,"Exact LGD name, observed state context, and Census boundary candidate agree; code equivalence is not assumed. Existing comparison note: Exact LGD district name; observed IFI state context is retained separately because the IFI field can be multi-value and historical equivalence is unresolved. Observed IFI state context includes LGD state name. LGD/Census candidate by name; codes are not assumed equivalent."
Ashoknagar,Andhra Pradesh; Bihar; Gujarat; Haryana; Madhya Pradesh; Maharashtra; Odisha; Punjab; Rajasthan; Uttar Pradesh; West Bengal,23.0,Madhya Pradesh,391.0,Ashoknagar,46.0,459.0,Ashoknagar,Madhya Pradesh,459.0,VERIFIED_NAME_STATE,NAME_STATE_CANDIDATE_WITH_HISTORICAL_LIMITATION,HISTORICAL_REVIEW_REQUIRED,exact_name_state_boundary_candidate,HIGH_FOR_CURRENT_NAME_STATE_LINK; HISTORICAL_LIMITATION,"Exact LGD name, observed state context, and Census boundary candidate agree; code equivalence is not assumed. Existing comparison note: Exact LGD district name; observed IFI state context is retained separately because the IFI field can be multi-value and historical equivalence is unresolved. Observed IFI state context includes LGD state name. LGD/Census candidate by name; codes are not assumed equivalent."
Auraiya,Arunachal Pradesh; Assam; Bihar; East Rajasthan; Gujarat; Haryana; Himachal Pradesh; Jammu and Kashmir; Kerala; Madhya Pradesh; Maharashtra; Odisha; Punjab; Rajasthan; Uttar Pradesh; Uttar pradesh; Uttarakhand; West Bengal,9.0,Uttar Pradesh,122.0,Auraiya,32.0,162.0,Auraiya,Uttar Pradesh,162.0,VERIFIED_NAME_STATE,NAME_STATE_CANDIDATE_WITH_HISTORICAL_LIMITATION,HISTORICAL_REVIEW_REQUIRED,exact_name_state_boundary_candidate,HIGH_FOR_CURRENT_NAME_STATE_LINK; HISTORICAL_LIMITATION,"Exact LGD name, observed state context, and Census boundary candidate agree; code equivalence is not assumed. Existing comparison note: Exact LGD district name; observed IFI state context is retained separately because the IFI field can be multi-value and historical equivalence is unresolved. Observed IFI state context includes LGD state name. LGD/Census candidate by name; codes are not assumed equivalent."
Aurangabad,Andhra Pradesh; Assam; Bihar; Gujarat; Haryana; Himachal Pradesh; Kerala; Madhya Pradesh; Maharashtra; Odisha; Rajasthan; Telangana; Uttar Pradesh; Uttar pradesh; West Bengal,10.0,Bihar,189.0,Aurangabad,34.0,235.0,Aurangabad,Bihar,235.0,VERIFIED_NAME_STATE,NAME_STATE_CANDIDATE_WITH_HISTORICAL_LIMITATION,HISTORICAL_REVIEW_REQUIRED,exact_name_state_boundary_candidate,HIGH_FOR_CURRENT_NAME_STATE_LINK; HISTORICAL_LIMITATION,"Exact LGD name, observed state context, and Census boundary candidate agree; code equivalence is not assumed. Existing comparison note: Exact LGD district name; observed IFI state context is retained separately because the IFI field can be multi-value and historical equivalence is unresolved. Observed IFI state context includes LGD state name. LGD/Census candidate by name; codes are not assumed equivalent."
Ayodhya,Arunachal Pradesh; Assam; Bihar; East Rajasthan; Gujarat; Haryana; Himachal Pradesh; Jammu and Kashmir; Kerala; Madhya Pradesh; Maharashtra; Odisha; Punjab; Rajasthan; Uttar Pradesh; Uttar pradesh; Uttarakhand; West Bengal,9.0,Uttar Pradesh,140.0,Ayodhya,47.0,177.0,,,,HISTORICAL_REVIEW,REQUIRES_MANUAL_VERIFICATION,HISTORICAL_REVIEW_REQUIRED,exact_name_without_complete_state_boundary_confirmation,LOW_REQUIRES_HISTORICAL_REVIEW,Identity is plausible by exact LGD name but state or Census-boundary evidence is incomplete or contradictory. Existing comparison note: Exact LGD district name; observed IFI state context is retained separately because the IFI field can be multi-value and historical equivalence is unresolved. Observed IFI state context includes LGD state name. LGD district has no exact Census boundary pair.
Azamgarh,Arunachal Pradesh; Assam; Bihar; East Rajasthan; Gujarat; Haryana; Himachal Pradesh; Jammu and Kashmir; Kerala; Madhya Pradesh; Maharashtra; Odisha; Punjab; Rajasthan; Uttar Pradesh; Uttar pradesh; Uttarakhand; West Bengal,9.0,Uttar Pradesh,123.0,Azamgarh,61.0,191.0,Azamgarh,Uttar Pradesh,191.0,VERIFIED_NAME_STATE,NAME_STATE_CANDIDATE_WITH_HISTORICAL_LIMITATION,HISTORICAL_REVIEW_REQUIRED,exact_name_state_boundary_candidate,HIGH_FOR_CURRENT_NAME_STATE_LINK; HISTORICAL_LIMITATION,"Exact LGD name, observed state context, and Census boundary candidate agree; code equivalence is not assumed. Existing comparison note: Exact LGD district name; observed IFI state context is retained separately because the IFI field can be multi-value and historical equivalence is unresolved. Observed IFI state context includes LGD state name. LGD/Census candidate by name; codes are not assumed equivalent."
Bagalkote,Karnataka,29.0,Karnataka,524.0,Bagalkote,2.0,556.0,,,,HISTORICAL_REVIEW,REQUIRES_MANUAL_VERIFICATION,HISTORICAL_REVIEW_REQUIRED,exact_name_without_complete_state_boundary_confirmation,LOW_REQUIRES_HISTORICAL_REVIEW,Identity is plausible by exact LGD name but state or Census-boundary evidence is incomplete or contradictory. Existing comparison note: Exact LGD district name; observed IFI state context is retained separately because the IFI field can be multi-value and historical equivalence is unresolved. Observed IFI state context includes LGD state name. LGD district has no exact Census boundary pair.
Bagalkotee,Karnataka; Kerala,,,,,,,,,,UNMATCHED,UNMATCHED,HISTORICAL_REVIEW_REQUIRED,none,NONE,No defensible LGD/Census candidate in the reviewed comparison. Existing comparison note: No exact or normalized LGD district/state candidate.
Bagalkotee Ballari,Karnataka,,,,,,,,,,UNMATCHED,UNMATCHED,HISTORICAL_REVIEW_REQUIRED,none,NONE,No defensible LGD/Census candidate in the reviewed comparison. Existing comparison note: No exact or normalized LGD district/state candidate.
Bagalkotee Belagavi,Karnataka,,,,,,,,,,UNMATCHED,UNMATCHED,HISTORICAL_REVIEW_REQUIRED,none,NONE,No defensible LGD/Census candidate in the reviewed comparison. Existing comparison note: No exact or normalized LGD district/state candidate.
Bagalkotee Bengaluru Urban,Karnataka,,,,,,,,,,UNMATCHED,UNMATCHED,HISTORICAL_REVIEW_REQUIRED,none,NONE,No defensible LGD/Census candidate in the reviewed comparison. Existing comparison note: No exact or normalized LGD district/state candidate.
Bagalkotee Udupi,Karnataka,,,,,,,,,,UNMATCHED,UNMATCHED,HISTORICAL_REVIEW_REQUIRED,none,NONE,No defensible LGD/Census candidate in the reviewed comparison. Existing comparison note: No exact or normalized LGD district/state candidate.
BagalkoteeBijapur,Karnataka,,,,,,,,,,UNMATCHED,UNMATCHED,HISTORICAL_REVIEW_REQUIRED,none,NONE,No defensible LGD/Census candidate in the reviewed comparison. Existing comparison note: No exact or normalized LGD district/state candidate.
Bageshwar,Uttar Pradesh; Uttarakhand,5.0,Uttarakhand,46.0,Bageshwar,8.0,63.0,Bageshwar,Uttarakhand,63.0,VERIFIED_NAME_STATE,NAME_STATE_CANDIDATE_WITH_HISTORICAL_LIMITATION,HISTORICAL_REVIEW_REQUIRED,exact_name_state_boundary_candidate,HIGH_FOR_CURRENT_NAME_STATE_LINK; HISTORICAL_LIMITATION,"Exact LGD name, observed state context, and Census boundary candidate agree; code equivalence is not assumed. Existing comparison note: Exact LGD district name; observed IFI state context is retained separately because the IFI field can be multi-value and historical equivalence is unresolved. Observed IFI state context includes LGD state name. LGD/Census candidate by name; codes are not assumed equivalent."
Baghpat,Arunachal Pradesh; Assam; Bihar; East Rajasthan; Gujarat; Haryana; Himachal Pradesh; Jammu and Kashmir; Kerala; Madhya Pradesh; Maharashtra; Odisha; Punjab; Rajasthan; Uttar Pradesh; Uttar pradesh; Uttarakhand; West Bengal,9.0,Uttar Pradesh,124.0,Baghpat,8.0,139.0,Baghpat,Uttar Pradesh,139.0,VERIFIED_NAME_STATE,NAME_STATE_CANDIDATE_WITH_HISTORICAL_LIMITATION,HISTORICAL_REVIEW_REQUIRED,exact_name_state_boundary_candidate,HIGH_FOR_CURRENT_NAME_STATE_LINK; HISTORICAL_LIMITATION,"Exact LGD name, observed state context, and Census boundary candidate agree; code equivalence is not assumed. Existing comparison note: Exact LGD district name; observed IFI state context is retained separately because the IFI field can be multi-value and historical equivalence is unresolved. Observed IFI state context includes LGD state name. LGD/Census candidate by name; codes are not assumed equivalent."
Bahraich,Arunachal Pradesh; Assam; Bihar; East Rajasthan; Gujarat; Haryana; Himachal Pradesh; Jammu and Kashmir; Kerala; Madhya Pradesh; Maharashtra; Odisha; Punjab; Rajasthan; Uttar Pradesh; Uttar pradesh; Uttarakhand; West Bengal,9.0,Uttar Pradesh,125.0,Bahraich,50.0,180.0,Bahraich,Uttar Pradesh,180.0,VERIFIED_NAME_STATE,NAME_STATE_CANDIDATE_WITH_HISTORICAL_LIMITATION,HISTORICAL_REVIEW_REQUIRED,exact_name_state_boundary_candidate,HIGH_FOR_CURRENT_NAME_STATE_LINK; HISTORICAL_LIMITATION,"Exact LGD name, observed state context, and Census boundary candidate agree; code equivalence is not assumed. Existing comparison note: Exact LGD district name; observed IFI state context is retained separately because the IFI field can be multi-value and historical equivalence is unresolved. Observed IFI state context includes LGD state name. LGD/Census candidate by name; codes are not assumed equivalent."
Baksa,Arunachal Pradesh; Assam; Bihar; Jammu and Kashmir; Kerala; Odisha; Punjab; Uttar Pradesh; West Bengal,18.0,Assam,616.0,Baksa,0.0,324.0,Baksa,Assam,324.0,VERIFIED_NAME_STATE,NAME_STATE_CANDIDATE_WITH_HISTORICAL_LIMITATION,HISTORICAL_REVIEW_REQUIRED,exact_name_state_boundary_candidate,HIGH_FOR_CURRENT_NAME_STATE_LINK; HISTORICAL_LIMITATION,"Exact LGD name, observed state context, and Census boundary candidate agree; code equivalence is not assumed. Existing comparison note: Exact LGD district name; observed IFI state context is retained separately because the IFI field can be multi-value and historical equivalence is unresolved. Observed IFI state context includes LGD state name. LGD/Census candidate by name; codes are not assumed equivalent."
Balaghat,Andhra Pradesh; Bihar; Chhattisgarh; Gujarat; Haryana; Madhya Pradesh; Maharashtra; Odisha; Punjab; Rajasthan; Uttar Pradesh; West Bengal,23.0,Madhya Pradesh,392.0,Balaghat,45.0,457.0,Balaghat,Madhya Pradesh,457.0,VERIFIED_NAME_STATE,NAME_STATE_CANDIDATE_WITH_HISTORICAL_LIMITATION,HISTORICAL_REVIEW_REQUIRED,exact_name_state_boundary_candidate,HIGH_FOR_CURRENT_NAME_STATE_LINK; HISTORICAL_LIMITATION,"Exact LGD name, observed state context, and Census boundary candidate agree; code equivalence is not assumed. Existing comparison note: Exact LGD district name; observed IFI state context is retained separately because the IFI field can be multi-value and historical equivalence is unresolved. Observed IFI state context includes LGD state name. LGD/Census candidate by name; codes are not assumed equivalent."
Balangir,Andhra Pradesh; Assam; Bihar; Haryana; Madhya Pradesh; Odisha; Rajasthan; Uttar Pradesh; West Bengal,21.0,Odisha,345.0,Balangir,24.0,393.0,Balangir,Odisha,393.0,VERIFIED_NAME_STATE,NAME_STATE_CANDIDATE_WITH_HISTORICAL_LIMITATION,HISTORICAL_REVIEW_REQUIRED,exact_name_state_boundary_candidate,HIGH_FOR_CURRENT_NAME_STATE_LINK; HISTORICAL_LIMITATION,"Exact LGD name, observed state context, and Census boundary candidate agree; code equivalence is not assumed. Existing comparison note: Exact LGD district name; observed IFI state context is retained separately because the IFI field can be multi-value and historical equivalence is unresolved. Observed IFI state context includes LGD state name. LGD/Census candidate by name; codes are not assumed equivalent."
Baleshwar,Andhra Pradesh; Assam; Bihar; Haryana; Madhya Pradesh; Odisha; Rajasthan; Uttar Pradesh; West Bengal,21.0,Odisha,346.0,Baleshwar,8.0,377.0,Baleshwar,Odisha,377.0,VERIFIED_NAME_STATE,NAME_STATE_CANDIDATE_WITH_HISTORICAL_LIMITATION,HISTORICAL_REVIEW_REQUIRED,exact_name_state_boundary_candidate,HIGH_FOR_CURRENT_NAME_STATE_LINK; HISTORICAL_LIMITATION,"Exact LGD name, observed state context, and Census boundary candidate agree; code equivalence is not assumed. Existing comparison note: Exact LGD district name; observed IFI state context is retained separately because the IFI field can be multi-value and historical equivalence is unresolved. Observed IFI state context includes LGD state name. LGD/Census candidate by name; codes are not assumed equivalent."
Ballari,Karnataka; Kerala,29.0,Karnataka,528.0,Ballari,12.0,565.0,,,,HISTORICAL_REVIEW,REQUIRES_MANUAL_VERIFICATION,HISTORICAL_REVIEW_REQUIRED,exact_name_without_complete_state_boundary_confirmation,LOW_REQUIRES_HISTORICAL_REVIEW,Identity is plausible by exact LGD name but state or Census-boundary evidence is incomplete or contradictory. Existing comparison note: Exact LGD district name; observed IFI state context is retained separately because the IFI field can be multi-value and historical equivalence is unresolved. Observed IFI state context includes LGD state name. LGD district has no exact Census boundary pair.
Ballia,Arunachal Pradesh; Assam; Bihar; East Rajasthan; Gujarat; Haryana; Himachal Pradesh; Jammu and Kashmir; Kerala; Madhya Pradesh; Maharashtra; Odisha; Punjab; Rajasthan; Uttar Pradesh; Uttar pradesh; Uttarakhand; West Bengal,9.0,Uttar Pradesh,126.0,Ballia,63.0,193.0,Ballia,Uttar Pradesh,193.0,VERIFIED_NAME_STATE,NAME_STATE_CANDIDATE_WITH_HISTORICAL_LIMITATION,HISTORICAL_REVIEW_REQUIRED,exact_name_state_boundary_candidate,HIGH_FOR_CURRENT_NAME_STATE_LINK; HISTORICAL_LIMITATION,"Exact LGD name, observed state context, and Census boundary candidate agree; code equivalence is not assumed. Existing comparison note: Exact LGD district name; observed IFI state context is retained separately because the IFI field can be multi-value and historical equivalence is unresolved. Observed IFI state context includes LGD state name. LGD/Census candidate by name; codes are not assumed equivalent."
Balod,Chhattisgarh,22.0,Chhattisgarh,646.0,Balod,0.0,0.0,,,,HISTORICAL_REVIEW,REQUIRES_MANUAL_VERIFICATION,HISTORICAL_REVIEW_REQUIRED,exact_name_without_complete_state_boundary_confirmation,LOW_REQUIRES_HISTORICAL_REVIEW,Identity is plausible by exact LGD name but state or Census-boundary evidence is incomplete or contradictory. Existing comparison note: Exact LGD district name; observed IFI state context is retained separately because the IFI field can be multi-value and historical equivalence is unresolved. Observed IFI state context includes LGD state name. LGD district has no exact Census boundary pair.
Balodabazar-Bhatapara,Chhattisgarh,22.0,Chhattisgarh,644.0,Balodabazar-Bhatapara,0.0,0.0,,,,HISTORICAL_REVIEW,REQUIRES_MANUAL_VERIFICATION,HISTORICAL_REVIEW_REQUIRED,exact_name_without_complete_state_boundary_confirmation,LOW_REQUIRES_HISTORICAL_REVIEW,Identity is plausible by exact LGD name but state or Census-boundary evidence is incomplete or contradictory. Existing comparison note: Exact LGD district name; observed IFI state context is retained separately because the IFI field can be multi-value and historical equivalence is unresolved. Observed IFI state context includes LGD state name. LGD district has no exact Census boundary pair.
Balrampur,Arunachal Pradesh; Assam; Bihar; Chhattisgarh; East Rajasthan; Gujarat; Haryana; Himachal Pradesh; Jammu and Kashmir; Kerala; Madhya Pradesh; Maharashtra; Odisha; Punjab; Rajasthan; Uttar Pradesh; Uttar pradesh; West Bengal,9.0,Uttar Pradesh,127.0,Balrampur,52.0,182.0,Balrampur,Uttar Pradesh,182.0,VERIFIED_NAME_STATE,NAME_STATE_CANDIDATE_WITH_HISTORICAL_LIMITATION,HISTORICAL_REVIEW_REQUIRED,exact_name_state_boundary_candidate,HIGH_FOR_CURRENT_NAME_STATE_LINK; HISTORICAL_LIMITATION,"Exact LGD name, observed state context, and Census boundary candidate agree; code equivalence is not assumed. Existing comparison note: Exact LGD district name; observed IFI state context is retained separately because the IFI field can be multi-value and historical equivalence is unresolved. Observed IFI state context includes LGD state name. LGD/Census candidate by name; codes are not assumed equivalent."
Banas Kantha,Bihar; Gujarat; Madhya Pradesh; Maharashtra; Rajasthan; Uttar Pradesh,24.0,Gujarat,441.0,Banas Kantha,2.0,469.0,Banas Kantha,Gujarat,469.0,VERIFIED_NAME_STATE,NAME_STATE_CANDIDATE_WITH_HISTORICAL_LIMITATION,HISTORICAL_REVIEW_REQUIRED,exact_name_state_boundary_candidate,HIGH_FOR_CURRENT_NAME_STATE_LINK; HISTORICAL_LIMITATION,"Exact LGD name, observed state context, and Census boundary candidate agree; code equivalence is not assumed. Existing comparison note: Exact LGD district name; observed IFI state context is retained separately because the IFI field can be multi-value and historical equivalence is unresolved. Observed IFI state context includes LGD state name. LGD/Census candidate by name; codes are not assumed equivalent."
Banda,Arunachal Pradesh; Assam; Bihar; East Rajasthan; Gujarat; Haryana; Himachal Pradesh; Jammu and Kashmir; Kerala; Madhya Pradesh; Maharashtra; Odisha; Punjab; Rajasthan; Uttar Pradesh; Uttar pradesh; Uttarakhand; West Bengal,9.0,Uttar Pradesh,128.0,Banda,40.0,170.0,Banda,Uttar Pradesh,170.0,VERIFIED_NAME_STATE,NAME_STATE_CANDIDATE_WITH_HISTORICAL_LIMITATION,HISTORICAL_REVIEW_REQUIRED,exact_name_state_boundary_candidate,HIGH_FOR_CURRENT_NAME_STATE_LINK; HISTORICAL_LIMITATION,"Exact LGD name, observed state context, and Census boundary candidate agree; code equivalence is not assumed. Existing comparison note: Exact LGD district name; observed IFI state context is retained separately because the IFI field can be multi-value and historical equivalence is unresolved. Observed IFI state context includes LGD state name. LGD/Census candidate by name; codes are not assumed equivalent."
Bandipora,Arunachal Pradesh; Assam; Delhi; Jammu & Kashmir; Jammu and Kashmir; Punjab; Uttar Pradesh,1.0,Jammu And Kashmir,623.0,Bandipora,0.0,9.0,,,,HISTORICAL_REVIEW,REQUIRES_MANUAL_VERIFICATION,HISTORICAL_REVIEW_REQUIRED,exact_name_without_complete_state_boundary_confirmation,LOW_REQUIRES_HISTORICAL_REVIEW,Identity is plausible by exact LGD name but state or Census-boundary evidence is incomplete or contradictory. Existing comparison note: Exact LGD district name; observed IFI state context is retained separately because the IFI field can be multi-value and historical equivalence is unresolved. Observed IFI state context does not uniquely confirm LGD state name; manual review required. LGD district has no exact Census boundary pair.
Banka,Andhra Pradesh; Assam; Bihar; Gujarat; Haryana; Himachal Pradesh; Kerala; Madhya Pradesh; Maharashtra; Odisha; Rajasthan; Uttar Pradesh; Uttar pradesh; West Bengal,10.0,Bihar,190.0,Banka,23.0,225.0,Banka,Bihar,225.0,VERIFIED_NAME_STATE,NAME_STATE_CANDIDATE_WITH_HISTORICAL_LIMITATION,HISTORICAL_REVIEW_REQUIRED,exact_name_state_boundary_candidate,HIGH_FOR_CURRENT_NAME_STATE_LINK; HISTORICAL_LIMITATION,"Exact LGD name, observed state context, and Census boundary candidate agree; code equivalence is not assumed. Existing comparison note: Exact LGD district name; observed IFI state context is retained separately because the IFI field can be multi-value and historical equivalence is unresolved. Observed IFI state context includes LGD state name. LGD/Census candidate by name; codes are not assumed equivalent."
Bankura,Andhra Pradesh; Assam; Bihar; Haryana; Himachal Pradesh; Kerala; Madhya Pradesh; Odisha; Punjab; Uttar Pradesh; Uttar pradesh; West Bengal,19.0,West Bengal,305.0,Bankura,13.0,339.0,Bankura,West Bengal,339.0,VERIFIED_NAME_STATE,NAME_STATE_CANDIDATE_WITH_HISTORICAL_LIMITATION,HISTORICAL_REVIEW_REQUIRED,exact_name_state_boundary_candidate,HIGH_FOR_CURRENT_NAME_STATE_LINK; HISTORICAL_LIMITATION,"Exact LGD name, observed state context, and Census boundary candidate agree; code equivalence is not assumed. Existing comparison note: Exact LGD district name; observed IFI state context is retained separately because the IFI field can be multi-value and historical equivalence is unresolved. Observed IFI state context includes LGD state name. LGD/Census candidate by name; codes are not assumed equivalent."
Banswara,Bihar; Gujarat; Haryana; Kerala; Madhya Pradesh; Maharashtra; Odisha; Punjab; Rajasthan; Uttar Pradesh,8.0,Rajasthan,88.0,Banswara,28.0,125.0,Banswara,Rajasthan,125.0,VERIFIED_NAME_STATE,NAME_STATE_CANDIDATE_WITH_HISTORICAL_LIMITATION,HISTORICAL_REVIEW_REQUIRED,exact_name_state_boundary_candidate,HIGH_FOR_CURRENT_NAME_STATE_LINK; HISTORICAL_LIMITATION,"Exact LGD name, observed state context, and Census boundary candidate agree; code equivalence is not assumed. Existing comparison note: Exact LGD district name; observed IFI state context is retained separately because the IFI field can be multi-value and historical equivalence is unresolved. Observed IFI state context includes LGD state name. LGD/Census candidate by name; codes are not assumed equivalent."
Bara Banki,Arunachal Pradesh; Assam; Bihar; East Rajasthan; Gujarat; Haryana; Himachal Pradesh; Jammu and Kashmir; Kerala; Madhya Pradesh; Maharashtra; Odisha; Punjab; Rajasthan; Uttar Pradesh; Uttar pradesh; Uttarakhand; West Bengal,9.0,Uttar Pradesh,129.0,Bara Banki,46.0,176.0,Bara Banki,Uttar Pradesh,176.0,VERIFIED_NAME_STATE,NAME_STATE_CANDIDATE_WITH_HISTORICAL_LIMITATION,HISTORICAL_REVIEW_REQUIRED,exact_name_state_boundary_candidate,HIGH_FOR_CURRENT_NAME_STATE_LINK; HISTORICAL_LIMITATION,"Exact LGD name, observed state context, and Census boundary candidate agree; code equivalence is not assumed. Existing comparison note: Exact LGD district name; observed IFI state context is retained separately because the IFI field can be multi-value and historical equivalence is unresolved. Observed IFI state context includes LGD state name. LGD/Census candidate by name; codes are not assumed equivalent."
Baramulla,Arunachal Pradesh; Assam; Delhi; Jammu & Kashmir; Jammu and Kashmir; Punjab; Uttar Pradesh,1.0,Jammu And Kashmir,3.0,Baramulla,2.0,8.0,,,,HISTORICAL_REVIEW,REQUIRES_MANUAL_VERIFICATION,HISTORICAL_REVIEW_REQUIRED,exact_name_without_complete_state_boundary_confirmation,LOW_REQUIRES_HISTORICAL_REVIEW,Identity is plausible by exact LGD name but state or Census-boundary evidence is incomplete or contradictory. Existing comparison note: Exact LGD district name; observed IFI state context is retained separately because the IFI field can be multi-value and historical equivalence is unresolved. Observed IFI state context does not uniquely confirm LGD state name; manual review required. LGD district has no exact Census boundary pair.
Baran,Bihar; Gujarat; Haryana; Kerala; Madhya Pradesh; Maharashtra; Odisha; Punjab; Rajasthan; Uttar Pradesh,8.0,Rajasthan,89.0,Baran,31.0,128.0,Baran,Rajasthan,128.0,VERIFIED_NAME_STATE,NAME_STATE_CANDIDATE_WITH_HISTORICAL_LIMITATION,HISTORICAL_REVIEW_REQUIRED,exact_name_state_boundary_candidate,HIGH_FOR_CURRENT_NAME_STATE_LINK; HISTORICAL_LIMITATION,"Exact LGD name, observed state context, and Census boundary candidate agree; code equivalence is not assumed. Existing comparison note: Exact LGD district name; observed IFI state context is retained separately because the IFI field can be multi-value and historical equivalence is unresolved. Observed IFI state context includes LGD state name. LGD/Census candidate by name; codes are not assumed equivalent."
Bareilly,Arunachal Pradesh; Assam; Bihar; East Rajasthan; Gujarat; Haryana; Himachal Pradesh; Jammu and Kashmir; Kerala; Madhya Pradesh; Maharashtra; Odisha; Punjab; Rajasthan; Uttar Pradesh; Uttar pradesh; Uttarakhand; West Bengal,9.0,Uttar Pradesh,130.0,Bareilly,20.0,150.0,Bareilly,Uttar Pradesh,150.0,VERIFIED_NAME_STATE,NAME_STATE_CANDIDATE_WITH_HISTORICAL_LIMITATION,HISTORICAL_REVIEW_REQUIRED,exact_name_state_boundary_candidate,HIGH_FOR_CURRENT_NAME_STATE_LINK; HISTORICAL_LIMITATION,"Exact LGD name, observed state context, and Census boundary candidate agree; code equivalence is not assumed. Existing comparison note: Exact LGD district name; observed IFI state context is retained separately because the IFI field can be multi-value and historical equivalence is unresolved. Observed IFI state context includes LGD state name. LGD/Census candidate by name; codes are not assumed equivalent."
Bargarh,Andhra Pradesh; Assam; Bihar; Haryana; Madhya Pradesh; Odisha; Rajasthan; Uttar Pradesh; West Bengal,,,,,,,,,,UNMATCHED,UNMATCHED,HISTORICAL_REVIEW_REQUIRED,none,NONE,No defensible LGD/Census candidate in the reviewed comparison. Existing comparison note: No exact or normalized LGD district/state candidate.
Barmer,Bihar; Gujarat; Haryana; Kerala; Madhya Pradesh; Maharashtra; Odisha; Punjab; Rajasthan; Uttar Pradesh,8.0,Rajasthan,90.0,Barmer,17.0,115.0,Barmer,Rajasthan,115.0,VERIFIED_NAME_STATE,NAME_STATE_CANDIDATE_WITH_HISTORICAL_LIMITATION,HISTORICAL_REVIEW_REQUIRED,exact_name_state_boundary_candidate,HIGH_FOR_CURRENT_NAME_STATE_LINK; HISTORICAL_LIMITATION,"Exact LGD name, observed state context, and Census boundary candidate agree; code equivalence is not assumed. Existing comparison note: Exact LGD district name; observed IFI state context is retained separately because the IFI field can be multi-value and historical equivalence is unresolved. Observed IFI state context includes LGD state name. LGD/Census candidate by name; codes are not assumed equivalent."
Barnala,Arunachal Pradesh; Assam; Delhi; Haryana; Jammu and Kashmir; Madhya Pradesh; Punjab; Rajasthan; Uttar Pradesh; West Bengal,3.0,Punjab,605.0,Barnala,0.0,54.0,Barnala,Punjab,54.0,VERIFIED_NAME_STATE,NAME_STATE_CANDIDATE_WITH_HISTORICAL_LIMITATION,HISTORICAL_REVIEW_REQUIRED,exact_name_state_boundary_candidate,HIGH_FOR_CURRENT_NAME_STATE_LINK; HISTORICAL_LIMITATION,"Exact LGD name, observed state context, and Census boundary candidate agree; code equivalence is not assumed. Existing comparison note: Exact LGD district name; observed IFI state context is retained separately because the IFI field can be multi-value and historical equivalence is unresolved. Observed IFI state context includes LGD state name. LGD/Census candidate by name; codes are not assumed equivalent."
Barpeta,Arunachal Pradesh; Assam; Bihar; Jammu and Kashmir; Kerala; Odisha; Punjab; Uttar Pradesh; West Bengal,18.0,Assam,280.0,Barpeta,5.0,303.0,Barpeta,Assam,303.0,VERIFIED_NAME_STATE,NAME_STATE_CANDIDATE_WITH_HISTORICAL_LIMITATION,HISTORICAL_REVIEW_REQUIRED,exact_name_state_boundary_candidate,HIGH_FOR_CURRENT_NAME_STATE_LINK; HISTORICAL_LIMITATION,"Exact LGD name, observed state context, and Census boundary candidate agree; code equivalence is not assumed. Existing comparison note: Exact LGD district name; observed IFI state context is retained separately because the IFI field can be multi-value and historical equivalence is unresolved. Observed IFI state context includes LGD state name. LGD/Census candidate by name; codes are not assumed equivalent."
Barwani,Andhra Pradesh; Bihar; Chhattisgarh; Gujarat; Haryana; Madhya Pradesh; Maharashtra; Odisha; Punjab; Rajasthan; Uttar Pradesh; West Bengal,23.0,Madhya Pradesh,393.0,Barwani,28.0,441.0,Barwani,Madhya Pradesh,441.0,VERIFIED_NAME_STATE,NAME_STATE_CANDIDATE_WITH_HISTORICAL_LIMITATION,HISTORICAL_REVIEW_REQUIRED,exact_name_state_boundary_candidate,HIGH_FOR_CURRENT_NAME_STATE_LINK; HISTORICAL_LIMITATION,"Exact LGD name, observed state context, and Census boundary candidate agree; code equivalence is not assumed. Existing comparison note: Exact LGD district name; observed IFI state context is retained separately because the IFI field can be multi-value and historical equivalence is unresolved. Observed IFI state context includes LGD state name. LGD/Census candidate by name; codes are not assumed equivalent."
Bastar,Chhattisgarh; Madhya Pradesh,22.0,Chhattisgarh,374.0,Bastar,15.0,414.0,Bastar,Chhattisgarh,414.0,VERIFIED_NAME_STATE,NAME_STATE_CANDIDATE_WITH_HISTORICAL_LIMITATION,HISTORICAL_REVIEW_REQUIRED,exact_name_state_boundary_candidate,HIGH_FOR_CURRENT_NAME_STATE_LINK; HISTORICAL_LIMITATION,"Exact LGD name, observed state context, and Census boundary candidate agree; code equivalence is not assumed. Existing comparison note: Exact LGD district name; observed IFI state context is retained separately because the IFI field can be multi-value and historical equivalence is unresolved. Observed IFI state context includes LGD state name. LGD/Census candidate by name; codes are not assumed equivalent."
Basti,Arunachal Pradesh; Assam; Bihar; East Rajasthan; Gujarat; Haryana; Himachal Pradesh; Jammu and Kashmir; Kerala; Madhya Pradesh; Maharashtra; Odisha; Punjab; Rajasthan; Uttar Pradesh; Uttar pradesh; Uttarakhand; West Bengal,9.0,Uttar Pradesh,131.0,Basti,55.0,185.0,Basti,Uttar Pradesh,185.0,VERIFIED_NAME_STATE,NAME_STATE_CANDIDATE_WITH_HISTORICAL_LIMITATION,HISTORICAL_REVIEW_REQUIRED,exact_name_state_boundary_candidate,HIGH_FOR_CURRENT_NAME_STATE_LINK; HISTORICAL_LIMITATION,"Exact LGD name, observed state context, and Census boundary candidate agree; code equivalence is not assumed. Existing comparison note: Exact LGD district name; observed IFI state context is retained separately because the IFI field can be multi-value and historical equivalence is unresolved. Observed IFI state context includes LGD state name. LGD/Census candidate by name; codes are not assumed equivalent."
Bathinda,Arunachal Pradesh; Assam; Delhi; Haryana; Jammu and Kashmir; Madhya Pradesh; Punjab; Rajasthan; Uttar Pradesh; West Bengal,3.0,Punjab,28.0,Bathinda,14.0,46.0,Bathinda,Punjab,46.0,VERIFIED_NAME_STATE,NAME_STATE_CANDIDATE_WITH_HISTORICAL_LIMITATION,HISTORICAL_REVIEW_REQUIRED,exact_name_state_boundary_candidate,HIGH_FOR_CURRENT_NAME_STATE_LINK; HISTORICAL_LIMITATION,"Exact LGD name, observed state context, and Census boundary candidate agree; code equivalence is not assumed. Existing comparison note: Exact LGD district name; observed IFI state context is retained separately because the IFI field can be multi-value and historical equivalence is unresolved. Observed IFI state context includes LGD state name. LGD/Census candidate by name; codes are not assumed equivalent."
Beed,Bihar; Gujarat; Madhya Pradesh; Maharashtra; Rajasthan; Telangana; Uttar Pradesh,27.0,Maharashtra,470.0,Beed,27.0,523.0,,,,HISTORICAL_REVIEW,REQUIRES_MANUAL_VERIFICATION,HISTORICAL_REVIEW_REQUIRED,exact_name_without_complete_state_boundary_confirmation,LOW_REQUIRES_HISTORICAL_REVIEW,Identity is plausible by exact LGD name but state or Census-boundary evidence is incomplete or contradictory. Existing comparison note: Exact LGD district name; observed IFI state context is retained separately because the IFI field can be multi-value and historical equivalence is unresolved. Observed IFI state context includes LGD state name. LGD district has no exact Census boundary pair.
Beedar,Karnataka; Kerala,,,,,,,,,,UNMATCHED,UNMATCHED,HISTORICAL_REVIEW_REQUIRED,none,NONE,No defensible LGD/Census candidate in the reviewed comparison. Existing comparison note: No exact or normalized LGD district/state candidate.
Begusarai,Andhra Pradesh; Assam; Bihar; Gujarat; Haryana; Himachal Pradesh; Jharkhand; Kerala; Madhya Pradesh; Maharashtra; Odisha; Rajasthan; Uttar Pradesh; Uttar pradesh; West Bengal,10.0,Bihar,191.0,Begusarai,20.0,222.0,Begusarai,Bihar,222.0,VERIFIED_NAME_STATE,NAME_STATE_CANDIDATE_WITH_HISTORICAL_LIMITATION,HISTORICAL_REVIEW_REQUIRED,exact_name_state_boundary_candidate,HIGH_FOR_CURRENT_NAME_STATE_LINK; HISTORICAL_LIMITATION,"Exact LGD name, observed state context, and Census boundary candidate agree; code equivalence is not assumed. Existing comparison note: Exact LGD district name; observed IFI state context is retained separately because the IFI field can be multi-value and historical equivalence is unresolved. Observed IFI state context includes LGD state name. LGD/Census candidate by name; codes are not assumed equivalent."
Belagavi,Karnataka; Kerala,29.0,Karnataka,527.0,Belagavi,1.0,555.0,,,,HISTORICAL_REVIEW,REQUIRES_MANUAL_VERIFICATION,HISTORICAL_REVIEW_REQUIRED,exact_name_without_complete_state_boundary_confirmation,LOW_REQUIRES_HISTORICAL_REVIEW,Identity is plausible by exact LGD name but state or Census-boundary evidence is incomplete or contradictory. Existing comparison note: Exact LGD district name; observed IFI state context is retained separately because the IFI field can be multi-value and historical equivalence is unresolved. Observed IFI state context includes LGD state name. LGD district has no exact Census boundary pair.
Bemetara,Chhattisgarh,22.0,Chhattisgarh,650.0,Bemetara,0.0,0.0,,,,HISTORICAL_REVIEW,REQUIRES_MANUAL_VERIFICATION,HISTORICAL_REVIEW_REQUIRED,exact_name_without_complete_state_boundary_confirmation,LOW_REQUIRES_HISTORICAL_REVIEW,Identity is plausible by exact LGD name but state or Census-boundary evidence is incomplete or contradictory. Existing comparison note: Exact LGD district name; observed IFI state context is retained separately because the IFI field can be multi-value and historical equivalence is unresolved. Observed IFI state context includes LGD state name. LGD district has no exact Census boundary pair.
Bengaluru Rural,Karnataka; Kerala,29.0,Karnataka,526.0,Bengaluru Rural,21.0,583.0,,,,HISTORICAL_REVIEW,REQUIRES_MANUAL_VERIFICATION,HISTORICAL_REVIEW_REQUIRED,exact_name_without_complete_state_boundary_confirmation,LOW_REQUIRES_HISTORICAL_REVIEW,Identity is plausible by exact LGD name but state or Census-boundary evidence is incomplete or contradictory. Existing comparison note: Exact LGD district name; observed IFI state context is retained separately because the IFI field can be multi-value and historical equivalence is unresolved. Observed IFI state context includes LGD state name. LGD district has no exact Census boundary pair.
Bengaluru Urban,Karnataka; Kerala,29.0,Karnataka,525.0,Bengaluru Urban,20.0,572.0,,,,HISTORICAL_REVIEW,REQUIRES_MANUAL_VERIFICATION,HISTORICAL_REVIEW_REQUIRED,exact_name_without_complete_state_boundary_confirmation,LOW_REQUIRES_HISTORICAL_REVIEW,Identity is plausible by exact LGD name but state or Census-boundary evidence is incomplete or contradictory. Existing comparison note: Exact LGD district name; observed IFI state context is retained separately because the IFI field can be multi-value and historical equivalence is unresolved. Observed IFI state context includes LGD state name. LGD district has no exact Census boundary pair.
Betul,Andhra Pradesh; Bihar; Chhattisgarh; Gujarat; Haryana; Madhya Pradesh; Maharashtra; Odisha; Punjab; Rajasthan; Uttar Pradesh; West Bengal,23.0,Madhya Pradesh,394.0,Betul,35.0,447.0,Betul,Madhya Pradesh,447.0,VERIFIED_NAME_STATE,NAME_STATE_CANDIDATE_WITH_HISTORICAL_LIMITATION,HISTORICAL_REVIEW_REQUIRED,exact_name_state_boundary_candidate,HIGH_FOR_CURRENT_NAME_STATE_LINK; HISTORICAL_LIMITATION,"Exact LGD name, observed state context, and Census boundary candidate agree; code equivalence is not assumed. Existing comparison note: Exact LGD district name; observed IFI state context is retained separately because the IFI field can be multi-value and historical equivalence is unresolved. Observed IFI state context includes LGD state name. LGD/Census candidate by name; codes are not assumed equivalent."
Bhadohi,Arunachal Pradesh; Assam; Bihar; East Rajasthan; Gujarat; Haryana; Himachal Pradesh; Jammu and Kashmir; Kerala; Madhya Pradesh; Maharashtra; Odisha; Punjab; Rajasthan; Uttar Pradesh; Uttar pradesh; West Bengal,9.0,Uttar Pradesh,179.0,Bhadohi,68.0,198.0,,,,HISTORICAL_REVIEW,REQUIRES_MANUAL_VERIFICATION,HISTORICAL_REVIEW_REQUIRED,exact_name_without_complete_state_boundary_confirmation,LOW_REQUIRES_HISTORICAL_REVIEW,Identity is plausible by exact LGD name but state or Census-boundary evidence is incomplete or contradictory. Existing comparison note: Exact LGD district name; observed IFI state context is retained separately because the IFI field can be multi-value and historical equivalence is unresolved. Observed IFI state context includes LGD state name. LGD district has no exact Census boundary pair.
Bhadradri Bhadradri Kothagudem,Telangana,,,,,,,,,,UNMATCHED,UNMATCHED,HISTORICAL_REVIEW_REQUIRED,none,NONE,No defensible LGD/Census candidate in the reviewed comparison. Existing comparison note: No exact or normalized LGD district/state candidate.
Bhadradri Bhadradri Kothagudem Bhadradri Kothagudem,Andhra Pradesh; Maharashtra; Telangana,,,,,,,,,,UNMATCHED,UNMATCHED,HISTORICAL_REVIEW_REQUIRED,none,NONE,No defensible LGD/Census candidate in the reviewed comparison. Existing comparison note: No exact or normalized LGD district/state candidate.
Bhadradri Bhadradri Kothagudem kothagudem,Telangana,,,,,,,,,,UNMATCHED,UNMATCHED,HISTORICAL_REVIEW_REQUIRED,none,NONE,No defensible LGD/Census candidate in the reviewed comparison. Existing comparison note: No exact or normalized LGD district/state candidate.
Bhadradri Kothagudem,Telangana,36.0,Telangana,690.0,Bhadradri Kothagudem,0.0,0.0,,,,HISTORICAL_REVIEW,REQUIRES_MANUAL_VERIFICATION,HISTORICAL_REVIEW_REQUIRED,exact_name_without_complete_state_boundary_confirmation,LOW_REQUIRES_HISTORICAL_REVIEW,Identity is plausible by exact LGD name but state or Census-boundary evidence is incomplete or contradictory. Existing comparison note: Exact LGD district name; observed IFI state context is retained separately because the IFI field can be multi-value and historical equivalence is unresolved. Observed IFI state context includes LGD state name. LGD district has no exact Census boundary pair.
Bhadrak,Andhra Pradesh; Assam; Bihar; Haryana; Madhya Pradesh; Odisha; Rajasthan; Uttar Pradesh; West Bengal,21.0,Odisha,348.0,Bhadrak,9.0,378.0,Bhadrak,Odisha,378.0,VERIFIED_NAME_STATE,NAME_STATE_CANDIDATE_WITH_HISTORICAL_LIMITATION,HISTORICAL_REVIEW_REQUIRED,exact_name_state_boundary_candidate,HIGH_FOR_CURRENT_NAME_STATE_LINK; HISTORICAL_LIMITATION,"Exact LGD name, observed state context, and Census boundary candidate agree; code equivalence is not assumed. Existing comparison note: Exact LGD district name; observed IFI state context is retained separately because the IFI field can be multi-value and historical equivalence is unresolved. Observed IFI state context includes LGD state name. LGD/Census candidate by name; codes are not assumed equivalent."
Bhagalpur,Andhra Pradesh; Assam; Bihar; Gujarat; Haryana; Himachal Pradesh; Jharkhand; Kerala; Madhya Pradesh; Maharashtra; Odisha; Rajasthan; Uttar Pradesh; Uttar pradesh; West Bengal,10.0,Bihar,192.0,Bhagalpur,22.0,224.0,Bhagalpur,Bihar,224.0,VERIFIED_NAME_STATE,NAME_STATE_CANDIDATE_WITH_HISTORICAL_LIMITATION,HISTORICAL_REVIEW_REQUIRED,exact_name_state_boundary_candidate,HIGH_FOR_CURRENT_NAME_STATE_LINK; HISTORICAL_LIMITATION,"Exact LGD name, observed state context, and Census boundary candidate agree; code equivalence is not assumed. Existing comparison note: Exact LGD district name; observed IFI state context is retained separately because the IFI field can be multi-value and historical equivalence is unresolved. Observed IFI state context includes LGD state name. LGD/Census candidate by name; codes are not assumed equivalent."
Bhandara,Bihar; Gujarat; Madhya Pradesh; Maharashtra; Rajasthan; Telangana; Uttar Pradesh,27.0,Maharashtra,471.0,Bhandara,10.0,506.0,Bhandara,Maharashtra,506.0,VERIFIED_NAME_STATE,NAME_STATE_CANDIDATE_WITH_HISTORICAL_LIMITATION,HISTORICAL_REVIEW_REQUIRED,exact_name_state_boundary_candidate,HIGH_FOR_CURRENT_NAME_STATE_LINK; HISTORICAL_LIMITATION,"Exact LGD name, observed state context, and Census boundary candidate agree; code equivalence is not assumed. Existing comparison note: Exact LGD district name; observed IFI state context is retained separately because the IFI field can be multi-value and historical equivalence is unresolved. Observed IFI state context includes LGD state name. LGD/Census candidate by name; codes are not assumed equivalent."
Bhandara Chandrapur,Maharashtra,,,,,,,,,,UNMATCHED,UNMATCHED,HISTORICAL_REVIEW_REQUIRED,none,NONE,No defensible LGD/Census candidate in the reviewed comparison. Existing comparison note: No exact or normalized LGD district/state candidate.
Bharatpur,Bihar; Gujarat; Haryana; Kerala; Madhya Pradesh; Maharashtra; Odisha; Punjab; Rajasthan; Uttar Pradesh,8.0,Rajasthan,91.0,Bharatpur,7.0,105.0,Bharatpur,Rajasthan,105.0,VERIFIED_NAME_STATE,NAME_STATE_CANDIDATE_WITH_HISTORICAL_LIMITATION,HISTORICAL_REVIEW_REQUIRED,exact_name_state_boundary_candidate,HIGH_FOR_CURRENT_NAME_STATE_LINK; HISTORICAL_LIMITATION,"Exact LGD name, observed state context, and Census boundary candidate agree; code equivalence is not assumed. Existing comparison note: Exact LGD district name; observed IFI state context is retained separately because the IFI field can be multi-value and historical equivalence is unresolved. Observed IFI state context includes LGD state name. LGD/Census candidate by name; codes are not assumed equivalent."
Bharuch,Bihar; Gujarat; Madhya Pradesh; Maharashtra; Rajasthan; Uttar Pradesh,24.0,Gujarat,442.0,Bharuch,21.0,488.0,Bharuch,Gujarat,488.0,VERIFIED_NAME_STATE,NAME_STATE_CANDIDATE_WITH_HISTORICAL_LIMITATION,HISTORICAL_REVIEW_REQUIRED,exact_name_state_boundary_candidate,HIGH_FOR_CURRENT_NAME_STATE_LINK; HISTORICAL_LIMITATION,"Exact LGD name, observed state context, and Census boundary candidate agree; code equivalence is not assumed. Existing comparison note: Exact LGD district name; observed IFI state context is retained separately because the IFI field can be multi-value and historical equivalence is unresolved. Observed IFI state context includes LGD state name. LGD/Census candidate by name; codes are not assumed equivalent."
Bhavnagar,Bihar; Gujarat; Madhya Pradesh; Maharashtra; Rajasthan; Uttar Pradesh,24.0,Gujarat,443.0,Bhavnagar,14.0,481.0,Bhavnagar,Gujarat,481.0,VERIFIED_NAME_STATE,NAME_STATE_CANDIDATE_WITH_HISTORICAL_LIMITATION,HISTORICAL_REVIEW_REQUIRED,exact_name_state_boundary_candidate,HIGH_FOR_CURRENT_NAME_STATE_LINK; HISTORICAL_LIMITATION,"Exact LGD name, observed state context, and Census boundary candidate agree; code equivalence is not assumed. Existing comparison note: Exact LGD district name; observed IFI state context is retained separately because the IFI field can be multi-value and historical equivalence is unresolved. Observed IFI state context includes LGD state name. LGD/Census candidate by name; codes are not assumed equivalent."
Bhilwara,Bihar; Gujarat; Haryana; Kerala; Madhya Pradesh; Maharashtra; Odisha; Punjab; Rajasthan; Uttar Pradesh,8.0,Rajasthan,92.0,Bhilwara,24.0,122.0,Bhilwara,Rajasthan,122.0,VERIFIED_NAME_STATE,NAME_STATE_CANDIDATE_WITH_HISTORICAL_LIMITATION,HISTORICAL_REVIEW_REQUIRED,exact_name_state_boundary_candidate,HIGH_FOR_CURRENT_NAME_STATE_LINK; HISTORICAL_LIMITATION,"Exact LGD name, observed state context, and Census boundary candidate agree; code equivalence is not assumed. Existing comparison note: Exact LGD district name; observed IFI state context is retained separately because the IFI field can be multi-value and historical equivalence is unresolved. Observed IFI state context includes LGD state name. LGD/Census candidate by name; codes are not assumed equivalent."
Bhind,Andhra Pradesh; Bihar; Gujarat; Haryana; Madhya Pradesh; Maharashtra; Odisha; Punjab; Rajasthan; Uttar Pradesh; West Bengal,23.0,Madhya Pradesh,395.0,Bhind,3.0,420.0,Bhind,Madhya Pradesh,420.0,VERIFIED_NAME_STATE,NAME_STATE_CANDIDATE_WITH_HISTORICAL_LIMITATION,HISTORICAL_REVIEW_REQUIRED,exact_name_state_boundary_candidate,HIGH_FOR_CURRENT_NAME_STATE_LINK; HISTORICAL_LIMITATION,"Exact LGD name, observed state context, and Census boundary candidate agree; code equivalence is not assumed. Existing comparison note: Exact LGD district name; observed IFI state context is retained separately because the IFI field can be multi-value and historical equivalence is unresolved. Observed IFI state context includes LGD state name. LGD/Census candidate by name; codes are not assumed equivalent."
Bhiwani,Bihar; Haryana; Kerala; Madhya Pradesh; Odisha; Punjab; Rajasthan; Uttar Pradesh; West Bengal,6.0,Haryana,59.0,Bhiwani,13.0,81.0,Bhiwani,Haryana,81.0,VERIFIED_NAME_STATE,NAME_STATE_CANDIDATE_WITH_HISTORICAL_LIMITATION,HISTORICAL_REVIEW_REQUIRED,exact_name_state_boundary_candidate,HIGH_FOR_CURRENT_NAME_STATE_LINK; HISTORICAL_LIMITATION,"Exact LGD name, observed state context, and Census boundary candidate agree; code equivalence is not assumed. Existing comparison note: Exact LGD district name; observed IFI state context is retained separately because the IFI field can be multi-value and historical equivalence is unresolved. Observed IFI state context includes LGD state name. LGD/Census candidate by name; codes are not assumed equivalent."
Bhojpur,Andhra Pradesh; Assam; Bihar; Gujarat; Haryana; Himachal Pradesh; Jharkhand; Kerala; Madhya Pradesh; Maharashtra; Odisha; Rajasthan; Uttar Pradesh; Uttar pradesh; West Bengal,10.0,Bihar,193.0,Bhojpur,29.0,231.0,Bhojpur,Bihar,231.0,VERIFIED_NAME_STATE,NAME_STATE_CANDIDATE_WITH_HISTORICAL_LIMITATION,HISTORICAL_REVIEW_REQUIRED,exact_name_state_boundary_candidate,HIGH_FOR_CURRENT_NAME_STATE_LINK; HISTORICAL_LIMITATION,"Exact LGD name, observed state context, and Census boundary candidate agree; code equivalence is not assumed. Existing comparison note: Exact LGD district name; observed IFI state context is retained separately because the IFI field can be multi-value and historical equivalence is unresolved. Observed IFI state context includes LGD state name. LGD/Census candidate by name; codes are not assumed equivalent."
Bhopal,Andhra Pradesh; Bihar; Chhattisgarh; Gujarat; Haryana; Madhya Pradesh; Maharashtra; Odisha; Punjab; Rajasthan; Uttar Pradesh; West Bengal,23.0,Madhya Pradesh,396.0,Bhopal,32.0,444.0,Bhopal,Madhya Pradesh,444.0,VERIFIED_NAME_STATE,NAME_STATE_CANDIDATE_WITH_HISTORICAL_LIMITATION,HISTORICAL_REVIEW_REQUIRED,exact_name_state_boundary_candidate,HIGH_FOR_CURRENT_NAME_STATE_LINK; HISTORICAL_LIMITATION,"Exact LGD name, observed state context, and Census boundary candidate agree; code equivalence is not assumed. Existing comparison note: Exact LGD district name; observed IFI state context is retained separately because the IFI field can be multi-value and historical equivalence is unresolved. Observed IFI state context includes LGD state name. LGD/Census candidate by name; codes are not assumed equivalent."
Bhubaneshwar,Odisha,,,,,,,,,,UNMATCHED,UNMATCHED,HISTORICAL_REVIEW_REQUIRED,none,NONE,No defensible LGD/Census candidate in the reviewed comparison. Existing comparison note: No exact or normalized LGD district/state candidate.
Bijapur,Chhattisgarh; Karnataka,22.0,Chhattisgarh,636.0,Bijapur,16.0,417.0,Bijapur,Chhattisgarh,417.0,VERIFIED_NAME_STATE,NAME_STATE_CANDIDATE_WITH_HISTORICAL_LIMITATION,HISTORICAL_REVIEW_REQUIRED,exact_name_state_boundary_candidate,HIGH_FOR_CURRENT_NAME_STATE_LINK; HISTORICAL_LIMITATION,"Exact LGD name, observed state context, and Census boundary candidate agree; code equivalence is not assumed. Existing comparison note: Exact LGD district name; observed IFI state context is retained separately because the IFI field can be multi-value and historical equivalence is unresolved. Observed IFI state context includes LGD state name. LGD/Census candidate by name; codes are not assumed equivalent."
Bijapur Surendranagar,Karnataka,,,,,,,,,,UNMATCHED,UNMATCHED,HISTORICAL_REVIEW_REQUIRED,none,NONE,No defensible LGD/Census candidate in the reviewed comparison. Existing comparison note: No exact or normalized LGD district/state candidate.
Bijnor,Arunachal Pradesh; Assam; Bihar; East Rajasthan; Gujarat; Haryana; Himachal Pradesh; Jammu and Kashmir; Kerala; Madhya Pradesh; Maharashtra; Odisha; Punjab; Rajasthan; Uttar Pradesh; Uttar pradesh; West Bengal,9.0,Uttar Pradesh,132.0,Bijnor,3.0,134.0,Bijnor,Uttar Pradesh,134.0,VERIFIED_NAME_STATE,NAME_STATE_CANDIDATE_WITH_HISTORICAL_LIMITATION,HISTORICAL_REVIEW_REQUIRED,exact_name_state_boundary_candidate,HIGH_FOR_CURRENT_NAME_STATE_LINK; HISTORICAL_LIMITATION,"Exact LGD name, observed state context, and Census boundary candidate agree; code equivalence is not assumed. Existing comparison note: Exact LGD district name; observed IFI state context is retained separately because the IFI field can be multi-value and historical equivalence is unresolved. Observed IFI state context includes LGD state name. LGD/Census candidate by name; codes are not assumed equivalent."
Bikaner,Bihar; Gujarat; Haryana; Kerala; Madhya Pradesh; Maharashtra; Odisha; Punjab; Rajasthan; Uttar Pradesh,8.0,Rajasthan,93.0,Bikaner,3.0,101.0,Bikaner,Rajasthan,101.0,VERIFIED_NAME_STATE,NAME_STATE_CANDIDATE_WITH_HISTORICAL_LIMITATION,HISTORICAL_REVIEW_REQUIRED,exact_name_state_boundary_candidate,HIGH_FOR_CURRENT_NAME_STATE_LINK; HISTORICAL_LIMITATION,"Exact LGD name, observed state context, and Census boundary candidate agree; code equivalence is not assumed. Existing comparison note: Exact LGD district name; observed IFI state context is retained separately because the IFI field can be multi-value and historical equivalence is unresolved. Observed IFI state context includes LGD state name. LGD/Census candidate by name; codes are not assumed equivalent."
Bilaspur,Chhattisgarh; Himachal Pradesh; Madhya Pradesh; Rajasthan; Uttar Pradesh,22.0,Chhattisgarh,375.0,Bilaspur,7.0,406.0,Bilaspur,Chhattisgarh,406.0,AMBIGUOUS_REVIEW,REQUIRES_MANUAL_VERIFICATION,HISTORICAL_REVIEW_REQUIRED,multiple_lgd_candidates,LOW_REQUIRES_MANUAL_VERIFICATION,The IFI district name has multiple plausible LGD candidates; preserve all candidates. Existing comparison note: Exact LGD district name; observed IFI state context is retained separately because the IFI field can be multi-value and historical equivalence is unresolved. Observed IFI state context includes LGD state name. LGD/Census candidate by name; codes are not assumed equivalent.
Bilaspur,Chhattisgarh; Himachal Pradesh; Madhya Pradesh; Rajasthan; Uttar Pradesh,2.0,Himachal Pradesh,15.0,Bilaspur,8.0,30.0,Bilaspur,Himachal Pradesh,30.0,AMBIGUOUS_REVIEW,REQUIRES_MANUAL_VERIFICATION,HISTORICAL_REVIEW_REQUIRED,multiple_lgd_candidates,LOW_REQUIRES_MANUAL_VERIFICATION,The IFI district name has multiple plausible LGD candidates; preserve all candidates. Existing comparison note: Exact LGD district name; observed IFI state context is retained separately because the IFI field can be multi-value and historical equivalence is unresolved. Observed IFI state context includes LGD state name. LGD/Census candidate by name; codes are not assumed equivalent.
Birbhum,Andhra Pradesh; Assam; Bihar; Haryana; Himachal Pradesh; Kerala; Madhya Pradesh; Odisha; Punjab; Uttar Pradesh; Uttar pradesh; West Bengal,19.0,West Bengal,307.0,Birbhum,8.0,334.0,Birbhum,West Bengal,334.0,VERIFIED_NAME_STATE,NAME_STATE_CANDIDATE_WITH_HISTORICAL_LIMITATION,HISTORICAL_REVIEW_REQUIRED,exact_name_state_boundary_candidate,HIGH_FOR_CURRENT_NAME_STATE_LINK; HISTORICAL_LIMITATION,"Exact LGD name, observed state context, and Census boundary candidate agree; code equivalence is not assumed. Existing comparison note: Exact LGD district name; observed IFI state context is retained separately because the IFI field can be multi-value and historical equivalence is unresolved. Observed IFI state context includes LGD state name. LGD/Census candidate by name; codes are not assumed equivalent."
Bishnupur,Manipur,14.0,Manipur,252.0,Bishnupur,4.0,275.0,Bishnupur,Manipur,275.0,VERIFIED_NAME_STATE,NAME_STATE_CANDIDATE_WITH_HISTORICAL_LIMITATION,HISTORICAL_REVIEW_REQUIRED,exact_name_state_boundary_candidate,HIGH_FOR_CURRENT_NAME_STATE_LINK; HISTORICAL_LIMITATION,"Exact LGD name, observed state context, and Census boundary candidate agree; code equivalence is not assumed. Existing comparison note: Exact LGD district name; observed IFI state context is retained separately because the IFI field can be multi-value and historical equivalence is unresolved. Observed IFI state context includes LGD state name. LGD/Census candidate by name; codes are not assumed equivalent."
Biswanath,Arunachal Pradesh; Assam; Bihar; Jammu and Kashmir; Kerala; Odisha; Punjab; Uttar Pradesh; West Bengal,18.0,Assam,705.0,Biswanath,0.0,0.0,,,,HISTORICAL_REVIEW,REQUIRES_MANUAL_VERIFICATION,HISTORICAL_REVIEW_REQUIRED,exact_name_without_complete_state_boundary_confirmation,LOW_REQUIRES_HISTORICAL_REVIEW,Identity is plausible by exact LGD name but state or Census-boundary evidence is incomplete or contradictory. Existing comparison note: Exact LGD district name; observed IFI state context is retained separately because the IFI field can be multi-value and historical equivalence is unresolved. Observed IFI state context includes LGD state name. LGD district has no exact Census boundary pair.
Bokaro,Jharkhand,20.0,Jharkhand,322.0,Bokaro,13.0,355.0,Bokaro,Jharkhand,355.0,VERIFIED_NAME_STATE,NAME_STATE_CANDIDATE_WITH_HISTORICAL_LIMITATION,HISTORICAL_REVIEW_REQUIRED,exact_name_state_boundary_candidate,HIGH_FOR_CURRENT_NAME_STATE_LINK; HISTORICAL_LIMITATION,"Exact LGD name, observed state context, and Census boundary candidate agree; code equivalence is not assumed. Existing comparison note: Exact LGD district name; observed IFI state context is retained separately because the IFI field can be multi-value and historical equivalence is unresolved. Observed IFI state context includes LGD state name. LGD/Census candidate by name; codes are not assumed equivalent."
Bongaigaon,Arunachal Pradesh; Assam; Bihar; Jammu and Kashmir; Kerala; Odisha; Punjab; Uttar Pradesh; West Bengal,18.0,Assam,281.0,Bongaigaon,4.0,319.0,Bongaigaon,Assam,319.0,VERIFIED_NAME_STATE,NAME_STATE_CANDIDATE_WITH_HISTORICAL_LIMITATION,HISTORICAL_REVIEW_REQUIRED,exact_name_state_boundary_candidate,HIGH_FOR_CURRENT_NAME_STATE_LINK; HISTORICAL_LIMITATION,"Exact LGD name, observed state context, and Census boundary candidate agree; code equivalence is not assumed. Existing comparison note: Exact LGD district name; observed IFI state context is retained separately because the IFI field can be multi-value and historical equivalence is unresolved. Observed IFI state context includes LGD state name. LGD/Census candidate by name; codes are not assumed equivalent."
Botad,Bihar; Gujarat; Madhya Pradesh; Maharashtra; Rajasthan; Uttar Pradesh,24.0,Gujarat,676.0,Botad,0.0,0.0,,,,HISTORICAL_REVIEW,REQUIRES_MANUAL_VERIFICATION,HISTORICAL_REVIEW_REQUIRED,exact_name_without_complete_state_boundary_confirmation,LOW_REQUIRES_HISTORICAL_REVIEW,Identity is plausible by exact LGD name but state or Census-boundary evidence is incomplete or contradictory. Existing comparison note: Exact LGD district name; observed IFI state context is retained separately because the IFI field can be multi-value and historical equivalence is unresolved. Observed IFI state context includes LGD state name. LGD district has no exact Census boundary pair.
Boudh,Andhra Pradesh; Assam; Bihar; Haryana; Madhya Pradesh; Odisha; Rajasthan; Uttar Pradesh; West Bengal,21.0,Odisha,349.0,Boudh,22.0,391.0,,,,HISTORICAL_REVIEW,REQUIRES_MANUAL_VERIFICATION,HISTORICAL_REVIEW_REQUIRED,exact_name_without_complete_state_boundary_confirmation,LOW_REQUIRES_HISTORICAL_REVIEW,Identity is plausible by exact LGD name but state or Census-boundary evidence is incomplete or contradictory. Existing comparison note: Exact LGD district name; observed IFI state context is retained separately because the IFI field can be multi-value and historical equivalence is unresolved. Observed IFI state context includes LGD state name. LGD district has no exact Census boundary pair.
Budaun,Arunachal Pradesh; Assam; Bihar; East Rajasthan; Gujarat; Haryana; Himachal Pradesh; Jammu and Kashmir; Kerala; Madhya Pradesh; Maharashtra; Odisha; Punjab; Rajasthan; Uttar Pradesh; Uttar pradesh; Uttarakhand; West Bengal,9.0,Uttar Pradesh,133.0,Budaun,19.0,149.0,Budaun,Uttar Pradesh,149.0,VERIFIED_NAME_STATE,NAME_STATE_CANDIDATE_WITH_HISTORICAL_LIMITATION,HISTORICAL_REVIEW_REQUIRED,exact_name_state_boundary_candidate,HIGH_FOR_CURRENT_NAME_STATE_LINK; HISTORICAL_LIMITATION,"Exact LGD name, observed state context, and Census boundary candidate agree; code equivalence is not assumed. Existing comparison note: Exact LGD district name; observed IFI state context is retained separately because the IFI field can be multi-value and historical equivalence is unresolved. Observed IFI state context includes LGD state name. LGD/Census candidate by name; codes are not assumed equivalent."
Budgam,Arunachal Pradesh; Assam; Delhi; Jammu & Kashmir; Jammu and Kashmir; Punjab; Uttar Pradesh,1.0,Jammu And Kashmir,2.0,Budgam,4.0,2.0,,,,HISTORICAL_REVIEW,REQUIRES_MANUAL_VERIFICATION,HISTORICAL_REVIEW_REQUIRED,exact_name_without_complete_state_boundary_confirmation,LOW_REQUIRES_HISTORICAL_REVIEW,Identity is plausible by exact LGD name but state or Census-boundary evidence is incomplete or contradictory. Existing comparison note: Exact LGD district name; observed IFI state context is retained separately because the IFI field can be multi-value and historical equivalence is unresolved. Observed IFI state context does not uniquely confirm LGD state name; manual review required. LGD district has no exact Census boundary pair.
Bulandshahr,Arunachal Pradesh; Assam; Bihar; East Rajasthan; Gujarat; Haryana; Himachal Pradesh; Jammu and Kashmir; Kerala; Madhya Pradesh; Maharashtra; Odisha; Punjab; Rajasthan; Uttar Pradesh; Uttar pradesh; Uttarakhand; West Bengal,9.0,Uttar Pradesh,134.0,Bulandshahr,11.0,142.0,Bulandshahr,Uttar Pradesh,142.0,VERIFIED_NAME_STATE,NAME_STATE_CANDIDATE_WITH_HISTORICAL_LIMITATION,HISTORICAL_REVIEW_REQUIRED,exact_name_state_boundary_candidate,HIGH_FOR_CURRENT_NAME_STATE_LINK; HISTORICAL_LIMITATION,"Exact LGD name, observed state context, and Census boundary candidate agree; code equivalence is not assumed. Existing comparison note: Exact LGD district name; observed IFI state context is retained separately because the IFI field can be multi-value and historical equivalence is unresolved. Observed IFI state context includes LGD state name. LGD/Census candidate by name; codes are not assumed equivalent."
Buldhana,Bihar; Gujarat; Madhya Pradesh; Maharashtra; Rajasthan; Telangana; Uttar Pradesh,27.0,Maharashtra,472.0,Buldhana,4.0,500.0,,,,HISTORICAL_REVIEW,REQUIRES_MANUAL_VERIFICATION,HISTORICAL_REVIEW_REQUIRED,exact_name_without_complete_state_boundary_confirmation,LOW_REQUIRES_HISTORICAL_REVIEW,Identity is plausible by exact LGD name but state or Census-boundary evidence is incomplete or contradictory. Existing comparison note: Exact LGD district name; observed IFI state context is retained separately because the IFI field can be multi-value and historical equivalence is unresolved. Observed IFI state context includes LGD state name. LGD district has no exact Census boundary pair.
Bundi,Bihar; Gujarat; Haryana; Kerala; Madhya Pradesh; Maharashtra; Odisha; Punjab; Rajasthan; Uttar Pradesh,8.0,Rajasthan,94.0,Bundi,23.0,121.0,Bundi,Rajasthan,121.0,VERIFIED_NAME_STATE,NAME_STATE_CANDIDATE_WITH_HISTORICAL_LIMITATION,HISTORICAL_REVIEW_REQUIRED,exact_name_state_boundary_candidate,HIGH_FOR_CURRENT_NAME_STATE_LINK; HISTORICAL_LIMITATION,"Exact LGD name, observed state context, and Census boundary candidate agree; code equivalence is not assumed. Existing comparison note: Exact LGD district name; observed IFI state context is retained separately because the IFI field can be multi-value and historical equivalence is unresolved. Observed IFI state context includes LGD state name. LGD/Census candidate by name; codes are not assumed equivalent."
Burhanpur,Andhra Pradesh; Bihar; Chhattisgarh; Gujarat; Haryana; Madhya Pradesh; Maharashtra; Odisha; Punjab; Rajasthan; Uttar Pradesh; West Bengal,23.0,Madhya Pradesh,397.0,Burhanpur,29.0,467.0,Burhanpur,Madhya Pradesh,467.0,VERIFIED_NAME_STATE,NAME_STATE_CANDIDATE_WITH_HISTORICAL_LIMITATION,HISTORICAL_REVIEW_REQUIRED,exact_name_state_boundary_candidate,HIGH_FOR_CURRENT_NAME_STATE_LINK; HISTORICAL_LIMITATION,"Exact LGD name, observed state context, and Census boundary candidate agree; code equivalence is not assumed. Existing comparison note: Exact LGD district name; observed IFI state context is retained separately because the IFI field can be multi-value and historical equivalence is unresolved. Observed IFI state context includes LGD state name. LGD/Census candidate by name; codes are not assumed equivalent."
Buxar,Andhra Pradesh; Assam; Bihar; Gujarat; Haryana; Himachal Pradesh; Jharkhand; Kerala; Madhya Pradesh; Maharashtra; Odisha; Rajasthan; Uttar Pradesh; Uttar pradesh; West Bengal,10.0,Bihar,194.0,Buxar,30.0,232.0,Buxar,Bihar,232.0,VERIFIED_NAME_STATE,NAME_STATE_CANDIDATE_WITH_HISTORICAL_LIMITATION,HISTORICAL_REVIEW_REQUIRED,exact_name_state_boundary_candidate,HIGH_FOR_CURRENT_NAME_STATE_LINK; HISTORICAL_LIMITATION,"Exact LGD name, observed state context, and Census boundary candidate agree; code equivalence is not assumed. Existing comparison note: Exact LGD district name; observed IFI state context is retained separately because the IFI field can be multi-value and historical equivalence is unresolved. Observed IFI state context includes LGD state name. LGD/Census candidate by name; codes are not assumed equivalent."
Cachar,Arunachal Pradesh; Assam; Bihar; Jammu and Kashmir; Kerala; Manipur; Odisha; Punjab; Tripura; Uttar Pradesh; West Bengal,18.0,Assam,282.0,Cachar,21.0,316.0,Cachar,Assam,316.0,VERIFIED_NAME_STATE,NAME_STATE_CANDIDATE_WITH_HISTORICAL_LIMITATION,HISTORICAL_REVIEW_REQUIRED,exact_name_state_boundary_candidate,HIGH_FOR_CURRENT_NAME_STATE_LINK; HISTORICAL_LIMITATION,"Exact LGD name, observed state context, and Census boundary candidate agree; code equivalence is not assumed. Existing comparison note: Exact LGD district name; observed IFI state context is retained separately because the IFI field can be multi-value and historical equivalence is unresolved. Observed IFI state context includes LGD state name. LGD/Census candidate by name; codes are not assumed equivalent."
Central,Delhi; Jammu and Kashmir; Punjab,7.0,Delhi,77.0,Central,6.0,95.0,Central,NCT of Delhi,95.0,VERIFIED_NAME_STATE,NAME_STATE_CANDIDATE_WITH_HISTORICAL_LIMITATION,HISTORICAL_REVIEW_REQUIRED,exact_name_state_boundary_candidate,HIGH_FOR_CURRENT_NAME_STATE_LINK; HISTORICAL_LIMITATION,"Exact LGD name, observed state context, and Census boundary candidate agree; code equivalence is not assumed. Existing comparison note: Exact LGD district name; observed IFI state context is retained separately because the IFI field can be multi-value and historical equivalence is unresolved. Observed IFI state context includes LGD state name. LGD/Census candidate by name; codes are not assumed equivalent."
Central Part of Uttar Kashi Pradesh,Uttar Pradesh,,,,,,,,,,UNMATCHED,UNMATCHED,HISTORICAL_REVIEW_REQUIRED,none,NONE,No defensible LGD/Census candidate in the reviewed comparison. Existing comparison note: No exact or normalized LGD district/state candidate.
Chamarajanagara,Karnataka,,,,,,,,,,UNMATCHED,UNMATCHED,HISTORICAL_REVIEW_REQUIRED,none,NONE,No defensible LGD/Census candidate in the reviewed comparison. Existing comparison note: No exact or normalized LGD district/state candidate.
Chamarajanagaraa,Karnataka; Kerala,,,,,,,,,,UNMATCHED,UNMATCHED,HISTORICAL_REVIEW_REQUIRED,none,NONE,No defensible LGD/Census candidate in the reviewed comparison. Existing comparison note: No exact or normalized LGD district/state candidate.
Chamarajanagaraa Chikkaballapura,Karnataka,,,,,,,,,,UNMATCHED,UNMATCHED,HISTORICAL_REVIEW_REQUIRED,none,NONE,No defensible LGD/Census candidate in the reviewed comparison. Existing comparison note: No exact or normalized LGD district/state candidate.
Chamarajanagaraa Chitradurga,Karnataka,,,,,,,,,,UNMATCHED,UNMATCHED,HISTORICAL_REVIEW_REQUIRED,none,NONE,No defensible LGD/Census candidate in the reviewed comparison. Existing comparison note: No exact or normalized LGD district/state candidate.
Chamarajanagaraa Davangere,Karnataka,,,,,,,,,,UNMATCHED,UNMATCHED,HISTORICAL_REVIEW_REQUIRED,none,NONE,No defensible LGD/Census candidate in the reviewed comparison. Existing comparison note: No exact or normalized LGD district/state candidate.
Chamarajanagaraa Gadag,Karnataka,,,,,,,,,,UNMATCHED,UNMATCHED,HISTORICAL_REVIEW_REQUIRED,none,NONE,No defensible LGD/Census candidate in the reviewed comparison. Existing comparison note: No exact or normalized LGD district/state candidate.
Chamarajanagaraa Hassan,Karnataka,,,,,,,,,,UNMATCHED,UNMATCHED,HISTORICAL_REVIEW_REQUIRED,none,NONE,No defensible LGD/Census candidate in the reviewed comparison. Existing comparison note: No exact or normalized LGD district/state candidate.
Chamarajanagaraa Kalaburagi,Karnataka,,,,,,,,,,UNMATCHED,UNMATCHED,HISTORICAL_REVIEW_REQUIRED,none,NONE,No defensible LGD/Census candidate in the reviewed comparison. Existing comparison note: No exact or normalized LGD district/state candidate.
Chamba,Himachal Pradesh; Uttar Pradesh,2.0,Himachal Pradesh,16.0,Chamba,1.0,23.0,Chamba,Himachal Pradesh,23.0,VERIFIED_NAME_STATE,NAME_STATE_CANDIDATE_WITH_HISTORICAL_LIMITATION,HISTORICAL_REVIEW_REQUIRED,exact_name_state_boundary_candidate,HIGH_FOR_CURRENT_NAME_STATE_LINK; HISTORICAL_LIMITATION,"Exact LGD name, observed state context, and Census boundary candidate agree; code equivalence is not assumed. Existing comparison note: Exact LGD district name; observed IFI state context is retained separately because the IFI field can be multi-value and historical equivalence is unresolved. Observed IFI state context includes LGD state name. LGD/Census candidate by name; codes are not assumed equivalent."
Chamoli,Uttar Pradesh; Uttarakhand,5.0,Uttarakhand,47.0,Chamoli,2.0,57.0,Chamoli,Uttarakhand,57.0,VERIFIED_NAME_STATE,NAME_STATE_CANDIDATE_WITH_HISTORICAL_LIMITATION,HISTORICAL_REVIEW_REQUIRED,exact_name_state_boundary_candidate,HIGH_FOR_CURRENT_NAME_STATE_LINK; HISTORICAL_LIMITATION,"Exact LGD name, observed state context, and Census boundary candidate agree; code equivalence is not assumed. Existing comparison note: Exact LGD district name; observed IFI state context is retained separately because the IFI field can be multi-value and historical equivalence is unresolved. Observed IFI state context includes LGD state name. LGD/Census candidate by name; codes are not assumed equivalent."
Champawat,Uttar Pradesh; Uttarakhand,5.0,Uttarakhand,48.0,Champawat,10.0,65.0,Champawat,Uttarakhand,65.0,VERIFIED_NAME_STATE,NAME_STATE_CANDIDATE_WITH_HISTORICAL_LIMITATION,HISTORICAL_REVIEW_REQUIRED,exact_name_state_boundary_candidate,HIGH_FOR_CURRENT_NAME_STATE_LINK; HISTORICAL_LIMITATION,"Exact LGD name, observed state context, and Census boundary candidate agree; code equivalence is not assumed. Existing comparison note: Exact LGD district name; observed IFI state context is retained separately because the IFI field can be multi-value and historical equivalence is unresolved. Observed IFI state context includes LGD state name. LGD/Census candidate by name; codes are not assumed equivalent."
Champhai,Mizoram,15.0,Mizoram,262.0,Champhai,4.0,284.0,Champhai,Mizoram,284.0,VERIFIED_NAME_STATE,NAME_STATE_CANDIDATE_WITH_HISTORICAL_LIMITATION,HISTORICAL_REVIEW_REQUIRED,exact_name_state_boundary_candidate,HIGH_FOR_CURRENT_NAME_STATE_LINK; HISTORICAL_LIMITATION,"Exact LGD name, observed state context, and Census boundary candidate agree; code equivalence is not assumed. Existing comparison note: Exact LGD district name; observed IFI state context is retained separately because the IFI field can be multi-value and historical equivalence is unresolved. Observed IFI state context includes LGD state name. LGD/Census candidate by name; codes are not assumed equivalent."
Chandauli,Arunachal Pradesh; Assam; Bihar; East Rajasthan; Gujarat; Haryana; Himachal Pradesh; Jammu and Kashmir; Kerala; Madhya Pradesh; Maharashtra; Odisha; Punjab; Rajasthan; Uttar Pradesh; Uttar pradesh; West Bengal,9.0,Uttar Pradesh,135.0,Chandauli,66.0,196.0,Chandauli,Uttar Pradesh,196.0,VERIFIED_NAME_STATE,NAME_STATE_CANDIDATE_WITH_HISTORICAL_LIMITATION,HISTORICAL_REVIEW_REQUIRED,exact_name_state_boundary_candidate,HIGH_FOR_CURRENT_NAME_STATE_LINK; HISTORICAL_LIMITATION,"Exact LGD name, observed state context, and Census boundary candidate agree; code equivalence is not assumed. Existing comparison note: Exact LGD district name; observed IFI state context is retained separately because the IFI field can be multi-value and historical equivalence is unresolved. Observed IFI state context includes LGD state name. LGD/Census candidate by name; codes are not assumed equivalent."
Chandel,Manipur,14.0,Manipur,253.0,Chandel,9.0,280.0,Chandel,Manipur,280.0,VERIFIED_NAME_STATE,NAME_STATE_CANDIDATE_WITH_HISTORICAL_LIMITATION,HISTORICAL_REVIEW_REQUIRED,exact_name_state_boundary_candidate,HIGH_FOR_CURRENT_NAME_STATE_LINK; HISTORICAL_LIMITATION,"Exact LGD name, observed state context, and Census boundary candidate agree; code equivalence is not assumed. Existing comparison note: Exact LGD district name; observed IFI state context is retained separately because the IFI field can be multi-value and historical equivalence is unresolved. Observed IFI state context includes LGD state name. LGD/Census candidate by name; codes are not assumed equivalent."
Chandigarh,Chandigarh; Punjab,4.0,Chandigarh,44.0,Chandigarh,1.0,55.0,Chandigarh,Chandigarh,55.0,VERIFIED_NAME_STATE,NAME_STATE_CANDIDATE_WITH_HISTORICAL_LIMITATION,HISTORICAL_REVIEW_REQUIRED,exact_name_state_boundary_candidate,HIGH_FOR_CURRENT_NAME_STATE_LINK; HISTORICAL_LIMITATION,"Exact LGD name, observed state context, and Census boundary candidate agree; code equivalence is not assumed. Existing comparison note: Exact LGD district name; observed IFI state context is retained separately because the IFI field can be multi-value and historical equivalence is unresolved. Observed IFI state context includes LGD state name. LGD/Census candidate by name; codes are not assumed equivalent."
Chandrapur,Bihar; Gujarat; Madhya Pradesh; Maharashtra; Rajasthan; Telangana; Uttar Pradesh,27.0,Maharashtra,473.0,Chandrapur,13.0,509.0,Chandrapur,Maharashtra,509.0,VERIFIED_NAME_STATE,NAME_STATE_CANDIDATE_WITH_HISTORICAL_LIMITATION,HISTORICAL_REVIEW_REQUIRED,exact_name_state_boundary_candidate,HIGH_FOR_CURRENT_NAME_STATE_LINK; HISTORICAL_LIMITATION,"Exact LGD name, observed state context, and Census boundary candidate agree; code equivalence is not assumed. Existing comparison note: Exact LGD district name; observed IFI state context is retained separately because the IFI field can be multi-value and historical equivalence is unresolved. Observed IFI state context includes LGD state name. LGD/Census candidate by name; codes are not assumed equivalent."
Changlang,Arunachal Pradesh; Assam; Jammu and Kashmir; Punjab; Uttar Pradesh,12.0,Arunachal Pradesh,229.0,Changlang,12.0,253.0,Changlang,Arunanchal Pradesh,253.0,VERIFIED_NAME_STATE,NAME_STATE_CANDIDATE_WITH_HISTORICAL_LIMITATION,HISTORICAL_REVIEW_REQUIRED,exact_name_state_boundary_candidate,HIGH_FOR_CURRENT_NAME_STATE_LINK; HISTORICAL_LIMITATION,"Exact LGD name, observed state context, and Census boundary candidate agree; code equivalence is not assumed. Existing comparison note: Exact LGD district name; observed IFI state context is retained separately because the IFI field can be multi-value and historical equivalence is unresolved. Observed IFI state context includes LGD state name. LGD/Census candidate by name; codes are not assumed equivalent."
Charaideo,Arunachal Pradesh; Assam; Bihar; Jammu and Kashmir; Kerala; Odisha; Punjab; Uttar Pradesh; West Bengal,18.0,Assam,708.0,Charaideo,0.0,0.0,,,,HISTORICAL_REVIEW,REQUIRES_MANUAL_VERIFICATION,HISTORICAL_REVIEW_REQUIRED,exact_name_without_complete_state_boundary_confirmation,LOW_REQUIRES_HISTORICAL_REVIEW,Identity is plausible by exact LGD name but state or Census-boundary evidence is incomplete or contradictory. Existing comparison note: Exact LGD district name; observed IFI state context is retained separately because the IFI field can be multi-value and historical equivalence is unresolved. Observed IFI state context includes LGD state name. LGD district has no exact Census boundary pair.
Charki Dadri,Bihar; Haryana; Kerala; Madhya Pradesh; Odisha; Punjab; Rajasthan; Uttar Pradesh; West Bengal,,,,,,,,,,UNMATCHED,UNMATCHED,HISTORICAL_REVIEW_REQUIRED,none,NONE,No defensible LGD/Census candidate in the reviewed comparison. Existing comparison note: No exact or normalized LGD district/state candidate.
Chatra,Jharkhand,20.0,Jharkhand,323.0,Chatra,3.0,347.0,Chatra,Jharkhand,347.0,VERIFIED_NAME_STATE,NAME_STATE_CANDIDATE_WITH_HISTORICAL_LIMITATION,HISTORICAL_REVIEW_REQUIRED,exact_name_state_boundary_candidate,HIGH_FOR_CURRENT_NAME_STATE_LINK; HISTORICAL_LIMITATION,"Exact LGD name, observed state context, and Census boundary candidate agree; code equivalence is not assumed. Existing comparison note: Exact LGD district name; observed IFI state context is retained separately because the IFI field can be multi-value and historical equivalence is unresolved. Observed IFI state context includes LGD state name. LGD/Census candidate by name; codes are not assumed equivalent."
Chengalpattu,Tamil Nadu,33.0,Tamil Nadu,730.0,Chengalpattu,0.0,0.0,,,,HISTORICAL_REVIEW,REQUIRES_MANUAL_VERIFICATION,HISTORICAL_REVIEW_REQUIRED,exact_name_without_complete_state_boundary_confirmation,LOW_REQUIRES_HISTORICAL_REVIEW,Identity is plausible by exact LGD name but state or Census-boundary evidence is incomplete or contradictory. Existing comparison note: Exact LGD district name; observed IFI state context is retained separately because the IFI field can be multi-value and historical equivalence is unresolved. Observed IFI state context includes LGD state name. LGD district has no exact Census boundary pair.
Chennai,Madras; Tamil Nadu,33.0,Tamil Nadu,568.0,Chennai,2.0,603.0,Chennai,Tamil Nadu,603.0,VERIFIED_NAME_STATE,NAME_STATE_CANDIDATE_WITH_HISTORICAL_LIMITATION,HISTORICAL_REVIEW_REQUIRED,exact_name_state_boundary_candidate,HIGH_FOR_CURRENT_NAME_STATE_LINK; HISTORICAL_LIMITATION,"Exact LGD name, observed state context, and Census boundary candidate agree; code equivalence is not assumed. Existing comparison note: Exact LGD district name; observed IFI state context is retained separately because the IFI field can be multi-value and historical equivalence is unresolved. Observed IFI state context includes LGD state name. LGD/Census candidate by name; codes are not assumed equivalent."
Chhatarpur,Andhra Pradesh; Bihar; Gujarat; Haryana; Madhya Pradesh; Maharashtra; Odisha; Punjab; Rajasthan; Uttar Pradesh; West Bengal,23.0,Madhya Pradesh,398.0,Chhatarpur,9.0,425.0,Chhatarpur,Madhya Pradesh,425.0,VERIFIED_NAME_STATE,NAME_STATE_CANDIDATE_WITH_HISTORICAL_LIMITATION,HISTORICAL_REVIEW_REQUIRED,exact_name_state_boundary_candidate,HIGH_FOR_CURRENT_NAME_STATE_LINK; HISTORICAL_LIMITATION,"Exact LGD name, observed state context, and Census boundary candidate agree; code equivalence is not assumed. Existing comparison note: Exact LGD district name; observed IFI state context is retained separately because the IFI field can be multi-value and historical equivalence is unresolved. Observed IFI state context includes LGD state name. LGD/Census candidate by name; codes are not assumed equivalent."
Chhatisgarh,Chhattisgarh; Madhya Pradesh,,,,,,,,,,UNMATCHED,UNMATCHED,HISTORICAL_REVIEW_REQUIRED,none,NONE,No defensible LGD/Census candidate in the reviewed comparison. Existing comparison note: No exact or normalized LGD district/state candidate.
Chhindwara,Andhra Pradesh; Bihar; Chhattisgarh; Gujarat; Haryana; Madhya Pradesh; Maharashtra; Odisha; Punjab; Rajasthan; Uttar Pradesh; West Bengal,23.0,Madhya Pradesh,399.0,Chhindwara,43.0,455.0,Chhindwara,Madhya Pradesh,455.0,VERIFIED_NAME_STATE,NAME_STATE_CANDIDATE_WITH_HISTORICAL_LIMITATION,HISTORICAL_REVIEW_REQUIRED,exact_name_state_boundary_candidate,HIGH_FOR_CURRENT_NAME_STATE_LINK; HISTORICAL_LIMITATION,"Exact LGD name, observed state context, and Census boundary candidate agree; code equivalence is not assumed. Existing comparison note: Exact LGD district name; observed IFI state context is retained separately because the IFI field can be multi-value and historical equivalence is unresolved. Observed IFI state context includes LGD state name. LGD/Census candidate by name; codes are not assumed equivalent."
Chikkaballapura,Karnataka; Kerala,29.0,Karnataka,630.0,Chikkaballapura,19.0,582.0,Chikkaballapura,Karnataka,582.0,VERIFIED_NAME_STATE,NAME_STATE_CANDIDATE_WITH_HISTORICAL_LIMITATION,HISTORICAL_REVIEW_REQUIRED,exact_name_state_boundary_candidate,HIGH_FOR_CURRENT_NAME_STATE_LINK; HISTORICAL_LIMITATION,"Exact LGD name, observed state context, and Census boundary candidate agree; code equivalence is not assumed. Existing comparison note: Exact LGD district name; observed IFI state context is retained separately because the IFI field can be multi-value and historical equivalence is unresolved. Observed IFI state context includes LGD state name. LGD/Census candidate by name; codes are not assumed equivalent."
Chikkamagaluru,Karnataka; Kerala,29.0,Karnataka,532.0,Chikkamagaluru,17.0,570.0,,,,HISTORICAL_REVIEW,REQUIRES_MANUAL_VERIFICATION,HISTORICAL_REVIEW_REQUIRED,exact_name_without_complete_state_boundary_confirmation,LOW_REQUIRES_HISTORICAL_REVIEW,Identity is plausible by exact LGD name but state or Census-boundary evidence is incomplete or contradictory. Existing comparison note: Exact LGD district name; observed IFI state context is retained separately because the IFI field can be multi-value and historical equivalence is unresolved. Observed IFI state context includes LGD state name. LGD district has no exact Census boundary pair.
Chikodi,Karnataka,,,,,,,,,,UNMATCHED,UNMATCHED,HISTORICAL_REVIEW_REQUIRED,none,NONE,No defensible LGD/Census candidate in the reviewed comparison. Existing comparison note: No exact or normalized LGD district/state candidate.
Chirang,Arunachal Pradesh; Assam; Bihar; Jammu and Kashmir; Kerala; Odisha; Punjab; Uttar Pradesh; West Bengal,18.0,Assam,612.0,Chirang,0.0,320.0,Chirang,Assam,320.0,VERIFIED_NAME_STATE,NAME_STATE_CANDIDATE_WITH_HISTORICAL_LIMITATION,HISTORICAL_REVIEW_REQUIRED,exact_name_state_boundary_candidate,HIGH_FOR_CURRENT_NAME_STATE_LINK; HISTORICAL_LIMITATION,"Exact LGD name, observed state context, and Census boundary candidate agree; code equivalence is not assumed. Existing comparison note: Exact LGD district name; observed IFI state context is retained separately because the IFI field can be multi-value and historical equivalence is unresolved. Observed IFI state context includes LGD state name. LGD/Census candidate by name; codes are not assumed equivalent."
Chitradurga,Karnataka; Kerala,29.0,Karnataka,533.0,Chitradurga,13.0,566.0,Chitradurga,Karnataka,566.0,VERIFIED_NAME_STATE,NAME_STATE_CANDIDATE_WITH_HISTORICAL_LIMITATION,HISTORICAL_REVIEW_REQUIRED,exact_name_state_boundary_candidate,HIGH_FOR_CURRENT_NAME_STATE_LINK; HISTORICAL_LIMITATION,"Exact LGD name, observed state context, and Census boundary candidate agree; code equivalence is not assumed. Existing comparison note: Exact LGD district name; observed IFI state context is retained separately because the IFI field can be multi-value and historical equivalence is unresolved. Observed IFI state context includes LGD state name. LGD/Census candidate by name; codes are not assumed equivalent."
Chitrakoot,Arunachal Pradesh; Assam; Bihar; East Rajasthan; Gujarat; Haryana; Himachal Pradesh; Jammu and Kashmir; Kerala; Madhya Pradesh; Maharashtra; Odisha; Punjab; Rajasthan; Uttar Pradesh; Uttar pradesh; West Bengal,9.0,Uttar Pradesh,136.0,Chitrakoot,41.0,171.0,Chitrakoot,Uttar Pradesh,171.0,VERIFIED_NAME_STATE,NAME_STATE_CANDIDATE_WITH_HISTORICAL_LIMITATION,HISTORICAL_REVIEW_REQUIRED,exact_name_state_boundary_candidate,HIGH_FOR_CURRENT_NAME_STATE_LINK; HISTORICAL_LIMITATION,"Exact LGD name, observed state context, and Census boundary candidate agree; code equivalence is not assumed. Existing comparison note: Exact LGD district name; observed IFI state context is retained separately because the IFI field can be multi-value and historical equivalence is unresolved. Observed IFI state context includes LGD state name. LGD/Census candidate by name; codes are not assumed equivalent."
Chittoor,Andhra Pradesh; Madhya Pradesh,28.0,Andhra Pradesh,503.0,Chittoor,23.0,554.0,Chittoor,Andhra Pradesh,554.0,VERIFIED_NAME_STATE,NAME_STATE_CANDIDATE_WITH_HISTORICAL_LIMITATION,HISTORICAL_REVIEW_REQUIRED,exact_name_state_boundary_candidate,HIGH_FOR_CURRENT_NAME_STATE_LINK; HISTORICAL_LIMITATION,"Exact LGD name, observed state context, and Census boundary candidate agree; code equivalence is not assumed. Existing comparison note: Exact LGD district name; observed IFI state context is retained separately because the IFI field can be multi-value and historical equivalence is unresolved. Observed IFI state context includes LGD state name. LGD/Census candidate by name; codes are not assumed equivalent."
Chittorgarh,Bihar; Gujarat; Haryana; Kerala; Madhya Pradesh; Maharashtra; Odisha; Punjab; Rajasthan; Uttar Pradesh,8.0,Rajasthan,95.0,Chittorgarh,29.0,126.0,,,,HISTORICAL_REVIEW,REQUIRES_MANUAL_VERIFICATION,HISTORICAL_REVIEW_REQUIRED,exact_name_without_complete_state_boundary_confirmation,LOW_REQUIRES_HISTORICAL_REVIEW,Identity is plausible by exact LGD name but state or Census-boundary evidence is incomplete or contradictory. Existing comparison note: Exact LGD district name; observed IFI state context is retained separately because the IFI field can be multi-value and historical equivalence is unresolved. Observed IFI state context includes LGD state name. LGD district has no exact Census boundary pair.
Chota Udaipur,Bihar; Gujarat; Madhya Pradesh; Maharashtra; Rajasthan; Uttar Pradesh,,,,,,,,,,UNMATCHED,UNMATCHED,HISTORICAL_REVIEW_REQUIRED,none,NONE,No defensible LGD/Census candidate in the reviewed comparison. Existing comparison note: No exact or normalized LGD district/state candidate.
Chumanung,Jammu and Kashmir,,,,,,,,,,UNMATCHED,UNMATCHED,HISTORICAL_REVIEW_REQUIRED,none,NONE,No defensible LGD/Census candidate in the reviewed comparison. Existing comparison note: No exact or normalized LGD district/state candidate.
Churachandpur,Manipur,14.0,Manipur,254.0,Churachandpur,3.0,274.0,Churachandpur,Manipur,274.0,VERIFIED_NAME_STATE,NAME_STATE_CANDIDATE_WITH_HISTORICAL_LIMITATION,HISTORICAL_REVIEW_REQUIRED,exact_name_state_boundary_candidate,HIGH_FOR_CURRENT_NAME_STATE_LINK; HISTORICAL_LIMITATION,"Exact LGD name, observed state context, and Census boundary candidate agree; code equivalence is not assumed. Existing comparison note: Exact LGD district name; observed IFI state context is retained separately because the IFI field can be multi-value and historical equivalence is unresolved. Observed IFI state context includes LGD state name. LGD/Census candidate by name; codes are not assumed equivalent."
Churu,Bihar; Gujarat; Haryana; Kerala; Madhya Pradesh; Maharashtra; Odisha; Punjab; Rajasthan; Uttar Pradesh,8.0,Rajasthan,96.0,Churu,4.0,102.0,Churu,Rajasthan,102.0,VERIFIED_NAME_STATE,NAME_STATE_CANDIDATE_WITH_HISTORICAL_LIMITATION,HISTORICAL_REVIEW_REQUIRED,exact_name_state_boundary_candidate,HIGH_FOR_CURRENT_NAME_STATE_LINK; HISTORICAL_LIMITATION,"Exact LGD name, observed state context, and Census boundary candidate agree; code equivalence is not assumed. Existing comparison note: Exact LGD district name; observed IFI state context is retained separately because the IFI field can be multi-value and historical equivalence is unresolved. Observed IFI state context includes LGD state name. LGD/Census candidate by name; codes are not assumed equivalent."
Coimbatore,Tamil Nadu,33.0,Tamil Nadu,569.0,Coimbatore,12.0,632.0,Coimbatore,Tamil Nadu,632.0,VERIFIED_NAME_STATE,NAME_STATE_CANDIDATE_WITH_HISTORICAL_LIMITATION,HISTORICAL_REVIEW_REQUIRED,exact_name_state_boundary_candidate,HIGH_FOR_CURRENT_NAME_STATE_LINK; HISTORICAL_LIMITATION,"Exact LGD name, observed state context, and Census boundary candidate agree; code equivalence is not assumed. Existing comparison note: Exact LGD district name; observed IFI state context is retained separately because the IFI field can be multi-value and historical equivalence is unresolved. Observed IFI state context includes LGD state name. LGD/Census candidate by name; codes are not assumed equivalent."
Cooch Behar,West Bengal,19.0,West Bengal,308.0,Cooch Behar,3.0,329.0,,,,HISTORICAL_REVIEW,REQUIRES_MANUAL_VERIFICATION,HISTORICAL_REVIEW_REQUIRED,exact_name_without_complete_state_boundary_confirmation,LOW_REQUIRES_HISTORICAL_REVIEW,Identity is plausible by exact LGD name but state or Census-boundary evidence is incomplete or contradictory. Existing comparison note: Exact LGD district name; observed IFI state context is retained separately because the IFI field can be multi-value and historical equivalence is unresolved. Observed IFI state context includes LGD state name. LGD district has no exact Census boundary pair.
Cuddalore,Tamil Nadu,33.0,Tamil Nadu,570.0,Cuddalore,18.0,617.0,Cuddalore,Tamil Nadu,617.0,VERIFIED_NAME_STATE,NAME_STATE_CANDIDATE_WITH_HISTORICAL_LIMITATION,HISTORICAL_REVIEW_REQUIRED,exact_name_state_boundary_candidate,HIGH_FOR_CURRENT_NAME_STATE_LINK; HISTORICAL_LIMITATION,"Exact LGD name, observed state context, and Census boundary candidate agree; code equivalence is not assumed. Existing comparison note: Exact LGD district name; observed IFI state context is retained separately because the IFI field can be multi-value and historical equivalence is unresolved. Observed IFI state context includes LGD state name. LGD/Census candidate by name; codes are not assumed equivalent."
Cuttack,Andhra Pradesh; Assam; Bihar; Haryana; Madhya Pradesh; Odisha; Rajasthan; Uttar Pradesh; West Bengal,,,,,,,,,,UNMATCHED,UNMATCHED,HISTORICAL_REVIEW_REQUIRED,none,NONE,No defensible LGD/Census candidate in the reviewed comparison. Existing comparison note: No exact or normalized LGD district/state candidate.
Dadra And Nagar Haveli,Dadar&Nagar Haveli; Dadra and Nagar Haveli,38.0,The Dadra And Nagar Haveli And Daman And Diu,465.0,Dadra And Nagar Haveli,1.0,496.0,,,,HISTORICAL_REVIEW,REQUIRES_MANUAL_VERIFICATION,HISTORICAL_REVIEW_REQUIRED,exact_name_without_complete_state_boundary_confirmation,LOW_REQUIRES_HISTORICAL_REVIEW,Identity is plausible by exact LGD name but state or Census-boundary evidence is incomplete or contradictory. Existing comparison note: Exact LGD district name; observed IFI state context is retained separately because the IFI field can be multi-value and historical equivalence is unresolved. Observed IFI state context does not uniquely confirm LGD state name; manual review required. LGD district has no exact Census boundary pair.
Dahod,Bihar; Gujarat; Madhya Pradesh; Maharashtra; Rajasthan; Uttar Pradesh,24.0,Gujarat,445.0,Dahod,18.0,485.0,,,,HISTORICAL_REVIEW,REQUIRES_MANUAL_VERIFICATION,HISTORICAL_REVIEW_REQUIRED,exact_name_without_complete_state_boundary_confirmation,LOW_REQUIRES_HISTORICAL_REVIEW,Identity is plausible by exact LGD name but state or Census-boundary evidence is incomplete or contradictory. Existing comparison note: Exact LGD district name; observed IFI state context is retained separately because the IFI field can be multi-value and historical equivalence is unresolved. Observed IFI state context includes LGD state name. LGD district has no exact Census boundary pair.
Dakshin Bastar Dantewada,Chhattisgarh,22.0,Chhattisgarh,376.0,Dakshin Bastar Dantewada,16.0,416.0,Dakshin Bastar Dantewada,Chhattisgarh,416.0,VERIFIED_NAME_STATE,NAME_STATE_CANDIDATE_WITH_HISTORICAL_LIMITATION,HISTORICAL_REVIEW_REQUIRED,exact_name_state_boundary_candidate,HIGH_FOR_CURRENT_NAME_STATE_LINK; HISTORICAL_LIMITATION,"Exact LGD name, observed state context, and Census boundary candidate agree; code equivalence is not assumed. Existing comparison note: Exact LGD district name; observed IFI state context is retained separately because the IFI field can be multi-value and historical equivalence is unresolved. Observed IFI state context includes LGD state name. LGD/Census candidate by name; codes are not assumed equivalent."
Dakshin Dinajpur,Andhra Pradesh; Assam; Bihar; Haryana; Himachal Pradesh; Kerala; Madhya Pradesh; Odisha; Punjab; Uttar Pradesh; Uttar pradesh; West Bengal,19.0,West Bengal,310.0,Dakshin Dinajpur,5.0,331.0,Dakshin Dinajpur,West Bengal,331.0,VERIFIED_NAME_STATE,NAME_STATE_CANDIDATE_WITH_HISTORICAL_LIMITATION,HISTORICAL_REVIEW_REQUIRED,exact_name_state_boundary_candidate,HIGH_FOR_CURRENT_NAME_STATE_LINK; HISTORICAL_LIMITATION,"Exact LGD name, observed state context, and Census boundary candidate agree; code equivalence is not assumed. Existing comparison note: Exact LGD district name; observed IFI state context is retained separately because the IFI field can be multi-value and historical equivalence is unresolved. Observed IFI state context includes LGD state name. LGD/Census candidate by name; codes are not assumed equivalent."
Dakshina Kannada,Andhra Pradesh; Assam; Karnataka; Kerala,29.0,Karnataka,534.0,Dakshina Kannada,24.0,575.0,Dakshina Kannada,Karnataka,575.0,VERIFIED_NAME_STATE,NAME_STATE_CANDIDATE_WITH_HISTORICAL_LIMITATION,HISTORICAL_REVIEW_REQUIRED,exact_name_state_boundary_candidate,HIGH_FOR_CURRENT_NAME_STATE_LINK; HISTORICAL_LIMITATION,"Exact LGD name, observed state context, and Census boundary candidate agree; code equivalence is not assumed. Existing comparison note: Exact LGD district name; observed IFI state context is retained separately because the IFI field can be multi-value and historical equivalence is unresolved. Observed IFI state context includes LGD state name. LGD/Census candidate by name; codes are not assumed equivalent."
Damoh,Andhra Pradesh; Bihar; Chhattisgarh; Gujarat; Haryana; Madhya Pradesh; Maharashtra; Odisha; Punjab; Rajasthan; Uttar Pradesh; West Bengal,23.0,Madhya Pradesh,400.0,Damoh,12.0,428.0,Damoh,Madhya Pradesh,428.0,VERIFIED_NAME_STATE,NAME_STATE_CANDIDATE_WITH_HISTORICAL_LIMITATION,HISTORICAL_REVIEW_REQUIRED,exact_name_state_boundary_candidate,HIGH_FOR_CURRENT_NAME_STATE_LINK; HISTORICAL_LIMITATION,"Exact LGD name, observed state context, and Census boundary candidate agree; code equivalence is not assumed. Existing comparison note: Exact LGD district name; observed IFI state context is retained separately because the IFI field can be multi-value and historical equivalence is unresolved. Observed IFI state context includes LGD state name. LGD/Census candidate by name; codes are not assumed equivalent."
Dangs,Bihar; Gujarat; Madhya Pradesh; Maharashtra; Rajasthan; Uttar Pradesh,24.0,Gujarat,444.0,Dangs,23.0,489.0,,,,HISTORICAL_REVIEW,REQUIRES_MANUAL_VERIFICATION,HISTORICAL_REVIEW_REQUIRED,exact_name_without_complete_state_boundary_confirmation,LOW_REQUIRES_HISTORICAL_REVIEW,Identity is plausible by exact LGD name but state or Census-boundary evidence is incomplete or contradictory. Existing comparison note: Exact LGD district name; observed IFI state context is retained separately because the IFI field can be multi-value and historical equivalence is unresolved. Observed IFI state context includes LGD state name. LGD district has no exact Census boundary pair.
Darbhanga,Andhra Pradesh; Assam; Bihar; Gujarat; Haryana; Himachal Pradesh; Jharkhand; Kerala; Madhya Pradesh; Maharashtra; Odisha; Rajasthan; Uttar Pradesh; Uttar pradesh; West Bengal,10.0,Bihar,195.0,Darbhanga,13.0,215.0,Darbhanga,Bihar,215.0,VERIFIED_NAME_STATE,NAME_STATE_CANDIDATE_WITH_HISTORICAL_LIMITATION,HISTORICAL_REVIEW_REQUIRED,exact_name_state_boundary_candidate,HIGH_FOR_CURRENT_NAME_STATE_LINK; HISTORICAL_LIMITATION,"Exact LGD name, observed state context, and Census boundary candidate agree; code equivalence is not assumed. Existing comparison note: Exact LGD district name; observed IFI state context is retained separately because the IFI field can be multi-value and historical equivalence is unresolved. Observed IFI state context includes LGD state name. LGD/Census candidate by name; codes are not assumed equivalent."
Darjeeling,Andhra Pradesh; Assam; Bihar; Haryana; Himachal Pradesh; Kerala; Madhya Pradesh; Odisha; Punjab; Uttar Pradesh; Uttar pradesh; West Bengal,19.0,West Bengal,309.0,Darjeeling,1.0,327.0,,,,HISTORICAL_REVIEW,REQUIRES_MANUAL_VERIFICATION,HISTORICAL_REVIEW_REQUIRED,exact_name_without_complete_state_boundary_confirmation,LOW_REQUIRES_HISTORICAL_REVIEW,Identity is plausible by exact LGD name but state or Census-boundary evidence is incomplete or contradictory. Existing comparison note: Exact LGD district name; observed IFI state context is retained separately because the IFI field can be multi-value and historical equivalence is unresolved. Observed IFI state context includes LGD state name. LGD district has no exact Census boundary pair.
Darjeelingm,West Bengal,,,,,,,,,,UNMATCHED,UNMATCHED,HISTORICAL_REVIEW_REQUIRED,none,NONE,No defensible LGD/Census candidate in the reviewed comparison. Existing comparison note: No exact or normalized LGD district/state candidate.
Darrang,Arunachal Pradesh; Assam; Bihar; Jammu and Kashmir; Kerala; Manipur; Odisha; Punjab; Uttar Pradesh; West Bengal,18.0,Assam,283.0,Darrang,8.0,325.0,Darrang,Assam,325.0,VERIFIED_NAME_STATE,NAME_STATE_CANDIDATE_WITH_HISTORICAL_LIMITATION,HISTORICAL_REVIEW_REQUIRED,exact_name_state_boundary_candidate,HIGH_FOR_CURRENT_NAME_STATE_LINK; HISTORICAL_LIMITATION,"Exact LGD name, observed state context, and Census boundary candidate agree; code equivalence is not assumed. Existing comparison note: Exact LGD district name; observed IFI state context is retained separately because the IFI field can be multi-value and historical equivalence is unresolved. Observed IFI state context includes LGD state name. LGD/Census candidate by name; codes are not assumed equivalent."
Datia,Andhra Pradesh; Bihar; Chhattisgarh; Gujarat; Haryana; Madhya Pradesh; Maharashtra; Odisha; Punjab; Rajasthan; Uttar Pradesh; West Bengal,23.0,Madhya Pradesh,401.0,Datia,5.0,422.0,Datia,Madhya Pradesh,422.0,VERIFIED_NAME_STATE,NAME_STATE_CANDIDATE_WITH_HISTORICAL_LIMITATION,HISTORICAL_REVIEW_REQUIRED,exact_name_state_boundary_candidate,HIGH_FOR_CURRENT_NAME_STATE_LINK; HISTORICAL_LIMITATION,"Exact LGD name, observed state context, and Census boundary candidate agree; code equivalence is not assumed. Existing comparison note: Exact LGD district name; observed IFI state context is retained separately because the IFI field can be multi-value and historical equivalence is unresolved. Observed IFI state context includes LGD state name. LGD/Census candidate by name; codes are not assumed equivalent."
Dausa,Bihar; Gujarat; Haryana; Kerala; Madhya Pradesh; Maharashtra; Odisha; Punjab; Rajasthan; Uttar Pradesh,8.0,Rajasthan,97.0,Dausa,11.0,109.0,Dausa,Rajasthan,109.0,VERIFIED_NAME_STATE,NAME_STATE_CANDIDATE_WITH_HISTORICAL_LIMITATION,HISTORICAL_REVIEW_REQUIRED,exact_name_state_boundary_candidate,HIGH_FOR_CURRENT_NAME_STATE_LINK; HISTORICAL_LIMITATION,"Exact LGD name, observed state context, and Census boundary candidate agree; code equivalence is not assumed. Existing comparison note: Exact LGD district name; observed IFI state context is retained separately because the IFI field can be multi-value and historical equivalence is unresolved. Observed IFI state context includes LGD state name. LGD/Census candidate by name; codes are not assumed equivalent."
Davangere,Karnataka; Kerala,,,,,,,,,,UNMATCHED,UNMATCHED,HISTORICAL_REVIEW_REQUIRED,none,NONE,No defensible LGD/Census candidate in the reviewed comparison. Existing comparison note: No exact or normalized LGD district/state candidate.
Davangere����,Karnataka,,,,,,,,,,UNMATCHED,UNMATCHED,HISTORICAL_REVIEW_REQUIRED,none,NONE,No defensible LGD/Census candidate in the reviewed comparison. Existing comparison note: No exact or normalized LGD district/state candidate.
Dehradun,Uttar Pradesh; Uttarakhand,5.0,Uttarakhand,49.0,Dehradun,5.0,60.0,Dehradun,Uttarakhand,60.0,VERIFIED_NAME_STATE,NAME_STATE_CANDIDATE_WITH_HISTORICAL_LIMITATION,HISTORICAL_REVIEW_REQUIRED,exact_name_state_boundary_candidate,HIGH_FOR_CURRENT_NAME_STATE_LINK; HISTORICAL_LIMITATION,"Exact LGD name, observed state context, and Census boundary candidate agree; code equivalence is not assumed. Existing comparison note: Exact LGD district name; observed IFI state context is retained separately because the IFI field can be multi-value and historical equivalence is unresolved. Observed IFI state context includes LGD state name. LGD/Census candidate by name; codes are not assumed equivalent."
Deogarh,Andhra Pradesh; Assam; Bihar; Haryana; Madhya Pradesh; Odisha; Rajasthan; Uttar Pradesh; West Bengal,,,,,,,,,,UNMATCHED,UNMATCHED,HISTORICAL_REVIEW_REQUIRED,none,NONE,No defensible LGD/Census candidate in the reviewed comparison. Existing comparison note: No exact or normalized LGD district/state candidate.
Deoghar,Bihar; Jharkhand,20.0,Jharkhand,324.0,Deoghar,7.0,350.0,Deoghar,Jharkhand,350.0,VERIFIED_NAME_STATE,NAME_STATE_CANDIDATE_WITH_HISTORICAL_LIMITATION,HISTORICAL_REVIEW_REQUIRED,exact_name_state_boundary_candidate,HIGH_FOR_CURRENT_NAME_STATE_LINK; HISTORICAL_LIMITATION,"Exact LGD name, observed state context, and Census boundary candidate agree; code equivalence is not assumed. Existing comparison note: Exact LGD district name; observed IFI state context is retained separately because the IFI field can be multi-value and historical equivalence is unresolved. Observed IFI state context includes LGD state name. LGD/Census candidate by name; codes are not assumed equivalent."
Deoria,Arunachal Pradesh; Assam; Bihar; East Rajasthan; Gujarat; Haryana; Himachal Pradesh; Jammu and Kashmir; Kerala; Madhya Pradesh; Maharashtra; Odisha; Punjab; Rajasthan; Uttar Pradesh; Uttar pradesh; Uttarakhand; West Bengal,9.0,Uttar Pradesh,137.0,Deoria,60.0,190.0,Deoria,Uttar Pradesh,190.0,VERIFIED_NAME_STATE,NAME_STATE_CANDIDATE_WITH_HISTORICAL_LIMITATION,HISTORICAL_REVIEW_REQUIRED,exact_name_state_boundary_candidate,HIGH_FOR_CURRENT_NAME_STATE_LINK; HISTORICAL_LIMITATION,"Exact LGD name, observed state context, and Census boundary candidate agree; code equivalence is not assumed. Existing comparison note: Exact LGD district name; observed IFI state context is retained separately because the IFI field can be multi-value and historical equivalence is unresolved. Observed IFI state context includes LGD state name. LGD/Census candidate by name; codes are not assumed equivalent."
Devbhumi Dwarka,Gujarat,24.0,Gujarat,674.0,Devbhumi Dwarka,0.0,0.0,,,,HISTORICAL_REVIEW,REQUIRES_MANUAL_VERIFICATION,HISTORICAL_REVIEW_REQUIRED,exact_name_without_complete_state_boundary_confirmation,LOW_REQUIRES_HISTORICAL_REVIEW,Identity is plausible by exact LGD name but state or Census-boundary evidence is incomplete or contradictory. Existing comparison note: Exact LGD district name; observed IFI state context is retained separately because the IFI field can be multi-value and historical equivalence is unresolved. Observed IFI state context includes LGD state name. LGD district has no exact Census boundary pair.
Devbhumi Dwarka Dwarka,Bihar; Gujarat; Madhya Pradesh; Maharashtra; Rajasthan; Uttar Pradesh,,,,,,,,,,UNMATCHED,UNMATCHED,HISTORICAL_REVIEW_REQUIRED,none,NONE,No defensible LGD/Census candidate in the reviewed comparison. Existing comparison note: No exact or normalized LGD district/state candidate.
Dewas,Andhra Pradesh; Bihar; Chhattisgarh; Gujarat; Haryana; Madhya Pradesh; Maharashtra; Odisha; Punjab; Rajasthan; Uttar Pradesh; West Bengal,23.0,Madhya Pradesh,402.0,Dewas,23.0,437.0,Dewas,Madhya Pradesh,437.0,VERIFIED_NAME_STATE,NAME_STATE_CANDIDATE_WITH_HISTORICAL_LIMITATION,HISTORICAL_REVIEW_REQUIRED,exact_name_state_boundary_candidate,HIGH_FOR_CURRENT_NAME_STATE_LINK; HISTORICAL_LIMITATION,"Exact LGD name, observed state context, and Census boundary candidate agree; code equivalence is not assumed. Existing comparison note: Exact LGD district name; observed IFI state context is retained separately because the IFI field can be multi-value and historical equivalence is unresolved. Observed IFI state context includes LGD state name. LGD/Census candidate by name; codes are not assumed equivalent."
Dhalai,Tripura,16.0,Tripura,269.0,Dhalai,3.0,291.0,Dhalai,Tripura,291.0,VERIFIED_NAME_STATE,NAME_STATE_CANDIDATE_WITH_HISTORICAL_LIMITATION,HISTORICAL_REVIEW_REQUIRED,exact_name_state_boundary_candidate,HIGH_FOR_CURRENT_NAME_STATE_LINK; HISTORICAL_LIMITATION,"Exact LGD name, observed state context, and Census boundary candidate agree; code equivalence is not assumed. Existing comparison note: Exact LGD district name; observed IFI state context is retained separately because the IFI field can be multi-value and historical equivalence is unresolved. Observed IFI state context includes LGD state name. LGD/Census candidate by name; codes are not assumed equivalent."
Dhamtari,Chhattisgarh; Madhya Pradesh,22.0,Chhattisgarh,377.0,Dhamtari,13.0,412.0,Dhamtari,Chhattisgarh,412.0,VERIFIED_NAME_STATE,NAME_STATE_CANDIDATE_WITH_HISTORICAL_LIMITATION,HISTORICAL_REVIEW_REQUIRED,exact_name_state_boundary_candidate,HIGH_FOR_CURRENT_NAME_STATE_LINK; HISTORICAL_LIMITATION,"Exact LGD name, observed state context, and Census boundary candidate agree; code equivalence is not assumed. Existing comparison note: Exact LGD district name; observed IFI state context is retained separately because the IFI field can be multi-value and historical equivalence is unresolved. Observed IFI state context includes LGD state name. LGD/Census candidate by name; codes are not assumed equivalent."
Dhanbad,Jharkhand,20.0,Jharkhand,325.0,Dhanbad,12.0,354.0,Dhanbad,Jharkhand,354.0,VERIFIED_NAME_STATE,NAME_STATE_CANDIDATE_WITH_HISTORICAL_LIMITATION,HISTORICAL_REVIEW_REQUIRED,exact_name_state_boundary_candidate,HIGH_FOR_CURRENT_NAME_STATE_LINK; HISTORICAL_LIMITATION,"Exact LGD name, observed state context, and Census boundary candidate agree; code equivalence is not assumed. Existing comparison note: Exact LGD district name; observed IFI state context is retained separately because the IFI field can be multi-value and historical equivalence is unresolved. Observed IFI state context includes LGD state name. LGD/Census candidate by name; codes are not assumed equivalent."
Dhar,Andhra Pradesh; Bihar; Chhattisgarh; Gujarat; Haryana; Madhya Pradesh; Maharashtra; Odisha; Punjab; Rajasthan; Uttar Pradesh; West Bengal,23.0,Madhya Pradesh,403.0,Dhar,25.0,438.0,Dhar,Madhya Pradesh,438.0,VERIFIED_NAME_STATE,NAME_STATE_CANDIDATE_WITH_HISTORICAL_LIMITATION,HISTORICAL_REVIEW_REQUIRED,exact_name_state_boundary_candidate,HIGH_FOR_CURRENT_NAME_STATE_LINK; HISTORICAL_LIMITATION,"Exact LGD name, observed state context, and Census boundary candidate agree; code equivalence is not assumed. Existing comparison note: Exact LGD district name; observed IFI state context is retained separately because the IFI field can be multi-value and historical equivalence is unresolved. Observed IFI state context includes LGD state name. LGD/Census candidate by name; codes are not assumed equivalent."
Dharashiv,Bihar; Gujarat; Madhya Pradesh; Maharashtra; Rajasthan; Telangana; Uttar Pradesh,27.0,Maharashtra,488.0,Dharashiv,29.0,525.0,,,,HISTORICAL_REVIEW,REQUIRES_MANUAL_VERIFICATION,HISTORICAL_REVIEW_REQUIRED,exact_name_without_complete_state_boundary_confirmation,LOW_REQUIRES_HISTORICAL_REVIEW,Identity is plausible by exact LGD name but state or Census-boundary evidence is incomplete or contradictory. Existing comparison note: Exact LGD district name; observed IFI state context is retained separately because the IFI field can be multi-value and historical equivalence is unresolved. Observed IFI state context includes LGD state name. LGD district has no exact Census boundary pair.
Dharmapuri,Tamil Nadu,33.0,Tamil Nadu,571.0,Dharmapuri,5.0,630.0,Dharmapuri,Tamil Nadu,630.0,VERIFIED_NAME_STATE,NAME_STATE_CANDIDATE_WITH_HISTORICAL_LIMITATION,HISTORICAL_REVIEW_REQUIRED,exact_name_state_boundary_candidate,HIGH_FOR_CURRENT_NAME_STATE_LINK; HISTORICAL_LIMITATION,"Exact LGD name, observed state context, and Census boundary candidate agree; code equivalence is not assumed. Existing comparison note: Exact LGD district name; observed IFI state context is retained separately because the IFI field can be multi-value and historical equivalence is unresolved. Observed IFI state context includes LGD state name. LGD/Census candidate by name; codes are not assumed equivalent."
Dharwad,Karnataka; Kerala,29.0,Karnataka,536.0,Dharwad,9.0,562.0,Dharwad,Karnataka,562.0,VERIFIED_NAME_STATE,NAME_STATE_CANDIDATE_WITH_HISTORICAL_LIMITATION,HISTORICAL_REVIEW_REQUIRED,exact_name_state_boundary_candidate,HIGH_FOR_CURRENT_NAME_STATE_LINK; HISTORICAL_LIMITATION,"Exact LGD name, observed state context, and Census boundary candidate agree; code equivalence is not assumed. Existing comparison note: Exact LGD district name; observed IFI state context is retained separately because the IFI field can be multi-value and historical equivalence is unresolved. Observed IFI state context includes LGD state name. LGD/Census candidate by name; codes are not assumed equivalent."
Dhemaji,Arunachal Pradesh; Assam; Bihar; Jammu and Kashmir; Kerala; Odisha; Punjab; Uttar Pradesh; West Bengal,18.0,Assam,284.0,Dhemaji,13.0,308.0,Dhemaji,Assam,308.0,VERIFIED_NAME_STATE,NAME_STATE_CANDIDATE_WITH_HISTORICAL_LIMITATION,HISTORICAL_REVIEW_REQUIRED,exact_name_state_boundary_candidate,HIGH_FOR_CURRENT_NAME_STATE_LINK; HISTORICAL_LIMITATION,"Exact LGD name, observed state context, and Census boundary candidate agree; code equivalence is not assumed. Existing comparison note: Exact LGD district name; observed IFI state context is retained separately because the IFI field can be multi-value and historical equivalence is unresolved. Observed IFI state context includes LGD state name. LGD/Census candidate by name; codes are not assumed equivalent."
Dhenkanal,Andhra Pradesh; Assam; Bihar; Haryana; Madhya Pradesh; Odisha; Rajasthan; Uttar Pradesh; West Bengal,21.0,Odisha,352.0,Dhenkanal,14.0,383.0,Dhenkanal,Odisha,383.0,VERIFIED_NAME_STATE,NAME_STATE_CANDIDATE_WITH_HISTORICAL_LIMITATION,HISTORICAL_REVIEW_REQUIRED,exact_name_state_boundary_candidate,HIGH_FOR_CURRENT_NAME_STATE_LINK; HISTORICAL_LIMITATION,"Exact LGD name, observed state context, and Census boundary candidate agree; code equivalence is not assumed. Existing comparison note: Exact LGD district name; observed IFI state context is retained separately because the IFI field can be multi-value and historical equivalence is unresolved. Observed IFI state context includes LGD state name. LGD/Census candidate by name; codes are not assumed equivalent."
Dholpur,Bihar; Gujarat; Haryana; Kerala; Madhya Pradesh; Maharashtra; Odisha; Punjab; Rajasthan; Uttar Pradesh,8.0,Rajasthan,98.0,Dholpur,8.0,106.0,,,,HISTORICAL_REVIEW,REQUIRES_MANUAL_VERIFICATION,HISTORICAL_REVIEW_REQUIRED,exact_name_without_complete_state_boundary_confirmation,LOW_REQUIRES_HISTORICAL_REVIEW,Identity is plausible by exact LGD name but state or Census-boundary evidence is incomplete or contradictory. Existing comparison note: Exact LGD district name; observed IFI state context is retained separately because the IFI field can be multi-value and historical equivalence is unresolved. Observed IFI state context includes LGD state name. LGD district has no exact Census boundary pair.
Dhubri,Arunachal Pradesh; Assam; Bihar; Jammu and Kashmir; Kerala; Odisha; Punjab; Uttar Pradesh; West Bengal,18.0,Assam,285.0,Dhubri,2.0,301.0,Dhubri,Assam,301.0,VERIFIED_NAME_STATE,NAME_STATE_CANDIDATE_WITH_HISTORICAL_LIMITATION,HISTORICAL_REVIEW_REQUIRED,exact_name_state_boundary_candidate,HIGH_FOR_CURRENT_NAME_STATE_LINK; HISTORICAL_LIMITATION,"Exact LGD name, observed state context, and Census boundary candidate agree; code equivalence is not assumed. Existing comparison note: Exact LGD district name; observed IFI state context is retained separately because the IFI field can be multi-value and historical equivalence is unresolved. Observed IFI state context includes LGD state name. LGD/Census candidate by name; codes are not assumed equivalent."
Dhule,Bihar; Gujarat; Madhya Pradesh; Maharashtra; Rajasthan; Telangana; Uttar Pradesh,27.0,Maharashtra,474.0,Dhule,2.0,498.0,Dhule,Maharashtra,498.0,VERIFIED_NAME_STATE,NAME_STATE_CANDIDATE_WITH_HISTORICAL_LIMITATION,HISTORICAL_REVIEW_REQUIRED,exact_name_state_boundary_candidate,HIGH_FOR_CURRENT_NAME_STATE_LINK; HISTORICAL_LIMITATION,"Exact LGD name, observed state context, and Census boundary candidate agree; code equivalence is not assumed. Existing comparison note: Exact LGD district name; observed IFI state context is retained separately because the IFI field can be multi-value and historical equivalence is unresolved. Observed IFI state context includes LGD state name. LGD/Census candidate by name; codes are not assumed equivalent."
Dibang Valley,Arunachal Pradesh; Assam; Jammu and Kashmir; Punjab; Uttar Pradesh,12.0,Arunachal Pradesh,230.0,Dibang Valley,10.0,257.0,Dibang Valley,Arunanchal Pradesh,257.0,VERIFIED_NAME_STATE,NAME_STATE_CANDIDATE_WITH_HISTORICAL_LIMITATION,HISTORICAL_REVIEW_REQUIRED,exact_name_state_boundary_candidate,HIGH_FOR_CURRENT_NAME_STATE_LINK; HISTORICAL_LIMITATION,"Exact LGD name, observed state context, and Census boundary candidate agree; code equivalence is not assumed. Existing comparison note: Exact LGD district name; observed IFI state context is retained separately because the IFI field can be multi-value and historical equivalence is unresolved. Observed IFI state context includes LGD state name. LGD/Census candidate by name; codes are not assumed equivalent."
Dibrugarh,Arunachal Pradesh; Assam; Bihar; Jammu and Kashmir; Kerala; Odisha; Punjab; Uttar Pradesh; West Bengal,18.0,Assam,286.0,Dibrugarh,15.0,310.0,Dibrugarh,Assam,310.0,VERIFIED_NAME_STATE,NAME_STATE_CANDIDATE_WITH_HISTORICAL_LIMITATION,HISTORICAL_REVIEW_REQUIRED,exact_name_state_boundary_candidate,HIGH_FOR_CURRENT_NAME_STATE_LINK; HISTORICAL_LIMITATION,"Exact LGD name, observed state context, and Census boundary candidate agree; code equivalence is not assumed. Existing comparison note: Exact LGD district name; observed IFI state context is retained separately because the IFI field can be multi-value and historical equivalence is unresolved. Observed IFI state context includes LGD state name. LGD/Census candidate by name; codes are not assumed equivalent."
Different parts of Jammu,Jammu and Kashmir,,,,,,,,,,UNMATCHED,UNMATCHED,HISTORICAL_REVIEW_REQUIRED,none,NONE,No defensible LGD/Census candidate in the reviewed comparison. Existing comparison note: No exact or normalized LGD district/state candidate.
Dima Hasao,Arunachal Pradesh; Assam; Bihar; Jammu and Kashmir; Kerala; Odisha; Punjab; Uttar Pradesh; West Bengal,18.0,Assam,299.0,Dima Hasao,20.0,315.0,Dima Hasao,Assam,315.0,VERIFIED_NAME_STATE,NAME_STATE_CANDIDATE_WITH_HISTORICAL_LIMITATION,HISTORICAL_REVIEW_REQUIRED,exact_name_state_boundary_candidate,HIGH_FOR_CURRENT_NAME_STATE_LINK; HISTORICAL_LIMITATION,"Exact LGD name, observed state context, and Census boundary candidate agree; code equivalence is not assumed. Existing comparison note: Exact LGD district name; observed IFI state context is retained separately because the IFI field can be multi-value and historical equivalence is unresolved. Observed IFI state context includes LGD state name. LGD/Census candidate by name; codes are not assumed equivalent."
Dimapur,Nagaland,13.0,Nagaland,244.0,Dimapur,6.0,265.0,Dimapur,Nagaland,265.0,VERIFIED_NAME_STATE,NAME_STATE_CANDIDATE_WITH_HISTORICAL_LIMITATION,HISTORICAL_REVIEW_REQUIRED,exact_name_state_boundary_candidate,HIGH_FOR_CURRENT_NAME_STATE_LINK; HISTORICAL_LIMITATION,"Exact LGD name, observed state context, and Census boundary candidate agree; code equivalence is not assumed. Existing comparison note: Exact LGD district name; observed IFI state context is retained separately because the IFI field can be multi-value and historical equivalence is unresolved. Observed IFI state context includes LGD state name. LGD/Census candidate by name; codes are not assumed equivalent."
Dindigul,Tamil Nadu,33.0,Tamil Nadu,572.0,Dindigul,13.0,612.0,Dindigul,Tamil Nadu,612.0,VERIFIED_NAME_STATE,NAME_STATE_CANDIDATE_WITH_HISTORICAL_LIMITATION,HISTORICAL_REVIEW_REQUIRED,exact_name_state_boundary_candidate,HIGH_FOR_CURRENT_NAME_STATE_LINK; HISTORICAL_LIMITATION,"Exact LGD name, observed state context, and Census boundary candidate agree; code equivalence is not assumed. Existing comparison note: Exact LGD district name; observed IFI state context is retained separately because the IFI field can be multi-value and historical equivalence is unresolved. Observed IFI state context includes LGD state name. LGD/Census candidate by name; codes are not assumed equivalent."
Dindori,Andhra Pradesh; Bihar; Gujarat; Haryana; Madhya Pradesh; Maharashtra; Odisha; Punjab; Rajasthan; Uttar Pradesh; West Bengal,23.0,Madhya Pradesh,404.0,Dindori,41.0,453.0,Dindori,Madhya Pradesh,453.0,VERIFIED_NAME_STATE,NAME_STATE_CANDIDATE_WITH_HISTORICAL_LIMITATION,HISTORICAL_REVIEW_REQUIRED,exact_name_state_boundary_candidate,HIGH_FOR_CURRENT_NAME_STATE_LINK; HISTORICAL_LIMITATION,"Exact LGD name, observed state context, and Census boundary candidate agree; code equivalence is not assumed. Existing comparison note: Exact LGD district name; observed IFI state context is retained separately because the IFI field can be multi-value and historical equivalence is unresolved. Observed IFI state context includes LGD state name. LGD/Census candidate by name; codes are not assumed equivalent."
Districts of Cauvery delta,Tamil Nadu,,,,,,,,,,UNMATCHED,UNMATCHED,HISTORICAL_REVIEW_REQUIRED,none,NONE,No defensible LGD/Census candidate in the reviewed comparison. Existing comparison note: No exact or normalized LGD district/state candidate.
Districts of Cauvery delta zone,Tamil Nadu,,,,,,,,,,UNMATCHED,UNMATCHED,HISTORICAL_REVIEW_REQUIRED,none,NONE,No defensible LGD/Census candidate in the reviewed comparison. Existing comparison note: No exact or normalized LGD district/state candidate.
Doda,Arunachal Pradesh; Assam; Delhi; Jammu & Kashmir; Jammu and Kashmir; Punjab; Uttar Pradesh,1.0,Jammu And Kashmir,4.0,Doda,9.0,16.0,Doda,Jammu & Kashmir,16.0,HISTORICAL_REVIEW,REQUIRES_MANUAL_VERIFICATION,HISTORICAL_REVIEW_REQUIRED,exact_name_without_complete_state_boundary_confirmation,LOW_REQUIRES_HISTORICAL_REVIEW,Identity is plausible by exact LGD name but state or Census-boundary evidence is incomplete or contradictory. Existing comparison note: Exact LGD district name; observed IFI state context is retained separately because the IFI field can be multi-value and historical equivalence is unresolved. Observed IFI state context does not uniquely confirm LGD state name; manual review required. LGD/Census candidate by name; codes are not assumed equivalent.
Dumka,Bihar; Jharkhand,20.0,Jharkhand,326.0,Dumka,11.0,362.0,Dumka,Jharkhand,362.0,VERIFIED_NAME_STATE,NAME_STATE_CANDIDATE_WITH_HISTORICAL_LIMITATION,HISTORICAL_REVIEW_REQUIRED,exact_name_state_boundary_candidate,HIGH_FOR_CURRENT_NAME_STATE_LINK; HISTORICAL_LIMITATION,"Exact LGD name, observed state context, and Census boundary candidate agree; code equivalence is not assumed. Existing comparison note: Exact LGD district name; observed IFI state context is retained separately because the IFI field can be multi-value and historical equivalence is unresolved. Observed IFI state context includes LGD state name. LGD/Census candidate by name; codes are not assumed equivalent."
Dungarpur,Bihar; Gujarat; Haryana; Kerala; Madhya Pradesh; Maharashtra; Odisha; Punjab; Rajasthan; Uttar Pradesh,8.0,Rajasthan,99.0,Dungarpur,27.0,124.0,Dungarpur,Rajasthan,124.0,VERIFIED_NAME_STATE,NAME_STATE_CANDIDATE_WITH_HISTORICAL_LIMITATION,HISTORICAL_REVIEW_REQUIRED,exact_name_state_boundary_candidate,HIGH_FOR_CURRENT_NAME_STATE_LINK; HISTORICAL_LIMITATION,"Exact LGD name, observed state context, and Census boundary candidate agree; code equivalence is not assumed. Existing comparison note: Exact LGD district name; observed IFI state context is retained separately because the IFI field can be multi-value and historical equivalence is unresolved. Observed IFI state context includes LGD state name. LGD/Census candidate by name; codes are not assumed equivalent."
Durg,Chhattisgarh; Madhya Pradesh,22.0,Chhattisgarh,378.0,Durg,10.0,409.0,Durg,Chhattisgarh,409.0,VERIFIED_NAME_STATE,NAME_STATE_CANDIDATE_WITH_HISTORICAL_LIMITATION,HISTORICAL_REVIEW_REQUIRED,exact_name_state_boundary_candidate,HIGH_FOR_CURRENT_NAME_STATE_LINK; HISTORICAL_LIMITATION,"Exact LGD name, observed state context, and Census boundary candidate agree; code equivalence is not assumed. Existing comparison note: Exact LGD district name; observed IFI state context is retained separately because the IFI field can be multi-value and historical equivalence is unresolved. Observed IFI state context includes LGD state name. LGD/Census candidate by name; codes are not assumed equivalent."
East,Andhra Pradesh; Arunachal Pradesh; Bihar; Delhi; Jammu and Kashmir; Jharkhand; Punjab; Sikkim,7.0,Delhi,78.0,East,4.0,93.0,East,NCT of Delhi,93.0,AMBIGUOUS_REVIEW,REQUIRES_MANUAL_VERIFICATION,HISTORICAL_REVIEW_REQUIRED,multiple_lgd_candidates,LOW_REQUIRES_MANUAL_VERIFICATION,The IFI district name has multiple plausible LGD candidates; preserve all candidates. Existing comparison note: Exact LGD district name; observed IFI state context is retained separately because the IFI field can be multi-value and historical equivalence is unresolved. Observed IFI state context includes LGD state name. LGD/Census candidate by name; codes are not assumed equivalent.
East,Andhra Pradesh; Arunachal Pradesh; Bihar; Delhi; Jammu and Kashmir; Jharkhand; Punjab; Sikkim,7.0,Delhi,78.0,East,4.0,93.0,East,Sikkim,244.0,AMBIGUOUS_REVIEW,REQUIRES_MANUAL_VERIFICATION,HISTORICAL_REVIEW_REQUIRED,multiple_lgd_candidates,LOW_REQUIRES_MANUAL_VERIFICATION,The IFI district name has multiple plausible LGD candidates; preserve all candidates. Existing comparison note: Exact LGD district name; observed IFI state context is retained separately because the IFI field can be multi-value and historical equivalence is unresolved. Observed IFI state context includes LGD state name. LGD/Census candidate by name; codes are not assumed equivalent.
East & West Godavari,Andhra Pradesh,,,,,,,,,,UNMATCHED,UNMATCHED,HISTORICAL_REVIEW_REQUIRED,none,NONE,No defensible LGD/Census candidate in the reviewed comparison. Existing comparison note: No exact or normalized LGD district/state candidate.
East & West Purba Purba Medinipur,West Bengal,,,,,,,,,,UNMATCHED,UNMATCHED,HISTORICAL_REVIEW_REQUIRED,none,NONE,No defensible LGD/Census candidate in the reviewed comparison. Existing comparison note: No exact or normalized LGD district/state candidate.
East East Jaintia Hills,Meghalaya,,,,,,,,,,UNMATCHED,UNMATCHED,HISTORICAL_REVIEW_REQUIRED,none,NONE,No defensible LGD/Census candidate in the reviewed comparison. Existing comparison note: No exact or normalized LGD district/state candidate.
East Garo Hills,Meghalaya,17.0,Meghalaya,273.0,East Garo Hills,2.0,294.0,East Garo Hills,Meghalaya,294.0,VERIFIED_NAME_STATE,NAME_STATE_CANDIDATE_WITH_HISTORICAL_LIMITATION,HISTORICAL_REVIEW_REQUIRED,exact_name_state_boundary_candidate,HIGH_FOR_CURRENT_NAME_STATE_LINK; HISTORICAL_LIMITATION,"Exact LGD name, observed state context, and Census boundary candidate agree; code equivalence is not assumed. Existing comparison note: Exact LGD district name; observed IFI state context is retained separately because the IFI field can be multi-value and historical equivalence is unresolved. Observed IFI state context includes LGD state name. LGD/Census candidate by name; codes are not assumed equivalent."
East Godavari,Andhra Pradesh; Madhya Pradesh; Telangana,28.0,Andhra Pradesh,505.0,East Godavari,14.0,545.0,East Godavari,Andhra Pradesh,545.0,VERIFIED_NAME_STATE,NAME_STATE_CANDIDATE_WITH_HISTORICAL_LIMITATION,HISTORICAL_REVIEW_REQUIRED,exact_name_state_boundary_candidate,HIGH_FOR_CURRENT_NAME_STATE_LINK; HISTORICAL_LIMITATION,"Exact LGD name, observed state context, and Census boundary candidate agree; code equivalence is not assumed. Existing comparison note: Exact LGD district name; observed IFI state context is retained separately because the IFI field can be multi-value and historical equivalence is unresolved. Observed IFI state context includes LGD state name. LGD/Census candidate by name; codes are not assumed equivalent."
East Jaintia Hills,Meghalaya,17.0,Meghalaya,657.0,East Jaintia Hills,0.0,0.0,,,,HISTORICAL_REVIEW,REQUIRES_MANUAL_VERIFICATION,HISTORICAL_REVIEW_REQUIRED,exact_name_without_complete_state_boundary_confirmation,LOW_REQUIRES_HISTORICAL_REVIEW,Identity is plausible by exact LGD name but state or Census-boundary evidence is incomplete or contradictory. Existing comparison note: Exact LGD district name; observed IFI state context is retained separately because the IFI field can be multi-value and historical equivalence is unresolved. Observed IFI state context includes LGD state name. LGD district has no exact Census boundary pair.
East Kameng,Arunachal Pradesh; Assam; Jammu and Kashmir; Punjab; Uttar Pradesh,12.0,Arunachal Pradesh,231.0,East Kameng,3.0,247.0,East Kameng,Arunanchal Pradesh,247.0,VERIFIED_NAME_STATE,NAME_STATE_CANDIDATE_WITH_HISTORICAL_LIMITATION,HISTORICAL_REVIEW_REQUIRED,exact_name_state_boundary_candidate,HIGH_FOR_CURRENT_NAME_STATE_LINK; HISTORICAL_LIMITATION,"Exact LGD name, observed state context, and Census boundary candidate agree; code equivalence is not assumed. Existing comparison note: Exact LGD district name; observed IFI state context is retained separately because the IFI field can be multi-value and historical equivalence is unresolved. Observed IFI state context includes LGD state name. LGD/Census candidate by name; codes are not assumed equivalent."
East Khasi Hills,Meghalaya,17.0,Meghalaya,274.0,East Khasi Hills,6.0,298.0,East Khasi Hills,Meghalaya,298.0,VERIFIED_NAME_STATE,NAME_STATE_CANDIDATE_WITH_HISTORICAL_LIMITATION,HISTORICAL_REVIEW_REQUIRED,exact_name_state_boundary_candidate,HIGH_FOR_CURRENT_NAME_STATE_LINK; HISTORICAL_LIMITATION,"Exact LGD name, observed state context, and Census boundary candidate agree; code equivalence is not assumed. Existing comparison note: Exact LGD district name; observed IFI state context is retained separately because the IFI field can be multi-value and historical equivalence is unresolved. Observed IFI state context includes LGD state name. LGD/Census candidate by name; codes are not assumed equivalent."
East Nimar,Andhra Pradesh; Bihar; Gujarat; Haryana; Madhya Pradesh; Maharashtra; Odisha; Punjab; Rajasthan; Uttar Pradesh; West Bengal,,,,,,,,,,UNMATCHED,UNMATCHED,HISTORICAL_REVIEW_REQUIRED,none,NONE,No defensible LGD/Census candidate in the reviewed comparison. Existing comparison note: No exact or normalized LGD district/state candidate.
East Siang,Arunachal Pradesh; Assam; Jammu and Kashmir; Punjab; Uttar Pradesh,12.0,Arunachal Pradesh,232.0,East Siang,8.0,251.0,East Siang,Arunanchal Pradesh,251.0,VERIFIED_NAME_STATE,NAME_STATE_CANDIDATE_WITH_HISTORICAL_LIMITATION,HISTORICAL_REVIEW_REQUIRED,exact_name_state_boundary_candidate,HIGH_FOR_CURRENT_NAME_STATE_LINK; HISTORICAL_LIMITATION,"Exact LGD name, observed state context, and Census boundary candidate agree; code equivalence is not assumed. Existing comparison note: Exact LGD district name; observed IFI state context is retained separately because the IFI field can be multi-value and historical equivalence is unresolved. Observed IFI state context includes LGD state name. LGD/Census candidate by name; codes are not assumed equivalent."
East Uttar Kashi Pradesh,Uttar Pradesh; Uttarakhand,,,,,,,,,,UNMATCHED,UNMATCHED,HISTORICAL_REVIEW_REQUIRED,none,NONE,No defensible LGD/Census candidate in the reviewed comparison. Existing comparison note: No exact or normalized LGD district/state candidate.
East West Singhbhum,Jharkhand,,,,,,,,,,UNMATCHED,UNMATCHED,HISTORICAL_REVIEW_REQUIRED,none,NONE,No defensible LGD/Census candidate in the reviewed comparison. Existing comparison note: No exact or normalized LGD district/state candidate.
Entire village,Uttarakhand,,,,,,,,,,UNMATCHED,UNMATCHED,HISTORICAL_REVIEW_REQUIRED,none,NONE,No defensible LGD/Census candidate in the reviewed comparison. Existing comparison note: No exact or normalized LGD district/state candidate.
Ernakulam,Bihar; Haryana; Karnataka; Kerala; Rajasthan; Uttar Pradesh,32.0,Kerala,555.0,Ernakulam,8.0,595.0,Ernakulam,Kerala,595.0,VERIFIED_NAME_STATE,NAME_STATE_CANDIDATE_WITH_HISTORICAL_LIMITATION,HISTORICAL_REVIEW_REQUIRED,exact_name_state_boundary_candidate,HIGH_FOR_CURRENT_NAME_STATE_LINK; HISTORICAL_LIMITATION,"Exact LGD name, observed state context, and Census boundary candidate agree; code equivalence is not assumed. Existing comparison note: Exact LGD district name; observed IFI state context is retained separately because the IFI field can be multi-value and historical equivalence is unresolved. Observed IFI state context includes LGD state name. LGD/Census candidate by name; codes are not assumed equivalent."
Ernakulam Kannur,Kerala,,,,,,,,,,UNMATCHED,UNMATCHED,HISTORICAL_REVIEW_REQUIRED,none,NONE,No defensible LGD/Census candidate in the reviewed comparison. Existing comparison note: No exact or normalized LGD district/state candidate.
Ernakulam ant Thiruvananthapuram,Kerala,,,,,,,,,,UNMATCHED,UNMATCHED,HISTORICAL_REVIEW_REQUIRED,none,NONE,No defensible LGD/Census candidate in the reviewed comparison. Existing comparison note: No exact or normalized LGD district/state candidate.
Erode,Tamil Nadu,33.0,Tamil Nadu,573.0,Erode,10.0,610.0,Erode,Tamil Nadu,610.0,VERIFIED_NAME_STATE,NAME_STATE_CANDIDATE_WITH_HISTORICAL_LIMITATION,HISTORICAL_REVIEW_REQUIRED,exact_name_state_boundary_candidate,HIGH_FOR_CURRENT_NAME_STATE_LINK; HISTORICAL_LIMITATION,"Exact LGD name, observed state context, and Census boundary candidate agree; code equivalence is not assumed. Existing comparison note: Exact LGD district name; observed IFI state context is retained separately because the IFI field can be multi-value and historical equivalence is unresolved. Observed IFI state context includes LGD state name. LGD/Census candidate by name; codes are not assumed equivalent."
Etah,Arunachal Pradesh; Assam; Bihar; East Rajasthan; Gujarat; Haryana; Himachal Pradesh; Jammu and Kashmir; Kerala; Madhya Pradesh; Maharashtra; Odisha; Punjab; Rajasthan; Uttar Pradesh; Uttar pradesh; Uttarakhand; West Bengal,9.0,Uttar Pradesh,138.0,Etah,17.0,201.0,Etah,Uttar Pradesh,201.0,VERIFIED_NAME_STATE,NAME_STATE_CANDIDATE_WITH_HISTORICAL_LIMITATION,HISTORICAL_REVIEW_REQUIRED,exact_name_state_boundary_candidate,HIGH_FOR_CURRENT_NAME_STATE_LINK; HISTORICAL_LIMITATION,"Exact LGD name, observed state context, and Census boundary candidate agree; code equivalence is not assumed. Existing comparison note: Exact LGD district name; observed IFI state context is retained separately because the IFI field can be multi-value and historical equivalence is unresolved. Observed IFI state context includes LGD state name. LGD/Census candidate by name; codes are not assumed equivalent."
Etawah,Arunachal Pradesh; Assam; Bihar; East Rajasthan; Gujarat; Haryana; Himachal Pradesh; Jammu and Kashmir; Kerala; Madhya Pradesh; Maharashtra; Odisha; Punjab; Rajasthan; Uttar Pradesh; Uttar pradesh; Uttarakhand; West Bengal,9.0,Uttar Pradesh,139.0,Etawah,31.0,161.0,Etawah,Uttar Pradesh,161.0,VERIFIED_NAME_STATE,NAME_STATE_CANDIDATE_WITH_HISTORICAL_LIMITATION,HISTORICAL_REVIEW_REQUIRED,exact_name_state_boundary_candidate,HIGH_FOR_CURRENT_NAME_STATE_LINK; HISTORICAL_LIMITATION,"Exact LGD name, observed state context, and Census boundary candidate agree; code equivalence is not assumed. Existing comparison note: Exact LGD district name; observed IFI state context is retained separately because the IFI field can be multi-value and historical equivalence is unresolved. Observed IFI state context includes LGD state name. LGD/Census candidate by name; codes are not assumed equivalent."
Faridabad,Bihar; Haryana; Kerala; Madhya Pradesh; Odisha; Punjab; Rajasthan; Uttar Pradesh; West Bengal,6.0,Haryana,60.0,Faridabad,19.0,88.0,Faridabad,Haryana,88.0,VERIFIED_NAME_STATE,NAME_STATE_CANDIDATE_WITH_HISTORICAL_LIMITATION,HISTORICAL_REVIEW_REQUIRED,exact_name_state_boundary_candidate,HIGH_FOR_CURRENT_NAME_STATE_LINK; HISTORICAL_LIMITATION,"Exact LGD name, observed state context, and Census boundary candidate agree; code equivalence is not assumed. Existing comparison note: Exact LGD district name; observed IFI state context is retained separately because the IFI field can be multi-value and historical equivalence is unresolved. Observed IFI state context includes LGD state name. LGD/Census candidate by name; codes are not assumed equivalent."
Faridkot,Arunachal Pradesh; Assam; Delhi; Haryana; Jammu and Kashmir; Madhya Pradesh; Punjab; Rajasthan; Uttar Pradesh; West Bengal,3.0,Punjab,29.0,Faridkot,13.0,45.0,Faridkot,Punjab,45.0,VERIFIED_NAME_STATE,NAME_STATE_CANDIDATE_WITH_HISTORICAL_LIMITATION,HISTORICAL_REVIEW_REQUIRED,exact_name_state_boundary_candidate,HIGH_FOR_CURRENT_NAME_STATE_LINK; HISTORICAL_LIMITATION,"Exact LGD name, observed state context, and Census boundary candidate agree; code equivalence is not assumed. Existing comparison note: Exact LGD district name; observed IFI state context is retained separately because the IFI field can be multi-value and historical equivalence is unresolved. Observed IFI state context includes LGD state name. LGD/Census candidate by name; codes are not assumed equivalent."
Farrukhabad,Arunachal Pradesh; Assam; Bihar; East Rajasthan; Gujarat; Haryana; Himachal Pradesh; Jammu and Kashmir; Kerala; Madhya Pradesh; Maharashtra; Odisha; Punjab; Rajasthan; Uttar Pradesh; Uttar pradesh; Uttarakhand; West Bengal,9.0,Uttar Pradesh,141.0,Farrukhabad,29.0,159.0,Farrukhabad,Uttar Pradesh,159.0,VERIFIED_NAME_STATE,NAME_STATE_CANDIDATE_WITH_HISTORICAL_LIMITATION,HISTORICAL_REVIEW_REQUIRED,exact_name_state_boundary_candidate,HIGH_FOR_CURRENT_NAME_STATE_LINK; HISTORICAL_LIMITATION,"Exact LGD name, observed state context, and Census boundary candidate agree; code equivalence is not assumed. Existing comparison note: Exact LGD district name; observed IFI state context is retained separately because the IFI field can be multi-value and historical equivalence is unresolved. Observed IFI state context includes LGD state name. LGD/Census candidate by name; codes are not assumed equivalent."
Fatehabad,Bihar; Haryana; Kerala; Madhya Pradesh; Odisha; Punjab; Rajasthan; Uttar Pradesh; West Bengal,6.0,Haryana,61.0,Fatehabad,10.0,78.0,Fatehabad,Haryana,78.0,VERIFIED_NAME_STATE,NAME_STATE_CANDIDATE_WITH_HISTORICAL_LIMITATION,HISTORICAL_REVIEW_REQUIRED,exact_name_state_boundary_candidate,HIGH_FOR_CURRENT_NAME_STATE_LINK; HISTORICAL_LIMITATION,"Exact LGD name, observed state context, and Census boundary candidate agree; code equivalence is not assumed. Existing comparison note: Exact LGD district name; observed IFI state context is retained separately because the IFI field can be multi-value and historical equivalence is unresolved. Observed IFI state context includes LGD state name. LGD/Census candidate by name; codes are not assumed equivalent."
Fatehgarh Sahib,Arunachal Pradesh; Assam; Delhi; Haryana; Jammu and Kashmir; Madhya Pradesh; Punjab; Rajasthan; Uttar Pradesh; West Bengal,3.0,Punjab,30.0,Fatehgarh Sahib,8.0,40.0,Fatehgarh Sahib,Punjab,40.0,VERIFIED_NAME_STATE,NAME_STATE_CANDIDATE_WITH_HISTORICAL_LIMITATION,HISTORICAL_REVIEW_REQUIRED,exact_name_state_boundary_candidate,HIGH_FOR_CURRENT_NAME_STATE_LINK; HISTORICAL_LIMITATION,"Exact LGD name, observed state context, and Census boundary candidate agree; code equivalence is not assumed. Existing comparison note: Exact LGD district name; observed IFI state context is retained separately because the IFI field can be multi-value and historical equivalence is unresolved. Observed IFI state context includes LGD state name. LGD/Census candidate by name; codes are not assumed equivalent."
Fatehpur,Arunachal Pradesh; Assam; Bihar; East Rajasthan; Gujarat; Haryana; Himachal Pradesh; Jammu and Kashmir; Kerala; Madhya Pradesh; Maharashtra; Odisha; Punjab; Rajasthan; Uttar Pradesh; Uttar pradesh; Uttarakhand; West Bengal,9.0,Uttar Pradesh,142.0,Fatehpur,42.0,172.0,Fatehpur,Uttar Pradesh,172.0,VERIFIED_NAME_STATE,NAME_STATE_CANDIDATE_WITH_HISTORICAL_LIMITATION,HISTORICAL_REVIEW_REQUIRED,exact_name_state_boundary_candidate,HIGH_FOR_CURRENT_NAME_STATE_LINK; HISTORICAL_LIMITATION,"Exact LGD name, observed state context, and Census boundary candidate agree; code equivalence is not assumed. Existing comparison note: Exact LGD district name; observed IFI state context is retained separately because the IFI field can be multi-value and historical equivalence is unresolved. Observed IFI state context includes LGD state name. LGD/Census candidate by name; codes are not assumed equivalent."
Fazilka,Arunachal Pradesh; Assam; Delhi; Haryana; Jammu and Kashmir; Madhya Pradesh; Punjab; Rajasthan; Uttar Pradesh; West Bengal,3.0,Punjab,651.0,Fazilka,0.0,0.0,,,,HISTORICAL_REVIEW,REQUIRES_MANUAL_VERIFICATION,HISTORICAL_REVIEW_REQUIRED,exact_name_without_complete_state_boundary_confirmation,LOW_REQUIRES_HISTORICAL_REVIEW,Identity is plausible by exact LGD name but state or Census-boundary evidence is incomplete or contradictory. Existing comparison note: Exact LGD district name; observed IFI state context is retained separately because the IFI field can be multi-value and historical equivalence is unresolved. Observed IFI state context includes LGD state name. LGD district has no exact Census boundary pair.
Ferozepur,Arunachal Pradesh; Assam; Delhi; Haryana; Jammu and Kashmir; Madhya Pradesh; Punjab; Rajasthan; Uttar Pradesh; West Bengal,3.0,Punjab,31.0,Ferozepur,11.0,43.0,,,,HISTORICAL_REVIEW,REQUIRES_MANUAL_VERIFICATION,HISTORICAL_REVIEW_REQUIRED,exact_name_without_complete_state_boundary_confirmation,LOW_REQUIRES_HISTORICAL_REVIEW,Identity is plausible by exact LGD name but state or Census-boundary evidence is incomplete or contradictory. Existing comparison note: Exact LGD district name; observed IFI state context is retained separately because the IFI field can be multi-value and historical equivalence is unresolved. Observed IFI state context includes LGD state name. LGD district has no exact Census boundary pair.
Few districts,Maharashtra,,,,,,,,,,UNMATCHED,UNMATCHED,HISTORICAL_REVIEW_REQUIRED,none,NONE,No defensible LGD/Census candidate in the reviewed comparison. Existing comparison note: No exact or normalized LGD district/state candidate.
Firozabad,Arunachal Pradesh; Assam; Bihar; East Rajasthan; Gujarat; Haryana; Himachal Pradesh; Jammu and Kashmir; Kerala; Madhya Pradesh; Maharashtra; Odisha; Punjab; Rajasthan; Uttar Pradesh; Uttar pradesh; Uttarakhand; West Bengal,9.0,Uttar Pradesh,143.0,Firozabad,16.0,147.0,Firozabad,Uttar Pradesh,147.0,VERIFIED_NAME_STATE,NAME_STATE_CANDIDATE_WITH_HISTORICAL_LIMITATION,HISTORICAL_REVIEW_REQUIRED,exact_name_state_boundary_candidate,HIGH_FOR_CURRENT_NAME_STATE_LINK; HISTORICAL_LIMITATION,"Exact LGD name, observed state context, and Census boundary candidate agree; code equivalence is not assumed. Existing comparison note: Exact LGD district name; observed IFI state context is retained separately because the IFI field can be multi-value and historical equivalence is unresolved. Observed IFI state context includes LGD state name. LGD/Census candidate by name; codes are not assumed equivalent."
Gadag,Karnataka; Kerala,29.0,Karnataka,537.0,Gadag,8.0,561.0,Gadag,Karnataka,561.0,VERIFIED_NAME_STATE,NAME_STATE_CANDIDATE_WITH_HISTORICAL_LIMITATION,HISTORICAL_REVIEW_REQUIRED,exact_name_state_boundary_candidate,HIGH_FOR_CURRENT_NAME_STATE_LINK; HISTORICAL_LIMITATION,"Exact LGD name, observed state context, and Census boundary candidate agree; code equivalence is not assumed. Existing comparison note: Exact LGD district name; observed IFI state context is retained separately because the IFI field can be multi-value and historical equivalence is unresolved. Observed IFI state context includes LGD state name. LGD/Census candidate by name; codes are not assumed equivalent."
Gadchiroli,Bihar; Gujarat; Madhya Pradesh; Maharashtra; Rajasthan; Telangana; Uttar Pradesh,27.0,Maharashtra,475.0,Gadchiroli,12.0,508.0,,,,HISTORICAL_REVIEW,REQUIRES_MANUAL_VERIFICATION,HISTORICAL_REVIEW_REQUIRED,exact_name_without_complete_state_boundary_confirmation,LOW_REQUIRES_HISTORICAL_REVIEW,Identity is plausible by exact LGD name but state or Census-boundary evidence is incomplete or contradictory. Existing comparison note: Exact LGD district name; observed IFI state context is retained separately because the IFI field can be multi-value and historical equivalence is unresolved. Observed IFI state context includes LGD state name. LGD district has no exact Census boundary pair.
Gadchiroli Yavotmal,Maharashtra,,,,,,,,,,UNMATCHED,UNMATCHED,HISTORICAL_REVIEW_REQUIRED,none,NONE,No defensible LGD/Census candidate in the reviewed comparison. Existing comparison note: No exact or normalized LGD district/state candidate.
Gajapati,Andhra Pradesh; Assam; Bihar; Haryana; Madhya Pradesh; Odisha; Rajasthan; Uttar Pradesh; West Bengal,21.0,Odisha,353.0,Gajapati,20.0,389.0,Gajapati,Odisha,389.0,VERIFIED_NAME_STATE,NAME_STATE_CANDIDATE_WITH_HISTORICAL_LIMITATION,HISTORICAL_REVIEW_REQUIRED,exact_name_state_boundary_candidate,HIGH_FOR_CURRENT_NAME_STATE_LINK; HISTORICAL_LIMITATION,"Exact LGD name, observed state context, and Census boundary candidate agree; code equivalence is not assumed. Existing comparison note: Exact LGD district name; observed IFI state context is retained separately because the IFI field can be multi-value and historical equivalence is unresolved. Observed IFI state context includes LGD state name. LGD/Census candidate by name; codes are not assumed equivalent."
Ganderbal,Arunachal Pradesh; Assam; Delhi; Jammu & Kashmir; Jammu and Kashmir; Punjab; Uttar Pradesh,1.0,Jammu And Kashmir,626.0,Ganderbal,0.0,11.0,Ganderbal,Jammu & Kashmir,11.0,HISTORICAL_REVIEW,REQUIRES_MANUAL_VERIFICATION,HISTORICAL_REVIEW_REQUIRED,exact_name_without_complete_state_boundary_confirmation,LOW_REQUIRES_HISTORICAL_REVIEW,Identity is plausible by exact LGD name but state or Census-boundary evidence is incomplete or contradictory. Existing comparison note: Exact LGD district name; observed IFI state context is retained separately because the IFI field can be multi-value and historical equivalence is unresolved. Observed IFI state context does not uniquely confirm LGD state name; manual review required. LGD/Census candidate by name; codes are not assumed equivalent.
Gandhinagar,Bihar; Gujarat; Madhya Pradesh; Maharashtra; Rajasthan; Uttar Pradesh,24.0,Gujarat,446.0,Gandhinagar,6.0,473.0,Gandhinagar,Gujarat,473.0,VERIFIED_NAME_STATE,NAME_STATE_CANDIDATE_WITH_HISTORICAL_LIMITATION,HISTORICAL_REVIEW_REQUIRED,exact_name_state_boundary_candidate,HIGH_FOR_CURRENT_NAME_STATE_LINK; HISTORICAL_LIMITATION,"Exact LGD name, observed state context, and Census boundary candidate agree; code equivalence is not assumed. Existing comparison note: Exact LGD district name; observed IFI state context is retained separately because the IFI field can be multi-value and historical equivalence is unresolved. Observed IFI state context includes LGD state name. LGD/Census candidate by name; codes are not assumed equivalent."
Ganganagar,Bihar; Gujarat; Haryana; Kerala; Madhya Pradesh; Maharashtra; Odisha; Punjab; Rajasthan; Uttar Pradesh,8.0,Rajasthan,100.0,Ganganagar,1.0,99.0,Ganganagar,Rajasthan,99.0,VERIFIED_NAME_STATE,NAME_STATE_CANDIDATE_WITH_HISTORICAL_LIMITATION,HISTORICAL_REVIEW_REQUIRED,exact_name_state_boundary_candidate,HIGH_FOR_CURRENT_NAME_STATE_LINK; HISTORICAL_LIMITATION,"Exact LGD name, observed state context, and Census boundary candidate agree; code equivalence is not assumed. Existing comparison note: Exact LGD district name; observed IFI state context is retained separately because the IFI field can be multi-value and historical equivalence is unresolved. Observed IFI state context includes LGD state name. LGD/Census candidate by name; codes are not assumed equivalent."
Gangtok,Sikkim,11.0,Sikkim,225.0,Gangtok,4.0,244.0,,,,HISTORICAL_REVIEW,REQUIRES_MANUAL_VERIFICATION,HISTORICAL_REVIEW_REQUIRED,exact_name_without_complete_state_boundary_confirmation,LOW_REQUIRES_HISTORICAL_REVIEW,Identity is plausible by exact LGD name but state or Census-boundary evidence is incomplete or contradictory. Existing comparison note: Exact LGD district name; observed IFI state context is retained separately because the IFI field can be multi-value and historical equivalence is unresolved. Observed IFI state context includes LGD state name. LGD district has no exact Census boundary pair.
Ganjam,Andhra Pradesh; Assam; Bihar; Haryana; Madhya Pradesh; Odisha; Rajasthan; Uttar Pradesh; West Bengal,21.0,Odisha,354.0,Ganjam,19.0,388.0,Ganjam,Odisha,388.0,VERIFIED_NAME_STATE,NAME_STATE_CANDIDATE_WITH_HISTORICAL_LIMITATION,HISTORICAL_REVIEW_REQUIRED,exact_name_state_boundary_candidate,HIGH_FOR_CURRENT_NAME_STATE_LINK; HISTORICAL_LIMITATION,"Exact LGD name, observed state context, and Census boundary candidate agree; code equivalence is not assumed. Existing comparison note: Exact LGD district name; observed IFI state context is retained separately because the IFI field can be multi-value and historical equivalence is unresolved. Observed IFI state context includes LGD state name. LGD/Census candidate by name; codes are not assumed equivalent."
Garhwa,Jharkhand,20.0,Jharkhand,328.0,Garhwa,1.0,346.0,Garhwa,Jharkhand,346.0,VERIFIED_NAME_STATE,NAME_STATE_CANDIDATE_WITH_HISTORICAL_LIMITATION,HISTORICAL_REVIEW_REQUIRED,exact_name_state_boundary_candidate,HIGH_FOR_CURRENT_NAME_STATE_LINK; HISTORICAL_LIMITATION,"Exact LGD name, observed state context, and Census boundary candidate agree; code equivalence is not assumed. Existing comparison note: Exact LGD district name; observed IFI state context is retained separately because the IFI field can be multi-value and historical equivalence is unresolved. Observed IFI state context includes LGD state name. LGD/Census candidate by name; codes are not assumed equivalent."
Garhwal,Uttar Pradesh; Uttarakhand,,,,,,,,,,UNMATCHED,UNMATCHED,HISTORICAL_REVIEW_REQUIRED,none,NONE,No defensible LGD/Census candidate in the reviewed comparison. Existing comparison note: No exact or normalized LGD district/state candidate.
Gautam Buddha Nagar,Arunachal Pradesh; Assam; Bihar; East Rajasthan; Gujarat; Haryana; Himachal Pradesh; Jammu and Kashmir; Kerala; Madhya Pradesh; Maharashtra; Odisha; Punjab; Rajasthan; Uttar Pradesh; Uttar pradesh; Uttarakhand; West Bengal,9.0,Uttar Pradesh,144.0,Gautam Buddha Nagar,10.0,141.0,Gautam Buddha Nagar,Uttar Pradesh,141.0,VERIFIED_NAME_STATE,NAME_STATE_CANDIDATE_WITH_HISTORICAL_LIMITATION,HISTORICAL_REVIEW_REQUIRED,exact_name_state_boundary_candidate,HIGH_FOR_CURRENT_NAME_STATE_LINK; HISTORICAL_LIMITATION,"Exact LGD name, observed state context, and Census boundary candidate agree; code equivalence is not assumed. Existing comparison note: Exact LGD district name; observed IFI state context is retained separately because the IFI field can be multi-value and historical equivalence is unresolved. Observed IFI state context includes LGD state name. LGD/Census candidate by name; codes are not assumed equivalent."
Gaya,Andhra Pradesh; Assam; Bihar; Gujarat; Haryana; Himachal Pradesh; Kerala; Madhya Pradesh; Maharashtra; Odisha; Rajasthan; Uttar Pradesh; Uttar pradesh; West Bengal,10.0,Bihar,196.0,Gaya,35.0,236.0,Gaya,Bihar,236.0,VERIFIED_NAME_STATE,NAME_STATE_CANDIDATE_WITH_HISTORICAL_LIMITATION,HISTORICAL_REVIEW_REQUIRED,exact_name_state_boundary_candidate,HIGH_FOR_CURRENT_NAME_STATE_LINK; HISTORICAL_LIMITATION,"Exact LGD name, observed state context, and Census boundary candidate agree; code equivalence is not assumed. Existing comparison note: Exact LGD district name; observed IFI state context is retained separately because the IFI field can be multi-value and historical equivalence is unresolved. Observed IFI state context includes LGD state name. LGD/Census candidate by name; codes are not assumed equivalent."
Ghat area,Maharashtra,,,,,,,,,,UNMATCHED,UNMATCHED,HISTORICAL_REVIEW_REQUIRED,none,NONE,No defensible LGD/Census candidate in the reviewed comparison. Existing comparison note: No exact or normalized LGD district/state candidate.
Ghaziabad,Arunachal Pradesh; Assam; Bihar; East Rajasthan; Gujarat; Haryana; Himachal Pradesh; Jammu and Kashmir; Kerala; Madhya Pradesh; Maharashtra; Odisha; Punjab; Rajasthan; Uttar Pradesh; Uttar pradesh; Uttarakhand; West Bengal,9.0,Uttar Pradesh,145.0,Ghaziabad,9.0,140.0,Ghaziabad,Uttar Pradesh,140.0,VERIFIED_NAME_STATE,NAME_STATE_CANDIDATE_WITH_HISTORICAL_LIMITATION,HISTORICAL_REVIEW_REQUIRED,exact_name_state_boundary_candidate,HIGH_FOR_CURRENT_NAME_STATE_LINK; HISTORICAL_LIMITATION,"Exact LGD name, observed state context, and Census boundary candidate agree; code equivalence is not assumed. Existing comparison note: Exact LGD district name; observed IFI state context is retained separately because the IFI field can be multi-value and historical equivalence is unresolved. Observed IFI state context includes LGD state name. LGD/Census candidate by name; codes are not assumed equivalent."
Ghazipur,Bihar; Uttar Pradesh,9.0,Uttar Pradesh,146.0,Ghazipur,65.0,195.0,Ghazipur,Uttar Pradesh,195.0,VERIFIED_NAME_STATE,NAME_STATE_CANDIDATE_WITH_HISTORICAL_LIMITATION,HISTORICAL_REVIEW_REQUIRED,exact_name_state_boundary_candidate,HIGH_FOR_CURRENT_NAME_STATE_LINK; HISTORICAL_LIMITATION,"Exact LGD name, observed state context, and Census boundary candidate agree; code equivalence is not assumed. Existing comparison note: Exact LGD district name; observed IFI state context is retained separately because the IFI field can be multi-value and historical equivalence is unresolved. Observed IFI state context includes LGD state name. LGD/Census candidate by name; codes are not assumed equivalent."
Ghazipurr,Arunachal Pradesh; Assam; Bihar; East Rajasthan; Gujarat; Haryana; Himachal Pradesh; Jammu and Kashmir; Kerala; Madhya Pradesh; Maharashtra; Odisha; Punjab; Rajasthan; Uttar Pradesh; Uttar pradesh; Uttarakhand; West Bengal,,,,,,,,,,UNMATCHED,UNMATCHED,HISTORICAL_REVIEW_REQUIRED,none,NONE,No defensible LGD/Census candidate in the reviewed comparison. Existing comparison note: No exact or normalized LGD district/state candidate.
Gir Somnath,Bihar; Gujarat; Madhya Pradesh; Maharashtra; Rajasthan; Uttar Pradesh,24.0,Gujarat,675.0,Gir Somnath,0.0,0.0,,,,HISTORICAL_REVIEW,REQUIRES_MANUAL_VERIFICATION,HISTORICAL_REVIEW_REQUIRED,exact_name_without_complete_state_boundary_confirmation,LOW_REQUIRES_HISTORICAL_REVIEW,Identity is plausible by exact LGD name but state or Census-boundary evidence is incomplete or contradictory. Existing comparison note: Exact LGD district name; observed IFI state context is retained separately because the IFI field can be multi-value and historical equivalence is unresolved. Observed IFI state context includes LGD state name. LGD district has no exact Census boundary pair.
Giridih,Jharkhand,20.0,Jharkhand,329.0,Giridih,6.0,349.0,Giridih,Jharkhand,349.0,VERIFIED_NAME_STATE,NAME_STATE_CANDIDATE_WITH_HISTORICAL_LIMITATION,HISTORICAL_REVIEW_REQUIRED,exact_name_state_boundary_candidate,HIGH_FOR_CURRENT_NAME_STATE_LINK; HISTORICAL_LIMITATION,"Exact LGD name, observed state context, and Census boundary candidate agree; code equivalence is not assumed. Existing comparison note: Exact LGD district name; observed IFI state context is retained separately because the IFI field can be multi-value and historical equivalence is unresolved. Observed IFI state context includes LGD state name. LGD/Census candidate by name; codes are not assumed equivalent."
Goa,Daman and Diu,,,,,,,,,,UNMATCHED,UNMATCHED,HISTORICAL_REVIEW_REQUIRED,none,NONE,No defensible LGD/Census candidate in the reviewed comparison. Existing comparison note: No exact or normalized LGD district/state candidate.
Goalpara,Arunachal Pradesh; Assam; Bihar; Jammu and Kashmir; Kerala; Manipur; Odisha; Punjab; Uttar Pradesh; West Bengal,18.0,Assam,287.0,Goalpara,3.0,302.0,Goalpara,Assam,302.0,VERIFIED_NAME_STATE,NAME_STATE_CANDIDATE_WITH_HISTORICAL_LIMITATION,HISTORICAL_REVIEW_REQUIRED,exact_name_state_boundary_candidate,HIGH_FOR_CURRENT_NAME_STATE_LINK; HISTORICAL_LIMITATION,"Exact LGD name, observed state context, and Census boundary candidate agree; code equivalence is not assumed. Existing comparison note: Exact LGD district name; observed IFI state context is retained separately because the IFI field can be multi-value and historical equivalence is unresolved. Observed IFI state context includes LGD state name. LGD/Census candidate by name; codes are not assumed equivalent."
Godda,Bihar; Jharkhand,20.0,Jharkhand,330.0,Godda,8.0,351.0,Godda,Jharkhand,351.0,VERIFIED_NAME_STATE,NAME_STATE_CANDIDATE_WITH_HISTORICAL_LIMITATION,HISTORICAL_REVIEW_REQUIRED,exact_name_state_boundary_candidate,HIGH_FOR_CURRENT_NAME_STATE_LINK; HISTORICAL_LIMITATION,"Exact LGD name, observed state context, and Census boundary candidate agree; code equivalence is not assumed. Existing comparison note: Exact LGD district name; observed IFI state context is retained separately because the IFI field can be multi-value and historical equivalence is unresolved. Observed IFI state context includes LGD state name. LGD/Census candidate by name; codes are not assumed equivalent."
Golaghat,Arunachal Pradesh; Assam; Bihar; Jammu and Kashmir; Kerala; Odisha; Punjab; Uttar Pradesh; West Bengal,18.0,Assam,288.0,Golaghat,18.0,313.0,Golaghat,Assam,313.0,VERIFIED_NAME_STATE,NAME_STATE_CANDIDATE_WITH_HISTORICAL_LIMITATION,HISTORICAL_REVIEW_REQUIRED,exact_name_state_boundary_candidate,HIGH_FOR_CURRENT_NAME_STATE_LINK; HISTORICAL_LIMITATION,"Exact LGD name, observed state context, and Census boundary candidate agree; code equivalence is not assumed. Existing comparison note: Exact LGD district name; observed IFI state context is retained separately because the IFI field can be multi-value and historical equivalence is unresolved. Observed IFI state context includes LGD state name. LGD/Census candidate by name; codes are not assumed equivalent."
Gomati,Tripura,16.0,Tripura,654.0,Gomati,0.0,0.0,,,,HISTORICAL_REVIEW,REQUIRES_MANUAL_VERIFICATION,HISTORICAL_REVIEW_REQUIRED,exact_name_without_complete_state_boundary_confirmation,LOW_REQUIRES_HISTORICAL_REVIEW,Identity is plausible by exact LGD name but state or Census-boundary evidence is incomplete or contradictory. Existing comparison note: Exact LGD district name; observed IFI state context is retained separately because the IFI field can be multi-value and historical equivalence is unresolved. Observed IFI state context includes LGD state name. LGD district has no exact Census boundary pair.
Gonda,Arunachal Pradesh; Assam; Bihar; Chhattisgarh; East Rajasthan; Gujarat; Haryana; Himachal Pradesh; Jammu and Kashmir; Kerala; Madhya Pradesh; Maharashtra; Odisha; Punjab; Rajasthan; Uttar Pradesh; Uttar pradesh; Uttarakhand; West Bengal,9.0,Uttar Pradesh,147.0,Gonda,53.0,183.0,Gonda,Uttar Pradesh,183.0,VERIFIED_NAME_STATE,NAME_STATE_CANDIDATE_WITH_HISTORICAL_LIMITATION,HISTORICAL_REVIEW_REQUIRED,exact_name_state_boundary_candidate,HIGH_FOR_CURRENT_NAME_STATE_LINK; HISTORICAL_LIMITATION,"Exact LGD name, observed state context, and Census boundary candidate agree; code equivalence is not assumed. Existing comparison note: Exact LGD district name; observed IFI state context is retained separately because the IFI field can be multi-value and historical equivalence is unresolved. Observed IFI state context includes LGD state name. LGD/Census candidate by name; codes are not assumed equivalent."
Gondia,Bihar; Gujarat; Madhya Pradesh; Maharashtra; Rajasthan; Telangana; Uttar Pradesh,27.0,Maharashtra,476.0,Gondia,11.0,507.0,,,,HISTORICAL_REVIEW,REQUIRES_MANUAL_VERIFICATION,HISTORICAL_REVIEW_REQUIRED,exact_name_without_complete_state_boundary_confirmation,LOW_REQUIRES_HISTORICAL_REVIEW,Identity is plausible by exact LGD name but state or Census-boundary evidence is incomplete or contradictory. Existing comparison note: Exact LGD district name; observed IFI state context is retained separately because the IFI field can be multi-value and historical equivalence is unresolved. Observed IFI state context includes LGD state name. LGD district has no exact Census boundary pair.
Gopalganj,Andhra Pradesh; Assam; Bihar; Gujarat; Haryana; Himachal Pradesh; Jharkhand; Kerala; Madhya Pradesh; Maharashtra; Odisha; Rajasthan; Uttar Pradesh; Uttar pradesh; West Bengal,10.0,Bihar,197.0,Gopalganj,15.0,217.0,Gopalganj,Bihar,217.0,VERIFIED_NAME_STATE,NAME_STATE_CANDIDATE_WITH_HISTORICAL_LIMITATION,HISTORICAL_REVIEW_REQUIRED,exact_name_state_boundary_candidate,HIGH_FOR_CURRENT_NAME_STATE_LINK; HISTORICAL_LIMITATION,"Exact LGD name, observed state context, and Census boundary candidate agree; code equivalence is not assumed. Existing comparison note: Exact LGD district name; observed IFI state context is retained separately because the IFI field can be multi-value and historical equivalence is unresolved. Observed IFI state context includes LGD state name. LGD/Census candidate by name; codes are not assumed equivalent."
Gorakhpur,Arunachal Pradesh; Assam; Bihar; East Rajasthan; Gujarat; Haryana; Himachal Pradesh; Jammu and Kashmir; Kerala; Madhya Pradesh; Maharashtra; Odisha; Punjab; Rajasthan; Uttar Pradesh; Uttar pradesh; Uttarakhand; West Bengal,9.0,Uttar Pradesh,148.0,Gorakhpur,58.0,188.0,Gorakhpur,Uttar Pradesh,188.0,VERIFIED_NAME_STATE,NAME_STATE_CANDIDATE_WITH_HISTORICAL_LIMITATION,HISTORICAL_REVIEW_REQUIRED,exact_name_state_boundary_candidate,HIGH_FOR_CURRENT_NAME_STATE_LINK; HISTORICAL_LIMITATION,"Exact LGD name, observed state context, and Census boundary candidate agree; code equivalence is not assumed. Existing comparison note: Exact LGD district name; observed IFI state context is retained separately because the IFI field can be multi-value and historical equivalence is unresolved. Observed IFI state context includes LGD state name. LGD/Census candidate by name; codes are not assumed equivalent."
Greater Kolkata area,West Bengal,,,,,,,,,,UNMATCHED,UNMATCHED,HISTORICAL_REVIEW_REQUIRED,none,NONE,No defensible LGD/Census candidate in the reviewed comparison. Existing comparison note: No exact or normalized LGD district/state candidate.
Gumla,Jharkhand,20.0,Jharkhand,331.0,Gumla,16.0,366.0,Gumla,Jharkhand,366.0,VERIFIED_NAME_STATE,NAME_STATE_CANDIDATE_WITH_HISTORICAL_LIMITATION,HISTORICAL_REVIEW_REQUIRED,exact_name_state_boundary_candidate,HIGH_FOR_CURRENT_NAME_STATE_LINK; HISTORICAL_LIMITATION,"Exact LGD name, observed state context, and Census boundary candidate agree; code equivalence is not assumed. Existing comparison note: Exact LGD district name; observed IFI state context is retained separately because the IFI field can be multi-value and historical equivalence is unresolved. Observed IFI state context includes LGD state name. LGD/Census candidate by name; codes are not assumed equivalent."
Guna,Andhra Pradesh; Bihar; Chhattisgarh; Gujarat; Haryana; Madhya Pradesh; Maharashtra; Odisha; Punjab; Rajasthan; Uttar Pradesh; West Bengal,23.0,Madhya Pradesh,406.0,Guna,7.0,458.0,Guna,Madhya Pradesh,458.0,VERIFIED_NAME_STATE,NAME_STATE_CANDIDATE_WITH_HISTORICAL_LIMITATION,HISTORICAL_REVIEW_REQUIRED,exact_name_state_boundary_candidate,HIGH_FOR_CURRENT_NAME_STATE_LINK; HISTORICAL_LIMITATION,"Exact LGD name, observed state context, and Census boundary candidate agree; code equivalence is not assumed. Existing comparison note: Exact LGD district name; observed IFI state context is retained separately because the IFI field can be multi-value and historical equivalence is unresolved. Observed IFI state context includes LGD state name. LGD/Census candidate by name; codes are not assumed equivalent."
Guntur,Andhra Pradesh; Madhya Pradesh; Telangana,28.0,Andhra Pradesh,506.0,Guntur,17.0,548.0,Guntur,Andhra Pradesh,548.0,VERIFIED_NAME_STATE,NAME_STATE_CANDIDATE_WITH_HISTORICAL_LIMITATION,HISTORICAL_REVIEW_REQUIRED,exact_name_state_boundary_candidate,HIGH_FOR_CURRENT_NAME_STATE_LINK; HISTORICAL_LIMITATION,"Exact LGD name, observed state context, and Census boundary candidate agree; code equivalence is not assumed. Existing comparison note: Exact LGD district name; observed IFI state context is retained separately because the IFI field can be multi-value and historical equivalence is unresolved. Observed IFI state context includes LGD state name. LGD/Census candidate by name; codes are not assumed equivalent."
Gurdaspur,Arunachal Pradesh; Assam; Delhi; Haryana; Jammu and Kashmir; Madhya Pradesh; Punjab; Rajasthan; Uttar Pradesh; West Bengal,3.0,Punjab,32.0,Gurdaspur,1.0,35.0,Gurdaspur,Punjab,35.0,VERIFIED_NAME_STATE,NAME_STATE_CANDIDATE_WITH_HISTORICAL_LIMITATION,HISTORICAL_REVIEW_REQUIRED,exact_name_state_boundary_candidate,HIGH_FOR_CURRENT_NAME_STATE_LINK; HISTORICAL_LIMITATION,"Exact LGD name, observed state context, and Census boundary candidate agree; code equivalence is not assumed. Existing comparison note: Exact LGD district name; observed IFI state context is retained separately because the IFI field can be multi-value and historical equivalence is unresolved. Observed IFI state context includes LGD state name. LGD/Census candidate by name; codes are not assumed equivalent."
Gurugram,Bihar; Haryana; Kerala; Madhya Pradesh; Odisha; Punjab; Rajasthan; Uttar Pradesh; West Bengal,6.0,Haryana,62.0,Gurugram,18.0,86.0,,,,HISTORICAL_REVIEW,REQUIRES_MANUAL_VERIFICATION,HISTORICAL_REVIEW_REQUIRED,exact_name_without_complete_state_boundary_confirmation,LOW_REQUIRES_HISTORICAL_REVIEW,Identity is plausible by exact LGD name but state or Census-boundary evidence is incomplete or contradictory. Existing comparison note: Exact LGD district name; observed IFI state context is retained separately because the IFI field can be multi-value and historical equivalence is unresolved. Observed IFI state context includes LGD state name. LGD district has no exact Census boundary pair.
Gwalior,Andhra Pradesh; Bihar; Gujarat; Haryana; Madhya Pradesh; Maharashtra; Odisha; Punjab; Rajasthan; Uttar Pradesh; West Bengal,23.0,Madhya Pradesh,407.0,Gwalior,4.0,421.0,Gwalior,Madhya Pradesh,421.0,VERIFIED_NAME_STATE,NAME_STATE_CANDIDATE_WITH_HISTORICAL_LIMITATION,HISTORICAL_REVIEW_REQUIRED,exact_name_state_boundary_candidate,HIGH_FOR_CURRENT_NAME_STATE_LINK; HISTORICAL_LIMITATION,"Exact LGD name, observed state context, and Census boundary candidate agree; code equivalence is not assumed. Existing comparison note: Exact LGD district name; observed IFI state context is retained separately because the IFI field can be multi-value and historical equivalence is unresolved. Observed IFI state context includes LGD state name. LGD/Census candidate by name; codes are not assumed equivalent."
Gyalshing,Sikkim,11.0,Sikkim,228.0,Gyalshing,2.0,242.0,,,,HISTORICAL_REVIEW,REQUIRES_MANUAL_VERIFICATION,HISTORICAL_REVIEW_REQUIRED,exact_name_without_complete_state_boundary_confirmation,LOW_REQUIRES_HISTORICAL_REVIEW,Identity is plausible by exact LGD name but state or Census-boundary evidence is incomplete or contradictory. Existing comparison note: Exact LGD district name; observed IFI state context is retained separately because the IFI field can be multi-value and historical equivalence is unresolved. Observed IFI state context includes LGD state name. LGD district has no exact Census boundary pair.
Hailakandi,Arunachal Pradesh; Assam; Bihar; Jammu and Kashmir; Kerala; Odisha; Punjab; Uttar Pradesh; West Bengal,18.0,Assam,289.0,Hailakandi,23.0,318.0,Hailakandi,Assam,318.0,VERIFIED_NAME_STATE,NAME_STATE_CANDIDATE_WITH_HISTORICAL_LIMITATION,HISTORICAL_REVIEW_REQUIRED,exact_name_state_boundary_candidate,HIGH_FOR_CURRENT_NAME_STATE_LINK; HISTORICAL_LIMITATION,"Exact LGD name, observed state context, and Census boundary candidate agree; code equivalence is not assumed. Existing comparison note: Exact LGD district name; observed IFI state context is retained separately because the IFI field can be multi-value and historical equivalence is unresolved. Observed IFI state context includes LGD state name. LGD/Census candidate by name; codes are not assumed equivalent."
Hamirpur,Arunachal Pradesh; Assam; Bihar; East Rajasthan; Gujarat; Haryana; Himachal Pradesh; Jammu and Kashmir; Kerala; Madhya Pradesh; Maharashtra; Odisha; Punjab; Rajasthan; Uttar Pradesh; Uttar pradesh; Uttarakhand; West Bengal,2.0,Himachal Pradesh,17.0,Hamirpur,6.0,28.0,Hamirpur,Himachal Pradesh,28.0,AMBIGUOUS_REVIEW,REQUIRES_MANUAL_VERIFICATION,HISTORICAL_REVIEW_REQUIRED,multiple_lgd_candidates,LOW_REQUIRES_MANUAL_VERIFICATION,The IFI district name has multiple plausible LGD candidates; preserve all candidates. Existing comparison note: Exact LGD district name; observed IFI state context is retained separately because the IFI field can be multi-value and historical equivalence is unresolved. Observed IFI state context includes LGD state name. LGD/Census candidate by name; codes are not assumed equivalent.
Hamirpur,Arunachal Pradesh; Assam; Bihar; East Rajasthan; Gujarat; Haryana; Himachal Pradesh; Jammu and Kashmir; Kerala; Madhya Pradesh; Maharashtra; Odisha; Punjab; Rajasthan; Uttar Pradesh; Uttar pradesh; Uttarakhand; West Bengal,9.0,Uttar Pradesh,149.0,Hamirpur,38.0,168.0,Hamirpur,Uttar Pradesh,168.0,AMBIGUOUS_REVIEW,REQUIRES_MANUAL_VERIFICATION,HISTORICAL_REVIEW_REQUIRED,multiple_lgd_candidates,LOW_REQUIRES_MANUAL_VERIFICATION,The IFI district name has multiple plausible LGD candidates; preserve all candidates. Existing comparison note: Exact LGD district name; observed IFI state context is retained separately because the IFI field can be multi-value and historical equivalence is unresolved. Observed IFI state context includes LGD state name. LGD/Census candidate by name; codes are not assumed equivalent.
Hanumangarh,Bihar; Gujarat; Haryana; Kerala; Madhya Pradesh; Maharashtra; Odisha; Punjab; Rajasthan; Uttar Pradesh,8.0,Rajasthan,101.0,Hanumangarh,2.0,100.0,Hanumangarh,Rajasthan,100.0,VERIFIED_NAME_STATE,NAME_STATE_CANDIDATE_WITH_HISTORICAL_LIMITATION,HISTORICAL_REVIEW_REQUIRED,exact_name_state_boundary_candidate,HIGH_FOR_CURRENT_NAME_STATE_LINK; HISTORICAL_LIMITATION,"Exact LGD name, observed state context, and Census boundary candidate agree; code equivalence is not assumed. Existing comparison note: Exact LGD district name; observed IFI state context is retained separately because the IFI field can be multi-value and historical equivalence is unresolved. Observed IFI state context includes LGD state name. LGD/Census candidate by name; codes are not assumed equivalent."
Hapur,Arunachal Pradesh; Assam; Bihar; East Rajasthan; Gujarat; Haryana; Himachal Pradesh; Jammu and Kashmir; Kerala; Madhya Pradesh; Maharashtra; Odisha; Punjab; Rajasthan; Uttar Pradesh; Uttar pradesh; Uttarakhand; West Bengal,9.0,Uttar Pradesh,661.0,Hapur,0.0,0.0,,,,HISTORICAL_REVIEW,REQUIRES_MANUAL_VERIFICATION,HISTORICAL_REVIEW_REQUIRED,exact_name_without_complete_state_boundary_confirmation,LOW_REQUIRES_HISTORICAL_REVIEW,Identity is plausible by exact LGD name but state or Census-boundary evidence is incomplete or contradictory. Existing comparison note: Exact LGD district name; observed IFI state context is retained separately because the IFI field can be multi-value and historical equivalence is unresolved. Observed IFI state context includes LGD state name. LGD district has no exact Census boundary pair.
Harda,Andhra Pradesh; Bihar; Gujarat; Haryana; Madhya Pradesh; Maharashtra; Odisha; Punjab; Rajasthan; Uttar Pradesh; West Bengal,23.0,Madhya Pradesh,408.0,Harda,36.0,448.0,Harda,Madhya Pradesh,448.0,VERIFIED_NAME_STATE,NAME_STATE_CANDIDATE_WITH_HISTORICAL_LIMITATION,HISTORICAL_REVIEW_REQUIRED,exact_name_state_boundary_candidate,HIGH_FOR_CURRENT_NAME_STATE_LINK; HISTORICAL_LIMITATION,"Exact LGD name, observed state context, and Census boundary candidate agree; code equivalence is not assumed. Existing comparison note: Exact LGD district name; observed IFI state context is retained separately because the IFI field can be multi-value and historical equivalence is unresolved. Observed IFI state context includes LGD state name. LGD/Census candidate by name; codes are not assumed equivalent."
Hardoi,Arunachal Pradesh; Assam; Bihar; East Rajasthan; Gujarat; Haryana; Himachal Pradesh; Jammu and Kashmir; Kerala; Madhya Pradesh; Maharashtra; Odisha; Punjab; Rajasthan; Uttar Pradesh; Uttar pradesh; Uttarakhand; West Bengal,9.0,Uttar Pradesh,150.0,Hardoi,25.0,155.0,Hardoi,Uttar Pradesh,155.0,VERIFIED_NAME_STATE,NAME_STATE_CANDIDATE_WITH_HISTORICAL_LIMITATION,HISTORICAL_REVIEW_REQUIRED,exact_name_state_boundary_candidate,HIGH_FOR_CURRENT_NAME_STATE_LINK; HISTORICAL_LIMITATION,"Exact LGD name, observed state context, and Census boundary candidate agree; code equivalence is not assumed. Existing comparison note: Exact LGD district name; observed IFI state context is retained separately because the IFI field can be multi-value and historical equivalence is unresolved. Observed IFI state context includes LGD state name. LGD/Census candidate by name; codes are not assumed equivalent."
Haridwar,Uttar Pradesh; Uttarakhand,5.0,Uttarakhand,50.0,Haridwar,13.0,68.0,,,,HISTORICAL_REVIEW,REQUIRES_MANUAL_VERIFICATION,HISTORICAL_REVIEW_REQUIRED,exact_name_without_complete_state_boundary_confirmation,LOW_REQUIRES_HISTORICAL_REVIEW,Identity is plausible by exact LGD name but state or Census-boundary evidence is incomplete or contradictory. Existing comparison note: Exact LGD district name; observed IFI state context is retained separately because the IFI field can be multi-value and historical equivalence is unresolved. Observed IFI state context includes LGD state name. LGD district has no exact Census boundary pair.
Hassan,Karnataka; Kerala,29.0,Karnataka,539.0,Hassan,23.0,574.0,Hassan,Karnataka,574.0,VERIFIED_NAME_STATE,NAME_STATE_CANDIDATE_WITH_HISTORICAL_LIMITATION,HISTORICAL_REVIEW_REQUIRED,exact_name_state_boundary_candidate,HIGH_FOR_CURRENT_NAME_STATE_LINK; HISTORICAL_LIMITATION,"Exact LGD name, observed state context, and Census boundary candidate agree; code equivalence is not assumed. Existing comparison note: Exact LGD district name; observed IFI state context is retained separately because the IFI field can be multi-value and historical equivalence is unresolved. Observed IFI state context includes LGD state name. LGD/Census candidate by name; codes are not assumed equivalent."
Hathras,Arunachal Pradesh; Assam; Bihar; East Rajasthan; Gujarat; Haryana; Himachal Pradesh; Jammu and Kashmir; Kerala; Madhya Pradesh; Maharashtra; Odisha; Punjab; Rajasthan; Uttar Pradesh; Uttar pradesh; Uttarakhand; West Bengal,9.0,Uttar Pradesh,163.0,Hathras,13.0,144.0,,,,HISTORICAL_REVIEW,REQUIRES_MANUAL_VERIFICATION,HISTORICAL_REVIEW_REQUIRED,exact_name_without_complete_state_boundary_confirmation,LOW_REQUIRES_HISTORICAL_REVIEW,Identity is plausible by exact LGD name but state or Census-boundary evidence is incomplete or contradictory. Existing comparison note: Exact LGD district name; observed IFI state context is retained separately because the IFI field can be multi-value and historical equivalence is unresolved. Observed IFI state context includes LGD state name. LGD district has no exact Census boundary pair.
Haveri,Karnataka; Kerala,29.0,Karnataka,540.0,Haveri,11.0,564.0,Haveri,Karnataka,564.0,VERIFIED_NAME_STATE,NAME_STATE_CANDIDATE_WITH_HISTORICAL_LIMITATION,HISTORICAL_REVIEW_REQUIRED,exact_name_state_boundary_candidate,HIGH_FOR_CURRENT_NAME_STATE_LINK; HISTORICAL_LIMITATION,"Exact LGD name, observed state context, and Census boundary candidate agree; code equivalence is not assumed. Existing comparison note: Exact LGD district name; observed IFI state context is retained separately because the IFI field can be multi-value and historical equivalence is unresolved. Observed IFI state context includes LGD state name. LGD/Census candidate by name; codes are not assumed equivalent."
Hazaribagh,Jharkhand,20.0,Jharkhand,332.0,Hazaribagh,4.0,360.0,Hazaribagh,Jharkhand,360.0,VERIFIED_NAME_STATE,NAME_STATE_CANDIDATE_WITH_HISTORICAL_LIMITATION,HISTORICAL_REVIEW_REQUIRED,exact_name_state_boundary_candidate,HIGH_FOR_CURRENT_NAME_STATE_LINK; HISTORICAL_LIMITATION,"Exact LGD name, observed state context, and Census boundary candidate agree; code equivalence is not assumed. Existing comparison note: Exact LGD district name; observed IFI state context is retained separately because the IFI field can be multi-value and historical equivalence is unresolved. Observed IFI state context includes LGD state name. LGD/Census candidate by name; codes are not assumed equivalent."
Heavy rains Hazaribagh,Jharkhand,,,,,,,,,,UNMATCHED,UNMATCHED,HISTORICAL_REVIEW_REQUIRED,none,NONE,No defensible LGD/Census candidate in the reviewed comparison. Existing comparison note: No exact or normalized LGD district/state candidate.
Hilly areas,Jammu and Kashmir,,,,,,,,,,UNMATCHED,UNMATCHED,HISTORICAL_REVIEW_REQUIRED,none,NONE,No defensible LGD/Census candidate in the reviewed comparison. Existing comparison note: No exact or normalized LGD district/state candidate.
Hingoli,Bihar; Gujarat; Madhya Pradesh; Maharashtra; Rajasthan; Telangana; Uttar Pradesh,27.0,Maharashtra,477.0,Hingoli,16.0,512.0,Hingoli,Maharashtra,512.0,VERIFIED_NAME_STATE,NAME_STATE_CANDIDATE_WITH_HISTORICAL_LIMITATION,HISTORICAL_REVIEW_REQUIRED,exact_name_state_boundary_candidate,HIGH_FOR_CURRENT_NAME_STATE_LINK; HISTORICAL_LIMITATION,"Exact LGD name, observed state context, and Census boundary candidate agree; code equivalence is not assumed. Existing comparison note: Exact LGD district name; observed IFI state context is retained separately because the IFI field can be multi-value and historical equivalence is unresolved. Observed IFI state context includes LGD state name. LGD/Census candidate by name; codes are not assumed equivalent."
Hisar,Bihar; Haryana; Kerala; Madhya Pradesh; Odisha; Punjab; Rajasthan; Uttar Pradesh; West Bengal,6.0,Haryana,63.0,Hisar,12.0,80.0,Hisar,Haryana,80.0,VERIFIED_NAME_STATE,NAME_STATE_CANDIDATE_WITH_HISTORICAL_LIMITATION,HISTORICAL_REVIEW_REQUIRED,exact_name_state_boundary_candidate,HIGH_FOR_CURRENT_NAME_STATE_LINK; HISTORICAL_LIMITATION,"Exact LGD name, observed state context, and Census boundary candidate agree; code equivalence is not assumed. Existing comparison note: Exact LGD district name; observed IFI state context is retained separately because the IFI field can be multi-value and historical equivalence is unresolved. Observed IFI state context includes LGD state name. LGD/Census candidate by name; codes are not assumed equivalent."
Hojai,Arunachal Pradesh; Assam; Bihar; Jammu and Kashmir; Kerala; Odisha; Punjab; Uttar Pradesh; West Bengal,18.0,Assam,709.0,Hojai,0.0,0.0,,,,HISTORICAL_REVIEW,REQUIRES_MANUAL_VERIFICATION,HISTORICAL_REVIEW_REQUIRED,exact_name_without_complete_state_boundary_confirmation,LOW_REQUIRES_HISTORICAL_REVIEW,Identity is plausible by exact LGD name but state or Census-boundary evidence is incomplete or contradictory. Existing comparison note: Exact LGD district name; observed IFI state context is retained separately because the IFI field can be multi-value and historical equivalence is unresolved. Observed IFI state context includes LGD state name. LGD district has no exact Census boundary pair.
Hooghly,Uttar Pradesh; West Bengal,19.0,West Bengal,312.0,Hooghly,12.0,338.0,,,,HISTORICAL_REVIEW,REQUIRES_MANUAL_VERIFICATION,HISTORICAL_REVIEW_REQUIRED,exact_name_without_complete_state_boundary_confirmation,LOW_REQUIRES_HISTORICAL_REVIEW,Identity is plausible by exact LGD name but state or Census-boundary evidence is incomplete or contradictory. Existing comparison note: Exact LGD district name; observed IFI state context is retained separately because the IFI field can be multi-value and historical equivalence is unresolved. Observed IFI state context includes LGD state name. LGD district has no exact Census boundary pair.
Hoshiarpur,Arunachal Pradesh; Assam; Delhi; Haryana; Jammu and Kashmir; Madhya Pradesh; Punjab; Rajasthan; Uttar Pradesh; West Bengal,3.0,Punjab,33.0,Hoshiarpur,5.0,38.0,Hoshiarpur,Punjab,38.0,VERIFIED_NAME_STATE,NAME_STATE_CANDIDATE_WITH_HISTORICAL_LIMITATION,HISTORICAL_REVIEW_REQUIRED,exact_name_state_boundary_candidate,HIGH_FOR_CURRENT_NAME_STATE_LINK; HISTORICAL_LIMITATION,"Exact LGD name, observed state context, and Census boundary candidate agree; code equivalence is not assumed. Existing comparison note: Exact LGD district name; observed IFI state context is retained separately because the IFI field can be multi-value and historical equivalence is unresolved. Observed IFI state context includes LGD state name. LGD/Census candidate by name; codes are not assumed equivalent."
Howrah,Uttar Pradesh; West Bengal,19.0,West Bengal,313.0,Howrah,16.0,341.0,,,,HISTORICAL_REVIEW,REQUIRES_MANUAL_VERIFICATION,HISTORICAL_REVIEW_REQUIRED,exact_name_without_complete_state_boundary_confirmation,LOW_REQUIRES_HISTORICAL_REVIEW,Identity is plausible by exact LGD name but state or Census-boundary evidence is incomplete or contradictory. Existing comparison note: Exact LGD district name; observed IFI state context is retained separately because the IFI field can be multi-value and historical equivalence is unresolved. Observed IFI state context includes LGD state name. LGD district has no exact Census boundary pair.
Hyderabad,Andhra Pradesh; Karnataka; Maharashtra; Telangana,36.0,Telangana,507.0,Hyderabad,5.0,536.0,Hyderabad,Andhra Pradesh,536.0,VERIFIED_NAME_STATE,NAME_STATE_CANDIDATE_WITH_HISTORICAL_LIMITATION,HISTORICAL_REVIEW_REQUIRED,exact_name_state_boundary_candidate,HIGH_FOR_CURRENT_NAME_STATE_LINK; HISTORICAL_LIMITATION,"Exact LGD name, observed state context, and Census boundary candidate agree; code equivalence is not assumed. Existing comparison note: Exact LGD district name; observed IFI state context is retained separately because the IFI field can be multi-value and historical equivalence is unresolved. Observed IFI state context includes LGD state name. LGD/Census candidate by name; codes are not assumed equivalent."
Hyderabad & Parts of Telangana,Telangana,,,,,,,,,,UNMATCHED,UNMATCHED,HISTORICAL_REVIEW_REQUIRED,none,NONE,No defensible LGD/Census candidate in the reviewed comparison. Existing comparison note: No exact or normalized LGD district/state candidate.
Idukki,Bihar; Haryana; Karnataka; Kerala; Rajasthan; Uttar Pradesh,32.0,Kerala,556.0,Idukki,9.0,596.0,Idukki,Kerala,596.0,VERIFIED_NAME_STATE,NAME_STATE_CANDIDATE_WITH_HISTORICAL_LIMITATION,HISTORICAL_REVIEW_REQUIRED,exact_name_state_boundary_candidate,HIGH_FOR_CURRENT_NAME_STATE_LINK; HISTORICAL_LIMITATION,"Exact LGD name, observed state context, and Census boundary candidate agree; code equivalence is not assumed. Existing comparison note: Exact LGD district name; observed IFI state context is retained separately because the IFI field can be multi-value and historical equivalence is unresolved. Observed IFI state context includes LGD state name. LGD/Census candidate by name; codes are not assumed equivalent."
Imphal East,Manipur,14.0,Manipur,255.0,Imphal East,7.0,278.0,Imphal East,Manipur,278.0,VERIFIED_NAME_STATE,NAME_STATE_CANDIDATE_WITH_HISTORICAL_LIMITATION,HISTORICAL_REVIEW_REQUIRED,exact_name_state_boundary_candidate,HIGH_FOR_CURRENT_NAME_STATE_LINK; HISTORICAL_LIMITATION,"Exact LGD name, observed state context, and Census boundary candidate agree; code equivalence is not assumed. Existing comparison note: Exact LGD district name; observed IFI state context is retained separately because the IFI field can be multi-value and historical equivalence is unresolved. Observed IFI state context includes LGD state name. LGD/Census candidate by name; codes are not assumed equivalent."
Imphal West,Manipur,14.0,Manipur,256.0,Imphal West,6.0,277.0,Imphal West,Manipur,277.0,VERIFIED_NAME_STATE,NAME_STATE_CANDIDATE_WITH_HISTORICAL_LIMITATION,HISTORICAL_REVIEW_REQUIRED,exact_name_state_boundary_candidate,HIGH_FOR_CURRENT_NAME_STATE_LINK; HISTORICAL_LIMITATION,"Exact LGD name, observed state context, and Census boundary candidate agree; code equivalence is not assumed. Existing comparison note: Exact LGD district name; observed IFI state context is retained separately because the IFI field can be multi-value and historical equivalence is unresolved. Observed IFI state context includes LGD state name. LGD/Census candidate by name; codes are not assumed equivalent."
Indore,Andhra Pradesh; Bihar; Chhattisgarh; Gujarat; Haryana; Madhya Pradesh; Maharashtra; Odisha; Punjab; Rajasthan; Uttar Pradesh; West Bengal,23.0,Madhya Pradesh,410.0,Indore,26.0,439.0,Indore,Madhya Pradesh,439.0,VERIFIED_NAME_STATE,NAME_STATE_CANDIDATE_WITH_HISTORICAL_LIMITATION,HISTORICAL_REVIEW_REQUIRED,exact_name_state_boundary_candidate,HIGH_FOR_CURRENT_NAME_STATE_LINK; HISTORICAL_LIMITATION,"Exact LGD name, observed state context, and Census boundary candidate agree; code equivalence is not assumed. Existing comparison note: Exact LGD district name; observed IFI state context is retained separately because the IFI field can be multi-value and historical equivalence is unresolved. Observed IFI state context includes LGD state name. LGD/Census candidate by name; codes are not assumed equivalent."
Itanagar,Arunachal Pradesh,,,,,,,,,,UNMATCHED,UNMATCHED,HISTORICAL_REVIEW_REQUIRED,none,NONE,No defensible LGD/Census candidate in the reviewed comparison. Existing comparison note: No exact or normalized LGD district/state candidate.
Jabalpur,Andhra Pradesh; Bihar; Chhattisgarh; Gujarat; Haryana; Madhya Pradesh; Maharashtra; Odisha; Punjab; Rajasthan; Uttar Pradesh; West Bengal,23.0,Madhya Pradesh,411.0,Jabalpur,39.0,451.0,Jabalpur,Madhya Pradesh,451.0,VERIFIED_NAME_STATE,NAME_STATE_CANDIDATE_WITH_HISTORICAL_LIMITATION,HISTORICAL_REVIEW_REQUIRED,exact_name_state_boundary_candidate,HIGH_FOR_CURRENT_NAME_STATE_LINK; HISTORICAL_LIMITATION,"Exact LGD name, observed state context, and Census boundary candidate agree; code equivalence is not assumed. Existing comparison note: Exact LGD district name; observed IFI state context is retained separately because the IFI field can be multi-value and historical equivalence is unresolved. Observed IFI state context includes LGD state name. LGD/Census candidate by name; codes are not assumed equivalent."
Jagatsinghapur,Andhra Pradesh; Assam; Bihar; Haryana; Madhya Pradesh; Odisha; Rajasthan; Uttar Pradesh; West Bengal,21.0,Odisha,355.0,Jagatsinghapur,11.0,380.0,Jagatsinghapur,Odisha,380.0,VERIFIED_NAME_STATE,NAME_STATE_CANDIDATE_WITH_HISTORICAL_LIMITATION,HISTORICAL_REVIEW_REQUIRED,exact_name_state_boundary_candidate,HIGH_FOR_CURRENT_NAME_STATE_LINK; HISTORICAL_LIMITATION,"Exact LGD name, observed state context, and Census boundary candidate agree; code equivalence is not assumed. Existing comparison note: Exact LGD district name; observed IFI state context is retained separately because the IFI field can be multi-value and historical equivalence is unresolved. Observed IFI state context includes LGD state name. LGD/Census candidate by name; codes are not assumed equivalent."
Jagdalpur,Chhattisgarh; Madhya Pradesh,,,,,,,,,,UNMATCHED,UNMATCHED,HISTORICAL_REVIEW_REQUIRED,none,NONE,No defensible LGD/Census candidate in the reviewed comparison. Existing comparison note: No exact or normalized LGD district/state candidate.
Jagitial,Andhra Pradesh; Maharashtra; Telangana,36.0,Telangana,681.0,Jagitial,0.0,0.0,,,,HISTORICAL_REVIEW,REQUIRES_MANUAL_VERIFICATION,HISTORICAL_REVIEW_REQUIRED,exact_name_without_complete_state_boundary_confirmation,LOW_REQUIRES_HISTORICAL_REVIEW,Identity is plausible by exact LGD name but state or Census-boundary evidence is incomplete or contradictory. Existing comparison note: Exact LGD district name; observed IFI state context is retained separately because the IFI field can be multi-value and historical equivalence is unresolved. Observed IFI state context includes LGD state name. LGD district has no exact Census boundary pair.
Jaipur,Bihar; Gujarat; Haryana; Kerala; Madhya Pradesh; Maharashtra; Odisha; Punjab; Rajasthan; Uttar Pradesh,8.0,Rajasthan,102.0,Jaipur,12.0,110.0,Jaipur,Rajasthan,110.0,VERIFIED_NAME_STATE,NAME_STATE_CANDIDATE_WITH_HISTORICAL_LIMITATION,HISTORICAL_REVIEW_REQUIRED,exact_name_state_boundary_candidate,HIGH_FOR_CURRENT_NAME_STATE_LINK; HISTORICAL_LIMITATION,"Exact LGD name, observed state context, and Census boundary candidate agree; code equivalence is not assumed. Existing comparison note: Exact LGD district name; observed IFI state context is retained separately because the IFI field can be multi-value and historical equivalence is unresolved. Observed IFI state context includes LGD state name. LGD/Census candidate by name; codes are not assumed equivalent."
Jaisalmer,Bihar; Gujarat; Haryana; Kerala; Madhya Pradesh; Maharashtra; Odisha; Punjab; Rajasthan; Uttar Pradesh,8.0,Rajasthan,103.0,Jaisalmer,16.0,114.0,Jaisalmer,Rajasthan,114.0,VERIFIED_NAME_STATE,NAME_STATE_CANDIDATE_WITH_HISTORICAL_LIMITATION,HISTORICAL_REVIEW_REQUIRED,exact_name_state_boundary_candidate,HIGH_FOR_CURRENT_NAME_STATE_LINK; HISTORICAL_LIMITATION,"Exact LGD name, observed state context, and Census boundary candidate agree; code equivalence is not assumed. Existing comparison note: Exact LGD district name; observed IFI state context is retained separately because the IFI field can be multi-value and historical equivalence is unresolved. Observed IFI state context includes LGD state name. LGD/Census candidate by name; codes are not assumed equivalent."
Jajapur,Andhra Pradesh; Assam; Bihar; Haryana; Madhya Pradesh; Odisha; Rajasthan; Uttar Pradesh; West Bengal,,,,,,,,,,UNMATCHED,UNMATCHED,HISTORICAL_REVIEW_REQUIRED,none,NONE,No defensible LGD/Census candidate in the reviewed comparison. Existing comparison note: No exact or normalized LGD district/state candidate.
Jalandhar,Arunachal Pradesh; Assam; Delhi; Haryana; Jammu and Kashmir; Madhya Pradesh; Punjab; Rajasthan; Uttar Pradesh; West Bengal,3.0,Punjab,34.0,Jalandhar,4.0,37.0,Jalandhar,Punjab,37.0,VERIFIED_NAME_STATE,NAME_STATE_CANDIDATE_WITH_HISTORICAL_LIMITATION,HISTORICAL_REVIEW_REQUIRED,exact_name_state_boundary_candidate,HIGH_FOR_CURRENT_NAME_STATE_LINK; HISTORICAL_LIMITATION,"Exact LGD name, observed state context, and Census boundary candidate agree; code equivalence is not assumed. Existing comparison note: Exact LGD district name; observed IFI state context is retained separately because the IFI field can be multi-value and historical equivalence is unresolved. Observed IFI state context includes LGD state name. LGD/Census candidate by name; codes are not assumed equivalent."
Jalaun,Arunachal Pradesh; Assam; Bihar; East Rajasthan; Gujarat; Haryana; Himachal Pradesh; Jammu and Kashmir; Kerala; Madhya Pradesh; Maharashtra; Odisha; Punjab; Rajasthan; Uttar Pradesh; Uttar pradesh; West Bengal,9.0,Uttar Pradesh,151.0,Jalaun,35.0,165.0,Jalaun,Uttar Pradesh,165.0,VERIFIED_NAME_STATE,NAME_STATE_CANDIDATE_WITH_HISTORICAL_LIMITATION,HISTORICAL_REVIEW_REQUIRED,exact_name_state_boundary_candidate,HIGH_FOR_CURRENT_NAME_STATE_LINK; HISTORICAL_LIMITATION,"Exact LGD name, observed state context, and Census boundary candidate agree; code equivalence is not assumed. Existing comparison note: Exact LGD district name; observed IFI state context is retained separately because the IFI field can be multi-value and historical equivalence is unresolved. Observed IFI state context includes LGD state name. LGD/Census candidate by name; codes are not assumed equivalent."
Jalgaon,Bihar; Gujarat; Madhya Pradesh; Maharashtra; Rajasthan; Telangana; Uttar Pradesh,27.0,Maharashtra,478.0,Jalgaon,3.0,499.0,Jalgaon,Maharashtra,499.0,VERIFIED_NAME_STATE,NAME_STATE_CANDIDATE_WITH_HISTORICAL_LIMITATION,HISTORICAL_REVIEW_REQUIRED,exact_name_state_boundary_candidate,HIGH_FOR_CURRENT_NAME_STATE_LINK; HISTORICAL_LIMITATION,"Exact LGD name, observed state context, and Census boundary candidate agree; code equivalence is not assumed. Existing comparison note: Exact LGD district name; observed IFI state context is retained separately because the IFI field can be multi-value and historical equivalence is unresolved. Observed IFI state context includes LGD state name. LGD/Census candidate by name; codes are not assumed equivalent."
Jalna,Bihar; Gujarat; Madhya Pradesh; Maharashtra; Rajasthan; Telangana; Uttar Pradesh,27.0,Maharashtra,479.0,Jalna,18.0,514.0,Jalna,Maharashtra,514.0,VERIFIED_NAME_STATE,NAME_STATE_CANDIDATE_WITH_HISTORICAL_LIMITATION,HISTORICAL_REVIEW_REQUIRED,exact_name_state_boundary_candidate,HIGH_FOR_CURRENT_NAME_STATE_LINK; HISTORICAL_LIMITATION,"Exact LGD name, observed state context, and Census boundary candidate agree; code equivalence is not assumed. Existing comparison note: Exact LGD district name; observed IFI state context is retained separately because the IFI field can be multi-value and historical equivalence is unresolved. Observed IFI state context includes LGD state name. LGD/Census candidate by name; codes are not assumed equivalent."
Jalore,Bihar; Gujarat; Haryana; Kerala; Madhya Pradesh; Maharashtra; Odisha; Punjab; Rajasthan; Uttar Pradesh,8.0,Rajasthan,104.0,Jalore,18.0,116.0,,,,HISTORICAL_REVIEW,REQUIRES_MANUAL_VERIFICATION,HISTORICAL_REVIEW_REQUIRED,exact_name_without_complete_state_boundary_confirmation,LOW_REQUIRES_HISTORICAL_REVIEW,Identity is plausible by exact LGD name but state or Census-boundary evidence is incomplete or contradictory. Existing comparison note: Exact LGD district name; observed IFI state context is retained separately because the IFI field can be multi-value and historical equivalence is unresolved. Observed IFI state context includes LGD state name. LGD district has no exact Census boundary pair.
Jaloree,Rajasthan,,,,,,,,,,UNMATCHED,UNMATCHED,HISTORICAL_REVIEW_REQUIRED,none,NONE,No defensible LGD/Census candidate in the reviewed comparison. Existing comparison note: No exact or normalized LGD district/state candidate.
Jalpaiguri,Andhra Pradesh; Assam; Bihar; Chhattisgarh; Haryana; Himachal Pradesh; Kerala; Madhya Pradesh; Odisha; Punjab; Uttar Pradesh; Uttar pradesh; West Bengal,19.0,West Bengal,314.0,Jalpaiguri,2.0,328.0,Jalpaiguri,West Bengal,328.0,VERIFIED_NAME_STATE,NAME_STATE_CANDIDATE_WITH_HISTORICAL_LIMITATION,HISTORICAL_REVIEW_REQUIRED,exact_name_state_boundary_candidate,HIGH_FOR_CURRENT_NAME_STATE_LINK; HISTORICAL_LIMITATION,"Exact LGD name, observed state context, and Census boundary candidate agree; code equivalence is not assumed. Existing comparison note: Exact LGD district name; observed IFI state context is retained separately because the IFI field can be multi-value and historical equivalence is unresolved. Observed IFI state context includes LGD state name. LGD/Census candidate by name; codes are not assumed equivalent."
Jammu,Arunachal Pradesh; Assam; Delhi; Jammu & Kashmir; Jammu and Kashmir; Punjab; Uttar Pradesh,1.0,Jammu And Kashmir,5.0,Jammu,13.0,21.0,Jammu,Jammu & Kashmir,21.0,HISTORICAL_REVIEW,REQUIRES_MANUAL_VERIFICATION,HISTORICAL_REVIEW_REQUIRED,exact_name_without_complete_state_boundary_confirmation,LOW_REQUIRES_HISTORICAL_REVIEW,Identity is plausible by exact LGD name but state or Census-boundary evidence is incomplete or contradictory. Existing comparison note: Exact LGD district name; observed IFI state context is retained separately because the IFI field can be multi-value and historical equivalence is unresolved. Observed IFI state context does not uniquely confirm LGD state name; manual review required. LGD/Census candidate by name; codes are not assumed equivalent.
Jamnagar,Bihar; Gujarat; Madhya Pradesh; Maharashtra; Rajasthan; Uttar Pradesh,24.0,Gujarat,447.0,Jamnagar,10.0,477.0,Jamnagar,Gujarat,477.0,VERIFIED_NAME_STATE,NAME_STATE_CANDIDATE_WITH_HISTORICAL_LIMITATION,HISTORICAL_REVIEW_REQUIRED,exact_name_state_boundary_candidate,HIGH_FOR_CURRENT_NAME_STATE_LINK; HISTORICAL_LIMITATION,"Exact LGD name, observed state context, and Census boundary candidate agree; code equivalence is not assumed. Existing comparison note: Exact LGD district name; observed IFI state context is retained separately because the IFI field can be multi-value and historical equivalence is unresolved. Observed IFI state context includes LGD state name. LGD/Census candidate by name; codes are not assumed equivalent."
Jamtara,Bihar; Jharkhand,20.0,Jharkhand,333.0,Jamtara,20.0,363.0,Jamtara,Jharkhand,363.0,VERIFIED_NAME_STATE,NAME_STATE_CANDIDATE_WITH_HISTORICAL_LIMITATION,HISTORICAL_REVIEW_REQUIRED,exact_name_state_boundary_candidate,HIGH_FOR_CURRENT_NAME_STATE_LINK; HISTORICAL_LIMITATION,"Exact LGD name, observed state context, and Census boundary candidate agree; code equivalence is not assumed. Existing comparison note: Exact LGD district name; observed IFI state context is retained separately because the IFI field can be multi-value and historical equivalence is unresolved. Observed IFI state context includes LGD state name. LGD/Census candidate by name; codes are not assumed equivalent."
Jamui,Andhra Pradesh; Assam; Bihar; Gujarat; Haryana; Himachal Pradesh; Kerala; Madhya Pradesh; Maharashtra; Odisha; Rajasthan; Uttar Pradesh; Uttar pradesh; West Bengal,10.0,Bihar,198.0,Jamui,37.0,238.0,Jamui,Bihar,238.0,VERIFIED_NAME_STATE,NAME_STATE_CANDIDATE_WITH_HISTORICAL_LIMITATION,HISTORICAL_REVIEW_REQUIRED,exact_name_state_boundary_candidate,HIGH_FOR_CURRENT_NAME_STATE_LINK; HISTORICAL_LIMITATION,"Exact LGD name, observed state context, and Census boundary candidate agree; code equivalence is not assumed. Existing comparison note: Exact LGD district name; observed IFI state context is retained separately because the IFI field can be multi-value and historical equivalence is unresolved. Observed IFI state context includes LGD state name. LGD/Census candidate by name; codes are not assumed equivalent."
Jangoan,Andhra Pradesh; Maharashtra; Telangana,36.0,Telangana,689.0,Jangoan,0.0,0.0,,,,HISTORICAL_REVIEW,REQUIRES_MANUAL_VERIFICATION,HISTORICAL_REVIEW_REQUIRED,exact_name_without_complete_state_boundary_confirmation,LOW_REQUIRES_HISTORICAL_REVIEW,Identity is plausible by exact LGD name but state or Census-boundary evidence is incomplete or contradictory. Existing comparison note: Exact LGD district name; observed IFI state context is retained separately because the IFI field can be multi-value and historical equivalence is unresolved. Observed IFI state context includes LGD state name. LGD district has no exact Census boundary pair.
Janjgir-Champa,Chhattisgarh,22.0,Chhattisgarh,379.0,Janjgir-Champa,6.0,405.0,Janjgir-champa,Chhattisgarh,405.0,VERIFIED_NAME_STATE,NAME_STATE_CANDIDATE_WITH_HISTORICAL_LIMITATION,HISTORICAL_REVIEW_REQUIRED,exact_name_state_boundary_candidate,HIGH_FOR_CURRENT_NAME_STATE_LINK; HISTORICAL_LIMITATION,"Exact LGD name, observed state context, and Census boundary candidate agree; code equivalence is not assumed. Existing comparison note: Exact LGD district name; observed IFI state context is retained separately because the IFI field can be multi-value and historical equivalence is unresolved. Observed IFI state context includes LGD state name. LGD/Census candidate by name; codes are not assumed equivalent."
Jashpur,Chhattisgarh; Madhya Pradesh,22.0,Chhattisgarh,380.0,Jashpur,3.0,402.0,Jashpur,Chhattisgarh,402.0,VERIFIED_NAME_STATE,NAME_STATE_CANDIDATE_WITH_HISTORICAL_LIMITATION,HISTORICAL_REVIEW_REQUIRED,exact_name_state_boundary_candidate,HIGH_FOR_CURRENT_NAME_STATE_LINK; HISTORICAL_LIMITATION,"Exact LGD name, observed state context, and Census boundary candidate agree; code equivalence is not assumed. Existing comparison note: Exact LGD district name; observed IFI state context is retained separately because the IFI field can be multi-value and historical equivalence is unresolved. Observed IFI state context includes LGD state name. LGD/Census candidate by name; codes are not assumed equivalent."
Jaunpur,Arunachal Pradesh; Assam; Bihar; East Rajasthan; Gujarat; Haryana; Himachal Pradesh; Jammu and Kashmir; Kerala; Madhya Pradesh; Maharashtra; Odisha; Punjab; Rajasthan; Uttar Pradesh; Uttar pradesh; Uttarakhand; West Bengal,9.0,Uttar Pradesh,152.0,Jaunpur,64.0,194.0,Jaunpur,Uttar Pradesh,194.0,VERIFIED_NAME_STATE,NAME_STATE_CANDIDATE_WITH_HISTORICAL_LIMITATION,HISTORICAL_REVIEW_REQUIRED,exact_name_state_boundary_candidate,HIGH_FOR_CURRENT_NAME_STATE_LINK; HISTORICAL_LIMITATION,"Exact LGD name, observed state context, and Census boundary candidate agree; code equivalence is not assumed. Existing comparison note: Exact LGD district name; observed IFI state context is retained separately because the IFI field can be multi-value and historical equivalence is unresolved. Observed IFI state context includes LGD state name. LGD/Census candidate by name; codes are not assumed equivalent."
Jawad,Chhattisgarh; Madhya Pradesh,,,,,,,,,,UNMATCHED,UNMATCHED,HISTORICAL_REVIEW_REQUIRED,none,NONE,No defensible LGD/Census candidate in the reviewed comparison. Existing comparison note: No exact or normalized LGD district/state candidate.
Jayashankar Bhupalapally,Andhra Pradesh; Maharashtra; Telangana,36.0,Telangana,687.0,Jayashankar Bhupalapally,0.0,0.0,,,,HISTORICAL_REVIEW,REQUIRES_MANUAL_VERIFICATION,HISTORICAL_REVIEW_REQUIRED,exact_name_without_complete_state_boundary_confirmation,LOW_REQUIRES_HISTORICAL_REVIEW,Identity is plausible by exact LGD name but state or Census-boundary evidence is incomplete or contradictory. Existing comparison note: Exact LGD district name; observed IFI state context is retained separately because the IFI field can be multi-value and historical equivalence is unresolved. Observed IFI state context includes LGD state name. LGD district has no exact Census boundary pair.
Jehanabad,Andhra Pradesh; Assam; Bihar; Gujarat; Haryana; Himachal Pradesh; Kerala; Madhya Pradesh; Maharashtra; Odisha; Rajasthan; Uttar Pradesh; Uttar pradesh; West Bengal,10.0,Bihar,199.0,Jehanabad,33.0,239.0,Jehanabad,Bihar,239.0,VERIFIED_NAME_STATE,NAME_STATE_CANDIDATE_WITH_HISTORICAL_LIMITATION,HISTORICAL_REVIEW_REQUIRED,exact_name_state_boundary_candidate,HIGH_FOR_CURRENT_NAME_STATE_LINK; HISTORICAL_LIMITATION,"Exact LGD name, observed state context, and Census boundary candidate agree; code equivalence is not assumed. Existing comparison note: Exact LGD district name; observed IFI state context is retained separately because the IFI field can be multi-value and historical equivalence is unresolved. Observed IFI state context includes LGD state name. LGD/Census candidate by name; codes are not assumed equivalent."
Jhabua,Andhra Pradesh; Bihar; Chhattisgarh; Gujarat; Haryana; Madhya Pradesh; Maharashtra; Odisha; Punjab; Rajasthan; Uttar Pradesh; West Bengal,23.0,Madhya Pradesh,412.0,Jhabua,24.0,464.0,Jhabua,Madhya Pradesh,464.0,VERIFIED_NAME_STATE,NAME_STATE_CANDIDATE_WITH_HISTORICAL_LIMITATION,HISTORICAL_REVIEW_REQUIRED,exact_name_state_boundary_candidate,HIGH_FOR_CURRENT_NAME_STATE_LINK; HISTORICAL_LIMITATION,"Exact LGD name, observed state context, and Census boundary candidate agree; code equivalence is not assumed. Existing comparison note: Exact LGD district name; observed IFI state context is retained separately because the IFI field can be multi-value and historical equivalence is unresolved. Observed IFI state context includes LGD state name. LGD/Census candidate by name; codes are not assumed equivalent."
Jhajjar,Bihar; Haryana; Kerala; Madhya Pradesh; Odisha; Punjab; Rajasthan; Uttar Pradesh; West Bengal,6.0,Haryana,64.0,Jhajjar,15.0,83.0,Jhajjar,Haryana,83.0,VERIFIED_NAME_STATE,NAME_STATE_CANDIDATE_WITH_HISTORICAL_LIMITATION,HISTORICAL_REVIEW_REQUIRED,exact_name_state_boundary_candidate,HIGH_FOR_CURRENT_NAME_STATE_LINK; HISTORICAL_LIMITATION,"Exact LGD name, observed state context, and Census boundary candidate agree; code equivalence is not assumed. Existing comparison note: Exact LGD district name; observed IFI state context is retained separately because the IFI field can be multi-value and historical equivalence is unresolved. Observed IFI state context includes LGD state name. LGD/Census candidate by name; codes are not assumed equivalent."
Jhalawar,Bihar; Gujarat; Haryana; Kerala; Madhya Pradesh; Maharashtra; Odisha; Punjab; Rajasthan; Uttar Pradesh,8.0,Rajasthan,105.0,Jhalawar,32.0,129.0,Jhalawar,Rajasthan,129.0,VERIFIED_NAME_STATE,NAME_STATE_CANDIDATE_WITH_HISTORICAL_LIMITATION,HISTORICAL_REVIEW_REQUIRED,exact_name_state_boundary_candidate,HIGH_FOR_CURRENT_NAME_STATE_LINK; HISTORICAL_LIMITATION,"Exact LGD name, observed state context, and Census boundary candidate agree; code equivalence is not assumed. Existing comparison note: Exact LGD district name; observed IFI state context is retained separately because the IFI field can be multi-value and historical equivalence is unresolved. Observed IFI state context includes LGD state name. LGD/Census candidate by name; codes are not assumed equivalent."
Jhansi,Arunachal Pradesh; Assam; Bihar; East Rajasthan; Gujarat; Haryana; Himachal Pradesh; Jammu and Kashmir; Kerala; Madhya Pradesh; Maharashtra; Odisha; Punjab; Rajasthan; Uttar Pradesh; Uttar pradesh; West Bengal,9.0,Uttar Pradesh,153.0,Jhansi,36.0,166.0,Jhansi,Uttar Pradesh,166.0,VERIFIED_NAME_STATE,NAME_STATE_CANDIDATE_WITH_HISTORICAL_LIMITATION,HISTORICAL_REVIEW_REQUIRED,exact_name_state_boundary_candidate,HIGH_FOR_CURRENT_NAME_STATE_LINK; HISTORICAL_LIMITATION,"Exact LGD name, observed state context, and Census boundary candidate agree; code equivalence is not assumed. Existing comparison note: Exact LGD district name; observed IFI state context is retained separately because the IFI field can be multi-value and historical equivalence is unresolved. Observed IFI state context includes LGD state name. LGD/Census candidate by name; codes are not assumed equivalent."
Jharsuguda,Andhra Pradesh; Assam; Bihar; Haryana; Madhya Pradesh; Odisha; Rajasthan; Uttar Pradesh; West Bengal,21.0,Odisha,357.0,Jharsuguda,2.0,371.0,Jharsuguda,Odisha,371.0,VERIFIED_NAME_STATE,NAME_STATE_CANDIDATE_WITH_HISTORICAL_LIMITATION,HISTORICAL_REVIEW_REQUIRED,exact_name_state_boundary_candidate,HIGH_FOR_CURRENT_NAME_STATE_LINK; HISTORICAL_LIMITATION,"Exact LGD name, observed state context, and Census boundary candidate agree; code equivalence is not assumed. Existing comparison note: Exact LGD district name; observed IFI state context is retained separately because the IFI field can be multi-value and historical equivalence is unresolved. Observed IFI state context includes LGD state name. LGD/Census candidate by name; codes are not assumed equivalent."
Jhelum,Jammu and Kashmir,,,,,,,,,,UNMATCHED,UNMATCHED,HISTORICAL_REVIEW_REQUIRED,none,NONE,No defensible LGD/Census candidate in the reviewed comparison. Existing comparison note: No exact or normalized LGD district/state candidate.
Jhunjhunu,Bihar; Gujarat; Haryana; Madhya Pradesh; Maharashtra; Odisha; Punjab; Rajasthan; Uttar Pradesh,8.0,Rajasthan,106.0,Jhunjhunu,5.0,103.0,,,,HISTORICAL_REVIEW,REQUIRES_MANUAL_VERIFICATION,HISTORICAL_REVIEW_REQUIRED,exact_name_without_complete_state_boundary_confirmation,LOW_REQUIRES_HISTORICAL_REVIEW,Identity is plausible by exact LGD name but state or Census-boundary evidence is incomplete or contradictory. Existing comparison note: Exact LGD district name; observed IFI state context is retained separately because the IFI field can be multi-value and historical equivalence is unresolved. Observed IFI state context includes LGD state name. LGD district has no exact Census boundary pair.
Jhunjhunun,Bihar; Haryana; Kerala; Rajasthan; Uttar Pradesh,,,,,,,,,,UNMATCHED,UNMATCHED,HISTORICAL_REVIEW_REQUIRED,none,NONE,No defensible LGD/Census candidate in the reviewed comparison. Existing comparison note: No exact or normalized LGD district/state candidate.
Jind,Bihar; Haryana; Kerala; Madhya Pradesh; Odisha; Punjab; Rajasthan; Uttar Pradesh; West Bengal,6.0,Haryana,65.0,Jind,9.0,77.0,Jind,Haryana,77.0,VERIFIED_NAME_STATE,NAME_STATE_CANDIDATE_WITH_HISTORICAL_LIMITATION,HISTORICAL_REVIEW_REQUIRED,exact_name_state_boundary_candidate,HIGH_FOR_CURRENT_NAME_STATE_LINK; HISTORICAL_LIMITATION,"Exact LGD name, observed state context, and Census boundary candidate agree; code equivalence is not assumed. Existing comparison note: Exact LGD district name; observed IFI state context is retained separately because the IFI field can be multi-value and historical equivalence is unresolved. Observed IFI state context includes LGD state name. LGD/Census candidate by name; codes are not assumed equivalent."
Jiribam,Manipur,14.0,Manipur,713.0,Jiribam,0.0,0.0,,,,HISTORICAL_REVIEW,REQUIRES_MANUAL_VERIFICATION,HISTORICAL_REVIEW_REQUIRED,exact_name_without_complete_state_boundary_confirmation,LOW_REQUIRES_HISTORICAL_REVIEW,Identity is plausible by exact LGD name but state or Census-boundary evidence is incomplete or contradictory. Existing comparison note: Exact LGD district name; observed IFI state context is retained separately because the IFI field can be multi-value and historical equivalence is unresolved. Observed IFI state context includes LGD state name. LGD district has no exact Census boundary pair.
Jodhpur,Bihar; Gujarat; Haryana; Kerala; Madhya Pradesh; Maharashtra; Odisha; Punjab; Rajasthan; Uttar Pradesh,8.0,Rajasthan,107.0,Jodhpur,15.0,113.0,Jodhpur,Rajasthan,113.0,VERIFIED_NAME_STATE,NAME_STATE_CANDIDATE_WITH_HISTORICAL_LIMITATION,HISTORICAL_REVIEW_REQUIRED,exact_name_state_boundary_candidate,HIGH_FOR_CURRENT_NAME_STATE_LINK; HISTORICAL_LIMITATION,"Exact LGD name, observed state context, and Census boundary candidate agree; code equivalence is not assumed. Existing comparison note: Exact LGD district name; observed IFI state context is retained separately because the IFI field can be multi-value and historical equivalence is unresolved. Observed IFI state context includes LGD state name. LGD/Census candidate by name; codes are not assumed equivalent."
Jogulamba Gadwal,Andhra Pradesh; Maharashtra; Telangana,36.0,Telangana,695.0,Jogulamba Gadwal,0.0,0.0,,,,HISTORICAL_REVIEW,REQUIRES_MANUAL_VERIFICATION,HISTORICAL_REVIEW_REQUIRED,exact_name_without_complete_state_boundary_confirmation,LOW_REQUIRES_HISTORICAL_REVIEW,Identity is plausible by exact LGD name but state or Census-boundary evidence is incomplete or contradictory. Existing comparison note: Exact LGD district name; observed IFI state context is retained separately because the IFI field can be multi-value and historical equivalence is unresolved. Observed IFI state context includes LGD state name. LGD district has no exact Census boundary pair.
Jorhat,Arunachal Pradesh; Assam; Bihar; Jammu and Kashmir; Kerala; Odisha; Punjab; Uttar Pradesh; West Bengal,18.0,Assam,290.0,Jorhat,17.0,312.0,Jorhat,Assam,312.0,VERIFIED_NAME_STATE,NAME_STATE_CANDIDATE_WITH_HISTORICAL_LIMITATION,HISTORICAL_REVIEW_REQUIRED,exact_name_state_boundary_candidate,HIGH_FOR_CURRENT_NAME_STATE_LINK; HISTORICAL_LIMITATION,"Exact LGD name, observed state context, and Census boundary candidate agree; code equivalence is not assumed. Existing comparison note: Exact LGD district name; observed IFI state context is retained separately because the IFI field can be multi-value and historical equivalence is unresolved. Observed IFI state context includes LGD state name. LGD/Census candidate by name; codes are not assumed equivalent."
Junagadh,Bihar; Gujarat; Madhya Pradesh; Maharashtra; Rajasthan; Uttar Pradesh,24.0,Gujarat,448.0,Junagadh,12.0,479.0,Junagadh,Gujarat,479.0,VERIFIED_NAME_STATE,NAME_STATE_CANDIDATE_WITH_HISTORICAL_LIMITATION,HISTORICAL_REVIEW_REQUIRED,exact_name_state_boundary_candidate,HIGH_FOR_CURRENT_NAME_STATE_LINK; HISTORICAL_LIMITATION,"Exact LGD name, observed state context, and Census boundary candidate agree; code equivalence is not assumed. Existing comparison note: Exact LGD district name; observed IFI state context is retained separately because the IFI field can be multi-value and historical equivalence is unresolved. Observed IFI state context includes LGD state name. LGD/Census candidate by name; codes are not assumed equivalent."
Kabeerdham,Chhattisgarh,22.0,Chhattisgarh,382.0,Kabeerdham,8.0,407.0,Kabeerdham,Chhattisgarh,407.0,VERIFIED_NAME_STATE,NAME_STATE_CANDIDATE_WITH_HISTORICAL_LIMITATION,HISTORICAL_REVIEW_REQUIRED,exact_name_state_boundary_candidate,HIGH_FOR_CURRENT_NAME_STATE_LINK; HISTORICAL_LIMITATION,"Exact LGD name, observed state context, and Census boundary candidate agree; code equivalence is not assumed. Existing comparison note: Exact LGD district name; observed IFI state context is retained separately because the IFI field can be multi-value and historical equivalence is unresolved. Observed IFI state context includes LGD state name. LGD/Census candidate by name; codes are not assumed equivalent."
Kachchh,Bihar; Gujarat; Madhya Pradesh; Maharashtra; Rajasthan; Uttar Pradesh,24.0,Gujarat,449.0,Kachchh,1.0,468.0,Kachchh,Gujarat,468.0,VERIFIED_NAME_STATE,NAME_STATE_CANDIDATE_WITH_HISTORICAL_LIMITATION,HISTORICAL_REVIEW_REQUIRED,exact_name_state_boundary_candidate,HIGH_FOR_CURRENT_NAME_STATE_LINK; HISTORICAL_LIMITATION,"Exact LGD name, observed state context, and Census boundary candidate agree; code equivalence is not assumed. Existing comparison note: Exact LGD district name; observed IFI state context is retained separately because the IFI field can be multi-value and historical equivalence is unresolved. Observed IFI state context includes LGD state name. LGD/Census candidate by name; codes are not assumed equivalent."
Kaimur (Bhabua),Andhra Pradesh; Assam; Bihar; Gujarat; Haryana; Himachal Pradesh; Kerala; Madhya Pradesh; Maharashtra; Odisha; Rajasthan; Uttar Pradesh; Uttar pradesh; West Bengal,10.0,Bihar,200.0,Kaimur (Bhabua),31.0,233.0,Kaimur (bhabua),Bihar,233.0,VERIFIED_NAME_STATE,NAME_STATE_CANDIDATE_WITH_HISTORICAL_LIMITATION,HISTORICAL_REVIEW_REQUIRED,exact_name_state_boundary_candidate,HIGH_FOR_CURRENT_NAME_STATE_LINK; HISTORICAL_LIMITATION,"Exact LGD name, observed state context, and Census boundary candidate agree; code equivalence is not assumed. Existing comparison note: Exact LGD district name; observed IFI state context is retained separately because the IFI field can be multi-value and historical equivalence is unresolved. Observed IFI state context includes LGD state name. LGD/Census candidate by name; codes are not assumed equivalent."
Kaithal,Bihar; Haryana; Kerala; Madhya Pradesh; Odisha; Punjab; Rajasthan; Uttar Pradesh; West Bengal,6.0,Haryana,66.0,Kaithal,5.0,73.0,Kaithal,Haryana,73.0,VERIFIED_NAME_STATE,NAME_STATE_CANDIDATE_WITH_HISTORICAL_LIMITATION,HISTORICAL_REVIEW_REQUIRED,exact_name_state_boundary_candidate,HIGH_FOR_CURRENT_NAME_STATE_LINK; HISTORICAL_LIMITATION,"Exact LGD name, observed state context, and Census boundary candidate agree; code equivalence is not assumed. Existing comparison note: Exact LGD district name; observed IFI state context is retained separately because the IFI field can be multi-value and historical equivalence is unresolved. Observed IFI state context includes LGD state name. LGD/Census candidate by name; codes are not assumed equivalent."
Kakching,Manipur,14.0,Manipur,711.0,Kakching,0.0,0.0,,,,HISTORICAL_REVIEW,REQUIRES_MANUAL_VERIFICATION,HISTORICAL_REVIEW_REQUIRED,exact_name_without_complete_state_boundary_confirmation,LOW_REQUIRES_HISTORICAL_REVIEW,Identity is plausible by exact LGD name but state or Census-boundary evidence is incomplete or contradictory. Existing comparison note: Exact LGD district name; observed IFI state context is retained separately because the IFI field can be multi-value and historical equivalence is unresolved. Observed IFI state context includes LGD state name. LGD district has no exact Census boundary pair.
Kalaburagi,Karnataka; Kerala,29.0,Karnataka,538.0,Kalaburagi,4.0,579.0,,,,HISTORICAL_REVIEW,REQUIRES_MANUAL_VERIFICATION,HISTORICAL_REVIEW_REQUIRED,exact_name_without_complete_state_boundary_confirmation,LOW_REQUIRES_HISTORICAL_REVIEW,Identity is plausible by exact LGD name but state or Census-boundary evidence is incomplete or contradictory. Existing comparison note: Exact LGD district name; observed IFI state context is retained separately because the IFI field can be multi-value and historical equivalence is unresolved. Observed IFI state context includes LGD state name. LGD district has no exact Census boundary pair.
Kalahandi,Andhra Pradesh; Assam; Bihar; Haryana; Madhya Pradesh; Odisha; Rajasthan; Uttar Pradesh; West Bengal,21.0,Odisha,358.0,Kalahandi,26.0,395.0,Kalahandi,Odisha,395.0,VERIFIED_NAME_STATE,NAME_STATE_CANDIDATE_WITH_HISTORICAL_LIMITATION,HISTORICAL_REVIEW_REQUIRED,exact_name_state_boundary_candidate,HIGH_FOR_CURRENT_NAME_STATE_LINK; HISTORICAL_LIMITATION,"Exact LGD name, observed state context, and Census boundary candidate agree; code equivalence is not assumed. Existing comparison note: Exact LGD district name; observed IFI state context is retained separately because the IFI field can be multi-value and historical equivalence is unresolved. Observed IFI state context includes LGD state name. LGD/Census candidate by name; codes are not assumed equivalent."
Kalimpong,West Bengal,19.0,West Bengal,702.0,Kalimpong,0.0,0.0,,,,HISTORICAL_REVIEW,REQUIRES_MANUAL_VERIFICATION,HISTORICAL_REVIEW_REQUIRED,exact_name_without_complete_state_boundary_confirmation,LOW_REQUIRES_HISTORICAL_REVIEW,Identity is plausible by exact LGD name but state or Census-boundary evidence is incomplete or contradictory. Existing comparison note: Exact LGD district name; observed IFI state context is retained separately because the IFI field can be multi-value and historical equivalence is unresolved. Observed IFI state context includes LGD state name. LGD district has no exact Census boundary pair.
Kallakurichi,Tamil Nadu,33.0,Tamil Nadu,729.0,Kallakurichi,0.0,0.0,,,,HISTORICAL_REVIEW,REQUIRES_MANUAL_VERIFICATION,HISTORICAL_REVIEW_REQUIRED,exact_name_without_complete_state_boundary_confirmation,LOW_REQUIRES_HISTORICAL_REVIEW,Identity is plausible by exact LGD name but state or Census-boundary evidence is incomplete or contradictory. Existing comparison note: Exact LGD district name; observed IFI state context is retained separately because the IFI field can be multi-value and historical equivalence is unresolved. Observed IFI state context includes LGD state name. LGD district has no exact Census boundary pair.
Kamareddy,Andhra Pradesh; Maharashtra; Telangana,36.0,Telangana,685.0,Kamareddy,0.0,0.0,,,,HISTORICAL_REVIEW,REQUIRES_MANUAL_VERIFICATION,HISTORICAL_REVIEW_REQUIRED,exact_name_without_complete_state_boundary_confirmation,LOW_REQUIRES_HISTORICAL_REVIEW,Identity is plausible by exact LGD name but state or Census-boundary evidence is incomplete or contradictory. Existing comparison note: Exact LGD district name; observed IFI state context is retained separately because the IFI field can be multi-value and historical equivalence is unresolved. Observed IFI state context includes LGD state name. LGD district has no exact Census boundary pair.
Kamjong,Manipur,14.0,Manipur,717.0,Kamjong,0.0,0.0,,,,HISTORICAL_REVIEW,REQUIRES_MANUAL_VERIFICATION,HISTORICAL_REVIEW_REQUIRED,exact_name_without_complete_state_boundary_confirmation,LOW_REQUIRES_HISTORICAL_REVIEW,Identity is plausible by exact LGD name but state or Census-boundary evidence is incomplete or contradictory. Existing comparison note: Exact LGD district name; observed IFI state context is retained separately because the IFI field can be multi-value and historical equivalence is unresolved. Observed IFI state context includes LGD state name. LGD district has no exact Census boundary pair.
Kamle,Arunachal Pradesh; Assam; Jammu and Kashmir; Punjab; Uttar Pradesh,12.0,Arunachal Pradesh,718.0,Kamle,0.0,0.0,,,,HISTORICAL_REVIEW,REQUIRES_MANUAL_VERIFICATION,HISTORICAL_REVIEW_REQUIRED,exact_name_without_complete_state_boundary_confirmation,LOW_REQUIRES_HISTORICAL_REVIEW,Identity is plausible by exact LGD name but state or Census-boundary evidence is incomplete or contradictory. Existing comparison note: Exact LGD district name; observed IFI state context is retained separately because the IFI field can be multi-value and historical equivalence is unresolved. Observed IFI state context includes LGD state name. LGD district has no exact Census boundary pair.
Kamrup,Arunachal Pradesh; Assam; Bihar; Jammu and Kashmir; Kerala; Manipur; Odisha; Punjab; Uttar Pradesh; West Bengal,18.0,Assam,291.0,Kamrup,6.0,321.0,Kamrup,Assam,321.0,VERIFIED_NAME_STATE,NAME_STATE_CANDIDATE_WITH_HISTORICAL_LIMITATION,HISTORICAL_REVIEW_REQUIRED,exact_name_state_boundary_candidate,HIGH_FOR_CURRENT_NAME_STATE_LINK; HISTORICAL_LIMITATION,"Exact LGD name, observed state context, and Census boundary candidate agree; code equivalence is not assumed. Existing comparison note: Exact LGD district name; observed IFI state context is retained separately because the IFI field can be multi-value and historical equivalence is unresolved. Observed IFI state context includes LGD state name. LGD/Census candidate by name; codes are not assumed equivalent."
Kamrup Metro,Arunachal Pradesh; Assam; Bihar; Jammu and Kashmir; Kerala; Odisha; Punjab; Uttar Pradesh; West Bengal,18.0,Assam,618.0,Kamrup Metro,0.0,322.0,,,,HISTORICAL_REVIEW,REQUIRES_MANUAL_VERIFICATION,HISTORICAL_REVIEW_REQUIRED,exact_name_without_complete_state_boundary_confirmation,LOW_REQUIRES_HISTORICAL_REVIEW,Identity is plausible by exact LGD name but state or Census-boundary evidence is incomplete or contradictory. Existing comparison note: Exact LGD district name; observed IFI state context is retained separately because the IFI field can be multi-value and historical equivalence is unresolved. Observed IFI state context includes LGD state name. LGD district has no exact Census boundary pair.
Kancheepuram,Tamil Nadu,33.0,Tamil Nadu,574.0,Kancheepuram,3.0,604.0,Kancheepuram,Tamil Nadu,604.0,VERIFIED_NAME_STATE,NAME_STATE_CANDIDATE_WITH_HISTORICAL_LIMITATION,HISTORICAL_REVIEW_REQUIRED,exact_name_state_boundary_candidate,HIGH_FOR_CURRENT_NAME_STATE_LINK; HISTORICAL_LIMITATION,"Exact LGD name, observed state context, and Census boundary candidate agree; code equivalence is not assumed. Existing comparison note: Exact LGD district name; observed IFI state context is retained separately because the IFI field can be multi-value and historical equivalence is unresolved. Observed IFI state context includes LGD state name. LGD/Census candidate by name; codes are not assumed equivalent."
Kandhamal,Andhra Pradesh; Assam; Bihar; Haryana; Madhya Pradesh; Odisha; Rajasthan; Uttar Pradesh; West Bengal,,,,,,,,,,UNMATCHED,UNMATCHED,HISTORICAL_REVIEW_REQUIRED,none,NONE,No defensible LGD/Census candidate in the reviewed comparison. Existing comparison note: No exact or normalized LGD district/state candidate.
Kangpokpi,Manipur,14.0,Manipur,712.0,Kangpokpi,0.0,0.0,,,,HISTORICAL_REVIEW,REQUIRES_MANUAL_VERIFICATION,HISTORICAL_REVIEW_REQUIRED,exact_name_without_complete_state_boundary_confirmation,LOW_REQUIRES_HISTORICAL_REVIEW,Identity is plausible by exact LGD name but state or Census-boundary evidence is incomplete or contradictory. Existing comparison note: Exact LGD district name; observed IFI state context is retained separately because the IFI field can be multi-value and historical equivalence is unresolved. Observed IFI state context includes LGD state name. LGD district has no exact Census boundary pair.
Kangra,Haryana; Himachal Pradesh; Uttar Pradesh,2.0,Himachal Pradesh,18.0,Kangra,2.0,24.0,Kangra,Himachal Pradesh,24.0,VERIFIED_NAME_STATE,NAME_STATE_CANDIDATE_WITH_HISTORICAL_LIMITATION,HISTORICAL_REVIEW_REQUIRED,exact_name_state_boundary_candidate,HIGH_FOR_CURRENT_NAME_STATE_LINK; HISTORICAL_LIMITATION,"Exact LGD name, observed state context, and Census boundary candidate agree; code equivalence is not assumed. Existing comparison note: Exact LGD district name; observed IFI state context is retained separately because the IFI field can be multi-value and historical equivalence is unresolved. Observed IFI state context includes LGD state name. LGD/Census candidate by name; codes are not assumed equivalent."
Kannauj,Arunachal Pradesh; Assam; Bihar; East Rajasthan; Gujarat; Haryana; Himachal Pradesh; Jammu and Kashmir; Kerala; Madhya Pradesh; Maharashtra; Odisha; Punjab; Rajasthan; Uttar Pradesh; Uttar pradesh; West Bengal,9.0,Uttar Pradesh,155.0,Kannauj,30.0,160.0,Kannauj,Uttar Pradesh,160.0,VERIFIED_NAME_STATE,NAME_STATE_CANDIDATE_WITH_HISTORICAL_LIMITATION,HISTORICAL_REVIEW_REQUIRED,exact_name_state_boundary_candidate,HIGH_FOR_CURRENT_NAME_STATE_LINK; HISTORICAL_LIMITATION,"Exact LGD name, observed state context, and Census boundary candidate agree; code equivalence is not assumed. Existing comparison note: Exact LGD district name; observed IFI state context is retained separately because the IFI field can be multi-value and historical equivalence is unresolved. Observed IFI state context includes LGD state name. LGD/Census candidate by name; codes are not assumed equivalent."
Kanniyakumari,Tamil Nadu,33.0,Tamil Nadu,575.0,Kanniyakumari,30.0,629.0,Kanniyakumari,Tamil Nadu,629.0,VERIFIED_NAME_STATE,NAME_STATE_CANDIDATE_WITH_HISTORICAL_LIMITATION,HISTORICAL_REVIEW_REQUIRED,exact_name_state_boundary_candidate,HIGH_FOR_CURRENT_NAME_STATE_LINK; HISTORICAL_LIMITATION,"Exact LGD name, observed state context, and Census boundary candidate agree; code equivalence is not assumed. Existing comparison note: Exact LGD district name; observed IFI state context is retained separately because the IFI field can be multi-value and historical equivalence is unresolved. Observed IFI state context includes LGD state name. LGD/Census candidate by name; codes are not assumed equivalent."
Kanniyakumariumari,Tamil Nadu,,,,,,,,,,UNMATCHED,UNMATCHED,HISTORICAL_REVIEW_REQUIRED,none,NONE,No defensible LGD/Census candidate in the reviewed comparison. Existing comparison note: No exact or normalized LGD district/state candidate.
Kannur,Bihar; Haryana; Karnataka; Kerala; Rajasthan; Uttar Pradesh,32.0,Kerala,557.0,Kannur,2.0,589.0,Kannur,Kerala,589.0,VERIFIED_NAME_STATE,NAME_STATE_CANDIDATE_WITH_HISTORICAL_LIMITATION,HISTORICAL_REVIEW_REQUIRED,exact_name_state_boundary_candidate,HIGH_FOR_CURRENT_NAME_STATE_LINK; HISTORICAL_LIMITATION,"Exact LGD name, observed state context, and Census boundary candidate agree; code equivalence is not assumed. Existing comparison note: Exact LGD district name; observed IFI state context is retained separately because the IFI field can be multi-value and historical equivalence is unresolved. Observed IFI state context includes LGD state name. LGD/Census candidate by name; codes are not assumed equivalent."
Kanpur Nagar,Rajasthan,9.0,Uttar Pradesh,157.0,Kanpur Nagar,34.0,164.0,Kanpur Nagar,Uttar Pradesh,164.0,HISTORICAL_REVIEW,REQUIRES_MANUAL_VERIFICATION,HISTORICAL_REVIEW_REQUIRED,exact_name_without_complete_state_boundary_confirmation,LOW_REQUIRES_HISTORICAL_REVIEW,Identity is plausible by exact LGD name but state or Census-boundary evidence is incomplete or contradictory. Existing comparison note: Exact LGD district name; observed IFI state context is retained separately because the IFI field can be multi-value and historical equivalence is unresolved. Observed IFI state context does not uniquely confirm LGD state name; manual review required. LGD/Census candidate by name; codes are not assumed equivalent.
Kanpur nagar,Uttar Pradesh,9.0,Uttar Pradesh,157.0,Kanpur Nagar,34.0,164.0,Kanpur Nagar,Uttar Pradesh,164.0,NORMALIZED_REVIEW,REQUIRES_MANUAL_VERIFICATION,HISTORICAL_REVIEW_REQUIRED,normalized_district_name,MEDIUM_REQUIRES_MANUAL_VERIFICATION,Normalization was required; no silent rename or fuzzy match was applied. Existing comparison note: Transparent normalization only; state and historical identity require manual review. Observed IFI state context includes LGD state name. LGD/Census candidate by name; codes are not assumed equivalent.
Kanpur nagar Dehat,Arunachal Pradesh; Assam; Bihar; East Rajasthan; Gujarat; Haryana; Himachal Pradesh; Jammu and Kashmir; Kerala; Madhya Pradesh; Maharashtra; Odisha; Punjab; Rajasthan; Uttar Pradesh; Uttar pradesh; Uttarakhand; West Bengal,,,,,,,,,,UNMATCHED,UNMATCHED,HISTORICAL_REVIEW_REQUIRED,none,NONE,No defensible LGD/Census candidate in the reviewed comparison. Existing comparison note: No exact or normalized LGD district/state candidate.
Kanpur nagar Nagar,Arunachal Pradesh; Assam; Bihar; East Rajasthan; Gujarat; Haryana; Himachal Pradesh; Jammu and Kashmir; Kerala; Madhya Pradesh; Maharashtra; Odisha; Punjab; Rajasthan; Uttar Pradesh; Uttar pradesh; Uttarakhand; West Bengal,,,,,,,,,,UNMATCHED,UNMATCHED,HISTORICAL_REVIEW_REQUIRED,none,NONE,No defensible LGD/Census candidate in the reviewed comparison. Existing comparison note: No exact or normalized LGD district/state candidate.
Kanpur nagar-Dehat,Uttar Pradesh,,,,,,,,,,UNMATCHED,UNMATCHED,HISTORICAL_REVIEW_REQUIRED,none,NONE,No defensible LGD/Census candidate in the reviewed comparison. Existing comparison note: No exact or normalized LGD district/state candidate.
Kapurthala,Arunachal Pradesh; Assam; Delhi; Haryana; Jammu and Kashmir; Madhya Pradesh; Punjab; Rajasthan; Uttar Pradesh; West Bengal,3.0,Punjab,35.0,Kapurthala,3.0,36.0,Kapurthala,Punjab,36.0,VERIFIED_NAME_STATE,NAME_STATE_CANDIDATE_WITH_HISTORICAL_LIMITATION,HISTORICAL_REVIEW_REQUIRED,exact_name_state_boundary_candidate,HIGH_FOR_CURRENT_NAME_STATE_LINK; HISTORICAL_LIMITATION,"Exact LGD name, observed state context, and Census boundary candidate agree; code equivalence is not assumed. Existing comparison note: Exact LGD district name; observed IFI state context is retained separately because the IFI field can be multi-value and historical equivalence is unresolved. Observed IFI state context includes LGD state name. LGD/Census candidate by name; codes are not assumed equivalent."
Karaikal,Puducherry; Tamil Nadu,34.0,Puducherry,598.0,Karaikal,4.0,637.0,Karaikal,Puducherry,637.0,VERIFIED_NAME_STATE,NAME_STATE_CANDIDATE_WITH_HISTORICAL_LIMITATION,HISTORICAL_REVIEW_REQUIRED,exact_name_state_boundary_candidate,HIGH_FOR_CURRENT_NAME_STATE_LINK; HISTORICAL_LIMITATION,"Exact LGD name, observed state context, and Census boundary candidate agree; code equivalence is not assumed. Existing comparison note: Exact LGD district name; observed IFI state context is retained separately because the IFI field can be multi-value and historical equivalence is unresolved. Observed IFI state context includes LGD state name. LGD/Census candidate by name; codes are not assumed equivalent."
Karauli,Bihar; Gujarat; Haryana; Kerala; Madhya Pradesh; Maharashtra; Odisha; Punjab; Rajasthan; Uttar Pradesh,8.0,Rajasthan,108.0,Karauli,9.0,107.0,Karauli,Rajasthan,107.0,VERIFIED_NAME_STATE,NAME_STATE_CANDIDATE_WITH_HISTORICAL_LIMITATION,HISTORICAL_REVIEW_REQUIRED,exact_name_state_boundary_candidate,HIGH_FOR_CURRENT_NAME_STATE_LINK; HISTORICAL_LIMITATION,"Exact LGD name, observed state context, and Census boundary candidate agree; code equivalence is not assumed. Existing comparison note: Exact LGD district name; observed IFI state context is retained separately because the IFI field can be multi-value and historical equivalence is unresolved. Observed IFI state context includes LGD state name. LGD/Census candidate by name; codes are not assumed equivalent."
Karbi Anglong,Arunachal Pradesh; Assam; Bihar; Jammu and Kashmir; Kerala; Odisha; Punjab; Uttar Pradesh; West Bengal,18.0,Assam,292.0,Karbi Anglong,19.0,314.0,Karbi Anglong,Assam,314.0,VERIFIED_NAME_STATE,NAME_STATE_CANDIDATE_WITH_HISTORICAL_LIMITATION,HISTORICAL_REVIEW_REQUIRED,exact_name_state_boundary_candidate,HIGH_FOR_CURRENT_NAME_STATE_LINK; HISTORICAL_LIMITATION,"Exact LGD name, observed state context, and Census boundary candidate agree; code equivalence is not assumed. Existing comparison note: Exact LGD district name; observed IFI state context is retained separately because the IFI field can be multi-value and historical equivalence is unresolved. Observed IFI state context includes LGD state name. LGD/Census candidate by name; codes are not assumed equivalent."
Kargil,Jammu and Kashmir; Ladakh,37.0,Ladakh,6.0,Kargil,8.0,4.0,Kargil,Jammu & Kashmir,4.0,VERIFIED_NAME_STATE,NAME_STATE_CANDIDATE_WITH_HISTORICAL_LIMITATION,HISTORICAL_REVIEW_REQUIRED,exact_name_state_boundary_candidate,HIGH_FOR_CURRENT_NAME_STATE_LINK; HISTORICAL_LIMITATION,"Exact LGD name, observed state context, and Census boundary candidate agree; code equivalence is not assumed. Existing comparison note: Exact LGD district name; observed IFI state context is retained separately because the IFI field can be multi-value and historical equivalence is unresolved. Observed IFI state context includes LGD state name. LGD/Census candidate by name; codes are not assumed equivalent."
Karimganj,Arunachal Pradesh; Assam; Bihar; Jammu and Kashmir; Kerala; Manipur; Odisha; Punjab; Tripura; Uttar Pradesh; West Bengal,,,,,,,,,,UNMATCHED,UNMATCHED,HISTORICAL_REVIEW_REQUIRED,none,NONE,No defensible LGD/Census candidate in the reviewed comparison. Existing comparison note: No exact or normalized LGD district/state candidate.
Karimnagar,Andhra Pradesh; Maharashtra; Telangana,36.0,Telangana,508.0,Karimnagar,3.0,534.0,Karimnagar,Andhra Pradesh,534.0,VERIFIED_NAME_STATE,NAME_STATE_CANDIDATE_WITH_HISTORICAL_LIMITATION,HISTORICAL_REVIEW_REQUIRED,exact_name_state_boundary_candidate,HIGH_FOR_CURRENT_NAME_STATE_LINK; HISTORICAL_LIMITATION,"Exact LGD name, observed state context, and Census boundary candidate agree; code equivalence is not assumed. Existing comparison note: Exact LGD district name; observed IFI state context is retained separately because the IFI field can be multi-value and historical equivalence is unresolved. Observed IFI state context includes LGD state name. LGD/Census candidate by name; codes are not assumed equivalent."
Karnal,Bihar; Haryana; Kerala; Madhya Pradesh; Odisha; Punjab; Rajasthan; Uttar Pradesh; West Bengal,6.0,Haryana,67.0,Karnal,6.0,74.0,Karnal,Haryana,74.0,VERIFIED_NAME_STATE,NAME_STATE_CANDIDATE_WITH_HISTORICAL_LIMITATION,HISTORICAL_REVIEW_REQUIRED,exact_name_state_boundary_candidate,HIGH_FOR_CURRENT_NAME_STATE_LINK; HISTORICAL_LIMITATION,"Exact LGD name, observed state context, and Census boundary candidate agree; code equivalence is not assumed. Existing comparison note: Exact LGD district name; observed IFI state context is retained separately because the IFI field can be multi-value and historical equivalence is unresolved. Observed IFI state context includes LGD state name. LGD/Census candidate by name; codes are not assumed equivalent."
Karur,Tamil Nadu,33.0,Tamil Nadu,576.0,Karur,14.0,613.0,Karur,Tamil Nadu,613.0,VERIFIED_NAME_STATE,NAME_STATE_CANDIDATE_WITH_HISTORICAL_LIMITATION,HISTORICAL_REVIEW_REQUIRED,exact_name_state_boundary_candidate,HIGH_FOR_CURRENT_NAME_STATE_LINK; HISTORICAL_LIMITATION,"Exact LGD name, observed state context, and Census boundary candidate agree; code equivalence is not assumed. Existing comparison note: Exact LGD district name; observed IFI state context is retained separately because the IFI field can be multi-value and historical equivalence is unresolved. Observed IFI state context includes LGD state name. LGD/Census candidate by name; codes are not assumed equivalent."
Kasaragod,Bihar; Haryana; Karnataka; Kerala; Rajasthan; Uttar Pradesh,32.0,Kerala,558.0,Kasaragod,1.0,588.0,Kasaragod,Kerala,588.0,VERIFIED_NAME_STATE,NAME_STATE_CANDIDATE_WITH_HISTORICAL_LIMITATION,HISTORICAL_REVIEW_REQUIRED,exact_name_state_boundary_candidate,HIGH_FOR_CURRENT_NAME_STATE_LINK; HISTORICAL_LIMITATION,"Exact LGD name, observed state context, and Census boundary candidate agree; code equivalence is not assumed. Existing comparison note: Exact LGD district name; observed IFI state context is retained separately because the IFI field can be multi-value and historical equivalence is unresolved. Observed IFI state context includes LGD state name. LGD/Census candidate by name; codes are not assumed equivalent."
Kasganj,Arunachal Pradesh; Assam; Bihar; East Rajasthan; Gujarat; Haryana; Himachal Pradesh; Jammu and Kashmir; Kerala; Madhya Pradesh; Maharashtra; Odisha; Punjab; Rajasthan; Uttar Pradesh; Uttar pradesh; Uttarakhand; West Bengal,9.0,Uttar Pradesh,633.0,Kasganj,0.0,202.0,,,,HISTORICAL_REVIEW,REQUIRES_MANUAL_VERIFICATION,HISTORICAL_REVIEW_REQUIRED,exact_name_without_complete_state_boundary_confirmation,LOW_REQUIRES_HISTORICAL_REVIEW,Identity is plausible by exact LGD name but state or Census-boundary evidence is incomplete or contradictory. Existing comparison note: Exact LGD district name; observed IFI state context is retained separately because the IFI field can be multi-value and historical equivalence is unresolved. Observed IFI state context includes LGD state name. LGD district has no exact Census boundary pair.
Kashmir,Jammu and Kashmir,,,,,,,,,,UNMATCHED,UNMATCHED,HISTORICAL_REVIEW_REQUIRED,none,NONE,No defensible LGD/Census candidate in the reviewed comparison. Existing comparison note: No exact or normalized LGD district/state candidate.
Kashmir Valley,Jammu and Kashmir,,,,,,,,,,UNMATCHED,UNMATCHED,HISTORICAL_REVIEW_REQUIRED,none,NONE,No defensible LGD/Census candidate in the reviewed comparison. Existing comparison note: No exact or normalized LGD district/state candidate.
Kashmir valley,Jammu and Kashmir,,,,,,,,,,UNMATCHED,UNMATCHED,HISTORICAL_REVIEW_REQUIRED,none,NONE,No defensible LGD/Census candidate in the reviewed comparison. Existing comparison note: No exact or normalized LGD district/state candidate.
Kathua,Arunachal Pradesh; Assam; Delhi; Jammu & Kashmir; Jammu and Kashmir; Punjab; Uttar Pradesh,1.0,Jammu And Kashmir,7.0,Kathua,14.0,7.0,Kathua,Jammu & Kashmir,7.0,HISTORICAL_REVIEW,REQUIRES_MANUAL_VERIFICATION,HISTORICAL_REVIEW_REQUIRED,exact_name_without_complete_state_boundary_confirmation,LOW_REQUIRES_HISTORICAL_REVIEW,Identity is plausible by exact LGD name but state or Census-boundary evidence is incomplete or contradictory. Existing comparison note: Exact LGD district name; observed IFI state context is retained separately because the IFI field can be multi-value and historical equivalence is unresolved. Observed IFI state context does not uniquely confirm LGD state name; manual review required. LGD/Census candidate by name; codes are not assumed equivalent.
Katihar,Andhra Pradesh; Assam; Bihar; Gujarat; Haryana; Himachal Pradesh; Jharkhand; Kerala; Madhya Pradesh; Maharashtra; Odisha; Rajasthan; Uttar Pradesh; Uttar pradesh; West Bengal,10.0,Bihar,201.0,Katihar,10.0,212.0,Katihar,Bihar,212.0,VERIFIED_NAME_STATE,NAME_STATE_CANDIDATE_WITH_HISTORICAL_LIMITATION,HISTORICAL_REVIEW_REQUIRED,exact_name_state_boundary_candidate,HIGH_FOR_CURRENT_NAME_STATE_LINK; HISTORICAL_LIMITATION,"Exact LGD name, observed state context, and Census boundary candidate agree; code equivalence is not assumed. Existing comparison note: Exact LGD district name; observed IFI state context is retained separately because the IFI field can be multi-value and historical equivalence is unresolved. Observed IFI state context includes LGD state name. LGD/Census candidate by name; codes are not assumed equivalent."
Katni,Andhra Pradesh; Bihar; Gujarat; Haryana; Madhya Pradesh; Maharashtra; Odisha; Punjab; Rajasthan; Uttar Pradesh; West Bengal,23.0,Madhya Pradesh,413.0,Katni,38.0,450.0,Katni,Madhya Pradesh,450.0,VERIFIED_NAME_STATE,NAME_STATE_CANDIDATE_WITH_HISTORICAL_LIMITATION,HISTORICAL_REVIEW_REQUIRED,exact_name_state_boundary_candidate,HIGH_FOR_CURRENT_NAME_STATE_LINK; HISTORICAL_LIMITATION,"Exact LGD name, observed state context, and Census boundary candidate agree; code equivalence is not assumed. Existing comparison note: Exact LGD district name; observed IFI state context is retained separately because the IFI field can be multi-value and historical equivalence is unresolved. Observed IFI state context includes LGD state name. LGD/Census candidate by name; codes are not assumed equivalent."
Kaushambi,Arunachal Pradesh; Assam; Bihar; East Rajasthan; Gujarat; Haryana; Himachal Pradesh; Jammu and Kashmir; Kerala; Madhya Pradesh; Maharashtra; Odisha; Punjab; Rajasthan; Uttar Pradesh; Uttar pradesh; West Bengal,9.0,Uttar Pradesh,158.0,Kaushambi,44.0,174.0,Kaushambi,Uttar Pradesh,174.0,VERIFIED_NAME_STATE,NAME_STATE_CANDIDATE_WITH_HISTORICAL_LIMITATION,HISTORICAL_REVIEW_REQUIRED,exact_name_state_boundary_candidate,HIGH_FOR_CURRENT_NAME_STATE_LINK; HISTORICAL_LIMITATION,"Exact LGD name, observed state context, and Census boundary candidate agree; code equivalence is not assumed. Existing comparison note: Exact LGD district name; observed IFI state context is retained separately because the IFI field can be multi-value and historical equivalence is unresolved. Observed IFI state context includes LGD state name. LGD/Census candidate by name; codes are not assumed equivalent."
Kendrapara,Andhra Pradesh; Assam; Bihar; Haryana; Madhya Pradesh; Odisha; Rajasthan; Uttar Pradesh; West Bengal,,,,,,,,,,UNMATCHED,UNMATCHED,HISTORICAL_REVIEW_REQUIRED,none,NONE,No defensible LGD/Census candidate in the reviewed comparison. Existing comparison note: No exact or normalized LGD district/state candidate.
Kendujhar,Andhra Pradesh; Assam; Bihar; Haryana; Madhya Pradesh; Odisha; Rajasthan; Uttar Pradesh; West Bengal,21.0,Odisha,361.0,Kendujhar,6.0,375.0,Kendujhar,Odisha,375.0,VERIFIED_NAME_STATE,NAME_STATE_CANDIDATE_WITH_HISTORICAL_LIMITATION,HISTORICAL_REVIEW_REQUIRED,exact_name_state_boundary_candidate,HIGH_FOR_CURRENT_NAME_STATE_LINK; HISTORICAL_LIMITATION,"Exact LGD name, observed state context, and Census boundary candidate agree; code equivalence is not assumed. Existing comparison note: Exact LGD district name; observed IFI state context is retained separately because the IFI field can be multi-value and historical equivalence is unresolved. Observed IFI state context includes LGD state name. LGD/Census candidate by name; codes are not assumed equivalent."
Khagaria,Andhra Pradesh; Assam; Bihar; Gujarat; Haryana; Himachal Pradesh; Jharkhand; Kerala; Madhya Pradesh; Maharashtra; Odisha; Rajasthan; Uttar Pradesh; Uttar pradesh; West Bengal,10.0,Bihar,202.0,Khagaria,21.0,223.0,Khagaria,Bihar,223.0,VERIFIED_NAME_STATE,NAME_STATE_CANDIDATE_WITH_HISTORICAL_LIMITATION,HISTORICAL_REVIEW_REQUIRED,exact_name_state_boundary_candidate,HIGH_FOR_CURRENT_NAME_STATE_LINK; HISTORICAL_LIMITATION,"Exact LGD name, observed state context, and Census boundary candidate agree; code equivalence is not assumed. Existing comparison note: Exact LGD district name; observed IFI state context is retained separately because the IFI field can be multi-value and historical equivalence is unresolved. Observed IFI state context includes LGD state name. LGD/Census candidate by name; codes are not assumed equivalent."
Khammam,Andhra Pradesh; Maharashtra; Telangana,36.0,Telangana,509.0,Khammam,10.0,541.0,Khammam,Andhra Pradesh,541.0,VERIFIED_NAME_STATE,NAME_STATE_CANDIDATE_WITH_HISTORICAL_LIMITATION,HISTORICAL_REVIEW_REQUIRED,exact_name_state_boundary_candidate,HIGH_FOR_CURRENT_NAME_STATE_LINK; HISTORICAL_LIMITATION,"Exact LGD name, observed state context, and Census boundary candidate agree; code equivalence is not assumed. Existing comparison note: Exact LGD district name; observed IFI state context is retained separately because the IFI field can be multi-value and historical equivalence is unresolved. Observed IFI state context includes LGD state name. LGD/Census candidate by name; codes are not assumed equivalent."
Khargone (Khargone (West Nimar)),Andhra Pradesh; Bihar; Chhattisgarh; Gujarat; Haryana; Madhya Pradesh; Maharashtra; Odisha; Punjab; Rajasthan; Uttar Pradesh; West Bengal,,,,,,,,,,UNMATCHED,UNMATCHED,HISTORICAL_REVIEW_REQUIRED,none,NONE,No defensible LGD/Census candidate in the reviewed comparison. Existing comparison note: No exact or normalized LGD district/state candidate.
Kheda,Bihar; Gujarat; Madhya Pradesh; Maharashtra; Rajasthan; Uttar Pradesh,24.0,Gujarat,450.0,Kheda,16.0,483.0,Kheda,Gujarat,483.0,VERIFIED_NAME_STATE,NAME_STATE_CANDIDATE_WITH_HISTORICAL_LIMITATION,HISTORICAL_REVIEW_REQUIRED,exact_name_state_boundary_candidate,HIGH_FOR_CURRENT_NAME_STATE_LINK; HISTORICAL_LIMITATION,"Exact LGD name, observed state context, and Census boundary candidate agree; code equivalence is not assumed. Existing comparison note: Exact LGD district name; observed IFI state context is retained separately because the IFI field can be multi-value and historical equivalence is unresolved. Observed IFI state context includes LGD state name. LGD/Census candidate by name; codes are not assumed equivalent."
Kheri,Arunachal Pradesh; Assam; Bihar; East Rajasthan; Gujarat; Haryana; Himachal Pradesh; Jammu and Kashmir; Kerala; Madhya Pradesh; Maharashtra; Odisha; Punjab; Rajasthan; Uttar Pradesh; Uttar pradesh; Uttarakhand; West Bengal,9.0,Uttar Pradesh,159.0,Kheri,23.0,153.0,Kheri,Uttar Pradesh,153.0,VERIFIED_NAME_STATE,NAME_STATE_CANDIDATE_WITH_HISTORICAL_LIMITATION,HISTORICAL_REVIEW_REQUIRED,exact_name_state_boundary_candidate,HIGH_FOR_CURRENT_NAME_STATE_LINK; HISTORICAL_LIMITATION,"Exact LGD name, observed state context, and Census boundary candidate agree; code equivalence is not assumed. Existing comparison note: Exact LGD district name; observed IFI state context is retained separately because the IFI field can be multi-value and historical equivalence is unresolved. Observed IFI state context includes LGD state name. LGD/Census candidate by name; codes are not assumed equivalent."
Khordha,Andhra Pradesh; Assam; Bihar; Haryana; Madhya Pradesh; Odisha; Rajasthan; Uttar Pradesh; West Bengal,21.0,Odisha,362.0,Khordha,17.0,386.0,Khordha,Odisha,386.0,VERIFIED_NAME_STATE,NAME_STATE_CANDIDATE_WITH_HISTORICAL_LIMITATION,HISTORICAL_REVIEW_REQUIRED,exact_name_state_boundary_candidate,HIGH_FOR_CURRENT_NAME_STATE_LINK; HISTORICAL_LIMITATION,"Exact LGD name, observed state context, and Census boundary candidate agree; code equivalence is not assumed. Existing comparison note: Exact LGD district name; observed IFI state context is retained separately because the IFI field can be multi-value and historical equivalence is unresolved. Observed IFI state context includes LGD state name. LGD/Census candidate by name; codes are not assumed equivalent."
Khowai,Tripura,16.0,Tripura,652.0,Khowai,0.0,0.0,,,,HISTORICAL_REVIEW,REQUIRES_MANUAL_VERIFICATION,HISTORICAL_REVIEW_REQUIRED,exact_name_without_complete_state_boundary_confirmation,LOW_REQUIRES_HISTORICAL_REVIEW,Identity is plausible by exact LGD name but state or Census-boundary evidence is incomplete or contradictory. Existing comparison note: Exact LGD district name; observed IFI state context is retained separately because the IFI field can be multi-value and historical equivalence is unresolved. Observed IFI state context includes LGD state name. LGD district has no exact Census boundary pair.
Khunti,Jharkhand,20.0,Jharkhand,606.0,Khunti,14.0,365.0,Khunti,Jharkhand,365.0,VERIFIED_NAME_STATE,NAME_STATE_CANDIDATE_WITH_HISTORICAL_LIMITATION,HISTORICAL_REVIEW_REQUIRED,exact_name_state_boundary_candidate,HIGH_FOR_CURRENT_NAME_STATE_LINK; HISTORICAL_LIMITATION,"Exact LGD name, observed state context, and Census boundary candidate agree; code equivalence is not assumed. Existing comparison note: Exact LGD district name; observed IFI state context is retained separately because the IFI field can be multi-value and historical equivalence is unresolved. Observed IFI state context includes LGD state name. LGD/Census candidate by name; codes are not assumed equivalent."
Khurja,Uttar Pradesh,,,,,,,,,,UNMATCHED,UNMATCHED,HISTORICAL_REVIEW_REQUIRED,none,NONE,No defensible LGD/Census candidate in the reviewed comparison. Existing comparison note: No exact or normalized LGD district/state candidate.
Kinnaur,Himachal Pradesh; Uttar Pradesh,2.0,Himachal Pradesh,19.0,Kinnaur,12.0,34.0,Kinnaur,Himachal Pradesh,34.0,VERIFIED_NAME_STATE,NAME_STATE_CANDIDATE_WITH_HISTORICAL_LIMITATION,HISTORICAL_REVIEW_REQUIRED,exact_name_state_boundary_candidate,HIGH_FOR_CURRENT_NAME_STATE_LINK; HISTORICAL_LIMITATION,"Exact LGD name, observed state context, and Census boundary candidate agree; code equivalence is not assumed. Existing comparison note: Exact LGD district name; observed IFI state context is retained separately because the IFI field can be multi-value and historical equivalence is unresolved. Observed IFI state context includes LGD state name. LGD/Census candidate by name; codes are not assumed equivalent."
Kiphire,Nagaland,13.0,Nagaland,614.0,Kiphire,2.0,269.0,Kiphire,Nagaland,269.0,VERIFIED_NAME_STATE,NAME_STATE_CANDIDATE_WITH_HISTORICAL_LIMITATION,HISTORICAL_REVIEW_REQUIRED,exact_name_state_boundary_candidate,HIGH_FOR_CURRENT_NAME_STATE_LINK; HISTORICAL_LIMITATION,"Exact LGD name, observed state context, and Census boundary candidate agree; code equivalence is not assumed. Existing comparison note: Exact LGD district name; observed IFI state context is retained separately because the IFI field can be multi-value and historical equivalence is unresolved. Observed IFI state context includes LGD state name. LGD/Census candidate by name; codes are not assumed equivalent."
Kishanganj,Andhra Pradesh; Assam; Bihar; Gujarat; Haryana; Himachal Pradesh; Jharkhand; Kerala; Madhya Pradesh; Maharashtra; Odisha; Rajasthan; Uttar Pradesh; Uttar pradesh; West Bengal,10.0,Bihar,203.0,Kishanganj,8.0,210.0,Kishanganj,Bihar,210.0,VERIFIED_NAME_STATE,NAME_STATE_CANDIDATE_WITH_HISTORICAL_LIMITATION,HISTORICAL_REVIEW_REQUIRED,exact_name_state_boundary_candidate,HIGH_FOR_CURRENT_NAME_STATE_LINK; HISTORICAL_LIMITATION,"Exact LGD name, observed state context, and Census boundary candidate agree; code equivalence is not assumed. Existing comparison note: Exact LGD district name; observed IFI state context is retained separately because the IFI field can be multi-value and historical equivalence is unresolved. Observed IFI state context includes LGD state name. LGD/Census candidate by name; codes are not assumed equivalent."
Kishtwar,Arunachal Pradesh; Assam; Delhi; Jammu & Kashmir; Jammu and Kashmir; Punjab; Uttar Pradesh,1.0,Jammu And Kashmir,620.0,Kishtwar,9.0,18.0,Kishtwar,Jammu & Kashmir,18.0,HISTORICAL_REVIEW,REQUIRES_MANUAL_VERIFICATION,HISTORICAL_REVIEW_REQUIRED,exact_name_without_complete_state_boundary_confirmation,LOW_REQUIRES_HISTORICAL_REVIEW,Identity is plausible by exact LGD name but state or Census-boundary evidence is incomplete or contradictory. Existing comparison note: Exact LGD district name; observed IFI state context is retained separately because the IFI field can be multi-value and historical equivalence is unresolved. Observed IFI state context does not uniquely confirm LGD state name; manual review required. LGD/Census candidate by name; codes are not assumed equivalent.
Kochi,Kerala,,,,,,,,,,UNMATCHED,UNMATCHED,HISTORICAL_REVIEW_REQUIRED,none,NONE,No defensible LGD/Census candidate in the reviewed comparison. Existing comparison note: No exact or normalized LGD district/state candidate.
Kodagu,Karnataka; Kerala,29.0,Karnataka,541.0,Kodagu,25.0,576.0,Kodagu,Karnataka,576.0,VERIFIED_NAME_STATE,NAME_STATE_CANDIDATE_WITH_HISTORICAL_LIMITATION,HISTORICAL_REVIEW_REQUIRED,exact_name_state_boundary_candidate,HIGH_FOR_CURRENT_NAME_STATE_LINK; HISTORICAL_LIMITATION,"Exact LGD name, observed state context, and Census boundary candidate agree; code equivalence is not assumed. Existing comparison note: Exact LGD district name; observed IFI state context is retained separately because the IFI field can be multi-value and historical equivalence is unresolved. Observed IFI state context includes LGD state name. LGD/Census candidate by name; codes are not assumed equivalent."
Koderma,Jharkhand,20.0,Jharkhand,334.0,Koderma,5.0,348.0,,,,HISTORICAL_REVIEW,REQUIRES_MANUAL_VERIFICATION,HISTORICAL_REVIEW_REQUIRED,exact_name_without_complete_state_boundary_confirmation,LOW_REQUIRES_HISTORICAL_REVIEW,Identity is plausible by exact LGD name but state or Census-boundary evidence is incomplete or contradictory. Existing comparison note: Exact LGD district name; observed IFI state context is retained separately because the IFI field can be multi-value and historical equivalence is unresolved. Observed IFI state context includes LGD state name. LGD district has no exact Census boundary pair.
Kohima,Nagaland,13.0,Nagaland,245.0,Kohima,7.0,270.0,Kohima,Nagaland,270.0,VERIFIED_NAME_STATE,NAME_STATE_CANDIDATE_WITH_HISTORICAL_LIMITATION,HISTORICAL_REVIEW_REQUIRED,exact_name_state_boundary_candidate,HIGH_FOR_CURRENT_NAME_STATE_LINK; HISTORICAL_LIMITATION,"Exact LGD name, observed state context, and Census boundary candidate agree; code equivalence is not assumed. Existing comparison note: Exact LGD district name; observed IFI state context is retained separately because the IFI field can be multi-value and historical equivalence is unresolved. Observed IFI state context includes LGD state name. LGD/Census candidate by name; codes are not assumed equivalent."
Kokrajhar,Arunachal Pradesh; Assam; Bihar; Jammu and Kashmir; Kerala; Odisha; Punjab; Uttar Pradesh; West Bengal,18.0,Assam,294.0,Kokrajhar,1.0,300.0,Kokrajhar,Assam,300.0,VERIFIED_NAME_STATE,NAME_STATE_CANDIDATE_WITH_HISTORICAL_LIMITATION,HISTORICAL_REVIEW_REQUIRED,exact_name_state_boundary_candidate,HIGH_FOR_CURRENT_NAME_STATE_LINK; HISTORICAL_LIMITATION,"Exact LGD name, observed state context, and Census boundary candidate agree; code equivalence is not assumed. Existing comparison note: Exact LGD district name; observed IFI state context is retained separately because the IFI field can be multi-value and historical equivalence is unresolved. Observed IFI state context includes LGD state name. LGD/Census candidate by name; codes are not assumed equivalent."
Kokrajhar Darrang,Assam,,,,,,,,,,UNMATCHED,UNMATCHED,HISTORICAL_REVIEW_REQUIRED,none,NONE,No defensible LGD/Census candidate in the reviewed comparison. Existing comparison note: No exact or normalized LGD district/state candidate.
Kolar,Karnataka; Kerala,29.0,Karnataka,542.0,Kolar,19.0,581.0,Kolar,Karnataka,581.0,VERIFIED_NAME_STATE,NAME_STATE_CANDIDATE_WITH_HISTORICAL_LIMITATION,HISTORICAL_REVIEW_REQUIRED,exact_name_state_boundary_candidate,HIGH_FOR_CURRENT_NAME_STATE_LINK; HISTORICAL_LIMITATION,"Exact LGD name, observed state context, and Census boundary candidate agree; code equivalence is not assumed. Existing comparison note: Exact LGD district name; observed IFI state context is retained separately because the IFI field can be multi-value and historical equivalence is unresolved. Observed IFI state context includes LGD state name. LGD/Census candidate by name; codes are not assumed equivalent."
Kolasib,Mizoram,15.0,Mizoram,263.0,Kolasib,2.0,282.0,Kolasib,Mizoram,282.0,VERIFIED_NAME_STATE,NAME_STATE_CANDIDATE_WITH_HISTORICAL_LIMITATION,HISTORICAL_REVIEW_REQUIRED,exact_name_state_boundary_candidate,HIGH_FOR_CURRENT_NAME_STATE_LINK; HISTORICAL_LIMITATION,"Exact LGD name, observed state context, and Census boundary candidate agree; code equivalence is not assumed. Existing comparison note: Exact LGD district name; observed IFI state context is retained separately because the IFI field can be multi-value and historical equivalence is unresolved. Observed IFI state context includes LGD state name. LGD/Census candidate by name; codes are not assumed equivalent."
Kolhapur,Bihar; Gujarat; Madhya Pradesh; Maharashtra; Rajasthan; Telangana; Uttar Pradesh,27.0,Maharashtra,480.0,Kolhapur,34.0,530.0,Kolhapur,Maharashtra,530.0,VERIFIED_NAME_STATE,NAME_STATE_CANDIDATE_WITH_HISTORICAL_LIMITATION,HISTORICAL_REVIEW_REQUIRED,exact_name_state_boundary_candidate,HIGH_FOR_CURRENT_NAME_STATE_LINK; HISTORICAL_LIMITATION,"Exact LGD name, observed state context, and Census boundary candidate agree; code equivalence is not assumed. Existing comparison note: Exact LGD district name; observed IFI state context is retained separately because the IFI field can be multi-value and historical equivalence is unresolved. Observed IFI state context includes LGD state name. LGD/Census candidate by name; codes are not assumed equivalent."
Kolkata,Uttar Pradesh; West Bengal,19.0,West Bengal,315.0,Kolkata,17.0,342.0,Kolkata,West Bengal,342.0,VERIFIED_NAME_STATE,NAME_STATE_CANDIDATE_WITH_HISTORICAL_LIMITATION,HISTORICAL_REVIEW_REQUIRED,exact_name_state_boundary_candidate,HIGH_FOR_CURRENT_NAME_STATE_LINK; HISTORICAL_LIMITATION,"Exact LGD name, observed state context, and Census boundary candidate agree; code equivalence is not assumed. Existing comparison note: Exact LGD district name; observed IFI state context is retained separately because the IFI field can be multi-value and historical equivalence is unresolved. Observed IFI state context includes LGD state name. LGD/Census candidate by name; codes are not assumed equivalent."
Kollam,Bihar; Haryana; Karnataka; Kerala; Rajasthan; Uttar Pradesh,32.0,Kerala,559.0,Kollam,13.0,600.0,Kollam,Kerala,600.0,VERIFIED_NAME_STATE,NAME_STATE_CANDIDATE_WITH_HISTORICAL_LIMITATION,HISTORICAL_REVIEW_REQUIRED,exact_name_state_boundary_candidate,HIGH_FOR_CURRENT_NAME_STATE_LINK; HISTORICAL_LIMITATION,"Exact LGD name, observed state context, and Census boundary candidate agree; code equivalence is not assumed. Existing comparison note: Exact LGD district name; observed IFI state context is retained separately because the IFI field can be multi-value and historical equivalence is unresolved. Observed IFI state context includes LGD state name. LGD/Census candidate by name; codes are not assumed equivalent."
Kollam Kozhikode,Kerala,,,,,,,,,,UNMATCHED,UNMATCHED,HISTORICAL_REVIEW_REQUIRED,none,NONE,No defensible LGD/Census candidate in the reviewed comparison. Existing comparison note: No exact or normalized LGD district/state candidate.
Koppal,Karnataka; Kerala,29.0,Karnataka,543.0,Koppal,7.0,560.0,Koppal,Karnataka,560.0,VERIFIED_NAME_STATE,NAME_STATE_CANDIDATE_WITH_HISTORICAL_LIMITATION,HISTORICAL_REVIEW_REQUIRED,exact_name_state_boundary_candidate,HIGH_FOR_CURRENT_NAME_STATE_LINK; HISTORICAL_LIMITATION,"Exact LGD name, observed state context, and Census boundary candidate agree; code equivalence is not assumed. Existing comparison note: Exact LGD district name; observed IFI state context is retained separately because the IFI field can be multi-value and historical equivalence is unresolved. Observed IFI state context includes LGD state name. LGD/Census candidate by name; codes are not assumed equivalent."
Koraput,Andhra Pradesh; Assam; Bihar; Haryana; Madhya Pradesh; Odisha; Rajasthan; Uttar Pradesh; West Bengal,21.0,Odisha,363.0,Koraput,29.0,398.0,Koraput,Odisha,398.0,VERIFIED_NAME_STATE,NAME_STATE_CANDIDATE_WITH_HISTORICAL_LIMITATION,HISTORICAL_REVIEW_REQUIRED,exact_name_state_boundary_candidate,HIGH_FOR_CURRENT_NAME_STATE_LINK; HISTORICAL_LIMITATION,"Exact LGD name, observed state context, and Census boundary candidate agree; code equivalence is not assumed. Existing comparison note: Exact LGD district name; observed IFI state context is retained separately because the IFI field can be multi-value and historical equivalence is unresolved. Observed IFI state context includes LGD state name. LGD/Census candidate by name; codes are not assumed equivalent."
Korba,Chhattisgarh,22.0,Chhattisgarh,383.0,Korba,5.0,404.0,Korba,Chhattisgarh,404.0,VERIFIED_NAME_STATE,NAME_STATE_CANDIDATE_WITH_HISTORICAL_LIMITATION,HISTORICAL_REVIEW_REQUIRED,exact_name_state_boundary_candidate,HIGH_FOR_CURRENT_NAME_STATE_LINK; HISTORICAL_LIMITATION,"Exact LGD name, observed state context, and Census boundary candidate agree; code equivalence is not assumed. Existing comparison note: Exact LGD district name; observed IFI state context is retained separately because the IFI field can be multi-value and historical equivalence is unresolved. Observed IFI state context includes LGD state name. LGD/Census candidate by name; codes are not assumed equivalent."
Korea,Chhattisgarh,22.0,Chhattisgarh,384.0,Korea,1.0,400.0,,,,HISTORICAL_REVIEW,REQUIRES_MANUAL_VERIFICATION,HISTORICAL_REVIEW_REQUIRED,exact_name_without_complete_state_boundary_confirmation,LOW_REQUIRES_HISTORICAL_REVIEW,Identity is plausible by exact LGD name but state or Census-boundary evidence is incomplete or contradictory. Existing comparison note: Exact LGD district name; observed IFI state context is retained separately because the IFI field can be multi-value and historical equivalence is unresolved. Observed IFI state context includes LGD state name. LGD district has no exact Census boundary pair.
Kota,Bihar; Gujarat; Haryana; Kerala; Madhya Pradesh; Maharashtra; Odisha; Punjab; Rajasthan; Uttar Pradesh,8.0,Rajasthan,109.0,Kota,30.0,127.0,Kota,Rajasthan,127.0,VERIFIED_NAME_STATE,NAME_STATE_CANDIDATE_WITH_HISTORICAL_LIMITATION,HISTORICAL_REVIEW_REQUIRED,exact_name_state_boundary_candidate,HIGH_FOR_CURRENT_NAME_STATE_LINK; HISTORICAL_LIMITATION,"Exact LGD name, observed state context, and Census boundary candidate agree; code equivalence is not assumed. Existing comparison note: Exact LGD district name; observed IFI state context is retained separately because the IFI field can be multi-value and historical equivalence is unresolved. Observed IFI state context includes LGD state name. LGD/Census candidate by name; codes are not assumed equivalent."
Kottayam,Bihar; Haryana; Karnataka; Kerala; Rajasthan; Uttar Pradesh,32.0,Kerala,560.0,Kottayam,10.0,597.0,Kottayam,Kerala,597.0,VERIFIED_NAME_STATE,NAME_STATE_CANDIDATE_WITH_HISTORICAL_LIMITATION,HISTORICAL_REVIEW_REQUIRED,exact_name_state_boundary_candidate,HIGH_FOR_CURRENT_NAME_STATE_LINK; HISTORICAL_LIMITATION,"Exact LGD name, observed state context, and Census boundary candidate agree; code equivalence is not assumed. Existing comparison note: Exact LGD district name; observed IFI state context is retained separately because the IFI field can be multi-value and historical equivalence is unresolved. Observed IFI state context includes LGD state name. LGD/Census candidate by name; codes are not assumed equivalent."
Kozhikode,Bihar; Haryana; Karnataka; Kerala; Rajasthan; Uttar Pradesh,32.0,Kerala,561.0,Kozhikode,4.0,591.0,Kozhikode,Kerala,591.0,VERIFIED_NAME_STATE,NAME_STATE_CANDIDATE_WITH_HISTORICAL_LIMITATION,HISTORICAL_REVIEW_REQUIRED,exact_name_state_boundary_candidate,HIGH_FOR_CURRENT_NAME_STATE_LINK; HISTORICAL_LIMITATION,"Exact LGD name, observed state context, and Census boundary candidate agree; code equivalence is not assumed. Existing comparison note: Exact LGD district name; observed IFI state context is retained separately because the IFI field can be multi-value and historical equivalence is unresolved. Observed IFI state context includes LGD state name. LGD/Census candidate by name; codes are not assumed equivalent."
Kra Daadi,Arunachal Pradesh; Assam; Jammu and Kashmir; Punjab; Uttar Pradesh,12.0,Arunachal Pradesh,677.0,Kra Daadi,0.0,0.0,,,,HISTORICAL_REVIEW,REQUIRES_MANUAL_VERIFICATION,HISTORICAL_REVIEW_REQUIRED,exact_name_without_complete_state_boundary_confirmation,LOW_REQUIRES_HISTORICAL_REVIEW,Identity is plausible by exact LGD name but state or Census-boundary evidence is incomplete or contradictory. Existing comparison note: Exact LGD district name; observed IFI state context is retained separately because the IFI field can be multi-value and historical equivalence is unresolved. Observed IFI state context includes LGD state name. LGD district has no exact Census boundary pair.
Krishna,Andhra Pradesh; Karnataka; Madhya Pradesh; Telangana,28.0,Andhra Pradesh,510.0,Krishna,16.0,547.0,Krishna,Andhra Pradesh,547.0,VERIFIED_NAME_STATE,NAME_STATE_CANDIDATE_WITH_HISTORICAL_LIMITATION,HISTORICAL_REVIEW_REQUIRED,exact_name_state_boundary_candidate,HIGH_FOR_CURRENT_NAME_STATE_LINK; HISTORICAL_LIMITATION,"Exact LGD name, observed state context, and Census boundary candidate agree; code equivalence is not assumed. Existing comparison note: Exact LGD district name; observed IFI state context is retained separately because the IFI field can be multi-value and historical equivalence is unresolved. Observed IFI state context includes LGD state name. LGD/Census candidate by name; codes are not assumed equivalent."
Krishnagiri,Tamil Nadu,33.0,Tamil Nadu,577.0,Krishnagiri,5.0,631.0,Krishnagiri,Tamil Nadu,631.0,VERIFIED_NAME_STATE,NAME_STATE_CANDIDATE_WITH_HISTORICAL_LIMITATION,HISTORICAL_REVIEW_REQUIRED,exact_name_state_boundary_candidate,HIGH_FOR_CURRENT_NAME_STATE_LINK; HISTORICAL_LIMITATION,"Exact LGD name, observed state context, and Census boundary candidate agree; code equivalence is not assumed. Existing comparison note: Exact LGD district name; observed IFI state context is retained separately because the IFI field can be multi-value and historical equivalence is unresolved. Observed IFI state context includes LGD state name. LGD/Census candidate by name; codes are not assumed equivalent."
Kulgam,Arunachal Pradesh; Assam; Delhi; Jammu & Kashmir; Jammu and Kashmir; Punjab; Uttar Pradesh,1.0,Jammu And Kashmir,622.0,Kulgam,0.0,15.0,Kulgam,Jammu & Kashmir,15.0,HISTORICAL_REVIEW,REQUIRES_MANUAL_VERIFICATION,HISTORICAL_REVIEW_REQUIRED,exact_name_without_complete_state_boundary_confirmation,LOW_REQUIRES_HISTORICAL_REVIEW,Identity is plausible by exact LGD name but state or Census-boundary evidence is incomplete or contradictory. Existing comparison note: Exact LGD district name; observed IFI state context is retained separately because the IFI field can be multi-value and historical equivalence is unresolved. Observed IFI state context does not uniquely confirm LGD state name; manual review required. LGD/Census candidate by name; codes are not assumed equivalent.
Kullu,Himachal Pradesh; Uttar Pradesh,2.0,Himachal Pradesh,20.0,Kullu,4.0,26.0,Kullu,Himachal Pradesh,26.0,VERIFIED_NAME_STATE,NAME_STATE_CANDIDATE_WITH_HISTORICAL_LIMITATION,HISTORICAL_REVIEW_REQUIRED,exact_name_state_boundary_candidate,HIGH_FOR_CURRENT_NAME_STATE_LINK; HISTORICAL_LIMITATION,"Exact LGD name, observed state context, and Census boundary candidate agree; code equivalence is not assumed. Existing comparison note: Exact LGD district name; observed IFI state context is retained separately because the IFI field can be multi-value and historical equivalence is unresolved. Observed IFI state context includes LGD state name. LGD/Census candidate by name; codes are not assumed equivalent."
Kumuram Bheem Asifabad,Andhra Pradesh; Maharashtra; Telangana,36.0,Telangana,699.0,Kumuram Bheem Asifabad,0.0,0.0,,,,HISTORICAL_REVIEW,REQUIRES_MANUAL_VERIFICATION,HISTORICAL_REVIEW_REQUIRED,exact_name_without_complete_state_boundary_confirmation,LOW_REQUIRES_HISTORICAL_REVIEW,Identity is plausible by exact LGD name but state or Census-boundary evidence is incomplete or contradictory. Existing comparison note: Exact LGD district name; observed IFI state context is retained separately because the IFI field can be multi-value and historical equivalence is unresolved. Observed IFI state context includes LGD state name. LGD district has no exact Census boundary pair.
Kupwara,Arunachal Pradesh; Assam; Delhi; Jammu & Kashmir; Jammu and Kashmir; Punjab; Uttar Pradesh,1.0,Jammu And Kashmir,8.0,Kupwara,1.0,1.0,Kupwara,Jammu & Kashmir,1.0,HISTORICAL_REVIEW,REQUIRES_MANUAL_VERIFICATION,HISTORICAL_REVIEW_REQUIRED,exact_name_without_complete_state_boundary_confirmation,LOW_REQUIRES_HISTORICAL_REVIEW,Identity is plausible by exact LGD name but state or Census-boundary evidence is incomplete or contradictory. Existing comparison note: Exact LGD district name; observed IFI state context is retained separately because the IFI field can be multi-value and historical equivalence is unresolved. Observed IFI state context does not uniquely confirm LGD state name; manual review required. LGD/Census candidate by name; codes are not assumed equivalent.
Kurnool,Andhra Pradesh; Madhya Pradesh,28.0,Andhra Pradesh,511.0,Kurnool,21.0,552.0,Kurnool,Andhra Pradesh,552.0,VERIFIED_NAME_STATE,NAME_STATE_CANDIDATE_WITH_HISTORICAL_LIMITATION,HISTORICAL_REVIEW_REQUIRED,exact_name_state_boundary_candidate,HIGH_FOR_CURRENT_NAME_STATE_LINK; HISTORICAL_LIMITATION,"Exact LGD name, observed state context, and Census boundary candidate agree; code equivalence is not assumed. Existing comparison note: Exact LGD district name; observed IFI state context is retained separately because the IFI field can be multi-value and historical equivalence is unresolved. Observed IFI state context includes LGD state name. LGD/Census candidate by name; codes are not assumed equivalent."
Kurukshetra,Bihar; Haryana; Kerala; Madhya Pradesh; Odisha; Punjab; Rajasthan; Uttar Pradesh; West Bengal,6.0,Haryana,68.0,Kurukshetra,4.0,72.0,Kurukshetra,Haryana,72.0,VERIFIED_NAME_STATE,NAME_STATE_CANDIDATE_WITH_HISTORICAL_LIMITATION,HISTORICAL_REVIEW_REQUIRED,exact_name_state_boundary_candidate,HIGH_FOR_CURRENT_NAME_STATE_LINK; HISTORICAL_LIMITATION,"Exact LGD name, observed state context, and Census boundary candidate agree; code equivalence is not assumed. Existing comparison note: Exact LGD district name; observed IFI state context is retained separately because the IFI field can be multi-value and historical equivalence is unresolved. Observed IFI state context includes LGD state name. LGD/Census candidate by name; codes are not assumed equivalent."
Kurung Kumey,Arunachal Pradesh; Assam; Jammu and Kashmir; Punjab; Uttar Pradesh,12.0,Arunachal Pradesh,233.0,Kurung Kumey,14.0,256.0,Kurung Kumey,Arunanchal Pradesh,256.0,VERIFIED_NAME_STATE,NAME_STATE_CANDIDATE_WITH_HISTORICAL_LIMITATION,HISTORICAL_REVIEW_REQUIRED,exact_name_state_boundary_candidate,HIGH_FOR_CURRENT_NAME_STATE_LINK; HISTORICAL_LIMITATION,"Exact LGD name, observed state context, and Census boundary candidate agree; code equivalence is not assumed. Existing comparison note: Exact LGD district name; observed IFI state context is retained separately because the IFI field can be multi-value and historical equivalence is unresolved. Observed IFI state context includes LGD state name. LGD/Census candidate by name; codes are not assumed equivalent."
Kushinagar,Arunachal Pradesh; Assam; Bihar; East Rajasthan; Gujarat; Haryana; Himachal Pradesh; Jammu and Kashmir; Kerala; Madhya Pradesh; Maharashtra; Odisha; Punjab; Rajasthan; Uttar Pradesh; Uttar pradesh; West Bengal,9.0,Uttar Pradesh,160.0,Kushinagar,59.0,189.0,Kushinagar,Uttar Pradesh,189.0,VERIFIED_NAME_STATE,NAME_STATE_CANDIDATE_WITH_HISTORICAL_LIMITATION,HISTORICAL_REVIEW_REQUIRED,exact_name_state_boundary_candidate,HIGH_FOR_CURRENT_NAME_STATE_LINK; HISTORICAL_LIMITATION,"Exact LGD name, observed state context, and Census boundary candidate agree; code equivalence is not assumed. Existing comparison note: Exact LGD district name; observed IFI state context is retained separately because the IFI field can be multi-value and historical equivalence is unresolved. Observed IFI state context includes LGD state name. LGD/Census candidate by name; codes are not assumed equivalent."
Lahul And Spiti,Himachal Pradesh; Uttar Pradesh,,,,,,,,,,UNMATCHED,UNMATCHED,HISTORICAL_REVIEW_REQUIRED,none,NONE,No defensible LGD/Census candidate in the reviewed comparison. Existing comparison note: No exact or normalized LGD district/state candidate.
Lakhimpur,Arunachal Pradesh; Assam; Bihar; Jammu and Kashmir; Kerala; Manipur; Odisha; Punjab; Uttar Pradesh; West Bengal,18.0,Assam,295.0,Lakhimpur,12.0,307.0,Lakhimpur,Assam,307.0,VERIFIED_NAME_STATE,NAME_STATE_CANDIDATE_WITH_HISTORICAL_LIMITATION,HISTORICAL_REVIEW_REQUIRED,exact_name_state_boundary_candidate,HIGH_FOR_CURRENT_NAME_STATE_LINK; HISTORICAL_LIMITATION,"Exact LGD name, observed state context, and Census boundary candidate agree; code equivalence is not assumed. Existing comparison note: Exact LGD district name; observed IFI state context is retained separately because the IFI field can be multi-value and historical equivalence is unresolved. Observed IFI state context includes LGD state name. LGD/Census candidate by name; codes are not assumed equivalent."
Lakhisarai,Andhra Pradesh; Assam; Bihar; Gujarat; Haryana; Himachal Pradesh; Kerala; Madhya Pradesh; Maharashtra; Odisha; Rajasthan; Uttar Pradesh; Uttar pradesh; West Bengal,10.0,Bihar,204.0,Lakhisarai,25.0,227.0,Lakhisarai,Bihar,227.0,VERIFIED_NAME_STATE,NAME_STATE_CANDIDATE_WITH_HISTORICAL_LIMITATION,HISTORICAL_REVIEW_REQUIRED,exact_name_state_boundary_candidate,HIGH_FOR_CURRENT_NAME_STATE_LINK; HISTORICAL_LIMITATION,"Exact LGD name, observed state context, and Census boundary candidate agree; code equivalence is not assumed. Existing comparison note: Exact LGD district name; observed IFI state context is retained separately because the IFI field can be multi-value and historical equivalence is unresolved. Observed IFI state context includes LGD state name. LGD/Census candidate by name; codes are not assumed equivalent."
Lalitpur,Arunachal Pradesh; Assam; Bihar; East Rajasthan; Gujarat; Haryana; Himachal Pradesh; Jammu and Kashmir; Kerala; Madhya Pradesh; Maharashtra; Odisha; Punjab; Rajasthan; Uttar Pradesh; Uttar pradesh; West Bengal,9.0,Uttar Pradesh,161.0,Lalitpur,37.0,167.0,Lalitpur,Uttar Pradesh,167.0,VERIFIED_NAME_STATE,NAME_STATE_CANDIDATE_WITH_HISTORICAL_LIMITATION,HISTORICAL_REVIEW_REQUIRED,exact_name_state_boundary_candidate,HIGH_FOR_CURRENT_NAME_STATE_LINK; HISTORICAL_LIMITATION,"Exact LGD name, observed state context, and Census boundary candidate agree; code equivalence is not assumed. Existing comparison note: Exact LGD district name; observed IFI state context is retained separately because the IFI field can be multi-value and historical equivalence is unresolved. Observed IFI state context includes LGD state name. LGD/Census candidate by name; codes are not assumed equivalent."
Latehar,Jharkhand,20.0,Jharkhand,335.0,Latehar,2.0,359.0,Latehar,Jharkhand,359.0,VERIFIED_NAME_STATE,NAME_STATE_CANDIDATE_WITH_HISTORICAL_LIMITATION,HISTORICAL_REVIEW_REQUIRED,exact_name_state_boundary_candidate,HIGH_FOR_CURRENT_NAME_STATE_LINK; HISTORICAL_LIMITATION,"Exact LGD name, observed state context, and Census boundary candidate agree; code equivalence is not assumed. Existing comparison note: Exact LGD district name; observed IFI state context is retained separately because the IFI field can be multi-value and historical equivalence is unresolved. Observed IFI state context includes LGD state name. LGD/Census candidate by name; codes are not assumed equivalent."
Latur,Bihar; Gujarat; Madhya Pradesh; Maharashtra; Rajasthan; Telangana; Uttar Pradesh,27.0,Maharashtra,481.0,Latur,28.0,524.0,Latur,Maharashtra,524.0,VERIFIED_NAME_STATE,NAME_STATE_CANDIDATE_WITH_HISTORICAL_LIMITATION,HISTORICAL_REVIEW_REQUIRED,exact_name_state_boundary_candidate,HIGH_FOR_CURRENT_NAME_STATE_LINK; HISTORICAL_LIMITATION,"Exact LGD name, observed state context, and Census boundary candidate agree; code equivalence is not assumed. Existing comparison note: Exact LGD district name; observed IFI state context is retained separately because the IFI field can be multi-value and historical equivalence is unresolved. Observed IFI state context includes LGD state name. LGD/Census candidate by name; codes are not assumed equivalent."
Lawngtlai,Mizoram,15.0,Mizoram,264.0,Lawngtlai,7.0,287.0,,,,HISTORICAL_REVIEW,REQUIRES_MANUAL_VERIFICATION,HISTORICAL_REVIEW_REQUIRED,exact_name_without_complete_state_boundary_confirmation,LOW_REQUIRES_HISTORICAL_REVIEW,Identity is plausible by exact LGD name but state or Census-boundary evidence is incomplete or contradictory. Existing comparison note: Exact LGD district name; observed IFI state context is retained separately because the IFI field can be multi-value and historical equivalence is unresolved. Observed IFI state context includes LGD state name. LGD district has no exact Census boundary pair.
Leh ladakh,Jammu & Kashmir; Jammu and Kashmir; Ladakh,37.0,Ladakh,9.0,Leh Ladakh,7.0,3.0,Leh (ladakh),Jammu & Kashmir,3.0,NORMALIZED_REVIEW,REQUIRES_MANUAL_VERIFICATION,HISTORICAL_REVIEW_REQUIRED,normalized_district_name,MEDIUM_REQUIRES_MANUAL_VERIFICATION,Normalization was required; no silent rename or fuzzy match was applied. Existing comparison note: Transparent normalization only; state and historical identity require manual review. Observed IFI state context includes LGD state name. LGD/Census candidate by name; codes are not assumed equivalent.
Leparada,Arunachal Pradesh; Assam; Jammu and Kashmir; Punjab; Uttar Pradesh,12.0,Arunachal Pradesh,724.0,Leparada,0.0,0.0,,,,HISTORICAL_REVIEW,REQUIRES_MANUAL_VERIFICATION,HISTORICAL_REVIEW_REQUIRED,exact_name_without_complete_state_boundary_confirmation,LOW_REQUIRES_HISTORICAL_REVIEW,Identity is plausible by exact LGD name but state or Census-boundary evidence is incomplete or contradictory. Existing comparison note: Exact LGD district name; observed IFI state context is retained separately because the IFI field can be multi-value and historical equivalence is unresolved. Observed IFI state context includes LGD state name. LGD district has no exact Census boundary pair.
Lohardaga,Jharkhand,20.0,Jharkhand,336.0,Lohardaga,15.0,356.0,Lohardaga,Jharkhand,356.0,VERIFIED_NAME_STATE,NAME_STATE_CANDIDATE_WITH_HISTORICAL_LIMITATION,HISTORICAL_REVIEW_REQUIRED,exact_name_state_boundary_candidate,HIGH_FOR_CURRENT_NAME_STATE_LINK; HISTORICAL_LIMITATION,"Exact LGD name, observed state context, and Census boundary candidate agree; code equivalence is not assumed. Existing comparison note: Exact LGD district name; observed IFI state context is retained separately because the IFI field can be multi-value and historical equivalence is unresolved. Observed IFI state context includes LGD state name. LGD/Census candidate by name; codes are not assumed equivalent."
Lohit,Arunachal Pradesh; Assam; Jammu and Kashmir; Punjab; Uttar Pradesh,12.0,Arunachal Pradesh,234.0,Lohit,11.0,259.0,Lohit,Arunanchal Pradesh,259.0,VERIFIED_NAME_STATE,NAME_STATE_CANDIDATE_WITH_HISTORICAL_LIMITATION,HISTORICAL_REVIEW_REQUIRED,exact_name_state_boundary_candidate,HIGH_FOR_CURRENT_NAME_STATE_LINK; HISTORICAL_LIMITATION,"Exact LGD name, observed state context, and Census boundary candidate agree; code equivalence is not assumed. Existing comparison note: Exact LGD district name; observed IFI state context is retained separately because the IFI field can be multi-value and historical equivalence is unresolved. Observed IFI state context includes LGD state name. LGD/Census candidate by name; codes are not assumed equivalent."
Longding,Arunachal Pradesh; Assam; Jammu and Kashmir; Punjab; Uttar Pradesh,12.0,Arunachal Pradesh,666.0,Longding,0.0,0.0,,,,HISTORICAL_REVIEW,REQUIRES_MANUAL_VERIFICATION,HISTORICAL_REVIEW_REQUIRED,exact_name_without_complete_state_boundary_confirmation,LOW_REQUIRES_HISTORICAL_REVIEW,Identity is plausible by exact LGD name but state or Census-boundary evidence is incomplete or contradictory. Existing comparison note: Exact LGD district name; observed IFI state context is retained separately because the IFI field can be multi-value and historical equivalence is unresolved. Observed IFI state context includes LGD state name. LGD district has no exact Census boundary pair.
Longleng,Nagaland,13.0,Nagaland,615.0,Longleng,2.0,268.0,Longleng,Nagaland,268.0,VERIFIED_NAME_STATE,NAME_STATE_CANDIDATE_WITH_HISTORICAL_LIMITATION,HISTORICAL_REVIEW_REQUIRED,exact_name_state_boundary_candidate,HIGH_FOR_CURRENT_NAME_STATE_LINK; HISTORICAL_LIMITATION,"Exact LGD name, observed state context, and Census boundary candidate agree; code equivalence is not assumed. Existing comparison note: Exact LGD district name; observed IFI state context is retained separately because the IFI field can be multi-value and historical equivalence is unresolved. Observed IFI state context includes LGD state name. LGD/Census candidate by name; codes are not assumed equivalent."
Lower Dibang Valley,Arunachal Pradesh; Assam; Jammu and Kashmir; Punjab; Uttar Pradesh,12.0,Arunachal Pradesh,235.0,Lower Dibang Valley,15.0,258.0,Lower Dibang Valley,Arunanchal Pradesh,258.0,VERIFIED_NAME_STATE,NAME_STATE_CANDIDATE_WITH_HISTORICAL_LIMITATION,HISTORICAL_REVIEW_REQUIRED,exact_name_state_boundary_candidate,HIGH_FOR_CURRENT_NAME_STATE_LINK; HISTORICAL_LIMITATION,"Exact LGD name, observed state context, and Census boundary candidate agree; code equivalence is not assumed. Existing comparison note: Exact LGD district name; observed IFI state context is retained separately because the IFI field can be multi-value and historical equivalence is unresolved. Observed IFI state context includes LGD state name. LGD/Census candidate by name; codes are not assumed equivalent."
Lower Lower Subansiri,Arunachal Pradesh; Assam; Jammu and Kashmir; Punjab; Uttar Pradesh,,,,,,,,,,UNMATCHED,UNMATCHED,HISTORICAL_REVIEW_REQUIRED,none,NONE,No defensible LGD/Census candidate in the reviewed comparison. Existing comparison note: No exact or normalized LGD district/state candidate.
Lower Siang,Arunachal Pradesh; Assam; Jammu and Kashmir; Punjab; Uttar Pradesh,12.0,Arunachal Pradesh,719.0,Lower Siang,0.0,0.0,,,,HISTORICAL_REVIEW,REQUIRES_MANUAL_VERIFICATION,HISTORICAL_REVIEW_REQUIRED,exact_name_without_complete_state_boundary_confirmation,LOW_REQUIRES_HISTORICAL_REVIEW,Identity is plausible by exact LGD name but state or Census-boundary evidence is incomplete or contradictory. Existing comparison note: Exact LGD district name; observed IFI state context is retained separately because the IFI field can be multi-value and historical equivalence is unresolved. Observed IFI state context includes LGD state name. LGD district has no exact Census boundary pair.
Lower Subansiri,Arunachal Pradesh,12.0,Arunachal Pradesh,236.0,Lower Subansiri,5.0,255.0,Lower Subansiri,Arunanchal Pradesh,255.0,VERIFIED_NAME_STATE,NAME_STATE_CANDIDATE_WITH_HISTORICAL_LIMITATION,HISTORICAL_REVIEW_REQUIRED,exact_name_state_boundary_candidate,HIGH_FOR_CURRENT_NAME_STATE_LINK; HISTORICAL_LIMITATION,"Exact LGD name, observed state context, and Census boundary candidate agree; code equivalence is not assumed. Existing comparison note: Exact LGD district name; observed IFI state context is retained separately because the IFI field can be multi-value and historical equivalence is unresolved. Observed IFI state context includes LGD state name. LGD/Census candidate by name; codes are not assumed equivalent."
Lucknow,Arunachal Pradesh; Assam; Bihar; East Rajasthan; Gujarat; Haryana; Himachal Pradesh; Jammu and Kashmir; Kerala; Madhya Pradesh; Maharashtra; Odisha; Punjab; Rajasthan; Uttar Pradesh; Uttar pradesh; Uttarakhand; West Bengal,9.0,Uttar Pradesh,162.0,Lucknow,27.0,157.0,Lucknow,Uttar Pradesh,157.0,VERIFIED_NAME_STATE,NAME_STATE_CANDIDATE_WITH_HISTORICAL_LIMITATION,HISTORICAL_REVIEW_REQUIRED,exact_name_state_boundary_candidate,HIGH_FOR_CURRENT_NAME_STATE_LINK; HISTORICAL_LIMITATION,"Exact LGD name, observed state context, and Census boundary candidate agree; code equivalence is not assumed. Existing comparison note: Exact LGD district name; observed IFI state context is retained separately because the IFI field can be multi-value and historical equivalence is unresolved. Observed IFI state context includes LGD state name. LGD/Census candidate by name; codes are not assumed equivalent."
Ludhiana,Arunachal Pradesh; Assam; Delhi; Haryana; Jammu and Kashmir; Madhya Pradesh; Punjab; Rajasthan; Uttar Pradesh; West Bengal,3.0,Punjab,36.0,Ludhiana,9.0,41.0,Ludhiana,Punjab,41.0,VERIFIED_NAME_STATE,NAME_STATE_CANDIDATE_WITH_HISTORICAL_LIMITATION,HISTORICAL_REVIEW_REQUIRED,exact_name_state_boundary_candidate,HIGH_FOR_CURRENT_NAME_STATE_LINK; HISTORICAL_LIMITATION,"Exact LGD name, observed state context, and Census boundary candidate agree; code equivalence is not assumed. Existing comparison note: Exact LGD district name; observed IFI state context is retained separately because the IFI field can be multi-value and historical equivalence is unresolved. Observed IFI state context includes LGD state name. LGD/Census candidate by name; codes are not assumed equivalent."
Lunglei,Mizoram,15.0,Mizoram,265.0,Lunglei,6.0,286.0,Lunglei,Mizoram,286.0,VERIFIED_NAME_STATE,NAME_STATE_CANDIDATE_WITH_HISTORICAL_LIMITATION,HISTORICAL_REVIEW_REQUIRED,exact_name_state_boundary_candidate,HIGH_FOR_CURRENT_NAME_STATE_LINK; HISTORICAL_LIMITATION,"Exact LGD name, observed state context, and Census boundary candidate agree; code equivalence is not assumed. Existing comparison note: Exact LGD district name; observed IFI state context is retained separately because the IFI field can be multi-value and historical equivalence is unresolved. Observed IFI state context includes LGD state name. LGD/Census candidate by name; codes are not assumed equivalent."
Madhepura,Andhra Pradesh; Assam; Bihar; Gujarat; Haryana; Himachal Pradesh; Jharkhand; Kerala; Madhya Pradesh; Maharashtra; Odisha; Rajasthan; Uttar Pradesh; Uttar pradesh; West Bengal,10.0,Bihar,205.0,Madhepura,11.0,213.0,Madhepura,Bihar,213.0,VERIFIED_NAME_STATE,NAME_STATE_CANDIDATE_WITH_HISTORICAL_LIMITATION,HISTORICAL_REVIEW_REQUIRED,exact_name_state_boundary_candidate,HIGH_FOR_CURRENT_NAME_STATE_LINK; HISTORICAL_LIMITATION,"Exact LGD name, observed state context, and Census boundary candidate agree; code equivalence is not assumed. Existing comparison note: Exact LGD district name; observed IFI state context is retained separately because the IFI field can be multi-value and historical equivalence is unresolved. Observed IFI state context includes LGD state name. LGD/Census candidate by name; codes are not assumed equivalent."
Madhubani,Andhra Pradesh; Assam; Bihar; Gujarat; Haryana; Himachal Pradesh; Jharkhand; Kerala; Madhya Pradesh; Maharashtra; Odisha; Rajasthan; Uttar Pradesh; Uttar pradesh; West Bengal,10.0,Bihar,206.0,Madhubani,5.0,207.0,Madhubani,Bihar,207.0,VERIFIED_NAME_STATE,NAME_STATE_CANDIDATE_WITH_HISTORICAL_LIMITATION,HISTORICAL_REVIEW_REQUIRED,exact_name_state_boundary_candidate,HIGH_FOR_CURRENT_NAME_STATE_LINK; HISTORICAL_LIMITATION,"Exact LGD name, observed state context, and Census boundary candidate agree; code equivalence is not assumed. Existing comparison note: Exact LGD district name; observed IFI state context is retained separately because the IFI field can be multi-value and historical equivalence is unresolved. Observed IFI state context includes LGD state name. LGD/Census candidate by name; codes are not assumed equivalent."
Madurai,Tamil Nadu,33.0,Tamil Nadu,578.0,Madurai,24.0,623.0,Madurai,Tamil Nadu,623.0,VERIFIED_NAME_STATE,NAME_STATE_CANDIDATE_WITH_HISTORICAL_LIMITATION,HISTORICAL_REVIEW_REQUIRED,exact_name_state_boundary_candidate,HIGH_FOR_CURRENT_NAME_STATE_LINK; HISTORICAL_LIMITATION,"Exact LGD name, observed state context, and Census boundary candidate agree; code equivalence is not assumed. Existing comparison note: Exact LGD district name; observed IFI state context is retained separately because the IFI field can be multi-value and historical equivalence is unresolved. Observed IFI state context includes LGD state name. LGD/Census candidate by name; codes are not assumed equivalent."
Mahabubabad,Andhra Pradesh; Maharashtra; Telangana,36.0,Telangana,688.0,Mahabubabad,0.0,0.0,,,,HISTORICAL_REVIEW,REQUIRES_MANUAL_VERIFICATION,HISTORICAL_REVIEW_REQUIRED,exact_name_without_complete_state_boundary_confirmation,LOW_REQUIRES_HISTORICAL_REVIEW,Identity is plausible by exact LGD name but state or Census-boundary evidence is incomplete or contradictory. Existing comparison note: Exact LGD district name; observed IFI state context is retained separately because the IFI field can be multi-value and historical equivalence is unresolved. Observed IFI state context includes LGD state name. LGD district has no exact Census boundary pair.
Mahabubnagar,Andhra Pradesh; Maharashtra; Telangana,36.0,Telangana,512.0,Mahabubnagar,7.0,538.0,,,,HISTORICAL_REVIEW,REQUIRES_MANUAL_VERIFICATION,HISTORICAL_REVIEW_REQUIRED,exact_name_without_complete_state_boundary_confirmation,LOW_REQUIRES_HISTORICAL_REVIEW,Identity is plausible by exact LGD name but state or Census-boundary evidence is incomplete or contradictory. Existing comparison note: Exact LGD district name; observed IFI state context is retained separately because the IFI field can be multi-value and historical equivalence is unresolved. Observed IFI state context includes LGD state name. LGD district has no exact Census boundary pair.
Mahasamund,Chhattisgarh,22.0,Chhattisgarh,385.0,Mahasamund,12.0,411.0,Mahasamund,Chhattisgarh,411.0,VERIFIED_NAME_STATE,NAME_STATE_CANDIDATE_WITH_HISTORICAL_LIMITATION,HISTORICAL_REVIEW_REQUIRED,exact_name_state_boundary_candidate,HIGH_FOR_CURRENT_NAME_STATE_LINK; HISTORICAL_LIMITATION,"Exact LGD name, observed state context, and Census boundary candidate agree; code equivalence is not assumed. Existing comparison note: Exact LGD district name; observed IFI state context is retained separately because the IFI field can be multi-value and historical equivalence is unresolved. Observed IFI state context includes LGD state name. LGD/Census candidate by name; codes are not assumed equivalent."
Mahe,Puducherry,,,,,,,,,,UNMATCHED,UNMATCHED,HISTORICAL_REVIEW_REQUIRED,none,NONE,No defensible LGD/Census candidate in the reviewed comparison. Existing comparison note: No exact or normalized LGD district/state candidate.
Mahendragarh,Bihar; Haryana; Kerala; Madhya Pradesh; Odisha; Punjab; Rajasthan; Uttar Pradesh; West Bengal,6.0,Haryana,69.0,Mahendragarh,16.0,84.0,Mahendragarh,Haryana,84.0,VERIFIED_NAME_STATE,NAME_STATE_CANDIDATE_WITH_HISTORICAL_LIMITATION,HISTORICAL_REVIEW_REQUIRED,exact_name_state_boundary_candidate,HIGH_FOR_CURRENT_NAME_STATE_LINK; HISTORICAL_LIMITATION,"Exact LGD name, observed state context, and Census boundary candidate agree; code equivalence is not assumed. Existing comparison note: Exact LGD district name; observed IFI state context is retained separately because the IFI field can be multi-value and historical equivalence is unresolved. Observed IFI state context includes LGD state name. LGD/Census candidate by name; codes are not assumed equivalent."
Mahesana,Bihar; Gujarat; Madhya Pradesh; Maharashtra; Rajasthan; Uttar Pradesh,24.0,Gujarat,451.0,Mahesana,4.0,471.0,Mahesana,Gujarat,471.0,VERIFIED_NAME_STATE,NAME_STATE_CANDIDATE_WITH_HISTORICAL_LIMITATION,HISTORICAL_REVIEW_REQUIRED,exact_name_state_boundary_candidate,HIGH_FOR_CURRENT_NAME_STATE_LINK; HISTORICAL_LIMITATION,"Exact LGD name, observed state context, and Census boundary candidate agree; code equivalence is not assumed. Existing comparison note: Exact LGD district name; observed IFI state context is retained separately because the IFI field can be multi-value and historical equivalence is unresolved. Observed IFI state context includes LGD state name. LGD/Census candidate by name; codes are not assumed equivalent."
Mahisagar,Bihar; Gujarat; Madhya Pradesh; Maharashtra; Rajasthan; Uttar Pradesh,24.0,Gujarat,669.0,Mahisagar,0.0,0.0,,,,HISTORICAL_REVIEW,REQUIRES_MANUAL_VERIFICATION,HISTORICAL_REVIEW_REQUIRED,exact_name_without_complete_state_boundary_confirmation,LOW_REQUIRES_HISTORICAL_REVIEW,Identity is plausible by exact LGD name but state or Census-boundary evidence is incomplete or contradictory. Existing comparison note: Exact LGD district name; observed IFI state context is retained separately because the IFI field can be multi-value and historical equivalence is unresolved. Observed IFI state context includes LGD state name. LGD district has no exact Census boundary pair.
Mahoba,Arunachal Pradesh; Assam; Bihar; East Rajasthan; Gujarat; Haryana; Himachal Pradesh; Jammu and Kashmir; Kerala; Madhya Pradesh; Maharashtra; Odisha; Punjab; Rajasthan; Uttar Pradesh; Uttar pradesh; West Bengal,9.0,Uttar Pradesh,165.0,Mahoba,39.0,169.0,Mahoba,Uttar Pradesh,169.0,VERIFIED_NAME_STATE,NAME_STATE_CANDIDATE_WITH_HISTORICAL_LIMITATION,HISTORICAL_REVIEW_REQUIRED,exact_name_state_boundary_candidate,HIGH_FOR_CURRENT_NAME_STATE_LINK; HISTORICAL_LIMITATION,"Exact LGD name, observed state context, and Census boundary candidate agree; code equivalence is not assumed. Existing comparison note: Exact LGD district name; observed IFI state context is retained separately because the IFI field can be multi-value and historical equivalence is unresolved. Observed IFI state context includes LGD state name. LGD/Census candidate by name; codes are not assumed equivalent."
Mahrajganj,Arunachal Pradesh; Assam; Bihar; East Rajasthan; Gujarat; Haryana; Himachal Pradesh; Jammu and Kashmir; Kerala; Madhya Pradesh; Maharashtra; Odisha; Punjab; Rajasthan; Uttar Pradesh; Uttar pradesh; West Bengal,9.0,Uttar Pradesh,164.0,Mahrajganj,57.0,187.0,,,,HISTORICAL_REVIEW,REQUIRES_MANUAL_VERIFICATION,HISTORICAL_REVIEW_REQUIRED,exact_name_without_complete_state_boundary_confirmation,LOW_REQUIRES_HISTORICAL_REVIEW,Identity is plausible by exact LGD name but state or Census-boundary evidence is incomplete or contradictory. Existing comparison note: Exact LGD district name; observed IFI state context is retained separately because the IFI field can be multi-value and historical equivalence is unresolved. Observed IFI state context includes LGD state name. LGD district has no exact Census boundary pair.
Mainpuri,Arunachal Pradesh; Assam; Bihar; East Rajasthan; Gujarat; Haryana; Himachal Pradesh; Jammu and Kashmir; Kerala; Madhya Pradesh; Maharashtra; Odisha; Punjab; Rajasthan; Uttar Pradesh; Uttar pradesh; Uttarakhand; West Bengal,9.0,Uttar Pradesh,166.0,Mainpuri,18.0,148.0,Mainpuri,Uttar Pradesh,148.0,VERIFIED_NAME_STATE,NAME_STATE_CANDIDATE_WITH_HISTORICAL_LIMITATION,HISTORICAL_REVIEW_REQUIRED,exact_name_state_boundary_candidate,HIGH_FOR_CURRENT_NAME_STATE_LINK; HISTORICAL_LIMITATION,"Exact LGD name, observed state context, and Census boundary candidate agree; code equivalence is not assumed. Existing comparison note: Exact LGD district name; observed IFI state context is retained separately because the IFI field can be multi-value and historical equivalence is unresolved. Observed IFI state context includes LGD state name. LGD/Census candidate by name; codes are not assumed equivalent."
Majuli,Arunachal Pradesh; Assam; Bihar; Jammu and Kashmir; Kerala; Odisha; Punjab; Uttar Pradesh; West Bengal,18.0,Assam,706.0,Majuli,0.0,0.0,,,,HISTORICAL_REVIEW,REQUIRES_MANUAL_VERIFICATION,HISTORICAL_REVIEW_REQUIRED,exact_name_without_complete_state_boundary_confirmation,LOW_REQUIRES_HISTORICAL_REVIEW,Identity is plausible by exact LGD name but state or Census-boundary evidence is incomplete or contradictory. Existing comparison note: Exact LGD district name; observed IFI state context is retained separately because the IFI field can be multi-value and historical equivalence is unresolved. Observed IFI state context includes LGD state name. LGD district has no exact Census boundary pair.
Malappuram,Bihar; Haryana; Karnataka; Kerala; Rajasthan; Uttar Pradesh,32.0,Kerala,562.0,Malappuram,5.0,592.0,Malappuram,Kerala,592.0,VERIFIED_NAME_STATE,NAME_STATE_CANDIDATE_WITH_HISTORICAL_LIMITATION,HISTORICAL_REVIEW_REQUIRED,exact_name_state_boundary_candidate,HIGH_FOR_CURRENT_NAME_STATE_LINK; HISTORICAL_LIMITATION,"Exact LGD name, observed state context, and Census boundary candidate agree; code equivalence is not assumed. Existing comparison note: Exact LGD district name; observed IFI state context is retained separately because the IFI field can be multi-value and historical equivalence is unresolved. Observed IFI state context includes LGD state name. LGD/Census candidate by name; codes are not assumed equivalent."
Malda,Madhya Pradesh; Uttar Pradesh; West Bengal,19.0,West Bengal,316.0,Malda,6.0,332.0,,,,HISTORICAL_REVIEW,REQUIRES_MANUAL_VERIFICATION,HISTORICAL_REVIEW_REQUIRED,exact_name_without_complete_state_boundary_confirmation,LOW_REQUIRES_HISTORICAL_REVIEW,Identity is plausible by exact LGD name but state or Census-boundary evidence is incomplete or contradictory. Existing comparison note: Exact LGD district name; observed IFI state context is retained separately because the IFI field can be multi-value and historical equivalence is unresolved. Observed IFI state context includes LGD state name. LGD district has no exact Census boundary pair.
Maldah,Andhra Pradesh; Assam; Bihar; Haryana; Himachal Pradesh; Kerala; Madhya Pradesh; Odisha; Punjab; Uttar Pradesh; Uttar pradesh; West Bengal,,,,,,,,,,UNMATCHED,UNMATCHED,HISTORICAL_REVIEW_REQUIRED,none,NONE,No defensible LGD/Census candidate in the reviewed comparison. Existing comparison note: No exact or normalized LGD district/state candidate.
Malikkeri,Kerala,,,,,,,,,,UNMATCHED,UNMATCHED,HISTORICAL_REVIEW_REQUIRED,none,NONE,No defensible LGD/Census candidate in the reviewed comparison. Existing comparison note: No exact or normalized LGD district/state candidate.
Malkangiri,Andhra Pradesh; Assam; Bihar; Haryana; Madhya Pradesh; Odisha; Rajasthan; Uttar Pradesh; West Bengal,21.0,Odisha,364.0,Malkangiri,30.0,399.0,Malkangiri,Odisha,399.0,VERIFIED_NAME_STATE,NAME_STATE_CANDIDATE_WITH_HISTORICAL_LIMITATION,HISTORICAL_REVIEW_REQUIRED,exact_name_state_boundary_candidate,HIGH_FOR_CURRENT_NAME_STATE_LINK; HISTORICAL_LIMITATION,"Exact LGD name, observed state context, and Census boundary candidate agree; code equivalence is not assumed. Existing comparison note: Exact LGD district name; observed IFI state context is retained separately because the IFI field can be multi-value and historical equivalence is unresolved. Observed IFI state context includes LGD state name. LGD/Census candidate by name; codes are not assumed equivalent."
Mamit,Mizoram,15.0,Mizoram,266.0,Mamit,1.0,281.0,Mamit,Mizoram,281.0,VERIFIED_NAME_STATE,NAME_STATE_CANDIDATE_WITH_HISTORICAL_LIMITATION,HISTORICAL_REVIEW_REQUIRED,exact_name_state_boundary_candidate,HIGH_FOR_CURRENT_NAME_STATE_LINK; HISTORICAL_LIMITATION,"Exact LGD name, observed state context, and Census boundary candidate agree; code equivalence is not assumed. Existing comparison note: Exact LGD district name; observed IFI state context is retained separately because the IFI field can be multi-value and historical equivalence is unresolved. Observed IFI state context includes LGD state name. LGD/Census candidate by name; codes are not assumed equivalent."
Manali,Himachal Pradesh,,,,,,,,,,UNMATCHED,UNMATCHED,HISTORICAL_REVIEW_REQUIRED,none,NONE,No defensible LGD/Census candidate in the reviewed comparison. Existing comparison note: No exact or normalized LGD district/state candidate.
Mancachar,Assam,,,,,,,,,,UNMATCHED,UNMATCHED,HISTORICAL_REVIEW_REQUIRED,none,NONE,No defensible LGD/Census candidate in the reviewed comparison. Existing comparison note: No exact or normalized LGD district/state candidate.
Mancherial,Andhra Pradesh; Maharashtra; Telangana,36.0,Telangana,684.0,Mancherial,0.0,0.0,,,,HISTORICAL_REVIEW,REQUIRES_MANUAL_VERIFICATION,HISTORICAL_REVIEW_REQUIRED,exact_name_without_complete_state_boundary_confirmation,LOW_REQUIRES_HISTORICAL_REVIEW,Identity is plausible by exact LGD name but state or Census-boundary evidence is incomplete or contradictory. Existing comparison note: Exact LGD district name; observed IFI state context is retained separately because the IFI field can be multi-value and historical equivalence is unresolved. Observed IFI state context includes LGD state name. LGD district has no exact Census boundary pair.
Mandi,Himachal Pradesh; Uttar Pradesh,2.0,Himachal Pradesh,22.0,Mandi,5.0,27.0,Mandi,Himachal Pradesh,27.0,VERIFIED_NAME_STATE,NAME_STATE_CANDIDATE_WITH_HISTORICAL_LIMITATION,HISTORICAL_REVIEW_REQUIRED,exact_name_state_boundary_candidate,HIGH_FOR_CURRENT_NAME_STATE_LINK; HISTORICAL_LIMITATION,"Exact LGD name, observed state context, and Census boundary candidate agree; code equivalence is not assumed. Existing comparison note: Exact LGD district name; observed IFI state context is retained separately because the IFI field can be multi-value and historical equivalence is unresolved. Observed IFI state context includes LGD state name. LGD/Census candidate by name; codes are not assumed equivalent."
Mandla,Andhra Pradesh; Bihar; Chhattisgarh; Gujarat; Haryana; Madhya Pradesh; Maharashtra; Odisha; Punjab; Rajasthan; Uttar Pradesh; West Bengal,23.0,Madhya Pradesh,415.0,Mandla,42.0,454.0,Mandla,Madhya Pradesh,454.0,VERIFIED_NAME_STATE,NAME_STATE_CANDIDATE_WITH_HISTORICAL_LIMITATION,HISTORICAL_REVIEW_REQUIRED,exact_name_state_boundary_candidate,HIGH_FOR_CURRENT_NAME_STATE_LINK; HISTORICAL_LIMITATION,"Exact LGD name, observed state context, and Census boundary candidate agree; code equivalence is not assumed. Existing comparison note: Exact LGD district name; observed IFI state context is retained separately because the IFI field can be multi-value and historical equivalence is unresolved. Observed IFI state context includes LGD state name. LGD/Census candidate by name; codes are not assumed equivalent."
Mandsaur,Andhra Pradesh; Bihar; Chhattisgarh; Gujarat; Haryana; Madhya Pradesh; Maharashtra; Odisha; Punjab; Rajasthan; Uttar Pradesh; West Bengal,23.0,Madhya Pradesh,416.0,Mandsaur,19.0,433.0,Mandsaur,Madhya Pradesh,433.0,VERIFIED_NAME_STATE,NAME_STATE_CANDIDATE_WITH_HISTORICAL_LIMITATION,HISTORICAL_REVIEW_REQUIRED,exact_name_state_boundary_candidate,HIGH_FOR_CURRENT_NAME_STATE_LINK; HISTORICAL_LIMITATION,"Exact LGD name, observed state context, and Census boundary candidate agree; code equivalence is not assumed. Existing comparison note: Exact LGD district name; observed IFI state context is retained separately because the IFI field can be multi-value and historical equivalence is unresolved. Observed IFI state context includes LGD state name. LGD/Census candidate by name; codes are not assumed equivalent."
Mandya,Karnataka; Kerala,29.0,Karnataka,544.0,Mandya,22.0,573.0,Mandya,Karnataka,573.0,VERIFIED_NAME_STATE,NAME_STATE_CANDIDATE_WITH_HISTORICAL_LIMITATION,HISTORICAL_REVIEW_REQUIRED,exact_name_state_boundary_candidate,HIGH_FOR_CURRENT_NAME_STATE_LINK; HISTORICAL_LIMITATION,"Exact LGD name, observed state context, and Census boundary candidate agree; code equivalence is not assumed. Existing comparison note: Exact LGD district name; observed IFI state context is retained separately because the IFI field can be multi-value and historical equivalence is unresolved. Observed IFI state context includes LGD state name. LGD/Census candidate by name; codes are not assumed equivalent."
Mangalbari,West Bengal,,,,,,,,,,UNMATCHED,UNMATCHED,HISTORICAL_REVIEW_REQUIRED,none,NONE,No defensible LGD/Census candidate in the reviewed comparison. Existing comparison note: No exact or normalized LGD district/state candidate.
Mangalore,Karnataka,,,,,,,,,,UNMATCHED,UNMATCHED,HISTORICAL_REVIEW_REQUIRED,none,NONE,No defensible LGD/Census candidate in the reviewed comparison. Existing comparison note: No exact or normalized LGD district/state candidate.
Mangan,Sikkim,11.0,Sikkim,226.0,Mangan,1.0,241.0,,,,HISTORICAL_REVIEW,REQUIRES_MANUAL_VERIFICATION,HISTORICAL_REVIEW_REQUIRED,exact_name_without_complete_state_boundary_confirmation,LOW_REQUIRES_HISTORICAL_REVIEW,Identity is plausible by exact LGD name but state or Census-boundary evidence is incomplete or contradictory. Existing comparison note: Exact LGD district name; observed IFI state context is retained separately because the IFI field can be multi-value and historical equivalence is unresolved. Observed IFI state context includes LGD state name. LGD district has no exact Census boundary pair.
Mansa,Arunachal Pradesh; Assam; Delhi; Haryana; Jammu and Kashmir; Madhya Pradesh; Punjab; Rajasthan; Uttar Pradesh; West Bengal,3.0,Punjab,37.0,Mansa,15.0,47.0,Mansa,Punjab,47.0,VERIFIED_NAME_STATE,NAME_STATE_CANDIDATE_WITH_HISTORICAL_LIMITATION,HISTORICAL_REVIEW_REQUIRED,exact_name_state_boundary_candidate,HIGH_FOR_CURRENT_NAME_STATE_LINK; HISTORICAL_LIMITATION,"Exact LGD name, observed state context, and Census boundary candidate agree; code equivalence is not assumed. Existing comparison note: Exact LGD district name; observed IFI state context is retained separately because the IFI field can be multi-value and historical equivalence is unresolved. Observed IFI state context includes LGD state name. LGD/Census candidate by name; codes are not assumed equivalent."
Many districts of South Bengal,West Bengal,,,,,,,,,,UNMATCHED,UNMATCHED,HISTORICAL_REVIEW_REQUIRED,none,NONE,No defensible LGD/Census candidate in the reviewed comparison. Existing comparison note: No exact or normalized LGD district/state candidate.
Many districts of Tamil Nadu.,Tamil Nadu,,,,,,,,,,UNMATCHED,UNMATCHED,HISTORICAL_REVIEW_REQUIRED,none,NONE,No defensible LGD/Census candidate in the reviewed comparison. Existing comparison note: No exact or normalized LGD district/state candidate.
Many districts of Uttar Kashi Pradesh,Uttar Pradesh,,,,,,,,,,UNMATCHED,UNMATCHED,HISTORICAL_REVIEW_REQUIRED,none,NONE,No defensible LGD/Census candidate in the reviewed comparison. Existing comparison note: No exact or normalized LGD district/state candidate.
Many parts,Arunachal Pradesh; Chhattisgarh; Gujarat; Madhya Pradesh; Punjab; Tamil Nadu; Uttar Pradesh,,,,,,,,,,UNMATCHED,UNMATCHED,HISTORICAL_REVIEW_REQUIRED,none,NONE,No defensible LGD/Census candidate in the reviewed comparison. Existing comparison note: No exact or normalized LGD district/state candidate.
Many parts of Tamil Nadu.,Tamil Nadu,,,,,,,,,,UNMATCHED,UNMATCHED,HISTORICAL_REVIEW_REQUIRED,none,NONE,No defensible LGD/Census candidate in the reviewed comparison. Existing comparison note: No exact or normalized LGD district/state candidate.
Many parts of the State,Odisha; Punjab,,,,,,,,,,UNMATCHED,UNMATCHED,HISTORICAL_REVIEW_REQUIRED,none,NONE,No defensible LGD/Census candidate in the reviewed comparison. Existing comparison note: No exact or normalized LGD district/state candidate.
Marathwada,Maharashtra,,,,,,,,,,UNMATCHED,UNMATCHED,HISTORICAL_REVIEW_REQUIRED,none,NONE,No defensible LGD/Census candidate in the reviewed comparison. Existing comparison note: No exact or normalized LGD district/state candidate.
Marigaon,Arunachal Pradesh; Assam; Bihar; Jammu and Kashmir; Kerala; Odisha; Punjab; Uttar Pradesh; West Bengal,18.0,Assam,296.0,Marigaon,9.0,304.0,Marigaon,Assam,304.0,VERIFIED_NAME_STATE,NAME_STATE_CANDIDATE_WITH_HISTORICAL_LIMITATION,HISTORICAL_REVIEW_REQUIRED,exact_name_state_boundary_candidate,HIGH_FOR_CURRENT_NAME_STATE_LINK; HISTORICAL_LIMITATION,"Exact LGD name, observed state context, and Census boundary candidate agree; code equivalence is not assumed. Existing comparison note: Exact LGD district name; observed IFI state context is retained separately because the IFI field can be multi-value and historical equivalence is unresolved. Observed IFI state context includes LGD state name. LGD/Census candidate by name; codes are not assumed equivalent."
Mathura,Arunachal Pradesh; Assam; Bihar; East Rajasthan; Gujarat; Haryana; Himachal Pradesh; Jammu and Kashmir; Kerala; Madhya Pradesh; Maharashtra; Odisha; Punjab; Rajasthan; Uttar Pradesh; Uttar pradesh; Uttarakhand; West Bengal,9.0,Uttar Pradesh,167.0,Mathura,14.0,145.0,Mathura,Uttar Pradesh,145.0,VERIFIED_NAME_STATE,NAME_STATE_CANDIDATE_WITH_HISTORICAL_LIMITATION,HISTORICAL_REVIEW_REQUIRED,exact_name_state_boundary_candidate,HIGH_FOR_CURRENT_NAME_STATE_LINK; HISTORICAL_LIMITATION,"Exact LGD name, observed state context, and Census boundary candidate agree; code equivalence is not assumed. Existing comparison note: Exact LGD district name; observed IFI state context is retained separately because the IFI field can be multi-value and historical equivalence is unresolved. Observed IFI state context includes LGD state name. LGD/Census candidate by name; codes are not assumed equivalent."
Mau,Arunachal Pradesh; Assam; Bihar; East Rajasthan; Gujarat; Haryana; Himachal Pradesh; Jammu and Kashmir; Kerala; Madhya Pradesh; Maharashtra; Odisha; Punjab; Rajasthan; Uttar Pradesh; Uttar pradesh; West Bengal,9.0,Uttar Pradesh,168.0,Mau,62.0,192.0,Mau,Uttar Pradesh,192.0,VERIFIED_NAME_STATE,NAME_STATE_CANDIDATE_WITH_HISTORICAL_LIMITATION,HISTORICAL_REVIEW_REQUIRED,exact_name_state_boundary_candidate,HIGH_FOR_CURRENT_NAME_STATE_LINK; HISTORICAL_LIMITATION,"Exact LGD name, observed state context, and Census boundary candidate agree; code equivalence is not assumed. Existing comparison note: Exact LGD district name; observed IFI state context is retained separately because the IFI field can be multi-value and historical equivalence is unresolved. Observed IFI state context includes LGD state name. LGD/Census candidate by name; codes are not assumed equivalent."
Mayurbhanj,Andhra Pradesh; Assam; Bihar; Haryana; Madhya Pradesh; Odisha; Rajasthan; Uttar Pradesh; West Bengal,21.0,Odisha,365.0,Mayurbhanj,7.0,376.0,Mayurbhanj,Odisha,376.0,VERIFIED_NAME_STATE,NAME_STATE_CANDIDATE_WITH_HISTORICAL_LIMITATION,HISTORICAL_REVIEW_REQUIRED,exact_name_state_boundary_candidate,HIGH_FOR_CURRENT_NAME_STATE_LINK; HISTORICAL_LIMITATION,"Exact LGD name, observed state context, and Census boundary candidate agree; code equivalence is not assumed. Existing comparison note: Exact LGD district name; observed IFI state context is retained separately because the IFI field can be multi-value and historical equivalence is unresolved. Observed IFI state context includes LGD state name. LGD/Census candidate by name; codes are not assumed equivalent."
Medak,Andhra Pradesh; Maharashtra; Telangana,36.0,Telangana,513.0,Medak,4.0,535.0,Medak,Andhra Pradesh,535.0,VERIFIED_NAME_STATE,NAME_STATE_CANDIDATE_WITH_HISTORICAL_LIMITATION,HISTORICAL_REVIEW_REQUIRED,exact_name_state_boundary_candidate,HIGH_FOR_CURRENT_NAME_STATE_LINK; HISTORICAL_LIMITATION,"Exact LGD name, observed state context, and Census boundary candidate agree; code equivalence is not assumed. Existing comparison note: Exact LGD district name; observed IFI state context is retained separately because the IFI field can be multi-value and historical equivalence is unresolved. Observed IFI state context includes LGD state name. LGD/Census candidate by name; codes are not assumed equivalent."
Medchal Malkajgiri,Andhra Pradesh; Maharashtra; Telangana,36.0,Telangana,700.0,Medchal Malkajgiri,0.0,0.0,,,,HISTORICAL_REVIEW,REQUIRES_MANUAL_VERIFICATION,HISTORICAL_REVIEW_REQUIRED,exact_name_without_complete_state_boundary_confirmation,LOW_REQUIRES_HISTORICAL_REVIEW,Identity is plausible by exact LGD name but state or Census-boundary evidence is incomplete or contradictory. Existing comparison note: Exact LGD district name; observed IFI state context is retained separately because the IFI field can be multi-value and historical equivalence is unresolved. Observed IFI state context includes LGD state name. LGD district has no exact Census boundary pair.
Meerut,Arunachal Pradesh; Assam; Bihar; East Rajasthan; Gujarat; Haryana; Himachal Pradesh; Jammu and Kashmir; Kerala; Madhya Pradesh; Maharashtra; Odisha; Punjab; Rajasthan; Uttar Pradesh; Uttar pradesh; West Bengal,9.0,Uttar Pradesh,169.0,Meerut,7.0,138.0,Meerut,Uttar Pradesh,138.0,VERIFIED_NAME_STATE,NAME_STATE_CANDIDATE_WITH_HISTORICAL_LIMITATION,HISTORICAL_REVIEW_REQUIRED,exact_name_state_boundary_candidate,HIGH_FOR_CURRENT_NAME_STATE_LINK; HISTORICAL_LIMITATION,"Exact LGD name, observed state context, and Census boundary candidate agree; code equivalence is not assumed. Existing comparison note: Exact LGD district name; observed IFI state context is retained separately because the IFI field can be multi-value and historical equivalence is unresolved. Observed IFI state context includes LGD state name. LGD/Census candidate by name; codes are not assumed equivalent."
Mirpur,Arunachal Pradesh; Assam; Delhi; Jammu and Kashmir; Punjab; Uttar Pradesh,,,,,,,,,,UNMATCHED,UNMATCHED,HISTORICAL_REVIEW_REQUIRED,none,NONE,No defensible LGD/Census candidate in the reviewed comparison. Existing comparison note: No exact or normalized LGD district/state candidate.
Mirzapur,Arunachal Pradesh; Assam; Bihar; East Rajasthan; Gujarat; Haryana; Himachal Pradesh; Jammu and Kashmir; Kerala; Madhya Pradesh; Maharashtra; Odisha; Punjab; Rajasthan; Uttar Pradesh; Uttar pradesh; Uttarakhand; West Bengal,9.0,Uttar Pradesh,170.0,Mirzapur,69.0,199.0,Mirzapur,Uttar Pradesh,199.0,VERIFIED_NAME_STATE,NAME_STATE_CANDIDATE_WITH_HISTORICAL_LIMITATION,HISTORICAL_REVIEW_REQUIRED,exact_name_state_boundary_candidate,HIGH_FOR_CURRENT_NAME_STATE_LINK; HISTORICAL_LIMITATION,"Exact LGD name, observed state context, and Census boundary candidate agree; code equivalence is not assumed. Existing comparison note: Exact LGD district name; observed IFI state context is retained separately because the IFI field can be multi-value and historical equivalence is unresolved. Observed IFI state context includes LGD state name. LGD/Census candidate by name; codes are not assumed equivalent."
Moga,Arunachal Pradesh; Assam; Delhi; Haryana; Jammu and Kashmir; Madhya Pradesh; Punjab; Rajasthan; Uttar Pradesh; West Bengal,3.0,Punjab,38.0,Moga,10.0,42.0,Moga,Punjab,42.0,VERIFIED_NAME_STATE,NAME_STATE_CANDIDATE_WITH_HISTORICAL_LIMITATION,HISTORICAL_REVIEW_REQUIRED,exact_name_state_boundary_candidate,HIGH_FOR_CURRENT_NAME_STATE_LINK; HISTORICAL_LIMITATION,"Exact LGD name, observed state context, and Census boundary candidate agree; code equivalence is not assumed. Existing comparison note: Exact LGD district name; observed IFI state context is retained separately because the IFI field can be multi-value and historical equivalence is unresolved. Observed IFI state context includes LGD state name. LGD/Census candidate by name; codes are not assumed equivalent."
Mokokchung,Nagaland,13.0,Nagaland,246.0,Mokokchung,3.0,262.0,Mokokchung,Nagaland,262.0,VERIFIED_NAME_STATE,NAME_STATE_CANDIDATE_WITH_HISTORICAL_LIMITATION,HISTORICAL_REVIEW_REQUIRED,exact_name_state_boundary_candidate,HIGH_FOR_CURRENT_NAME_STATE_LINK; HISTORICAL_LIMITATION,"Exact LGD name, observed state context, and Census boundary candidate agree; code equivalence is not assumed. Existing comparison note: Exact LGD district name; observed IFI state context is retained separately because the IFI field can be multi-value and historical equivalence is unresolved. Observed IFI state context includes LGD state name. LGD/Census candidate by name; codes are not assumed equivalent."
Mon,Nagaland,13.0,Nagaland,247.0,Mon,1.0,261.0,Mon,Nagaland,261.0,VERIFIED_NAME_STATE,NAME_STATE_CANDIDATE_WITH_HISTORICAL_LIMITATION,HISTORICAL_REVIEW_REQUIRED,exact_name_state_boundary_candidate,HIGH_FOR_CURRENT_NAME_STATE_LINK; HISTORICAL_LIMITATION,"Exact LGD name, observed state context, and Census boundary candidate agree; code equivalence is not assumed. Existing comparison note: Exact LGD district name; observed IFI state context is retained separately because the IFI field can be multi-value and historical equivalence is unresolved. Observed IFI state context includes LGD state name. LGD/Census candidate by name; codes are not assumed equivalent."
Moradabad,Arunachal Pradesh; Assam; Bihar; East Rajasthan; Gujarat; Haryana; Himachal Pradesh; Jammu and Kashmir; Kerala; Madhya Pradesh; Maharashtra; Odisha; Punjab; Rajasthan; Uttar Pradesh; Uttar pradesh; Uttarakhand; West Bengal,9.0,Uttar Pradesh,171.0,Moradabad,4.0,135.0,Moradabad,Uttar Pradesh,135.0,VERIFIED_NAME_STATE,NAME_STATE_CANDIDATE_WITH_HISTORICAL_LIMITATION,HISTORICAL_REVIEW_REQUIRED,exact_name_state_boundary_candidate,HIGH_FOR_CURRENT_NAME_STATE_LINK; HISTORICAL_LIMITATION,"Exact LGD name, observed state context, and Census boundary candidate agree; code equivalence is not assumed. Existing comparison note: Exact LGD district name; observed IFI state context is retained separately because the IFI field can be multi-value and historical equivalence is unresolved. Observed IFI state context includes LGD state name. LGD/Census candidate by name; codes are not assumed equivalent."
Morbi,Bihar; Gujarat; Madhya Pradesh; Maharashtra; Rajasthan; Uttar Pradesh,24.0,Gujarat,673.0,Morbi,0.0,0.0,,,,HISTORICAL_REVIEW,REQUIRES_MANUAL_VERIFICATION,HISTORICAL_REVIEW_REQUIRED,exact_name_without_complete_state_boundary_confirmation,LOW_REQUIRES_HISTORICAL_REVIEW,Identity is plausible by exact LGD name but state or Census-boundary evidence is incomplete or contradictory. Existing comparison note: Exact LGD district name; observed IFI state context is retained separately because the IFI field can be multi-value and historical equivalence is unresolved. Observed IFI state context includes LGD state name. LGD district has no exact Census boundary pair.
Morena,Andhra Pradesh; Bihar; Gujarat; Haryana; Madhya Pradesh; Maharashtra; Odisha; Punjab; Rajasthan; Uttar Pradesh; West Bengal,23.0,Madhya Pradesh,417.0,Morena,2.0,419.0,Morena,Madhya Pradesh,419.0,VERIFIED_NAME_STATE,NAME_STATE_CANDIDATE_WITH_HISTORICAL_LIMITATION,HISTORICAL_REVIEW_REQUIRED,exact_name_state_boundary_candidate,HIGH_FOR_CURRENT_NAME_STATE_LINK; HISTORICAL_LIMITATION,"Exact LGD name, observed state context, and Census boundary candidate agree; code equivalence is not assumed. Existing comparison note: Exact LGD district name; observed IFI state context is retained separately because the IFI field can be multi-value and historical equivalence is unresolved. Observed IFI state context includes LGD state name. LGD/Census candidate by name; codes are not assumed equivalent."
Most Upper Lower Subansiri,Arunachal Pradesh,,,,,,,,,,UNMATCHED,UNMATCHED,HISTORICAL_REVIEW_REQUIRED,none,NONE,No defensible LGD/Census candidate in the reviewed comparison. Existing comparison note: No exact or normalized LGD district/state candidate.
Most of the districts,Andhra Pradesh; Gujarat,,,,,,,,,,UNMATCHED,UNMATCHED,HISTORICAL_REVIEW_REQUIRED,none,NONE,No defensible LGD/Census candidate in the reviewed comparison. Existing comparison note: No exact or normalized LGD district/state candidate.
Most parts,Uttar Pradesh,,,,,,,,,,UNMATCHED,UNMATCHED,HISTORICAL_REVIEW_REQUIRED,none,NONE,No defensible LGD/Census candidate in the reviewed comparison. Existing comparison note: No exact or normalized LGD district/state candidate.
Mudigere,Karnataka,,,,,,,,,,UNMATCHED,UNMATCHED,HISTORICAL_REVIEW_REQUIRED,none,NONE,No defensible LGD/Census candidate in the reviewed comparison. Existing comparison note: No exact or normalized LGD district/state candidate.
Mulugu,Andhra Pradesh; Maharashtra; Telangana,36.0,Telangana,720.0,Mulugu,0.0,0.0,,,,HISTORICAL_REVIEW,REQUIRES_MANUAL_VERIFICATION,HISTORICAL_REVIEW_REQUIRED,exact_name_without_complete_state_boundary_confirmation,LOW_REQUIRES_HISTORICAL_REVIEW,Identity is plausible by exact LGD name but state or Census-boundary evidence is incomplete or contradictory. Existing comparison note: Exact LGD district name; observed IFI state context is retained separately because the IFI field can be multi-value and historical equivalence is unresolved. Observed IFI state context includes LGD state name. LGD district has no exact Census boundary pair.
Mumbai,Bihar; Gujarat; Madhya Pradesh; Maharashtra; Rajasthan; Telangana; Uttar Pradesh,27.0,Maharashtra,482.0,Mumbai,23.0,519.0,Mumbai,Maharashtra,519.0,VERIFIED_NAME_STATE,NAME_STATE_CANDIDATE_WITH_HISTORICAL_LIMITATION,HISTORICAL_REVIEW_REQUIRED,exact_name_state_boundary_candidate,HIGH_FOR_CURRENT_NAME_STATE_LINK; HISTORICAL_LIMITATION,"Exact LGD name, observed state context, and Census boundary candidate agree; code equivalence is not assumed. Existing comparison note: Exact LGD district name; observed IFI state context is retained separately because the IFI field can be multi-value and historical equivalence is unresolved. Observed IFI state context includes LGD state name. LGD/Census candidate by name; codes are not assumed equivalent."
Mumbai (Colaba),Maharashtra,,,,,,,,,,UNMATCHED,UNMATCHED,HISTORICAL_REVIEW_REQUIRED,none,NONE,No defensible LGD/Census candidate in the reviewed comparison. Existing comparison note: No exact or normalized LGD district/state candidate.
Mumbai Suburban,Bihar; Gujarat; Madhya Pradesh; Maharashtra; Rajasthan; Telangana; Uttar Pradesh,27.0,Maharashtra,483.0,Mumbai Suburban,22.0,518.0,Mumbai Suburban,Maharashtra,518.0,VERIFIED_NAME_STATE,NAME_STATE_CANDIDATE_WITH_HISTORICAL_LIMITATION,HISTORICAL_REVIEW_REQUIRED,exact_name_state_boundary_candidate,HIGH_FOR_CURRENT_NAME_STATE_LINK; HISTORICAL_LIMITATION,"Exact LGD name, observed state context, and Census boundary candidate agree; code equivalence is not assumed. Existing comparison note: Exact LGD district name; observed IFI state context is retained separately because the IFI field can be multi-value and historical equivalence is unresolved. Observed IFI state context includes LGD state name. LGD/Census candidate by name; codes are not assumed equivalent."
Mungeli,Chhattisgarh,22.0,Chhattisgarh,647.0,Mungeli,0.0,0.0,,,,HISTORICAL_REVIEW,REQUIRES_MANUAL_VERIFICATION,HISTORICAL_REVIEW_REQUIRED,exact_name_without_complete_state_boundary_confirmation,LOW_REQUIRES_HISTORICAL_REVIEW,Identity is plausible by exact LGD name but state or Census-boundary evidence is incomplete or contradictory. Existing comparison note: Exact LGD district name; observed IFI state context is retained separately because the IFI field can be multi-value and historical equivalence is unresolved. Observed IFI state context includes LGD state name. LGD district has no exact Census boundary pair.
Munger,Andhra Pradesh; Assam; Bihar; Gujarat; Haryana; Himachal Pradesh; Jharkhand; Kerala; Madhya Pradesh; Maharashtra; Odisha; Rajasthan; Uttar Pradesh; Uttar pradesh; West Bengal,10.0,Bihar,207.0,Munger,24.0,226.0,Munger,Bihar,226.0,VERIFIED_NAME_STATE,NAME_STATE_CANDIDATE_WITH_HISTORICAL_LIMITATION,HISTORICAL_REVIEW_REQUIRED,exact_name_state_boundary_candidate,HIGH_FOR_CURRENT_NAME_STATE_LINK; HISTORICAL_LIMITATION,"Exact LGD name, observed state context, and Census boundary candidate agree; code equivalence is not assumed. Existing comparison note: Exact LGD district name; observed IFI state context is retained separately because the IFI field can be multi-value and historical equivalence is unresolved. Observed IFI state context includes LGD state name. LGD/Census candidate by name; codes are not assumed equivalent."
Murshidabad,Andhra Pradesh; Assam; Bihar; Haryana; Himachal Pradesh; Kerala; Madhya Pradesh; Odisha; Punjab; Uttar Pradesh; Uttar pradesh; West Bengal,19.0,West Bengal,319.0,Murshidabad,7.0,333.0,Murshidabad,West Bengal,333.0,VERIFIED_NAME_STATE,NAME_STATE_CANDIDATE_WITH_HISTORICAL_LIMITATION,HISTORICAL_REVIEW_REQUIRED,exact_name_state_boundary_candidate,HIGH_FOR_CURRENT_NAME_STATE_LINK; HISTORICAL_LIMITATION,"Exact LGD name, observed state context, and Census boundary candidate agree; code equivalence is not assumed. Existing comparison note: Exact LGD district name; observed IFI state context is retained separately because the IFI field can be multi-value and historical equivalence is unresolved. Observed IFI state context includes LGD state name. LGD/Census candidate by name; codes are not assumed equivalent."
Muzaffarabad,Arunachal Pradesh; Assam; Delhi; Jammu and Kashmir; Punjab; Uttar Pradesh,,,,,,,,,,UNMATCHED,UNMATCHED,HISTORICAL_REVIEW_REQUIRED,none,NONE,No defensible LGD/Census candidate in the reviewed comparison. Existing comparison note: No exact or normalized LGD district/state candidate.
Muzaffarnagar,Arunachal Pradesh; Assam; Bihar; East Rajasthan; Gujarat; Haryana; Himachal Pradesh; Jammu and Kashmir; Kerala; Madhya Pradesh; Maharashtra; Odisha; Punjab; Rajasthan; Uttar Pradesh; Uttar pradesh; Uttarakhand; West Bengal,9.0,Uttar Pradesh,172.0,Muzaffarnagar,2.0,133.0,Muzaffarnagar,Uttar Pradesh,133.0,VERIFIED_NAME_STATE,NAME_STATE_CANDIDATE_WITH_HISTORICAL_LIMITATION,HISTORICAL_REVIEW_REQUIRED,exact_name_state_boundary_candidate,HIGH_FOR_CURRENT_NAME_STATE_LINK; HISTORICAL_LIMITATION,"Exact LGD name, observed state context, and Census boundary candidate agree; code equivalence is not assumed. Existing comparison note: Exact LGD district name; observed IFI state context is retained separately because the IFI field can be multi-value and historical equivalence is unresolved. Observed IFI state context includes LGD state name. LGD/Census candidate by name; codes are not assumed equivalent."
Muzaffarpur,Andhra Pradesh; Assam; Bihar; Gujarat; Haryana; Himachal Pradesh; Jharkhand; Kerala; Madhya Pradesh; Maharashtra; Odisha; Rajasthan; Uttar Pradesh; Uttar pradesh; West Bengal,10.0,Bihar,208.0,Muzaffarpur,14.0,216.0,Muzaffarpur,Bihar,216.0,VERIFIED_NAME_STATE,NAME_STATE_CANDIDATE_WITH_HISTORICAL_LIMITATION,HISTORICAL_REVIEW_REQUIRED,exact_name_state_boundary_candidate,HIGH_FOR_CURRENT_NAME_STATE_LINK; HISTORICAL_LIMITATION,"Exact LGD name, observed state context, and Census boundary candidate agree; code equivalence is not assumed. Existing comparison note: Exact LGD district name; observed IFI state context is retained separately because the IFI field can be multi-value and historical equivalence is unresolved. Observed IFI state context includes LGD state name. LGD/Census candidate by name; codes are not assumed equivalent."
Mysuru,Karnataka; Kerala,29.0,Karnataka,545.0,Mysuru,26.0,577.0,,,,HISTORICAL_REVIEW,REQUIRES_MANUAL_VERIFICATION,HISTORICAL_REVIEW_REQUIRED,exact_name_without_complete_state_boundary_confirmation,LOW_REQUIRES_HISTORICAL_REVIEW,Identity is plausible by exact LGD name but state or Census-boundary evidence is incomplete or contradictory. Existing comparison note: Exact LGD district name; observed IFI state context is retained separately because the IFI field can be multi-value and historical equivalence is unresolved. Observed IFI state context includes LGD state name. LGD district has no exact Census boundary pair.
Nabarangpur,Odisha,21.0,Odisha,366.0,Nabarangpur,28.0,397.0,,,,HISTORICAL_REVIEW,REQUIRES_MANUAL_VERIFICATION,HISTORICAL_REVIEW_REQUIRED,exact_name_without_complete_state_boundary_confirmation,LOW_REQUIRES_HISTORICAL_REVIEW,Identity is plausible by exact LGD name but state or Census-boundary evidence is incomplete or contradictory. Existing comparison note: Exact LGD district name; observed IFI state context is retained separately because the IFI field can be multi-value and historical equivalence is unresolved. Observed IFI state context includes LGD state name. LGD district has no exact Census boundary pair.
Nadia,Andhra Pradesh; Assam; Bihar; Haryana; Himachal Pradesh; Kerala; Madhya Pradesh; Odisha; Punjab; Uttar Pradesh; Uttar pradesh; West Bengal,19.0,West Bengal,320.0,Nadia,10.0,336.0,Nadia,West Bengal,336.0,VERIFIED_NAME_STATE,NAME_STATE_CANDIDATE_WITH_HISTORICAL_LIMITATION,HISTORICAL_REVIEW_REQUIRED,exact_name_state_boundary_candidate,HIGH_FOR_CURRENT_NAME_STATE_LINK; HISTORICAL_LIMITATION,"Exact LGD name, observed state context, and Census boundary candidate agree; code equivalence is not assumed. Existing comparison note: Exact LGD district name; observed IFI state context is retained separately because the IFI field can be multi-value and historical equivalence is unresolved. Observed IFI state context includes LGD state name. LGD/Census candidate by name; codes are not assumed equivalent."
Nagaon,Arunachal Pradesh; Assam; Bihar; Jammu and Kashmir; Kerala; Odisha; Punjab; Uttar Pradesh; West Bengal,18.0,Assam,297.0,Nagaon,10.0,305.0,Nagaon,Assam,305.0,VERIFIED_NAME_STATE,NAME_STATE_CANDIDATE_WITH_HISTORICAL_LIMITATION,HISTORICAL_REVIEW_REQUIRED,exact_name_state_boundary_candidate,HIGH_FOR_CURRENT_NAME_STATE_LINK; HISTORICAL_LIMITATION,"Exact LGD name, observed state context, and Census boundary candidate agree; code equivalence is not assumed. Existing comparison note: Exact LGD district name; observed IFI state context is retained separately because the IFI field can be multi-value and historical equivalence is unresolved. Observed IFI state context includes LGD state name. LGD/Census candidate by name; codes are not assumed equivalent."
Nagapattinam,Tamil Nadu,33.0,Tamil Nadu,579.0,Nagapattinam,19.0,618.0,,,,HISTORICAL_REVIEW,REQUIRES_MANUAL_VERIFICATION,HISTORICAL_REVIEW_REQUIRED,exact_name_without_complete_state_boundary_confirmation,LOW_REQUIRES_HISTORICAL_REVIEW,Identity is plausible by exact LGD name but state or Census-boundary evidence is incomplete or contradictory. Existing comparison note: Exact LGD district name; observed IFI state context is retained separately because the IFI field can be multi-value and historical equivalence is unresolved. Observed IFI state context includes LGD state name. LGD district has no exact Census boundary pair.
Nagarkoil,Tamil Nadu,,,,,,,,,,UNMATCHED,UNMATCHED,HISTORICAL_REVIEW_REQUIRED,none,NONE,No defensible LGD/Census candidate in the reviewed comparison. Existing comparison note: No exact or normalized LGD district/state candidate.
Nagarkurnool,Andhra Pradesh; Maharashtra; Telangana,36.0,Telangana,694.0,Nagarkurnool,0.0,0.0,,,,HISTORICAL_REVIEW,REQUIRES_MANUAL_VERIFICATION,HISTORICAL_REVIEW_REQUIRED,exact_name_without_complete_state_boundary_confirmation,LOW_REQUIRES_HISTORICAL_REVIEW,Identity is plausible by exact LGD name but state or Census-boundary evidence is incomplete or contradictory. Existing comparison note: Exact LGD district name; observed IFI state context is retained separately because the IFI field can be multi-value and historical equivalence is unresolved. Observed IFI state context includes LGD state name. LGD district has no exact Census boundary pair.
Nagaur,Bihar; Gujarat; Haryana; Kerala; Madhya Pradesh; Maharashtra; Odisha; Punjab; Rajasthan; Uttar Pradesh,8.0,Rajasthan,110.0,Nagaur,14.0,112.0,Nagaur,Rajasthan,112.0,VERIFIED_NAME_STATE,NAME_STATE_CANDIDATE_WITH_HISTORICAL_LIMITATION,HISTORICAL_REVIEW_REQUIRED,exact_name_state_boundary_candidate,HIGH_FOR_CURRENT_NAME_STATE_LINK; HISTORICAL_LIMITATION,"Exact LGD name, observed state context, and Census boundary candidate agree; code equivalence is not assumed. Existing comparison note: Exact LGD district name; observed IFI state context is retained separately because the IFI field can be multi-value and historical equivalence is unresolved. Observed IFI state context includes LGD state name. LGD/Census candidate by name; codes are not assumed equivalent."
Nagpur,Andhra Pradesh; Assam; Bihar; Gujarat; Haryana; Madhya Pradesh; Maharashtra; Odisha; Rajasthan; Telangana; Uttar Pradesh; West Bengal,27.0,Maharashtra,484.0,Nagpur,9.0,505.0,Nagpur,Maharashtra,505.0,VERIFIED_NAME_STATE,NAME_STATE_CANDIDATE_WITH_HISTORICAL_LIMITATION,HISTORICAL_REVIEW_REQUIRED,exact_name_state_boundary_candidate,HIGH_FOR_CURRENT_NAME_STATE_LINK; HISTORICAL_LIMITATION,"Exact LGD name, observed state context, and Census boundary candidate agree; code equivalence is not assumed. Existing comparison note: Exact LGD district name; observed IFI state context is retained separately because the IFI field can be multi-value and historical equivalence is unresolved. Observed IFI state context includes LGD state name. LGD/Census candidate by name; codes are not assumed equivalent."
Nainital,Himachal Pradesh; Uttar Pradesh; Uttarakhand,5.0,Uttarakhand,51.0,Nainital,11.0,66.0,Nainital,Uttarakhand,66.0,VERIFIED_NAME_STATE,NAME_STATE_CANDIDATE_WITH_HISTORICAL_LIMITATION,HISTORICAL_REVIEW_REQUIRED,exact_name_state_boundary_candidate,HIGH_FOR_CURRENT_NAME_STATE_LINK; HISTORICAL_LIMITATION,"Exact LGD name, observed state context, and Census boundary candidate agree; code equivalence is not assumed. Existing comparison note: Exact LGD district name; observed IFI state context is retained separately because the IFI field can be multi-value and historical equivalence is unresolved. Observed IFI state context includes LGD state name. LGD/Census candidate by name; codes are not assumed equivalent."
Nalanda,Andhra Pradesh; Assam; Bihar; Gujarat; Haryana; Himachal Pradesh; Kerala; Madhya Pradesh; Maharashtra; Odisha; Rajasthan; Uttar Pradesh; Uttar pradesh; West Bengal,10.0,Bihar,209.0,Nalanda,27.0,229.0,Nalanda,Bihar,229.0,VERIFIED_NAME_STATE,NAME_STATE_CANDIDATE_WITH_HISTORICAL_LIMITATION,HISTORICAL_REVIEW_REQUIRED,exact_name_state_boundary_candidate,HIGH_FOR_CURRENT_NAME_STATE_LINK; HISTORICAL_LIMITATION,"Exact LGD name, observed state context, and Census boundary candidate agree; code equivalence is not assumed. Existing comparison note: Exact LGD district name; observed IFI state context is retained separately because the IFI field can be multi-value and historical equivalence is unresolved. Observed IFI state context includes LGD state name. LGD/Census candidate by name; codes are not assumed equivalent."
Nalbari,Arunachal Pradesh; Assam; Bihar; Jammu and Kashmir; Kerala; Odisha; Punjab; Uttar Pradesh; West Bengal,18.0,Assam,298.0,Nalbari,7.0,323.0,Nalbari,Assam,323.0,VERIFIED_NAME_STATE,NAME_STATE_CANDIDATE_WITH_HISTORICAL_LIMITATION,HISTORICAL_REVIEW_REQUIRED,exact_name_state_boundary_candidate,HIGH_FOR_CURRENT_NAME_STATE_LINK; HISTORICAL_LIMITATION,"Exact LGD name, observed state context, and Census boundary candidate agree; code equivalence is not assumed. Existing comparison note: Exact LGD district name; observed IFI state context is retained separately because the IFI field can be multi-value and historical equivalence is unresolved. Observed IFI state context includes LGD state name. LGD/Census candidate by name; codes are not assumed equivalent."
Nalgonda,Andhra Pradesh; Maharashtra; Telangana,36.0,Telangana,514.0,Nalgonda,8.0,539.0,Nalgonda,Andhra Pradesh,539.0,VERIFIED_NAME_STATE,NAME_STATE_CANDIDATE_WITH_HISTORICAL_LIMITATION,HISTORICAL_REVIEW_REQUIRED,exact_name_state_boundary_candidate,HIGH_FOR_CURRENT_NAME_STATE_LINK; HISTORICAL_LIMITATION,"Exact LGD name, observed state context, and Census boundary candidate agree; code equivalence is not assumed. Existing comparison note: Exact LGD district name; observed IFI state context is retained separately because the IFI field can be multi-value and historical equivalence is unresolved. Observed IFI state context includes LGD state name. LGD/Census candidate by name; codes are not assumed equivalent."
Namakkal,Tamil Nadu,33.0,Tamil Nadu,580.0,Namakkal,9.0,609.0,Namakkal,Tamil Nadu,609.0,VERIFIED_NAME_STATE,NAME_STATE_CANDIDATE_WITH_HISTORICAL_LIMITATION,HISTORICAL_REVIEW_REQUIRED,exact_name_state_boundary_candidate,HIGH_FOR_CURRENT_NAME_STATE_LINK; HISTORICAL_LIMITATION,"Exact LGD name, observed state context, and Census boundary candidate agree; code equivalence is not assumed. Existing comparison note: Exact LGD district name; observed IFI state context is retained separately because the IFI field can be multi-value and historical equivalence is unresolved. Observed IFI state context includes LGD state name. LGD/Census candidate by name; codes are not assumed equivalent."
Namchi,Sikkim,11.0,Sikkim,227.0,Namchi,3.0,243.0,,,,HISTORICAL_REVIEW,REQUIRES_MANUAL_VERIFICATION,HISTORICAL_REVIEW_REQUIRED,exact_name_without_complete_state_boundary_confirmation,LOW_REQUIRES_HISTORICAL_REVIEW,Identity is plausible by exact LGD name but state or Census-boundary evidence is incomplete or contradictory. Existing comparison note: Exact LGD district name; observed IFI state context is retained separately because the IFI field can be multi-value and historical equivalence is unresolved. Observed IFI state context includes LGD state name. LGD district has no exact Census boundary pair.
Namsai,Arunachal Pradesh; Assam; Jammu and Kashmir; Punjab; Uttar Pradesh,12.0,Arunachal Pradesh,678.0,Namsai,0.0,0.0,,,,HISTORICAL_REVIEW,REQUIRES_MANUAL_VERIFICATION,HISTORICAL_REVIEW_REQUIRED,exact_name_without_complete_state_boundary_confirmation,LOW_REQUIRES_HISTORICAL_REVIEW,Identity is plausible by exact LGD name but state or Census-boundary evidence is incomplete or contradictory. Existing comparison note: Exact LGD district name; observed IFI state context is retained separately because the IFI field can be multi-value and historical equivalence is unresolved. Observed IFI state context includes LGD state name. LGD district has no exact Census boundary pair.
Nanded,Bihar; Gujarat; Madhya Pradesh; Maharashtra; Rajasthan; Telangana; Uttar Pradesh,27.0,Maharashtra,485.0,Nanded,15.0,511.0,Nanded,Maharashtra,511.0,VERIFIED_NAME_STATE,NAME_STATE_CANDIDATE_WITH_HISTORICAL_LIMITATION,HISTORICAL_REVIEW_REQUIRED,exact_name_state_boundary_candidate,HIGH_FOR_CURRENT_NAME_STATE_LINK; HISTORICAL_LIMITATION,"Exact LGD name, observed state context, and Census boundary candidate agree; code equivalence is not assumed. Existing comparison note: Exact LGD district name; observed IFI state context is retained separately because the IFI field can be multi-value and historical equivalence is unresolved. Observed IFI state context includes LGD state name. LGD/Census candidate by name; codes are not assumed equivalent."
Nandurbar,Bihar; Gujarat; Madhya Pradesh; Maharashtra; Rajasthan; Telangana; Uttar Pradesh,27.0,Maharashtra,486.0,Nandurbar,1.0,497.0,Nandurbar,Maharashtra,497.0,VERIFIED_NAME_STATE,NAME_STATE_CANDIDATE_WITH_HISTORICAL_LIMITATION,HISTORICAL_REVIEW_REQUIRED,exact_name_state_boundary_candidate,HIGH_FOR_CURRENT_NAME_STATE_LINK; HISTORICAL_LIMITATION,"Exact LGD name, observed state context, and Census boundary candidate agree; code equivalence is not assumed. Existing comparison note: Exact LGD district name; observed IFI state context is retained separately because the IFI field can be multi-value and historical equivalence is unresolved. Observed IFI state context includes LGD state name. LGD/Census candidate by name; codes are not assumed equivalent."
Narayanpet,Andhra Pradesh; Maharashtra; Telangana,36.0,Telangana,721.0,Narayanpet,0.0,0.0,,,,HISTORICAL_REVIEW,REQUIRES_MANUAL_VERIFICATION,HISTORICAL_REVIEW_REQUIRED,exact_name_without_complete_state_boundary_confirmation,LOW_REQUIRES_HISTORICAL_REVIEW,Identity is plausible by exact LGD name but state or Census-boundary evidence is incomplete or contradictory. Existing comparison note: Exact LGD district name; observed IFI state context is retained separately because the IFI field can be multi-value and historical equivalence is unresolved. Observed IFI state context includes LGD state name. LGD district has no exact Census boundary pair.
Narayanpur,Chhattisgarh,22.0,Chhattisgarh,637.0,Narayanpur,0.0,415.0,Narayanpur,Chhattisgarh,415.0,VERIFIED_NAME_STATE,NAME_STATE_CANDIDATE_WITH_HISTORICAL_LIMITATION,HISTORICAL_REVIEW_REQUIRED,exact_name_state_boundary_candidate,HIGH_FOR_CURRENT_NAME_STATE_LINK; HISTORICAL_LIMITATION,"Exact LGD name, observed state context, and Census boundary candidate agree; code equivalence is not assumed. Existing comparison note: Exact LGD district name; observed IFI state context is retained separately because the IFI field can be multi-value and historical equivalence is unresolved. Observed IFI state context includes LGD state name. LGD/Census candidate by name; codes are not assumed equivalent."
Narmada,Bihar; Gujarat; Madhya Pradesh; Maharashtra; Rajasthan; Uttar Pradesh,24.0,Gujarat,452.0,Narmada,20.0,487.0,Narmada,Gujarat,487.0,VERIFIED_NAME_STATE,NAME_STATE_CANDIDATE_WITH_HISTORICAL_LIMITATION,HISTORICAL_REVIEW_REQUIRED,exact_name_state_boundary_candidate,HIGH_FOR_CURRENT_NAME_STATE_LINK; HISTORICAL_LIMITATION,"Exact LGD name, observed state context, and Census boundary candidate agree; code equivalence is not assumed. Existing comparison note: Exact LGD district name; observed IFI state context is retained separately because the IFI field can be multi-value and historical equivalence is unresolved. Observed IFI state context includes LGD state name. LGD/Census candidate by name; codes are not assumed equivalent."
Narmadapuram,Andhra Pradesh; Bihar; Chhattisgarh; Gujarat; Haryana; Madhya Pradesh; Maharashtra; Odisha; Punjab; Rajasthan; Uttar Pradesh; West Bengal,23.0,Madhya Pradesh,409.0,Narmadapuram,37.0,449.0,,,,HISTORICAL_REVIEW,REQUIRES_MANUAL_VERIFICATION,HISTORICAL_REVIEW_REQUIRED,exact_name_without_complete_state_boundary_confirmation,LOW_REQUIRES_HISTORICAL_REVIEW,Identity is plausible by exact LGD name but state or Census-boundary evidence is incomplete or contradictory. Existing comparison note: Exact LGD district name; observed IFI state context is retained separately because the IFI field can be multi-value and historical equivalence is unresolved. Observed IFI state context includes LGD state name. LGD district has no exact Census boundary pair.
Narsimhapur,Andhra Pradesh; Bihar; Gujarat; Haryana; Madhya Pradesh; Maharashtra; Odisha; Punjab; Rajasthan; Uttar Pradesh; West Bengal,23.0,Madhya Pradesh,418.0,Narsimhapur,40.0,452.0,Narsimhapur,Madhya Pradesh,452.0,VERIFIED_NAME_STATE,NAME_STATE_CANDIDATE_WITH_HISTORICAL_LIMITATION,HISTORICAL_REVIEW_REQUIRED,exact_name_state_boundary_candidate,HIGH_FOR_CURRENT_NAME_STATE_LINK; HISTORICAL_LIMITATION,"Exact LGD name, observed state context, and Census boundary candidate agree; code equivalence is not assumed. Existing comparison note: Exact LGD district name; observed IFI state context is retained separately because the IFI field can be multi-value and historical equivalence is unresolved. Observed IFI state context includes LGD state name. LGD/Census candidate by name; codes are not assumed equivalent."
Nashik,Bihar; Gujarat; Madhya Pradesh; Maharashtra; Rajasthan; Telangana; Uttar Pradesh,27.0,Maharashtra,487.0,Nashik,20.0,516.0,Nashik,Maharashtra,516.0,VERIFIED_NAME_STATE,NAME_STATE_CANDIDATE_WITH_HISTORICAL_LIMITATION,HISTORICAL_REVIEW_REQUIRED,exact_name_state_boundary_candidate,HIGH_FOR_CURRENT_NAME_STATE_LINK; HISTORICAL_LIMITATION,"Exact LGD name, observed state context, and Census boundary candidate agree; code equivalence is not assumed. Existing comparison note: Exact LGD district name; observed IFI state context is retained separately because the IFI field can be multi-value and historical equivalence is unresolved. Observed IFI state context includes LGD state name. LGD/Census candidate by name; codes are not assumed equivalent."
Navsari,Bihar; Gujarat; Madhya Pradesh; Maharashtra; Rajasthan; Uttar Pradesh,24.0,Gujarat,453.0,Navsari,24.0,490.0,Navsari,Gujarat,490.0,VERIFIED_NAME_STATE,NAME_STATE_CANDIDATE_WITH_HISTORICAL_LIMITATION,HISTORICAL_REVIEW_REQUIRED,exact_name_state_boundary_candidate,HIGH_FOR_CURRENT_NAME_STATE_LINK; HISTORICAL_LIMITATION,"Exact LGD name, observed state context, and Census boundary candidate agree; code equivalence is not assumed. Existing comparison note: Exact LGD district name; observed IFI state context is retained separately because the IFI field can be multi-value and historical equivalence is unresolved. Observed IFI state context includes LGD state name. LGD/Census candidate by name; codes are not assumed equivalent."
Nawada,Andhra Pradesh; Assam; Bihar; Gujarat; Haryana; Himachal Pradesh; Kerala; Madhya Pradesh; Maharashtra; Odisha; Rajasthan; Uttar Pradesh; Uttar pradesh; West Bengal,10.0,Bihar,210.0,Nawada,36.0,237.0,Nawada,Bihar,237.0,VERIFIED_NAME_STATE,NAME_STATE_CANDIDATE_WITH_HISTORICAL_LIMITATION,HISTORICAL_REVIEW_REQUIRED,exact_name_state_boundary_candidate,HIGH_FOR_CURRENT_NAME_STATE_LINK; HISTORICAL_LIMITATION,"Exact LGD name, observed state context, and Census boundary candidate agree; code equivalence is not assumed. Existing comparison note: Exact LGD district name; observed IFI state context is retained separately because the IFI field can be multi-value and historical equivalence is unresolved. Observed IFI state context includes LGD state name. LGD/Census candidate by name; codes are not assumed equivalent."
Nayagarh,Andhra Pradesh; Assam; Bihar; Haryana; Madhya Pradesh; Odisha; Rajasthan; Uttar Pradesh; West Bengal,,,,,,,,,,UNMATCHED,UNMATCHED,HISTORICAL_REVIEW_REQUIRED,none,NONE,No defensible LGD/Census candidate in the reviewed comparison. Existing comparison note: No exact or normalized LGD district/state candidate.
Neemuch,Andhra Pradesh; Bihar; Chhattisgarh; Gujarat; Haryana; Madhya Pradesh; Maharashtra; Odisha; Punjab; Rajasthan; Uttar Pradesh; West Bengal,23.0,Madhya Pradesh,419.0,Neemuch,18.0,432.0,Neemuch,Madhya Pradesh,432.0,VERIFIED_NAME_STATE,NAME_STATE_CANDIDATE_WITH_HISTORICAL_LIMITATION,HISTORICAL_REVIEW_REQUIRED,exact_name_state_boundary_candidate,HIGH_FOR_CURRENT_NAME_STATE_LINK; HISTORICAL_LIMITATION,"Exact LGD name, observed state context, and Census boundary candidate agree; code equivalence is not assumed. Existing comparison note: Exact LGD district name; observed IFI state context is retained separately because the IFI field can be multi-value and historical equivalence is unresolved. Observed IFI state context includes LGD state name. LGD/Census candidate by name; codes are not assumed equivalent."
New Delhi,Delhi; New Delhi,7.0,Delhi,79.0,New Delhi,5.0,94.0,New Delhi,NCT of Delhi,94.0,VERIFIED_NAME_STATE,NAME_STATE_CANDIDATE_WITH_HISTORICAL_LIMITATION,HISTORICAL_REVIEW_REQUIRED,exact_name_state_boundary_candidate,HIGH_FOR_CURRENT_NAME_STATE_LINK; HISTORICAL_LIMITATION,"Exact LGD name, observed state context, and Census boundary candidate agree; code equivalence is not assumed. Existing comparison note: Exact LGD district name; observed IFI state context is retained separately because the IFI field can be multi-value and historical equivalence is unresolved. Observed IFI state context includes LGD state name. LGD/Census candidate by name; codes are not assumed equivalent."
New New Delhi,Delhi; Jammu and Kashmir; Punjab,,,,,,,,,,UNMATCHED,UNMATCHED,HISTORICAL_REVIEW_REQUIRED,none,NONE,No defensible LGD/Census candidate in the reviewed comparison. Existing comparison note: No exact or normalized LGD district/state candidate.
Nirmal,Andhra Pradesh; Maharashtra; Telangana,36.0,Telangana,680.0,Nirmal,0.0,0.0,,,,HISTORICAL_REVIEW,REQUIRES_MANUAL_VERIFICATION,HISTORICAL_REVIEW_REQUIRED,exact_name_without_complete_state_boundary_confirmation,LOW_REQUIRES_HISTORICAL_REVIEW,Identity is plausible by exact LGD name but state or Census-boundary evidence is incomplete or contradictory. Existing comparison note: Exact LGD district name; observed IFI state context is retained separately because the IFI field can be multi-value and historical equivalence is unresolved. Observed IFI state context includes LGD state name. LGD district has no exact Census boundary pair.
Niwari,Andhra Pradesh; Bihar; Gujarat; Haryana; Madhya Pradesh; Maharashtra; Odisha; Punjab; Rajasthan; Uttar Pradesh; West Bengal,23.0,Madhya Pradesh,722.0,Niwari,0.0,0.0,,,,HISTORICAL_REVIEW,REQUIRES_MANUAL_VERIFICATION,HISTORICAL_REVIEW_REQUIRED,exact_name_without_complete_state_boundary_confirmation,LOW_REQUIRES_HISTORICAL_REVIEW,Identity is plausible by exact LGD name but state or Census-boundary evidence is incomplete or contradictory. Existing comparison note: Exact LGD district name; observed IFI state context is retained separately because the IFI field can be multi-value and historical equivalence is unresolved. Observed IFI state context includes LGD state name. LGD district has no exact Census boundary pair.
Nizamabad,Andhra Pradesh; Maharashtra; Telangana,36.0,Telangana,516.0,Nizamabad,2.0,533.0,Nizamabad,Andhra Pradesh,533.0,VERIFIED_NAME_STATE,NAME_STATE_CANDIDATE_WITH_HISTORICAL_LIMITATION,HISTORICAL_REVIEW_REQUIRED,exact_name_state_boundary_candidate,HIGH_FOR_CURRENT_NAME_STATE_LINK; HISTORICAL_LIMITATION,"Exact LGD name, observed state context, and Census boundary candidate agree; code equivalence is not assumed. Existing comparison note: Exact LGD district name; observed IFI state context is retained separately because the IFI field can be multi-value and historical equivalence is unresolved. Observed IFI state context includes LGD state name. LGD/Census candidate by name; codes are not assumed equivalent."
Noney,Manipur,14.0,Manipur,714.0,Noney,0.0,0.0,,,,HISTORICAL_REVIEW,REQUIRES_MANUAL_VERIFICATION,HISTORICAL_REVIEW_REQUIRED,exact_name_without_complete_state_boundary_confirmation,LOW_REQUIRES_HISTORICAL_REVIEW,Identity is plausible by exact LGD name but state or Census-boundary evidence is incomplete or contradictory. Existing comparison note: Exact LGD district name; observed IFI state context is retained separately because the IFI field can be multi-value and historical equivalence is unresolved. Observed IFI state context includes LGD state name. LGD district has no exact Census boundary pair.
North,Delhi; Jammu and Kashmir; Punjab; West Bengal,7.0,Delhi,80.0,North,2.0,91.0,North,NCT of Delhi,91.0,AMBIGUOUS_REVIEW,REQUIRES_MANUAL_VERIFICATION,HISTORICAL_REVIEW_REQUIRED,multiple_lgd_candidates,LOW_REQUIRES_MANUAL_VERIFICATION,The IFI district name has multiple plausible LGD candidates; preserve all candidates. Existing comparison note: Exact LGD district name; observed IFI state context is retained separately because the IFI field can be multi-value and historical equivalence is unresolved. Observed IFI state context includes LGD state name. LGD/Census candidate by name; codes are not assumed equivalent.
North,Delhi; Jammu and Kashmir; Punjab; West Bengal,7.0,Delhi,80.0,North,2.0,91.0,North,Sikkim,241.0,AMBIGUOUS_REVIEW,REQUIRES_MANUAL_VERIFICATION,HISTORICAL_REVIEW_REQUIRED,multiple_lgd_candidates,LOW_REQUIRES_MANUAL_VERIFICATION,The IFI district name has multiple plausible LGD candidates; preserve all candidates. Existing comparison note: Exact LGD district name; observed IFI state context is retained separately because the IFI field can be multi-value and historical equivalence is unresolved. Observed IFI state context includes LGD state name. LGD/Census candidate by name; codes are not assumed equivalent.
North 24 Parganas,Andhra Pradesh; Assam; Bihar; Haryana; Himachal Pradesh; Kerala; Madhya Pradesh; Odisha; Punjab; Uttar Pradesh; Uttar pradesh; West Bengal,19.0,West Bengal,303.0,North 24 Parganas,11.0,337.0,North 24 Parganas,West Bengal,337.0,VERIFIED_NAME_STATE,NAME_STATE_CANDIDATE_WITH_HISTORICAL_LIMITATION,HISTORICAL_REVIEW_REQUIRED,exact_name_state_boundary_candidate,HIGH_FOR_CURRENT_NAME_STATE_LINK; HISTORICAL_LIMITATION,"Exact LGD name, observed state context, and Census boundary candidate agree; code equivalence is not assumed. Existing comparison note: Exact LGD district name; observed IFI state context is retained separately because the IFI field can be multi-value and historical equivalence is unresolved. Observed IFI state context includes LGD state name. LGD/Census candidate by name; codes are not assumed equivalent."
North And Middle Andaman,Andaman & Nicobar Islands,35.0,Andaman And Nicobar Islands,632.0,North And Middle Andaman,0.0,639.0,,,,HISTORICAL_REVIEW,REQUIRES_MANUAL_VERIFICATION,HISTORICAL_REVIEW_REQUIRED,exact_name_without_complete_state_boundary_confirmation,LOW_REQUIRES_HISTORICAL_REVIEW,Identity is plausible by exact LGD name but state or Census-boundary evidence is incomplete or contradictory. Existing comparison note: Exact LGD district name; observed IFI state context is retained separately because the IFI field can be multi-value and historical equivalence is unresolved. Observed IFI state context does not uniquely confirm LGD state name; manual review required. LGD district has no exact Census boundary pair.
North Bengal,West Bengal,,,,,,,,,,UNMATCHED,UNMATCHED,HISTORICAL_REVIEW_REQUIRED,none,NONE,No defensible LGD/Census candidate in the reviewed comparison. Existing comparison note: No exact or normalized LGD district/state candidate.
North East,Delhi; Jammu and Kashmir; Punjab,7.0,Delhi,81.0,North East,3.0,92.0,North East,NCT of Delhi,92.0,VERIFIED_NAME_STATE,NAME_STATE_CANDIDATE_WITH_HISTORICAL_LIMITATION,HISTORICAL_REVIEW_REQUIRED,exact_name_state_boundary_candidate,HIGH_FOR_CURRENT_NAME_STATE_LINK; HISTORICAL_LIMITATION,"Exact LGD name, observed state context, and Census boundary candidate agree; code equivalence is not assumed. Existing comparison note: Exact LGD district name; observed IFI state context is retained separately because the IFI field can be multi-value and historical equivalence is unresolved. Observed IFI state context includes LGD state name. LGD/Census candidate by name; codes are not assumed equivalent."
North Garo Hills,Meghalaya,17.0,Meghalaya,656.0,North Garo Hills,0.0,0.0,,,,HISTORICAL_REVIEW,REQUIRES_MANUAL_VERIFICATION,HISTORICAL_REVIEW_REQUIRED,exact_name_without_complete_state_boundary_confirmation,LOW_REQUIRES_HISTORICAL_REVIEW,Identity is plausible by exact LGD name but state or Census-boundary evidence is incomplete or contradictory. Existing comparison note: Exact LGD district name; observed IFI state context is retained separately because the IFI field can be multi-value and historical equivalence is unresolved. Observed IFI state context includes LGD state name. LGD district has no exact Census boundary pair.
North Goa,Daman; Daman and Diu; Diu; Goa,30.0,Goa,551.0,North Goa,1.0,585.0,North Goa,Goa,585.0,VERIFIED_NAME_STATE,NAME_STATE_CANDIDATE_WITH_HISTORICAL_LIMITATION,HISTORICAL_REVIEW_REQUIRED,exact_name_state_boundary_candidate,HIGH_FOR_CURRENT_NAME_STATE_LINK; HISTORICAL_LIMITATION,"Exact LGD name, observed state context, and Census boundary candidate agree; code equivalence is not assumed. Existing comparison note: Exact LGD district name; observed IFI state context is retained separately because the IFI field can be multi-value and historical equivalence is unresolved. Observed IFI state context includes LGD state name. LGD/Census candidate by name; codes are not assumed equivalent."
North Tripura,Arunachal Pradesh; Assam; Manipur; Tripura,16.0,Tripura,270.0,North Tripura,4.0,292.0,North Tripura,Tripura,292.0,VERIFIED_NAME_STATE,NAME_STATE_CANDIDATE_WITH_HISTORICAL_LIMITATION,HISTORICAL_REVIEW_REQUIRED,exact_name_state_boundary_candidate,HIGH_FOR_CURRENT_NAME_STATE_LINK; HISTORICAL_LIMITATION,"Exact LGD name, observed state context, and Census boundary candidate agree; code equivalence is not assumed. Existing comparison note: Exact LGD district name; observed IFI state context is retained separately because the IFI field can be multi-value and historical equivalence is unresolved. Observed IFI state context includes LGD state name. LGD/Census candidate by name; codes are not assumed equivalent."
North West,Delhi; Jammu and Kashmir; Punjab,7.0,Delhi,82.0,North West,1.0,90.0,North West,NCT of Delhi,90.0,VERIFIED_NAME_STATE,NAME_STATE_CANDIDATE_WITH_HISTORICAL_LIMITATION,HISTORICAL_REVIEW_REQUIRED,exact_name_state_boundary_candidate,HIGH_FOR_CURRENT_NAME_STATE_LINK; HISTORICAL_LIMITATION,"Exact LGD name, observed state context, and Census boundary candidate agree; code equivalence is not assumed. Existing comparison note: Exact LGD district name; observed IFI state context is retained separately because the IFI field can be multi-value and historical equivalence is unresolved. Observed IFI state context includes LGD state name. LGD/Census candidate by name; codes are not assumed equivalent."
North west,Delhi,7.0,Delhi,82.0,North West,1.0,90.0,North West,NCT of Delhi,90.0,NORMALIZED_REVIEW,REQUIRES_MANUAL_VERIFICATION,HISTORICAL_REVIEW_REQUIRED,normalized_district_name,MEDIUM_REQUIRES_MANUAL_VERIFICATION,Normalization was required; no silent rename or fuzzy match was applied. Existing comparison note: Transparent normalization only; state and historical identity require manual review. Observed IFI state context includes LGD state name. LGD/Census candidate by name; codes are not assumed equivalent.
North westduar,West Bengal,,,,,,,,,,UNMATCHED,UNMATCHED,HISTORICAL_REVIEW_REQUIRED,none,NONE,No defensible LGD/Census candidate in the reviewed comparison. Existing comparison note: No exact or normalized LGD district/state candidate.
North westdusar,West Bengal,,,,,,,,,,UNMATCHED,UNMATCHED,HISTORICAL_REVIEW_REQUIRED,none,NONE,No defensible LGD/Census candidate in the reviewed comparison. Existing comparison note: No exact or normalized LGD district/state candidate.
Northern parts,Gujarat; West Bengal,,,,,,,,,,UNMATCHED,UNMATCHED,HISTORICAL_REVIEW_REQUIRED,none,NONE,No defensible LGD/Census candidate in the reviewed comparison. Existing comparison note: No exact or normalized LGD district/state candidate.
Ntr,Andhra Pradesh,28.0,Andhra Pradesh,749.0,Ntr,0.0,0.0,,,,HISTORICAL_REVIEW,REQUIRES_MANUAL_VERIFICATION,HISTORICAL_REVIEW_REQUIRED,exact_name_without_complete_state_boundary_confirmation,LOW_REQUIRES_HISTORICAL_REVIEW,Identity is plausible by exact LGD name but state or Census-boundary evidence is incomplete or contradictory. Existing comparison note: Exact LGD district name; observed IFI state context is retained separately because the IFI field can be multi-value and historical equivalence is unresolved. Observed IFI state context includes LGD state name. LGD district has no exact Census boundary pair.
Nuapada,Andhra Pradesh; Assam; Bihar; Haryana; Madhya Pradesh; Odisha; Rajasthan; Uttar Pradesh; West Bengal,21.0,Odisha,368.0,Nuapada,25.0,394.0,Nuapada,Odisha,394.0,VERIFIED_NAME_STATE,NAME_STATE_CANDIDATE_WITH_HISTORICAL_LIMITATION,HISTORICAL_REVIEW_REQUIRED,exact_name_state_boundary_candidate,HIGH_FOR_CURRENT_NAME_STATE_LINK; HISTORICAL_LIMITATION,"Exact LGD name, observed state context, and Census boundary candidate agree; code equivalence is not assumed. Existing comparison note: Exact LGD district name; observed IFI state context is retained separately because the IFI field can be multi-value and historical equivalence is unresolved. Observed IFI state context includes LGD state name. LGD/Census candidate by name; codes are not assumed equivalent."
Nuh,Bihar; Haryana; Kerala; Madhya Pradesh; Odisha; Punjab; Rajasthan; Uttar Pradesh; West Bengal,6.0,Haryana,604.0,Nuh,0.0,87.0,,,,HISTORICAL_REVIEW,REQUIRES_MANUAL_VERIFICATION,HISTORICAL_REVIEW_REQUIRED,exact_name_without_complete_state_boundary_confirmation,LOW_REQUIRES_HISTORICAL_REVIEW,Identity is plausible by exact LGD name but state or Census-boundary evidence is incomplete or contradictory. Existing comparison note: Exact LGD district name; observed IFI state context is retained separately because the IFI field can be multi-value and historical equivalence is unresolved. Observed IFI state context includes LGD state name. LGD district has no exact Census boundary pair.
Pak,Arunachal Pradesh,,,,,,,,,,UNMATCHED,UNMATCHED,HISTORICAL_REVIEW_REQUIRED,none,NONE,No defensible LGD/Census candidate in the reviewed comparison. Existing comparison note: No exact or normalized LGD district/state candidate.
Pakke Kessang,Arunachal Pradesh; Assam; Jammu and Kashmir; Punjab; Uttar Pradesh,12.0,Arunachal Pradesh,723.0,Pakke Kessang,0.0,0.0,,,,HISTORICAL_REVIEW,REQUIRES_MANUAL_VERIFICATION,HISTORICAL_REVIEW_REQUIRED,exact_name_without_complete_state_boundary_confirmation,LOW_REQUIRES_HISTORICAL_REVIEW,Identity is plausible by exact LGD name but state or Census-boundary evidence is incomplete or contradictory. Existing comparison note: Exact LGD district name; observed IFI state context is retained separately because the IFI field can be multi-value and historical equivalence is unresolved. Observed IFI state context includes LGD state name. LGD district has no exact Census boundary pair.
Pakur,Bihar; Jharkhand,20.0,Jharkhand,337.0,Pakur,10.0,353.0,Pakur,Jharkhand,353.0,VERIFIED_NAME_STATE,NAME_STATE_CANDIDATE_WITH_HISTORICAL_LIMITATION,HISTORICAL_REVIEW_REQUIRED,exact_name_state_boundary_candidate,HIGH_FOR_CURRENT_NAME_STATE_LINK; HISTORICAL_LIMITATION,"Exact LGD name, observed state context, and Census boundary candidate agree; code equivalence is not assumed. Existing comparison note: Exact LGD district name; observed IFI state context is retained separately because the IFI field can be multi-value and historical equivalence is unresolved. Observed IFI state context includes LGD state name. LGD/Census candidate by name; codes are not assumed equivalent."
Palakkad,Bihar; Haryana; Karnataka; Kerala; Rajasthan; Uttar Pradesh,32.0,Kerala,563.0,Palakkad,6.0,593.0,Palakkad,Kerala,593.0,VERIFIED_NAME_STATE,NAME_STATE_CANDIDATE_WITH_HISTORICAL_LIMITATION,HISTORICAL_REVIEW_REQUIRED,exact_name_state_boundary_candidate,HIGH_FOR_CURRENT_NAME_STATE_LINK; HISTORICAL_LIMITATION,"Exact LGD name, observed state context, and Census boundary candidate agree; code equivalence is not assumed. Existing comparison note: Exact LGD district name; observed IFI state context is retained separately because the IFI field can be multi-value and historical equivalence is unresolved. Observed IFI state context includes LGD state name. LGD/Census candidate by name; codes are not assumed equivalent."
Palampur,Gujarat,,,,,,,,,,UNMATCHED,UNMATCHED,HISTORICAL_REVIEW_REQUIRED,none,NONE,No defensible LGD/Census candidate in the reviewed comparison. Existing comparison note: No exact or normalized LGD district/state candidate.
Palamu,Bihar; Jharkhand,20.0,Jharkhand,338.0,Palamu,2.0,358.0,Palamu,Jharkhand,358.0,VERIFIED_NAME_STATE,NAME_STATE_CANDIDATE_WITH_HISTORICAL_LIMITATION,HISTORICAL_REVIEW_REQUIRED,exact_name_state_boundary_candidate,HIGH_FOR_CURRENT_NAME_STATE_LINK; HISTORICAL_LIMITATION,"Exact LGD name, observed state context, and Census boundary candidate agree; code equivalence is not assumed. Existing comparison note: Exact LGD district name; observed IFI state context is retained separately because the IFI field can be multi-value and historical equivalence is unresolved. Observed IFI state context includes LGD state name. LGD/Census candidate by name; codes are not assumed equivalent."
Palghar,Bihar; Gujarat; Madhya Pradesh; Maharashtra; Rajasthan; Telangana; Uttar Pradesh,27.0,Maharashtra,665.0,Palghar,0.0,0.0,,,,HISTORICAL_REVIEW,REQUIRES_MANUAL_VERIFICATION,HISTORICAL_REVIEW_REQUIRED,exact_name_without_complete_state_boundary_confirmation,LOW_REQUIRES_HISTORICAL_REVIEW,Identity is plausible by exact LGD name but state or Census-boundary evidence is incomplete or contradictory. Existing comparison note: Exact LGD district name; observed IFI state context is retained separately because the IFI field can be multi-value and historical equivalence is unresolved. Observed IFI state context includes LGD state name. LGD district has no exact Census boundary pair.
Pali,Bihar; Gujarat; Haryana; Kerala; Madhya Pradesh; Maharashtra; Odisha; Punjab; Rajasthan; Uttar Pradesh,8.0,Rajasthan,111.0,Pali,20.0,118.0,Pali,Rajasthan,118.0,VERIFIED_NAME_STATE,NAME_STATE_CANDIDATE_WITH_HISTORICAL_LIMITATION,HISTORICAL_REVIEW_REQUIRED,exact_name_state_boundary_candidate,HIGH_FOR_CURRENT_NAME_STATE_LINK; HISTORICAL_LIMITATION,"Exact LGD name, observed state context, and Census boundary candidate agree; code equivalence is not assumed. Existing comparison note: Exact LGD district name; observed IFI state context is retained separately because the IFI field can be multi-value and historical equivalence is unresolved. Observed IFI state context includes LGD state name. LGD/Census candidate by name; codes are not assumed equivalent."
Palnadu,Andhra Pradesh,28.0,Andhra Pradesh,751.0,Palnadu,0.0,0.0,,,,HISTORICAL_REVIEW,REQUIRES_MANUAL_VERIFICATION,HISTORICAL_REVIEW_REQUIRED,exact_name_without_complete_state_boundary_confirmation,LOW_REQUIRES_HISTORICAL_REVIEW,Identity is plausible by exact LGD name but state or Census-boundary evidence is incomplete or contradictory. Existing comparison note: Exact LGD district name; observed IFI state context is retained separately because the IFI field can be multi-value and historical equivalence is unresolved. Observed IFI state context includes LGD state name. LGD district has no exact Census boundary pair.
Palwal,Bihar; Haryana; Kerala; Madhya Pradesh; Odisha; Punjab; Rajasthan; Uttar Pradesh; West Bengal,6.0,Haryana,619.0,Palwal,0.0,89.0,Palwal,Haryana,89.0,VERIFIED_NAME_STATE,NAME_STATE_CANDIDATE_WITH_HISTORICAL_LIMITATION,HISTORICAL_REVIEW_REQUIRED,exact_name_state_boundary_candidate,HIGH_FOR_CURRENT_NAME_STATE_LINK; HISTORICAL_LIMITATION,"Exact LGD name, observed state context, and Census boundary candidate agree; code equivalence is not assumed. Existing comparison note: Exact LGD district name; observed IFI state context is retained separately because the IFI field can be multi-value and historical equivalence is unresolved. Observed IFI state context includes LGD state name. LGD/Census candidate by name; codes are not assumed equivalent."
Panch Mahals,Bihar; Gujarat; Madhya Pradesh; Maharashtra; Rajasthan; Uttar Pradesh,24.0,Gujarat,454.0,Panch Mahals,17.0,484.0,Panch Mahals,Gujarat,484.0,VERIFIED_NAME_STATE,NAME_STATE_CANDIDATE_WITH_HISTORICAL_LIMITATION,HISTORICAL_REVIEW_REQUIRED,exact_name_state_boundary_candidate,HIGH_FOR_CURRENT_NAME_STATE_LINK; HISTORICAL_LIMITATION,"Exact LGD name, observed state context, and Census boundary candidate agree; code equivalence is not assumed. Existing comparison note: Exact LGD district name; observed IFI state context is retained separately because the IFI field can be multi-value and historical equivalence is unresolved. Observed IFI state context includes LGD state name. LGD/Census candidate by name; codes are not assumed equivalent."
Panchkula,Bihar; Haryana; Kerala; Madhya Pradesh; Odisha; Punjab; Rajasthan; Uttar Pradesh; West Bengal,6.0,Haryana,70.0,Panchkula,1.0,69.0,Panchkula,Haryana,69.0,VERIFIED_NAME_STATE,NAME_STATE_CANDIDATE_WITH_HISTORICAL_LIMITATION,HISTORICAL_REVIEW_REQUIRED,exact_name_state_boundary_candidate,HIGH_FOR_CURRENT_NAME_STATE_LINK; HISTORICAL_LIMITATION,"Exact LGD name, observed state context, and Census boundary candidate agree; code equivalence is not assumed. Existing comparison note: Exact LGD district name; observed IFI state context is retained separately because the IFI field can be multi-value and historical equivalence is unresolved. Observed IFI state context includes LGD state name. LGD/Census candidate by name; codes are not assumed equivalent."
Panipat,Bihar; Haryana; Kerala; Madhya Pradesh; Odisha; Punjab; Rajasthan; Uttar Pradesh; West Bengal,6.0,Haryana,71.0,Panipat,7.0,75.0,Panipat,Haryana,75.0,VERIFIED_NAME_STATE,NAME_STATE_CANDIDATE_WITH_HISTORICAL_LIMITATION,HISTORICAL_REVIEW_REQUIRED,exact_name_state_boundary_candidate,HIGH_FOR_CURRENT_NAME_STATE_LINK; HISTORICAL_LIMITATION,"Exact LGD name, observed state context, and Census boundary candidate agree; code equivalence is not assumed. Existing comparison note: Exact LGD district name; observed IFI state context is retained separately because the IFI field can be multi-value and historical equivalence is unresolved. Observed IFI state context includes LGD state name. LGD/Census candidate by name; codes are not assumed equivalent."
Panna,Andhra Pradesh; Bihar; Gujarat; Haryana; Madhya Pradesh; Maharashtra; Odisha; Punjab; Rajasthan; Uttar Pradesh; West Bengal,23.0,Madhya Pradesh,420.0,Panna,10.0,426.0,Panna,Madhya Pradesh,426.0,VERIFIED_NAME_STATE,NAME_STATE_CANDIDATE_WITH_HISTORICAL_LIMITATION,HISTORICAL_REVIEW_REQUIRED,exact_name_state_boundary_candidate,HIGH_FOR_CURRENT_NAME_STATE_LINK; HISTORICAL_LIMITATION,"Exact LGD name, observed state context, and Census boundary candidate agree; code equivalence is not assumed. Existing comparison note: Exact LGD district name; observed IFI state context is retained separately because the IFI field can be multi-value and historical equivalence is unresolved. Observed IFI state context includes LGD state name. LGD/Census candidate by name; codes are not assumed equivalent."
Papum Pare,Andhra Pradesh; Arunachal Pradesh; Assam; Jammu and Kashmir; Punjab; Uttar Pradesh,12.0,Arunachal Pradesh,237.0,Papum Pare,4.0,248.0,Papum Pare,Arunanchal Pradesh,248.0,VERIFIED_NAME_STATE,NAME_STATE_CANDIDATE_WITH_HISTORICAL_LIMITATION,HISTORICAL_REVIEW_REQUIRED,exact_name_state_boundary_candidate,HIGH_FOR_CURRENT_NAME_STATE_LINK; HISTORICAL_LIMITATION,"Exact LGD name, observed state context, and Census boundary candidate agree; code equivalence is not assumed. Existing comparison note: Exact LGD district name; observed IFI state context is retained separately because the IFI field can be multi-value and historical equivalence is unresolved. Observed IFI state context includes LGD state name. LGD/Census candidate by name; codes are not assumed equivalent."
Parbhani,Bihar; Gujarat; Madhya Pradesh; Maharashtra; Rajasthan; Telangana; Uttar Pradesh,27.0,Maharashtra,489.0,Parbhani,17.0,513.0,Parbhani,Maharashtra,513.0,VERIFIED_NAME_STATE,NAME_STATE_CANDIDATE_WITH_HISTORICAL_LIMITATION,HISTORICAL_REVIEW_REQUIRED,exact_name_state_boundary_candidate,HIGH_FOR_CURRENT_NAME_STATE_LINK; HISTORICAL_LIMITATION,"Exact LGD name, observed state context, and Census boundary candidate agree; code equivalence is not assumed. Existing comparison note: Exact LGD district name; observed IFI state context is retained separately because the IFI field can be multi-value and historical equivalence is unresolved. Observed IFI state context includes LGD state name. LGD/Census candidate by name; codes are not assumed equivalent."
Parts of Andhra Pradesh,Andhra Pradesh,,,,,,,,,,UNMATCHED,UNMATCHED,HISTORICAL_REVIEW_REQUIRED,none,NONE,No defensible LGD/Census candidate in the reviewed comparison. Existing comparison note: No exact or normalized LGD district/state candidate.
Parts of Himachal Pradesh,Himachal Pradesh,,,,,,,,,,UNMATCHED,UNMATCHED,HISTORICAL_REVIEW_REQUIRED,none,NONE,No defensible LGD/Census candidate in the reviewed comparison. Existing comparison note: No exact or normalized LGD district/state candidate.
Parts of Jammu,Jammu and Kashmir,,,,,,,,,,UNMATCHED,UNMATCHED,HISTORICAL_REVIEW_REQUIRED,none,NONE,No defensible LGD/Census candidate in the reviewed comparison. Existing comparison note: No exact or normalized LGD district/state candidate.
Parts of Jharkhand,Jharkhand,,,,,,,,,,UNMATCHED,UNMATCHED,HISTORICAL_REVIEW_REQUIRED,none,NONE,No defensible LGD/Census candidate in the reviewed comparison. Existing comparison note: No exact or normalized LGD district/state candidate.
Parts of Karnataka,Karnataka,,,,,,,,,,UNMATCHED,UNMATCHED,HISTORICAL_REVIEW_REQUIRED,none,NONE,No defensible LGD/Census candidate in the reviewed comparison. Existing comparison note: No exact or normalized LGD district/state candidate.
Parts of Lahul & Spitti,Himachal Pradesh,,,,,,,,,,UNMATCHED,UNMATCHED,HISTORICAL_REVIEW_REQUIRED,none,NONE,No defensible LGD/Census candidate in the reviewed comparison. Existing comparison note: No exact or normalized LGD district/state candidate.
Parts of Maharashtra,Maharashtra,,,,,,,,,,UNMATCHED,UNMATCHED,HISTORICAL_REVIEW_REQUIRED,none,NONE,No defensible LGD/Census candidate in the reviewed comparison. Existing comparison note: No exact or normalized LGD district/state candidate.
Parts of Meghalaya,Meghalaya,,,,,,,,,,UNMATCHED,UNMATCHED,HISTORICAL_REVIEW_REQUIRED,none,NONE,No defensible LGD/Census candidate in the reviewed comparison. Existing comparison note: No exact or normalized LGD district/state candidate.
Parts of Nagaland,Nagaland,,,,,,,,,,UNMATCHED,UNMATCHED,HISTORICAL_REVIEW_REQUIRED,none,NONE,No defensible LGD/Census candidate in the reviewed comparison. Existing comparison note: No exact or normalized LGD district/state candidate.
Parts of Orissa,Odisha,,,,,,,,,,UNMATCHED,UNMATCHED,HISTORICAL_REVIEW_REQUIRED,none,NONE,No defensible LGD/Census candidate in the reviewed comparison. Existing comparison note: No exact or normalized LGD district/state candidate.
Parts of Rajasthan,Rajasthan,,,,,,,,,,UNMATCHED,UNMATCHED,HISTORICAL_REVIEW_REQUIRED,none,NONE,No defensible LGD/Census candidate in the reviewed comparison. Existing comparison note: No exact or normalized LGD district/state candidate.
Parts of Sikkim,Sikkim,,,,,,,,,,UNMATCHED,UNMATCHED,HISTORICAL_REVIEW_REQUIRED,none,NONE,No defensible LGD/Census candidate in the reviewed comparison. Existing comparison note: No exact or normalized LGD district/state candidate.
Parts of Telangana,Telangana,,,,,,,,,,UNMATCHED,UNMATCHED,HISTORICAL_REVIEW_REQUIRED,none,NONE,No defensible LGD/Census candidate in the reviewed comparison. Existing comparison note: No exact or normalized LGD district/state candidate.
Parts of Uttar Kashiakhand,Uttarakhand,,,,,,,,,,UNMATCHED,UNMATCHED,HISTORICAL_REVIEW_REQUIRED,none,NONE,No defensible LGD/Census candidate in the reviewed comparison. Existing comparison note: No exact or normalized LGD district/state candidate.
Parts of Uttar Pradesh,Uttar Pradesh,,,,,,,,,,UNMATCHED,UNMATCHED,HISTORICAL_REVIEW_REQUIRED,none,NONE,No defensible LGD/Census candidate in the reviewed comparison. Existing comparison note: No exact or normalized LGD district/state candidate.
Parts of West Bengal,West Bengal,,,,,,,,,,UNMATCHED,UNMATCHED,HISTORICAL_REVIEW_REQUIRED,none,NONE,No defensible LGD/Census candidate in the reviewed comparison. Existing comparison note: No exact or normalized LGD district/state candidate.
Paschim Medinipur,West Bengal,19.0,West Bengal,318.0,Paschim Medinipur,15.0,344.0,,,,HISTORICAL_REVIEW,REQUIRES_MANUAL_VERIFICATION,HISTORICAL_REVIEW_REQUIRED,exact_name_without_complete_state_boundary_confirmation,LOW_REQUIRES_HISTORICAL_REVIEW,Identity is plausible by exact LGD name but state or Census-boundary evidence is incomplete or contradictory. Existing comparison note: Exact LGD district name; observed IFI state context is retained separately because the IFI field can be multi-value and historical equivalence is unresolved. Observed IFI state context includes LGD state name. LGD district has no exact Census boundary pair.
Paschim Purba Bardhaman,Bihar; West Bengal,,,,,,,,,,UNMATCHED,UNMATCHED,HISTORICAL_REVIEW_REQUIRED,none,NONE,No defensible LGD/Census candidate in the reviewed comparison. Existing comparison note: No exact or normalized LGD district/state candidate.
Paschim Purba Medinipur,Bihar; West Bengal,,,,,,,,,,UNMATCHED,UNMATCHED,HISTORICAL_REVIEW_REQUIRED,none,NONE,No defensible LGD/Census candidate in the reviewed comparison. Existing comparison note: No exact or normalized LGD district/state candidate.
Pashchim Champaran,Andhra Pradesh; Assam; Bihar; Gujarat; Haryana; Himachal Pradesh; Jharkhand; Kerala; Madhya Pradesh; Maharashtra; Odisha; Rajasthan; Uttar Pradesh; Uttar pradesh; West Bengal,10.0,Bihar,211.0,Pashchim Champaran,1.0,203.0,Pashchim Champaran,Bihar,203.0,VERIFIED_NAME_STATE,NAME_STATE_CANDIDATE_WITH_HISTORICAL_LIMITATION,HISTORICAL_REVIEW_REQUIRED,exact_name_state_boundary_candidate,HIGH_FOR_CURRENT_NAME_STATE_LINK; HISTORICAL_LIMITATION,"Exact LGD name, observed state context, and Census boundary candidate agree; code equivalence is not assumed. Existing comparison note: Exact LGD district name; observed IFI state context is retained separately because the IFI field can be multi-value and historical equivalence is unresolved. Observed IFI state context includes LGD state name. LGD/Census candidate by name; codes are not assumed equivalent."
Pashchimi West Singhbhum,Bihar; Jharkhand,,,,,,,,,,UNMATCHED,UNMATCHED,HISTORICAL_REVIEW_REQUIRED,none,NONE,No defensible LGD/Census candidate in the reviewed comparison. Existing comparison note: No exact or normalized LGD district/state candidate.
Patan,Bihar; Gujarat; Madhya Pradesh; Maharashtra; Rajasthan; Uttar Pradesh,24.0,Gujarat,455.0,Patan,3.0,470.0,Patan,Gujarat,470.0,VERIFIED_NAME_STATE,NAME_STATE_CANDIDATE_WITH_HISTORICAL_LIMITATION,HISTORICAL_REVIEW_REQUIRED,exact_name_state_boundary_candidate,HIGH_FOR_CURRENT_NAME_STATE_LINK; HISTORICAL_LIMITATION,"Exact LGD name, observed state context, and Census boundary candidate agree; code equivalence is not assumed. Existing comparison note: Exact LGD district name; observed IFI state context is retained separately because the IFI field can be multi-value and historical equivalence is unresolved. Observed IFI state context includes LGD state name. LGD/Census candidate by name; codes are not assumed equivalent."
Pathanamthitta,Bihar; Haryana; Karnataka; Kerala; Rajasthan; Uttar Pradesh,32.0,Kerala,564.0,Pathanamthitta,12.0,599.0,Pathanamthitta,Kerala,599.0,VERIFIED_NAME_STATE,NAME_STATE_CANDIDATE_WITH_HISTORICAL_LIMITATION,HISTORICAL_REVIEW_REQUIRED,exact_name_state_boundary_candidate,HIGH_FOR_CURRENT_NAME_STATE_LINK; HISTORICAL_LIMITATION,"Exact LGD name, observed state context, and Census boundary candidate agree; code equivalence is not assumed. Existing comparison note: Exact LGD district name; observed IFI state context is retained separately because the IFI field can be multi-value and historical equivalence is unresolved. Observed IFI state context includes LGD state name. LGD/Census candidate by name; codes are not assumed equivalent."
Pathankot,Arunachal Pradesh; Assam; Delhi; Haryana; Jammu and Kashmir; Madhya Pradesh; Punjab; Rajasthan; Uttar Pradesh; West Bengal,3.0,Punjab,662.0,Pathankot,0.0,0.0,,,,HISTORICAL_REVIEW,REQUIRES_MANUAL_VERIFICATION,HISTORICAL_REVIEW_REQUIRED,exact_name_without_complete_state_boundary_confirmation,LOW_REQUIRES_HISTORICAL_REVIEW,Identity is plausible by exact LGD name but state or Census-boundary evidence is incomplete or contradictory. Existing comparison note: Exact LGD district name; observed IFI state context is retained separately because the IFI field can be multi-value and historical equivalence is unresolved. Observed IFI state context includes LGD state name. LGD district has no exact Census boundary pair.
Patiala,Arunachal Pradesh; Assam; Delhi; Haryana; Jammu and Kashmir; Madhya Pradesh; Punjab; Rajasthan; Uttar Pradesh; West Bengal,3.0,Punjab,41.0,Patiala,17.0,48.0,Patiala,Punjab,48.0,VERIFIED_NAME_STATE,NAME_STATE_CANDIDATE_WITH_HISTORICAL_LIMITATION,HISTORICAL_REVIEW_REQUIRED,exact_name_state_boundary_candidate,HIGH_FOR_CURRENT_NAME_STATE_LINK; HISTORICAL_LIMITATION,"Exact LGD name, observed state context, and Census boundary candidate agree; code equivalence is not assumed. Existing comparison note: Exact LGD district name; observed IFI state context is retained separately because the IFI field can be multi-value and historical equivalence is unresolved. Observed IFI state context includes LGD state name. LGD/Census candidate by name; codes are not assumed equivalent."
Patna,Andhra Pradesh; Assam; Bihar; Gujarat; Haryana; Himachal Pradesh; Kerala; Madhya Pradesh; Maharashtra; Odisha; Rajasthan; Uttar Pradesh; Uttar pradesh; West Bengal,10.0,Bihar,212.0,Patna,28.0,230.0,Patna,Bihar,230.0,VERIFIED_NAME_STATE,NAME_STATE_CANDIDATE_WITH_HISTORICAL_LIMITATION,HISTORICAL_REVIEW_REQUIRED,exact_name_state_boundary_candidate,HIGH_FOR_CURRENT_NAME_STATE_LINK; HISTORICAL_LIMITATION,"Exact LGD name, observed state context, and Census boundary candidate agree; code equivalence is not assumed. Existing comparison note: Exact LGD district name; observed IFI state context is retained separately because the IFI field can be multi-value and historical equivalence is unresolved. Observed IFI state context includes LGD state name. LGD/Census candidate by name; codes are not assumed equivalent."
Peddapalli,Andhra Pradesh; Maharashtra; Telangana,36.0,Telangana,682.0,Peddapalli,0.0,0.0,,,,HISTORICAL_REVIEW,REQUIRES_MANUAL_VERIFICATION,HISTORICAL_REVIEW_REQUIRED,exact_name_without_complete_state_boundary_confirmation,LOW_REQUIRES_HISTORICAL_REVIEW,Identity is plausible by exact LGD name but state or Census-boundary evidence is incomplete or contradictory. Existing comparison note: Exact LGD district name; observed IFI state context is retained separately because the IFI field can be multi-value and historical equivalence is unresolved. Observed IFI state context includes LGD state name. LGD district has no exact Census boundary pair.
Perambalur,Tamil Nadu,33.0,Tamil Nadu,581.0,Perambalur,16.0,615.0,Perambalur,Tamil Nadu,615.0,VERIFIED_NAME_STATE,NAME_STATE_CANDIDATE_WITH_HISTORICAL_LIMITATION,HISTORICAL_REVIEW_REQUIRED,exact_name_state_boundary_candidate,HIGH_FOR_CURRENT_NAME_STATE_LINK; HISTORICAL_LIMITATION,"Exact LGD name, observed state context, and Census boundary candidate agree; code equivalence is not assumed. Existing comparison note: Exact LGD district name; observed IFI state context is retained separately because the IFI field can be multi-value and historical equivalence is unresolved. Observed IFI state context includes LGD state name. LGD/Census candidate by name; codes are not assumed equivalent."
Peren,Nagaland,13.0,Nagaland,613.0,Peren,7.0,271.0,Peren,Nagaland,271.0,VERIFIED_NAME_STATE,NAME_STATE_CANDIDATE_WITH_HISTORICAL_LIMITATION,HISTORICAL_REVIEW_REQUIRED,exact_name_state_boundary_candidate,HIGH_FOR_CURRENT_NAME_STATE_LINK; HISTORICAL_LIMITATION,"Exact LGD name, observed state context, and Census boundary candidate agree; code equivalence is not assumed. Existing comparison note: Exact LGD district name; observed IFI state context is retained separately because the IFI field can be multi-value and historical equivalence is unresolved. Observed IFI state context includes LGD state name. LGD/Census candidate by name; codes are not assumed equivalent."
Phek,Nagaland,13.0,Nagaland,248.0,Phek,8.0,266.0,Phek,Nagaland,266.0,VERIFIED_NAME_STATE,NAME_STATE_CANDIDATE_WITH_HISTORICAL_LIMITATION,HISTORICAL_REVIEW_REQUIRED,exact_name_state_boundary_candidate,HIGH_FOR_CURRENT_NAME_STATE_LINK; HISTORICAL_LIMITATION,"Exact LGD name, observed state context, and Census boundary candidate agree; code equivalence is not assumed. Existing comparison note: Exact LGD district name; observed IFI state context is retained separately because the IFI field can be multi-value and historical equivalence is unresolved. Observed IFI state context includes LGD state name. LGD/Census candidate by name; codes are not assumed equivalent."
Pherzawl,Manipur,14.0,Manipur,715.0,Pherzawl,0.0,0.0,,,,HISTORICAL_REVIEW,REQUIRES_MANUAL_VERIFICATION,HISTORICAL_REVIEW_REQUIRED,exact_name_without_complete_state_boundary_confirmation,LOW_REQUIRES_HISTORICAL_REVIEW,Identity is plausible by exact LGD name but state or Census-boundary evidence is incomplete or contradictory. Existing comparison note: Exact LGD district name; observed IFI state context is retained separately because the IFI field can be multi-value and historical equivalence is unresolved. Observed IFI state context includes LGD state name. LGD district has no exact Census boundary pair.
Pilibhit,Arunachal Pradesh; Assam; Bihar; East Rajasthan; Gujarat; Haryana; Himachal Pradesh; Jammu and Kashmir; Kerala; Madhya Pradesh; Maharashtra; Odisha; Punjab; Rajasthan; Uttar Pradesh; Uttar pradesh; Uttarakhand; West Bengal,9.0,Uttar Pradesh,173.0,Pilibhit,21.0,151.0,Pilibhit,Uttar Pradesh,151.0,VERIFIED_NAME_STATE,NAME_STATE_CANDIDATE_WITH_HISTORICAL_LIMITATION,HISTORICAL_REVIEW_REQUIRED,exact_name_state_boundary_candidate,HIGH_FOR_CURRENT_NAME_STATE_LINK; HISTORICAL_LIMITATION,"Exact LGD name, observed state context, and Census boundary candidate agree; code equivalence is not assumed. Existing comparison note: Exact LGD district name; observed IFI state context is retained separately because the IFI field can be multi-value and historical equivalence is unresolved. Observed IFI state context includes LGD state name. LGD/Census candidate by name; codes are not assumed equivalent."
Pithoragarh,Himachal Pradesh; Uttar Pradesh; Uttarakhand,5.0,Uttarakhand,53.0,Pithoragarh,7.0,62.0,Pithoragarh,Uttarakhand,62.0,VERIFIED_NAME_STATE,NAME_STATE_CANDIDATE_WITH_HISTORICAL_LIMITATION,HISTORICAL_REVIEW_REQUIRED,exact_name_state_boundary_candidate,HIGH_FOR_CURRENT_NAME_STATE_LINK; HISTORICAL_LIMITATION,"Exact LGD name, observed state context, and Census boundary candidate agree; code equivalence is not assumed. Existing comparison note: Exact LGD district name; observed IFI state context is retained separately because the IFI field can be multi-value and historical equivalence is unresolved. Observed IFI state context includes LGD state name. LGD/Census candidate by name; codes are not assumed equivalent."
Pondicherry,Puducherry,,,,,,,,,,UNMATCHED,UNMATCHED,HISTORICAL_REVIEW_REQUIRED,none,NONE,No defensible LGD/Census candidate in the reviewed comparison. Existing comparison note: No exact or normalized LGD district/state candidate.
Poonch,Arunachal Pradesh; Assam; Delhi; Jammu & Kashmir; Jammu and Kashmir; Punjab; Uttar Pradesh,1.0,Jammu And Kashmir,10.0,Poonch,11.0,5.0,,,,HISTORICAL_REVIEW,REQUIRES_MANUAL_VERIFICATION,HISTORICAL_REVIEW_REQUIRED,exact_name_without_complete_state_boundary_confirmation,LOW_REQUIRES_HISTORICAL_REVIEW,Identity is plausible by exact LGD name but state or Census-boundary evidence is incomplete or contradictory. Existing comparison note: Exact LGD district name; observed IFI state context is retained separately because the IFI field can be multi-value and historical equivalence is unresolved. Observed IFI state context does not uniquely confirm LGD state name; manual review required. LGD district has no exact Census boundary pair.
Porbandar,Bihar; Gujarat; Madhya Pradesh; Maharashtra; Rajasthan; Uttar Pradesh,24.0,Gujarat,456.0,Porbandar,11.0,478.0,Porbandar,Gujarat,478.0,VERIFIED_NAME_STATE,NAME_STATE_CANDIDATE_WITH_HISTORICAL_LIMITATION,HISTORICAL_REVIEW_REQUIRED,exact_name_state_boundary_candidate,HIGH_FOR_CURRENT_NAME_STATE_LINK; HISTORICAL_LIMITATION,"Exact LGD name, observed state context, and Census boundary candidate agree; code equivalence is not assumed. Existing comparison note: Exact LGD district name; observed IFI state context is retained separately because the IFI field can be multi-value and historical equivalence is unresolved. Observed IFI state context includes LGD state name. LGD/Census candidate by name; codes are not assumed equivalent."
Prakasam,Andhra Pradesh; Madhya Pradesh,28.0,Andhra Pradesh,517.0,Prakasam,18.0,549.0,Prakasam,Andhra Pradesh,549.0,VERIFIED_NAME_STATE,NAME_STATE_CANDIDATE_WITH_HISTORICAL_LIMITATION,HISTORICAL_REVIEW_REQUIRED,exact_name_state_boundary_candidate,HIGH_FOR_CURRENT_NAME_STATE_LINK; HISTORICAL_LIMITATION,"Exact LGD name, observed state context, and Census boundary candidate agree; code equivalence is not assumed. Existing comparison note: Exact LGD district name; observed IFI state context is retained separately because the IFI field can be multi-value and historical equivalence is unresolved. Observed IFI state context includes LGD state name. LGD/Census candidate by name; codes are not assumed equivalent."
Pratapgarh,Arunachal Pradesh; Assam; Bihar; East Rajasthan; Gujarat; Haryana; Himachal Pradesh; Jammu and Kashmir; Kerala; Madhya Pradesh; Maharashtra; Odisha; Punjab; Rajasthan; Uttar Pradesh; Uttar pradesh; Uttarakhand; West Bengal,8.0,Rajasthan,629.0,Pratapgarh,0.0,131.0,Pratapgarh,Rajasthan,131.0,AMBIGUOUS_REVIEW,REQUIRES_MANUAL_VERIFICATION,HISTORICAL_REVIEW_REQUIRED,multiple_lgd_candidates,LOW_REQUIRES_MANUAL_VERIFICATION,The IFI district name has multiple plausible LGD candidates; preserve all candidates. Existing comparison note: Exact LGD district name; observed IFI state context is retained separately because the IFI field can be multi-value and historical equivalence is unresolved. Observed IFI state context includes LGD state name. LGD/Census candidate by name; codes are not assumed equivalent.
Pratapgarh,Arunachal Pradesh; Assam; Bihar; East Rajasthan; Gujarat; Haryana; Himachal Pradesh; Jammu and Kashmir; Kerala; Madhya Pradesh; Maharashtra; Odisha; Punjab; Rajasthan; Uttar Pradesh; Uttar pradesh; Uttarakhand; West Bengal,9.0,Uttar Pradesh,174.0,Pratapgarh,43.0,173.0,Pratapgarh,Uttar Pradesh,173.0,AMBIGUOUS_REVIEW,REQUIRES_MANUAL_VERIFICATION,HISTORICAL_REVIEW_REQUIRED,multiple_lgd_candidates,LOW_REQUIRES_MANUAL_VERIFICATION,The IFI district name has multiple plausible LGD candidates; preserve all candidates. Existing comparison note: Exact LGD district name; observed IFI state context is retained separately because the IFI field can be multi-value and historical equivalence is unresolved. Observed IFI state context includes LGD state name. LGD/Census candidate by name; codes are not assumed equivalent.
Prayagraj,Arunachal Pradesh; Assam; Bihar; East Rajasthan; Gujarat; Haryana; Himachal Pradesh; Jammu and Kashmir; Kerala; Madhya Pradesh; Maharashtra; Odisha; Punjab; Rajasthan; Uttar Pradesh; Uttar pradesh; Uttarakhand; West Bengal,9.0,Uttar Pradesh,120.0,Prayagraj,45.0,175.0,,,,HISTORICAL_REVIEW,REQUIRES_MANUAL_VERIFICATION,HISTORICAL_REVIEW_REQUIRED,exact_name_without_complete_state_boundary_confirmation,LOW_REQUIRES_HISTORICAL_REVIEW,Identity is plausible by exact LGD name but state or Census-boundary evidence is incomplete or contradictory. Existing comparison note: Exact LGD district name; observed IFI state context is retained separately because the IFI field can be multi-value and historical equivalence is unresolved. Observed IFI state context includes LGD state name. LGD district has no exact Census boundary pair.
Pudukkottai,Tamil Nadu,33.0,Tamil Nadu,582.0,Pudukkottai,22.0,621.0,Pudukkottai,Tamil Nadu,621.0,VERIFIED_NAME_STATE,NAME_STATE_CANDIDATE_WITH_HISTORICAL_LIMITATION,HISTORICAL_REVIEW_REQUIRED,exact_name_state_boundary_candidate,HIGH_FOR_CURRENT_NAME_STATE_LINK; HISTORICAL_LIMITATION,"Exact LGD name, observed state context, and Census boundary candidate agree; code equivalence is not assumed. Existing comparison note: Exact LGD district name; observed IFI state context is retained separately because the IFI field can be multi-value and historical equivalence is unresolved. Observed IFI state context includes LGD state name. LGD/Census candidate by name; codes are not assumed equivalent."
Pulwama,Arunachal Pradesh; Assam; Delhi; Jammu & Kashmir; Jammu and Kashmir; Punjab; Uttar Pradesh,1.0,Jammu And Kashmir,11.0,Pulwama,5.0,12.0,Pulwama,Jammu & Kashmir,12.0,HISTORICAL_REVIEW,REQUIRES_MANUAL_VERIFICATION,HISTORICAL_REVIEW_REQUIRED,exact_name_without_complete_state_boundary_confirmation,LOW_REQUIRES_HISTORICAL_REVIEW,Identity is plausible by exact LGD name but state or Census-boundary evidence is incomplete or contradictory. Existing comparison note: Exact LGD district name; observed IFI state context is retained separately because the IFI field can be multi-value and historical equivalence is unresolved. Observed IFI state context does not uniquely confirm LGD state name; manual review required. LGD/Census candidate by name; codes are not assumed equivalent.
Pune,Bihar; Gujarat; Madhya Pradesh; Maharashtra; Rajasthan; Telangana; Uttar Pradesh,27.0,Maharashtra,490.0,Pune,25.0,521.0,Pune,Maharashtra,521.0,VERIFIED_NAME_STATE,NAME_STATE_CANDIDATE_WITH_HISTORICAL_LIMITATION,HISTORICAL_REVIEW_REQUIRED,exact_name_state_boundary_candidate,HIGH_FOR_CURRENT_NAME_STATE_LINK; HISTORICAL_LIMITATION,"Exact LGD name, observed state context, and Census boundary candidate agree; code equivalence is not assumed. Existing comparison note: Exact LGD district name; observed IFI state context is retained separately because the IFI field can be multi-value and historical equivalence is unresolved. Observed IFI state context includes LGD state name. LGD/Census candidate by name; codes are not assumed equivalent."
Purba Bardhaman,West Bengal,19.0,West Bengal,306.0,Purba Bardhaman,9.0,335.0,,,,HISTORICAL_REVIEW,REQUIRES_MANUAL_VERIFICATION,HISTORICAL_REVIEW_REQUIRED,exact_name_without_complete_state_boundary_confirmation,LOW_REQUIRES_HISTORICAL_REVIEW,Identity is plausible by exact LGD name but state or Census-boundary evidence is incomplete or contradictory. Existing comparison note: Exact LGD district name; observed IFI state context is retained separately because the IFI field can be multi-value and historical equivalence is unresolved. Observed IFI state context includes LGD state name. LGD district has no exact Census boundary pair.
Purba Medinipur,West Bengal,19.0,West Bengal,317.0,Purba Medinipur,15.0,345.0,Purba Medinipur,West Bengal,345.0,VERIFIED_NAME_STATE,NAME_STATE_CANDIDATE_WITH_HISTORICAL_LIMITATION,HISTORICAL_REVIEW_REQUIRED,exact_name_state_boundary_candidate,HIGH_FOR_CURRENT_NAME_STATE_LINK; HISTORICAL_LIMITATION,"Exact LGD name, observed state context, and Census boundary candidate agree; code equivalence is not assumed. Existing comparison note: Exact LGD district name; observed IFI state context is retained separately because the IFI field can be multi-value and historical equivalence is unresolved. Observed IFI state context includes LGD state name. LGD/Census candidate by name; codes are not assumed equivalent."
Purba Purba Bardhaman,Andhra Pradesh; Assam; Bihar; Haryana; Himachal Pradesh; Kerala; Madhya Pradesh; Odisha; Punjab; Uttar Pradesh; Uttar pradesh; West Bengal,,,,,,,,,,UNMATCHED,UNMATCHED,HISTORICAL_REVIEW_REQUIRED,none,NONE,No defensible LGD/Census candidate in the reviewed comparison. Existing comparison note: No exact or normalized LGD district/state candidate.
Purba Purba Medinipur,Bihar; Odisha; Uttar Pradesh; West Bengal,,,,,,,,,,UNMATCHED,UNMATCHED,HISTORICAL_REVIEW_REQUIRED,none,NONE,No defensible LGD/Census candidate in the reviewed comparison. Existing comparison note: No exact or normalized LGD district/state candidate.
Purba bardhaman,West Bengal,19.0,West Bengal,306.0,Purba Bardhaman,9.0,335.0,,,,NORMALIZED_REVIEW,REQUIRES_MANUAL_VERIFICATION,HISTORICAL_REVIEW_REQUIRED,normalized_district_name,MEDIUM_REQUIRES_MANUAL_VERIFICATION,Normalization was required; no silent rename or fuzzy match was applied. Existing comparison note: Transparent normalization only; state and historical identity require manual review. Observed IFI state context includes LGD state name. LGD district has no exact Census boundary pair.
Purbi Champaran,Andhra Pradesh; Assam; Bihar; Gujarat; Haryana; Himachal Pradesh; Jharkhand; Kerala; Madhya Pradesh; Maharashtra; Odisha; Rajasthan; Uttar Pradesh; Uttar pradesh; West Bengal,10.0,Bihar,213.0,Purbi Champaran,2.0,204.0,,,,HISTORICAL_REVIEW,REQUIRES_MANUAL_VERIFICATION,HISTORICAL_REVIEW_REQUIRED,exact_name_without_complete_state_boundary_confirmation,LOW_REQUIRES_HISTORICAL_REVIEW,Identity is plausible by exact LGD name but state or Census-boundary evidence is incomplete or contradictory. Existing comparison note: Exact LGD district name; observed IFI state context is retained separately because the IFI field can be multi-value and historical equivalence is unresolved. Observed IFI state context includes LGD state name. LGD district has no exact Census boundary pair.
Purbi West Singhbhum,Bihar; Jharkhand,,,,,,,,,,UNMATCHED,UNMATCHED,HISTORICAL_REVIEW_REQUIRED,none,NONE,No defensible LGD/Census candidate in the reviewed comparison. Existing comparison note: No exact or normalized LGD district/state candidate.
Puri,Andhra Pradesh; Assam; Bihar; Haryana; Madhya Pradesh; Odisha; Rajasthan; Uttar Pradesh; West Bengal,21.0,Odisha,369.0,Puri,18.0,387.0,Puri,Odisha,387.0,VERIFIED_NAME_STATE,NAME_STATE_CANDIDATE_WITH_HISTORICAL_LIMITATION,HISTORICAL_REVIEW_REQUIRED,exact_name_state_boundary_candidate,HIGH_FOR_CURRENT_NAME_STATE_LINK; HISTORICAL_LIMITATION,"Exact LGD name, observed state context, and Census boundary candidate agree; code equivalence is not assumed. Existing comparison note: Exact LGD district name; observed IFI state context is retained separately because the IFI field can be multi-value and historical equivalence is unresolved. Observed IFI state context includes LGD state name. LGD/Census candidate by name; codes are not assumed equivalent."
Purnia,Andhra Pradesh; Assam; Bihar; Gujarat; Haryana; Himachal Pradesh; Jharkhand; Kerala; Madhya Pradesh; Maharashtra; Odisha; Rajasthan; Uttar Pradesh; Uttar pradesh; West Bengal,10.0,Bihar,214.0,Purnia,9.0,211.0,Purnia,Bihar,211.0,VERIFIED_NAME_STATE,NAME_STATE_CANDIDATE_WITH_HISTORICAL_LIMITATION,HISTORICAL_REVIEW_REQUIRED,exact_name_state_boundary_candidate,HIGH_FOR_CURRENT_NAME_STATE_LINK; HISTORICAL_LIMITATION,"Exact LGD name, observed state context, and Census boundary candidate agree; code equivalence is not assumed. Existing comparison note: Exact LGD district name; observed IFI state context is retained separately because the IFI field can be multi-value and historical equivalence is unresolved. Observed IFI state context includes LGD state name. LGD/Census candidate by name; codes are not assumed equivalent."
Purulia,Andhra Pradesh; Assam; Bihar; Haryana; Himachal Pradesh; Kerala; Madhya Pradesh; Odisha; Punjab; Uttar Pradesh; Uttar pradesh; West Bengal,19.0,West Bengal,321.0,Purulia,14.0,340.0,,,,HISTORICAL_REVIEW,REQUIRES_MANUAL_VERIFICATION,HISTORICAL_REVIEW_REQUIRED,exact_name_without_complete_state_boundary_confirmation,LOW_REQUIRES_HISTORICAL_REVIEW,Identity is plausible by exact LGD name but state or Census-boundary evidence is incomplete or contradictory. Existing comparison note: Exact LGD district name; observed IFI state context is retained separately because the IFI field can be multi-value and historical equivalence is unresolved. Observed IFI state context includes LGD state name. LGD district has no exact Census boundary pair.
Rae Bareli,Arunachal Pradesh; Assam; Bihar; East Rajasthan; Gujarat; Haryana; Himachal Pradesh; Jammu and Kashmir; Kerala; Madhya Pradesh; Maharashtra; Odisha; Punjab; Rajasthan; Uttar Pradesh; Uttar pradesh; Uttarakhand; West Bengal,9.0,Uttar Pradesh,175.0,Rae Bareli,28.0,158.0,Rae Bareli,Uttar Pradesh,158.0,VERIFIED_NAME_STATE,NAME_STATE_CANDIDATE_WITH_HISTORICAL_LIMITATION,HISTORICAL_REVIEW_REQUIRED,exact_name_state_boundary_candidate,HIGH_FOR_CURRENT_NAME_STATE_LINK; HISTORICAL_LIMITATION,"Exact LGD name, observed state context, and Census boundary candidate agree; code equivalence is not assumed. Existing comparison note: Exact LGD district name; observed IFI state context is retained separately because the IFI field can be multi-value and historical equivalence is unresolved. Observed IFI state context includes LGD state name. LGD/Census candidate by name; codes are not assumed equivalent."
Raichur,Karnataka; Kerala,29.0,Karnataka,546.0,Raichur,6.0,559.0,Raichur,Karnataka,559.0,VERIFIED_NAME_STATE,NAME_STATE_CANDIDATE_WITH_HISTORICAL_LIMITATION,HISTORICAL_REVIEW_REQUIRED,exact_name_state_boundary_candidate,HIGH_FOR_CURRENT_NAME_STATE_LINK; HISTORICAL_LIMITATION,"Exact LGD name, observed state context, and Census boundary candidate agree; code equivalence is not assumed. Existing comparison note: Exact LGD district name; observed IFI state context is retained separately because the IFI field can be multi-value and historical equivalence is unresolved. Observed IFI state context includes LGD state name. LGD/Census candidate by name; codes are not assumed equivalent."
Raigad,Maharashtra,27.0,Maharashtra,491.0,Raigad,24.0,520.0,,,,HISTORICAL_REVIEW,REQUIRES_MANUAL_VERIFICATION,HISTORICAL_REVIEW_REQUIRED,exact_name_without_complete_state_boundary_confirmation,LOW_REQUIRES_HISTORICAL_REVIEW,Identity is plausible by exact LGD name but state or Census-boundary evidence is incomplete or contradictory. Existing comparison note: Exact LGD district name; observed IFI state context is retained separately because the IFI field can be multi-value and historical equivalence is unresolved. Observed IFI state context includes LGD state name. LGD district has no exact Census boundary pair.
Raigarh,Bihar; Chhattisgarh; Gujarat; Madhya Pradesh; Maharashtra; Rajasthan; Telangana; Uttar Pradesh,22.0,Chhattisgarh,386.0,Raigarh,4.0,403.0,Raigarh,Chhattisgarh,403.0,VERIFIED_NAME_STATE,NAME_STATE_CANDIDATE_WITH_HISTORICAL_LIMITATION,HISTORICAL_REVIEW_REQUIRED,exact_name_state_boundary_candidate,HIGH_FOR_CURRENT_NAME_STATE_LINK; HISTORICAL_LIMITATION,"Exact LGD name, observed state context, and Census boundary candidate agree; code equivalence is not assumed. Existing comparison note: Exact LGD district name; observed IFI state context is retained separately because the IFI field can be multi-value and historical equivalence is unresolved. Observed IFI state context includes LGD state name. LGD/Census candidate by name; codes are not assumed equivalent."
Raipur,Chhattisgarh; Madhya Pradesh,22.0,Chhattisgarh,387.0,Raipur,11.0,410.0,Raipur,Chhattisgarh,410.0,VERIFIED_NAME_STATE,NAME_STATE_CANDIDATE_WITH_HISTORICAL_LIMITATION,HISTORICAL_REVIEW_REQUIRED,exact_name_state_boundary_candidate,HIGH_FOR_CURRENT_NAME_STATE_LINK; HISTORICAL_LIMITATION,"Exact LGD name, observed state context, and Census boundary candidate agree; code equivalence is not assumed. Existing comparison note: Exact LGD district name; observed IFI state context is retained separately because the IFI field can be multi-value and historical equivalence is unresolved. Observed IFI state context includes LGD state name. LGD/Census candidate by name; codes are not assumed equivalent."
Raisen,Andhra Pradesh; Bihar; Gujarat; Haryana; Madhya Pradesh; Maharashtra; Odisha; Punjab; Rajasthan; Uttar Pradesh; West Bengal,23.0,Madhya Pradesh,421.0,Raisen,34.0,446.0,Raisen,Madhya Pradesh,446.0,VERIFIED_NAME_STATE,NAME_STATE_CANDIDATE_WITH_HISTORICAL_LIMITATION,HISTORICAL_REVIEW_REQUIRED,exact_name_state_boundary_candidate,HIGH_FOR_CURRENT_NAME_STATE_LINK; HISTORICAL_LIMITATION,"Exact LGD name, observed state context, and Census boundary candidate agree; code equivalence is not assumed. Existing comparison note: Exact LGD district name; observed IFI state context is retained separately because the IFI field can be multi-value and historical equivalence is unresolved. Observed IFI state context includes LGD state name. LGD/Census candidate by name; codes are not assumed equivalent."
Rajanna Sircilla,Andhra Pradesh; Maharashtra; Telangana,36.0,Telangana,683.0,Rajanna Sircilla,0.0,0.0,,,,HISTORICAL_REVIEW,REQUIRES_MANUAL_VERIFICATION,HISTORICAL_REVIEW_REQUIRED,exact_name_without_complete_state_boundary_confirmation,LOW_REQUIRES_HISTORICAL_REVIEW,Identity is plausible by exact LGD name but state or Census-boundary evidence is incomplete or contradictory. Existing comparison note: Exact LGD district name; observed IFI state context is retained separately because the IFI field can be multi-value and historical equivalence is unresolved. Observed IFI state context includes LGD state name. LGD district has no exact Census boundary pair.
Rajgarh,Andhra Pradesh; Bihar; Chhattisgarh; Gujarat; Haryana; Madhya Pradesh; Maharashtra; Odisha; Punjab; Rajasthan; Uttar Pradesh; West Bengal,23.0,Madhya Pradesh,422.0,Rajgarh,30.0,442.0,Rajgarh,Madhya Pradesh,442.0,VERIFIED_NAME_STATE,NAME_STATE_CANDIDATE_WITH_HISTORICAL_LIMITATION,HISTORICAL_REVIEW_REQUIRED,exact_name_state_boundary_candidate,HIGH_FOR_CURRENT_NAME_STATE_LINK; HISTORICAL_LIMITATION,"Exact LGD name, observed state context, and Census boundary candidate agree; code equivalence is not assumed. Existing comparison note: Exact LGD district name; observed IFI state context is retained separately because the IFI field can be multi-value and historical equivalence is unresolved. Observed IFI state context includes LGD state name. LGD/Census candidate by name; codes are not assumed equivalent."
Rajkot,Bihar; Gujarat; Madhya Pradesh; Maharashtra; Rajasthan; Uttar Pradesh,24.0,Gujarat,457.0,Rajkot,9.0,476.0,Rajkot,Gujarat,476.0,VERIFIED_NAME_STATE,NAME_STATE_CANDIDATE_WITH_HISTORICAL_LIMITATION,HISTORICAL_REVIEW_REQUIRED,exact_name_state_boundary_candidate,HIGH_FOR_CURRENT_NAME_STATE_LINK; HISTORICAL_LIMITATION,"Exact LGD name, observed state context, and Census boundary candidate agree; code equivalence is not assumed. Existing comparison note: Exact LGD district name; observed IFI state context is retained separately because the IFI field can be multi-value and historical equivalence is unresolved. Observed IFI state context includes LGD state name. LGD/Census candidate by name; codes are not assumed equivalent."
Rajnandgaon,Chhattisgarh; Madhya Pradesh,22.0,Chhattisgarh,388.0,Rajnandgaon,9.0,408.0,Rajnandgaon,Chhattisgarh,408.0,VERIFIED_NAME_STATE,NAME_STATE_CANDIDATE_WITH_HISTORICAL_LIMITATION,HISTORICAL_REVIEW_REQUIRED,exact_name_state_boundary_candidate,HIGH_FOR_CURRENT_NAME_STATE_LINK; HISTORICAL_LIMITATION,"Exact LGD name, observed state context, and Census boundary candidate agree; code equivalence is not assumed. Existing comparison note: Exact LGD district name; observed IFI state context is retained separately because the IFI field can be multi-value and historical equivalence is unresolved. Observed IFI state context includes LGD state name. LGD/Census candidate by name; codes are not assumed equivalent."
Rajouri,Arunachal Pradesh; Assam; Delhi; Jammu & Kashmir; Jammu and Kashmir; Punjab; Uttar Pradesh,1.0,Jammu And Kashmir,12.0,Rajouri,12.0,6.0,Rajouri,Jammu & Kashmir,6.0,HISTORICAL_REVIEW,REQUIRES_MANUAL_VERIFICATION,HISTORICAL_REVIEW_REQUIRED,exact_name_without_complete_state_boundary_confirmation,LOW_REQUIRES_HISTORICAL_REVIEW,Identity is plausible by exact LGD name but state or Census-boundary evidence is incomplete or contradictory. Existing comparison note: Exact LGD district name; observed IFI state context is retained separately because the IFI field can be multi-value and historical equivalence is unresolved. Observed IFI state context does not uniquely confirm LGD state name; manual review required. LGD/Census candidate by name; codes are not assumed equivalent.
Rajsamand,Bihar; Gujarat; Haryana; Kerala; Madhya Pradesh; Maharashtra; Odisha; Punjab; Rajasthan; Uttar Pradesh,8.0,Rajasthan,112.0,Rajsamand,25.0,123.0,Rajsamand,Rajasthan,123.0,VERIFIED_NAME_STATE,NAME_STATE_CANDIDATE_WITH_HISTORICAL_LIMITATION,HISTORICAL_REVIEW_REQUIRED,exact_name_state_boundary_candidate,HIGH_FOR_CURRENT_NAME_STATE_LINK; HISTORICAL_LIMITATION,"Exact LGD name, observed state context, and Census boundary candidate agree; code equivalence is not assumed. Existing comparison note: Exact LGD district name; observed IFI state context is retained separately because the IFI field can be multi-value and historical equivalence is unresolved. Observed IFI state context includes LGD state name. LGD/Census candidate by name; codes are not assumed equivalent."
Ramagiri,Maharashtra,,,,,,,,,,UNMATCHED,UNMATCHED,HISTORICAL_REVIEW_REQUIRED,none,NONE,No defensible LGD/Census candidate in the reviewed comparison. Existing comparison note: No exact or normalized LGD district/state candidate.
Ramanagara,Karnataka; Kerala,,,,,,,,,,UNMATCHED,UNMATCHED,HISTORICAL_REVIEW_REQUIRED,none,NONE,No defensible LGD/Census candidate in the reviewed comparison. Existing comparison note: No exact or normalized LGD district/state candidate.
Ramanathapuram,Tamil Nadu,33.0,Tamil Nadu,583.0,Ramanathapuram,27.0,626.0,Ramanathapuram,Tamil Nadu,626.0,VERIFIED_NAME_STATE,NAME_STATE_CANDIDATE_WITH_HISTORICAL_LIMITATION,HISTORICAL_REVIEW_REQUIRED,exact_name_state_boundary_candidate,HIGH_FOR_CURRENT_NAME_STATE_LINK; HISTORICAL_LIMITATION,"Exact LGD name, observed state context, and Census boundary candidate agree; code equivalence is not assumed. Existing comparison note: Exact LGD district name; observed IFI state context is retained separately because the IFI field can be multi-value and historical equivalence is unresolved. Observed IFI state context includes LGD state name. LGD/Census candidate by name; codes are not assumed equivalent."
Ramban,Arunachal Pradesh; Assam; Delhi; Jammu & Kashmir; Jammu and Kashmir; Punjab; Uttar Pradesh,1.0,Jammu And Kashmir,621.0,Ramban,9.0,17.0,Ramban,Jammu & Kashmir,17.0,HISTORICAL_REVIEW,REQUIRES_MANUAL_VERIFICATION,HISTORICAL_REVIEW_REQUIRED,exact_name_without_complete_state_boundary_confirmation,LOW_REQUIRES_HISTORICAL_REVIEW,Identity is plausible by exact LGD name but state or Census-boundary evidence is incomplete or contradictory. Existing comparison note: Exact LGD district name; observed IFI state context is retained separately because the IFI field can be multi-value and historical equivalence is unresolved. Observed IFI state context does not uniquely confirm LGD state name; manual review required. LGD/Census candidate by name; codes are not assumed equivalent.
Ramgarh,Jharkhand; Rajasthan,20.0,Jharkhand,607.0,Ramgarh,4.0,361.0,Ramgarh,Jharkhand,361.0,VERIFIED_NAME_STATE,NAME_STATE_CANDIDATE_WITH_HISTORICAL_LIMITATION,HISTORICAL_REVIEW_REQUIRED,exact_name_state_boundary_candidate,HIGH_FOR_CURRENT_NAME_STATE_LINK; HISTORICAL_LIMITATION,"Exact LGD name, observed state context, and Census boundary candidate agree; code equivalence is not assumed. Existing comparison note: Exact LGD district name; observed IFI state context is retained separately because the IFI field can be multi-value and historical equivalence is unresolved. Observed IFI state context includes LGD state name. LGD/Census candidate by name; codes are not assumed equivalent."
Rampur,Arunachal Pradesh; Assam; Bihar; East Rajasthan; Gujarat; Haryana; Himachal Pradesh; Jammu and Kashmir; Kerala; Madhya Pradesh; Maharashtra; Odisha; Punjab; Rajasthan; Uttar Pradesh; Uttar pradesh; Uttarakhand; West Bengal,9.0,Uttar Pradesh,176.0,Rampur,5.0,136.0,Rampur,Uttar Pradesh,136.0,VERIFIED_NAME_STATE,NAME_STATE_CANDIDATE_WITH_HISTORICAL_LIMITATION,HISTORICAL_REVIEW_REQUIRED,exact_name_state_boundary_candidate,HIGH_FOR_CURRENT_NAME_STATE_LINK; HISTORICAL_LIMITATION,"Exact LGD name, observed state context, and Census boundary candidate agree; code equivalence is not assumed. Existing comparison note: Exact LGD district name; observed IFI state context is retained separately because the IFI field can be multi-value and historical equivalence is unresolved. Observed IFI state context includes LGD state name. LGD/Census candidate by name; codes are not assumed equivalent."
Ranchi,Bihar; Jharkhand,20.0,Jharkhand,339.0,Ranchi,14.0,364.0,Ranchi,Jharkhand,364.0,VERIFIED_NAME_STATE,NAME_STATE_CANDIDATE_WITH_HISTORICAL_LIMITATION,HISTORICAL_REVIEW_REQUIRED,exact_name_state_boundary_candidate,HIGH_FOR_CURRENT_NAME_STATE_LINK; HISTORICAL_LIMITATION,"Exact LGD name, observed state context, and Census boundary candidate agree; code equivalence is not assumed. Existing comparison note: Exact LGD district name; observed IFI state context is retained separately because the IFI field can be multi-value and historical equivalence is unresolved. Observed IFI state context includes LGD state name. LGD/Census candidate by name; codes are not assumed equivalent."
Ranga Reddy,Andhra Pradesh; Maharashtra; Telangana,36.0,Telangana,518.0,Ranga Reddy,6.0,537.0,Rangareddy,Andhra Pradesh,537.0,VERIFIED_NAME_STATE,NAME_STATE_CANDIDATE_WITH_HISTORICAL_LIMITATION,HISTORICAL_REVIEW_REQUIRED,exact_name_state_boundary_candidate,HIGH_FOR_CURRENT_NAME_STATE_LINK; HISTORICAL_LIMITATION,"Exact LGD name, observed state context, and Census boundary candidate agree; code equivalence is not assumed. Existing comparison note: Exact LGD district name; observed IFI state context is retained separately because the IFI field can be multi-value and historical equivalence is unresolved. Observed IFI state context includes LGD state name. LGD/Census candidate by name; codes are not assumed equivalent."
Ranipet,Tamil Nadu,33.0,Tamil Nadu,731.0,Ranipet,0.0,0.0,,,,HISTORICAL_REVIEW,REQUIRES_MANUAL_VERIFICATION,HISTORICAL_REVIEW_REQUIRED,exact_name_without_complete_state_boundary_confirmation,LOW_REQUIRES_HISTORICAL_REVIEW,Identity is plausible by exact LGD name but state or Census-boundary evidence is incomplete or contradictory. Existing comparison note: Exact LGD district name; observed IFI state context is retained separately because the IFI field can be multi-value and historical equivalence is unresolved. Observed IFI state context includes LGD state name. LGD district has no exact Census boundary pair.
Ratlam,Andhra Pradesh; Bihar; Chhattisgarh; Gujarat; Haryana; Madhya Pradesh; Maharashtra; Odisha; Punjab; Rajasthan; Uttar Pradesh; West Bengal,23.0,Madhya Pradesh,423.0,Ratlam,20.0,434.0,Ratlam,Madhya Pradesh,434.0,VERIFIED_NAME_STATE,NAME_STATE_CANDIDATE_WITH_HISTORICAL_LIMITATION,HISTORICAL_REVIEW_REQUIRED,exact_name_state_boundary_candidate,HIGH_FOR_CURRENT_NAME_STATE_LINK; HISTORICAL_LIMITATION,"Exact LGD name, observed state context, and Census boundary candidate agree; code equivalence is not assumed. Existing comparison note: Exact LGD district name; observed IFI state context is retained separately because the IFI field can be multi-value and historical equivalence is unresolved. Observed IFI state context includes LGD state name. LGD/Census candidate by name; codes are not assumed equivalent."
Ratnagiri,Bihar; Gujarat; Madhya Pradesh; Maharashtra; Rajasthan; Telangana; Uttar Pradesh,27.0,Maharashtra,492.0,Ratnagiri,32.0,528.0,Ratnagiri,Maharashtra,528.0,VERIFIED_NAME_STATE,NAME_STATE_CANDIDATE_WITH_HISTORICAL_LIMITATION,HISTORICAL_REVIEW_REQUIRED,exact_name_state_boundary_candidate,HIGH_FOR_CURRENT_NAME_STATE_LINK; HISTORICAL_LIMITATION,"Exact LGD name, observed state context, and Census boundary candidate agree; code equivalence is not assumed. Existing comparison note: Exact LGD district name; observed IFI state context is retained separately because the IFI field can be multi-value and historical equivalence is unresolved. Observed IFI state context includes LGD state name. LGD/Census candidate by name; codes are not assumed equivalent."
Rayagada,Andhra Pradesh; Assam; Bihar; Haryana; Madhya Pradesh; Odisha; Rajasthan; Uttar Pradesh; West Bengal,21.0,Odisha,370.0,Rayagada,27.0,396.0,Rayagada,Odisha,396.0,VERIFIED_NAME_STATE,NAME_STATE_CANDIDATE_WITH_HISTORICAL_LIMITATION,HISTORICAL_REVIEW_REQUIRED,exact_name_state_boundary_candidate,HIGH_FOR_CURRENT_NAME_STATE_LINK; HISTORICAL_LIMITATION,"Exact LGD name, observed state context, and Census boundary candidate agree; code equivalence is not assumed. Existing comparison note: Exact LGD district name; observed IFI state context is retained separately because the IFI field can be multi-value and historical equivalence is unresolved. Observed IFI state context includes LGD state name. LGD/Census candidate by name; codes are not assumed equivalent."
Reasi,Arunachal Pradesh; Assam; Delhi; Jammu & Kashmir; Jammu and Kashmir; Punjab; Uttar Pradesh,1.0,Jammu And Kashmir,627.0,Reasi,0.0,20.0,Reasi,Jammu & Kashmir,20.0,HISTORICAL_REVIEW,REQUIRES_MANUAL_VERIFICATION,HISTORICAL_REVIEW_REQUIRED,exact_name_without_complete_state_boundary_confirmation,LOW_REQUIRES_HISTORICAL_REVIEW,Identity is plausible by exact LGD name but state or Census-boundary evidence is incomplete or contradictory. Existing comparison note: Exact LGD district name; observed IFI state context is retained separately because the IFI field can be multi-value and historical equivalence is unresolved. Observed IFI state context does not uniquely confirm LGD state name; manual review required. LGD/Census candidate by name; codes are not assumed equivalent.
Rewa,Andhra Pradesh; Bihar; Gujarat; Haryana; Madhya Pradesh; Maharashtra; Odisha; Punjab; Rajasthan; Uttar Pradesh; West Bengal,23.0,Madhya Pradesh,424.0,Rewa,14.0,430.0,Rewa,Madhya Pradesh,430.0,VERIFIED_NAME_STATE,NAME_STATE_CANDIDATE_WITH_HISTORICAL_LIMITATION,HISTORICAL_REVIEW_REQUIRED,exact_name_state_boundary_candidate,HIGH_FOR_CURRENT_NAME_STATE_LINK; HISTORICAL_LIMITATION,"Exact LGD name, observed state context, and Census boundary candidate agree; code equivalence is not assumed. Existing comparison note: Exact LGD district name; observed IFI state context is retained separately because the IFI field can be multi-value and historical equivalence is unresolved. Observed IFI state context includes LGD state name. LGD/Census candidate by name; codes are not assumed equivalent."
Rewari,Bihar; Haryana; Kerala; Madhya Pradesh; Odisha; Punjab; Rajasthan; Uttar Pradesh; West Bengal,6.0,Haryana,72.0,Rewari,17.0,85.0,Rewari,Haryana,85.0,VERIFIED_NAME_STATE,NAME_STATE_CANDIDATE_WITH_HISTORICAL_LIMITATION,HISTORICAL_REVIEW_REQUIRED,exact_name_state_boundary_candidate,HIGH_FOR_CURRENT_NAME_STATE_LINK; HISTORICAL_LIMITATION,"Exact LGD name, observed state context, and Census boundary candidate agree; code equivalence is not assumed. Existing comparison note: Exact LGD district name; observed IFI state context is retained separately because the IFI field can be multi-value and historical equivalence is unresolved. Observed IFI state context includes LGD state name. LGD/Census candidate by name; codes are not assumed equivalent."
Ri Bhoi,Meghalaya,17.0,Meghalaya,276.0,Ri Bhoi,5.0,297.0,Ri Bhoi,Meghalaya,297.0,VERIFIED_NAME_STATE,NAME_STATE_CANDIDATE_WITH_HISTORICAL_LIMITATION,HISTORICAL_REVIEW_REQUIRED,exact_name_state_boundary_candidate,HIGH_FOR_CURRENT_NAME_STATE_LINK; HISTORICAL_LIMITATION,"Exact LGD name, observed state context, and Census boundary candidate agree; code equivalence is not assumed. Existing comparison note: Exact LGD district name; observed IFI state context is retained separately because the IFI field can be multi-value and historical equivalence is unresolved. Observed IFI state context includes LGD state name. LGD/Census candidate by name; codes are not assumed equivalent."
Rohtak,Bihar; Haryana; Kerala; Madhya Pradesh; Odisha; Punjab; Rajasthan; Uttar Pradesh; West Bengal,6.0,Haryana,73.0,Rohtak,14.0,82.0,Rohtak,Haryana,82.0,VERIFIED_NAME_STATE,NAME_STATE_CANDIDATE_WITH_HISTORICAL_LIMITATION,HISTORICAL_REVIEW_REQUIRED,exact_name_state_boundary_candidate,HIGH_FOR_CURRENT_NAME_STATE_LINK; HISTORICAL_LIMITATION,"Exact LGD name, observed state context, and Census boundary candidate agree; code equivalence is not assumed. Existing comparison note: Exact LGD district name; observed IFI state context is retained separately because the IFI field can be multi-value and historical equivalence is unresolved. Observed IFI state context includes LGD state name. LGD/Census candidate by name; codes are not assumed equivalent."
Rohtas,Andhra Pradesh; Assam; Bihar; Gujarat; Haryana; Himachal Pradesh; Kerala; Madhya Pradesh; Maharashtra; Odisha; Rajasthan; Uttar Pradesh; Uttar pradesh; West Bengal,10.0,Bihar,215.0,Rohtas,32.0,234.0,Rohtas,Bihar,234.0,VERIFIED_NAME_STATE,NAME_STATE_CANDIDATE_WITH_HISTORICAL_LIMITATION,HISTORICAL_REVIEW_REQUIRED,exact_name_state_boundary_candidate,HIGH_FOR_CURRENT_NAME_STATE_LINK; HISTORICAL_LIMITATION,"Exact LGD name, observed state context, and Census boundary candidate agree; code equivalence is not assumed. Existing comparison note: Exact LGD district name; observed IFI state context is retained separately because the IFI field can be multi-value and historical equivalence is unresolved. Observed IFI state context includes LGD state name. LGD/Census candidate by name; codes are not assumed equivalent."
Rudra Prayag,Uttar Pradesh; Uttarakhand,5.0,Uttarakhand,54.0,Rudraprayag,3.0,58.0,Rudraprayag,Uttarakhand,58.0,NORMALIZED_REVIEW,REQUIRES_MANUAL_VERIFICATION,HISTORICAL_REVIEW_REQUIRED,normalized_district_name,MEDIUM_REQUIRES_MANUAL_VERIFICATION,Normalization was required; no silent rename or fuzzy match was applied. Existing comparison note: Transparent normalization only; state and historical identity require manual review. Observed IFI state context includes LGD state name. LGD/Census candidate by name; codes are not assumed equivalent.
Rugi,Karnataka,,,,,,,,,,UNMATCHED,UNMATCHED,HISTORICAL_REVIEW_REQUIRED,none,NONE,No defensible LGD/Census candidate in the reviewed comparison. Existing comparison note: No exact or normalized LGD district/state candidate.
Rupnagar,Arunachal Pradesh; Assam; Delhi; Haryana; Jammu and Kashmir; Madhya Pradesh; Punjab; Rajasthan; Uttar Pradesh; West Bengal,3.0,Punjab,42.0,Rupnagar,7.0,51.0,Rupnagar,Punjab,51.0,VERIFIED_NAME_STATE,NAME_STATE_CANDIDATE_WITH_HISTORICAL_LIMITATION,HISTORICAL_REVIEW_REQUIRED,exact_name_state_boundary_candidate,HIGH_FOR_CURRENT_NAME_STATE_LINK; HISTORICAL_LIMITATION,"Exact LGD name, observed state context, and Census boundary candidate agree; code equivalence is not assumed. Existing comparison note: Exact LGD district name; observed IFI state context is retained separately because the IFI field can be multi-value and historical equivalence is unresolved. Observed IFI state context includes LGD state name. LGD/Census candidate by name; codes are not assumed equivalent."
Rural,Karnataka,,,,,,,,,,UNMATCHED,UNMATCHED,HISTORICAL_REVIEW_REQUIRED,none,NONE,No defensible LGD/Census candidate in the reviewed comparison. Existing comparison note: No exact or normalized LGD district/state candidate.
S.A.S Nagar,Delhi; Jammu and Kashmir; Punjab,3.0,Punjab,608.0,S.A.S Nagar,0.0,52.0,,,,HISTORICAL_REVIEW,REQUIRES_MANUAL_VERIFICATION,HISTORICAL_REVIEW_REQUIRED,exact_name_without_complete_state_boundary_confirmation,LOW_REQUIRES_HISTORICAL_REVIEW,Identity is plausible by exact LGD name but state or Census-boundary evidence is incomplete or contradictory. Existing comparison note: Exact LGD district name; observed IFI state context is retained separately because the IFI field can be multi-value and historical equivalence is unresolved. Observed IFI state context includes LGD state name. LGD district has no exact Census boundary pair.
S.A.S Nagar*,Arunachal Pradesh; Assam; Haryana; Jammu and Kashmir; Madhya Pradesh; Punjab; Rajasthan; Uttar Pradesh; West Bengal,3.0,Punjab,608.0,S.A.S Nagar,0.0,52.0,,,,NORMALIZED_REVIEW,REQUIRES_MANUAL_VERIFICATION,HISTORICAL_REVIEW_REQUIRED,normalized_district_name,MEDIUM_REQUIRES_MANUAL_VERIFICATION,Normalization was required; no silent rename or fuzzy match was applied. Existing comparison note: Transparent normalization only; state and historical identity require manual review. Observed IFI state context includes LGD state name. LGD district has no exact Census boundary pair.
SShrawasti,Arunachal Pradesh; Assam; Bihar; East Rajasthan; Gujarat; Haryana; Himachal Pradesh; Jammu and Kashmir; Kerala; Madhya Pradesh; Maharashtra; Odisha; Punjab; Rajasthan; Uttar Pradesh; Uttar pradesh; West Bengal,,,,,,,,,,UNMATCHED,UNMATCHED,HISTORICAL_REVIEW_REQUIRED,none,NONE,No defensible LGD/Census candidate in the reviewed comparison. Existing comparison note: No exact or normalized LGD district/state candidate.
SShrawasti & Parts of East U.P.,Uttar Pradesh,,,,,,,,,,UNMATCHED,UNMATCHED,HISTORICAL_REVIEW_REQUIRED,none,NONE,No defensible LGD/Census candidate in the reviewed comparison. Existing comparison note: No exact or normalized LGD district/state candidate.
Sabar Kantha,Bihar; Gujarat; Madhya Pradesh; Maharashtra; Rajasthan; Uttar Pradesh,24.0,Gujarat,458.0,Sabar Kantha,5.0,472.0,Sabar Kantha,Gujarat,472.0,VERIFIED_NAME_STATE,NAME_STATE_CANDIDATE_WITH_HISTORICAL_LIMITATION,HISTORICAL_REVIEW_REQUIRED,exact_name_state_boundary_candidate,HIGH_FOR_CURRENT_NAME_STATE_LINK; HISTORICAL_LIMITATION,"Exact LGD name, observed state context, and Census boundary candidate agree; code equivalence is not assumed. Existing comparison note: Exact LGD district name; observed IFI state context is retained separately because the IFI field can be multi-value and historical equivalence is unresolved. Observed IFI state context includes LGD state name. LGD/Census candidate by name; codes are not assumed equivalent."
Sagar,Andhra Pradesh; Bihar; Chhattisgarh; Gujarat; Haryana; Madhya Pradesh; Maharashtra; Odisha; Punjab; Rajasthan; Uttar Pradesh; West Bengal,23.0,Madhya Pradesh,425.0,Sagar,11.0,427.0,Sagar,Madhya Pradesh,427.0,VERIFIED_NAME_STATE,NAME_STATE_CANDIDATE_WITH_HISTORICAL_LIMITATION,HISTORICAL_REVIEW_REQUIRED,exact_name_state_boundary_candidate,HIGH_FOR_CURRENT_NAME_STATE_LINK; HISTORICAL_LIMITATION,"Exact LGD name, observed state context, and Census boundary candidate agree; code equivalence is not assumed. Existing comparison note: Exact LGD district name; observed IFI state context is retained separately because the IFI field can be multi-value and historical equivalence is unresolved. Observed IFI state context includes LGD state name. LGD/Census candidate by name; codes are not assumed equivalent."
Saharanpur,Arunachal Pradesh; Assam; Bihar; East Rajasthan; Gujarat; Haryana; Himachal Pradesh; Jammu and Kashmir; Kerala; Madhya Pradesh; Maharashtra; Odisha; Punjab; Rajasthan; Uttar Pradesh; Uttar pradesh; Uttarakhand; West Bengal,9.0,Uttar Pradesh,177.0,Saharanpur,1.0,132.0,Saharanpur,Uttar Pradesh,132.0,VERIFIED_NAME_STATE,NAME_STATE_CANDIDATE_WITH_HISTORICAL_LIMITATION,HISTORICAL_REVIEW_REQUIRED,exact_name_state_boundary_candidate,HIGH_FOR_CURRENT_NAME_STATE_LINK; HISTORICAL_LIMITATION,"Exact LGD name, observed state context, and Census boundary candidate agree; code equivalence is not assumed. Existing comparison note: Exact LGD district name; observed IFI state context is retained separately because the IFI field can be multi-value and historical equivalence is unresolved. Observed IFI state context includes LGD state name. LGD/Census candidate by name; codes are not assumed equivalent."
Saharsa,Andhra Pradesh; Assam; Bihar; Gujarat; Haryana; Himachal Pradesh; Jharkhand; Kerala; Madhya Pradesh; Maharashtra; Odisha; Rajasthan; Uttar Pradesh; Uttar pradesh; West Bengal,10.0,Bihar,216.0,Saharsa,12.0,214.0,Saharsa,Bihar,214.0,VERIFIED_NAME_STATE,NAME_STATE_CANDIDATE_WITH_HISTORICAL_LIMITATION,HISTORICAL_REVIEW_REQUIRED,exact_name_state_boundary_candidate,HIGH_FOR_CURRENT_NAME_STATE_LINK; HISTORICAL_LIMITATION,"Exact LGD name, observed state context, and Census boundary candidate agree; code equivalence is not assumed. Existing comparison note: Exact LGD district name; observed IFI state context is retained separately because the IFI field can be multi-value and historical equivalence is unresolved. Observed IFI state context includes LGD state name. LGD/Census candidate by name; codes are not assumed equivalent."
Sahebganj,Bihar; Jharkhand,20.0,Jharkhand,340.0,Sahebganj,9.0,352.0,,,,HISTORICAL_REVIEW,REQUIRES_MANUAL_VERIFICATION,HISTORICAL_REVIEW_REQUIRED,exact_name_without_complete_state_boundary_confirmation,LOW_REQUIRES_HISTORICAL_REVIEW,Identity is plausible by exact LGD name but state or Census-boundary evidence is incomplete or contradictory. Existing comparison note: Exact LGD district name; observed IFI state context is retained separately because the IFI field can be multi-value and historical equivalence is unresolved. Observed IFI state context includes LGD state name. LGD district has no exact Census boundary pair.
Salem,Tamil Nadu,33.0,Tamil Nadu,584.0,Salem,8.0,608.0,Salem,Tamil Nadu,608.0,VERIFIED_NAME_STATE,NAME_STATE_CANDIDATE_WITH_HISTORICAL_LIMITATION,HISTORICAL_REVIEW_REQUIRED,exact_name_state_boundary_candidate,HIGH_FOR_CURRENT_NAME_STATE_LINK; HISTORICAL_LIMITATION,"Exact LGD name, observed state context, and Census boundary candidate agree; code equivalence is not assumed. Existing comparison note: Exact LGD district name; observed IFI state context is retained separately because the IFI field can be multi-value and historical equivalence is unresolved. Observed IFI state context includes LGD state name. LGD/Census candidate by name; codes are not assumed equivalent."
Samastipur,Andhra Pradesh; Assam; Bihar; Gujarat; Haryana; Himachal Pradesh; Jharkhand; Kerala; Madhya Pradesh; Maharashtra; Odisha; Rajasthan; Uttar Pradesh; Uttar pradesh; West Bengal,10.0,Bihar,217.0,Samastipur,19.0,221.0,Samastipur,Bihar,221.0,VERIFIED_NAME_STATE,NAME_STATE_CANDIDATE_WITH_HISTORICAL_LIMITATION,HISTORICAL_REVIEW_REQUIRED,exact_name_state_boundary_candidate,HIGH_FOR_CURRENT_NAME_STATE_LINK; HISTORICAL_LIMITATION,"Exact LGD name, observed state context, and Census boundary candidate agree; code equivalence is not assumed. Existing comparison note: Exact LGD district name; observed IFI state context is retained separately because the IFI field can be multi-value and historical equivalence is unresolved. Observed IFI state context includes LGD state name. LGD/Census candidate by name; codes are not assumed equivalent."
Samba,Arunachal Pradesh; Assam; Delhi; Jammu & Kashmir; Jammu and Kashmir; Punjab; Uttar Pradesh,1.0,Jammu And Kashmir,624.0,Samba,0.0,22.0,Samba,Jammu & Kashmir,22.0,HISTORICAL_REVIEW,REQUIRES_MANUAL_VERIFICATION,HISTORICAL_REVIEW_REQUIRED,exact_name_without_complete_state_boundary_confirmation,LOW_REQUIRES_HISTORICAL_REVIEW,Identity is plausible by exact LGD name but state or Census-boundary evidence is incomplete or contradictory. Existing comparison note: Exact LGD district name; observed IFI state context is retained separately because the IFI field can be multi-value and historical equivalence is unresolved. Observed IFI state context does not uniquely confirm LGD state name; manual review required. LGD/Census candidate by name; codes are not assumed equivalent.
Sambalpur,Andhra Pradesh; Assam; Bihar; Haryana; Madhya Pradesh; Odisha; Rajasthan; Uttar Pradesh; West Bengal,21.0,Odisha,371.0,Sambalpur,3.0,372.0,Sambalpur,Odisha,372.0,VERIFIED_NAME_STATE,NAME_STATE_CANDIDATE_WITH_HISTORICAL_LIMITATION,HISTORICAL_REVIEW_REQUIRED,exact_name_state_boundary_candidate,HIGH_FOR_CURRENT_NAME_STATE_LINK; HISTORICAL_LIMITATION,"Exact LGD name, observed state context, and Census boundary candidate agree; code equivalence is not assumed. Existing comparison note: Exact LGD district name; observed IFI state context is retained separately because the IFI field can be multi-value and historical equivalence is unresolved. Observed IFI state context includes LGD state name. LGD/Census candidate by name; codes are not assumed equivalent."
Sambhal,Arunachal Pradesh; Assam; Bihar; East Rajasthan; Gujarat; Haryana; Himachal Pradesh; Jammu and Kashmir; Kerala; Madhya Pradesh; Maharashtra; Odisha; Punjab; Rajasthan; Uttar Pradesh; Uttar pradesh; Uttarakhand; West Bengal,9.0,Uttar Pradesh,659.0,Sambhal,0.0,0.0,,,,HISTORICAL_REVIEW,REQUIRES_MANUAL_VERIFICATION,HISTORICAL_REVIEW_REQUIRED,exact_name_without_complete_state_boundary_confirmation,LOW_REQUIRES_HISTORICAL_REVIEW,Identity is plausible by exact LGD name but state or Census-boundary evidence is incomplete or contradictory. Existing comparison note: Exact LGD district name; observed IFI state context is retained separately because the IFI field can be multi-value and historical equivalence is unresolved. Observed IFI state context includes LGD state name. LGD district has no exact Census boundary pair.
Sangareddy,Andhra Pradesh; Maharashtra; Telangana,36.0,Telangana,691.0,Sangareddy,0.0,0.0,,,,HISTORICAL_REVIEW,REQUIRES_MANUAL_VERIFICATION,HISTORICAL_REVIEW_REQUIRED,exact_name_without_complete_state_boundary_confirmation,LOW_REQUIRES_HISTORICAL_REVIEW,Identity is plausible by exact LGD name but state or Census-boundary evidence is incomplete or contradictory. Existing comparison note: Exact LGD district name; observed IFI state context is retained separately because the IFI field can be multi-value and historical equivalence is unresolved. Observed IFI state context includes LGD state name. LGD district has no exact Census boundary pair.
Sangli,Bihar; Gujarat; Madhya Pradesh; Maharashtra; Rajasthan; Telangana; Uttar Pradesh,27.0,Maharashtra,493.0,Sangli,35.0,531.0,Sangli,Maharashtra,531.0,VERIFIED_NAME_STATE,NAME_STATE_CANDIDATE_WITH_HISTORICAL_LIMITATION,HISTORICAL_REVIEW_REQUIRED,exact_name_state_boundary_candidate,HIGH_FOR_CURRENT_NAME_STATE_LINK; HISTORICAL_LIMITATION,"Exact LGD name, observed state context, and Census boundary candidate agree; code equivalence is not assumed. Existing comparison note: Exact LGD district name; observed IFI state context is retained separately because the IFI field can be multi-value and historical equivalence is unresolved. Observed IFI state context includes LGD state name. LGD/Census candidate by name; codes are not assumed equivalent."
Sangrur,Arunachal Pradesh; Assam; Delhi; Haryana; Jammu and Kashmir; Madhya Pradesh; Punjab; Rajasthan; Uttar Pradesh; West Bengal,3.0,Punjab,43.0,Sangrur,16.0,53.0,Sangrur,Punjab,53.0,VERIFIED_NAME_STATE,NAME_STATE_CANDIDATE_WITH_HISTORICAL_LIMITATION,HISTORICAL_REVIEW_REQUIRED,exact_name_state_boundary_candidate,HIGH_FOR_CURRENT_NAME_STATE_LINK; HISTORICAL_LIMITATION,"Exact LGD name, observed state context, and Census boundary candidate agree; code equivalence is not assumed. Existing comparison note: Exact LGD district name; observed IFI state context is retained separately because the IFI field can be multi-value and historical equivalence is unresolved. Observed IFI state context includes LGD state name. LGD/Census candidate by name; codes are not assumed equivalent."
Sant Kabir Nagar,Arunachal Pradesh; Assam; Bihar; East Rajasthan; Gujarat; Haryana; Himachal Pradesh; Jammu and Kashmir; Kerala; Madhya Pradesh; Maharashtra; Odisha; Punjab; Rajasthan; Uttar Pradesh; Uttar pradesh; West Bengal,9.0,Uttar Pradesh,178.0,Sant Kabir Nagar,56.0,186.0,Sant Kabir Nagar,Uttar Pradesh,186.0,VERIFIED_NAME_STATE,NAME_STATE_CANDIDATE_WITH_HISTORICAL_LIMITATION,HISTORICAL_REVIEW_REQUIRED,exact_name_state_boundary_candidate,HIGH_FOR_CURRENT_NAME_STATE_LINK; HISTORICAL_LIMITATION,"Exact LGD name, observed state context, and Census boundary candidate agree; code equivalence is not assumed. Existing comparison note: Exact LGD district name; observed IFI state context is retained separately because the IFI field can be multi-value and historical equivalence is unresolved. Observed IFI state context includes LGD state name. LGD/Census candidate by name; codes are not assumed equivalent."
Santal Pargan,Bihar,,,,,,,,,,UNMATCHED,UNMATCHED,HISTORICAL_REVIEW_REQUIRED,none,NONE,No defensible LGD/Census candidate in the reviewed comparison. Existing comparison note: No exact or normalized LGD district/state candidate.
Saraikela Kharsawan,Jharkhand,20.0,Jharkhand,341.0,Saraikela Kharsawan,17.0,369.0,Saraikela-kharsawan,Jharkhand,369.0,VERIFIED_NAME_STATE,NAME_STATE_CANDIDATE_WITH_HISTORICAL_LIMITATION,HISTORICAL_REVIEW_REQUIRED,exact_name_state_boundary_candidate,HIGH_FOR_CURRENT_NAME_STATE_LINK; HISTORICAL_LIMITATION,"Exact LGD name, observed state context, and Census boundary candidate agree; code equivalence is not assumed. Existing comparison note: Exact LGD district name; observed IFI state context is retained separately because the IFI field can be multi-value and historical equivalence is unresolved. Observed IFI state context includes LGD state name. LGD/Census candidate by name; codes are not assumed equivalent."
Saran,Andhra Pradesh; Assam; Bihar; Gujarat; Haryana; Himachal Pradesh; Jharkhand; Kerala; Madhya Pradesh; Maharashtra; Odisha; Rajasthan; Uttar Pradesh; Uttar pradesh; West Bengal,10.0,Bihar,218.0,Saran,17.0,219.0,,,,HISTORICAL_REVIEW,REQUIRES_MANUAL_VERIFICATION,HISTORICAL_REVIEW_REQUIRED,exact_name_without_complete_state_boundary_confirmation,LOW_REQUIRES_HISTORICAL_REVIEW,Identity is plausible by exact LGD name but state or Census-boundary evidence is incomplete or contradictory. Existing comparison note: Exact LGD district name; observed IFI state context is retained separately because the IFI field can be multi-value and historical equivalence is unresolved. Observed IFI state context includes LGD state name. LGD district has no exact Census boundary pair.
Satara,Bihar; Gujarat; Madhya Pradesh; Maharashtra; Rajasthan; Telangana; Uttar Pradesh,27.0,Maharashtra,494.0,Satara,31.0,527.0,Satara,Maharashtra,527.0,VERIFIED_NAME_STATE,NAME_STATE_CANDIDATE_WITH_HISTORICAL_LIMITATION,HISTORICAL_REVIEW_REQUIRED,exact_name_state_boundary_candidate,HIGH_FOR_CURRENT_NAME_STATE_LINK; HISTORICAL_LIMITATION,"Exact LGD name, observed state context, and Census boundary candidate agree; code equivalence is not assumed. Existing comparison note: Exact LGD district name; observed IFI state context is retained separately because the IFI field can be multi-value and historical equivalence is unresolved. Observed IFI state context includes LGD state name. LGD/Census candidate by name; codes are not assumed equivalent."
Satna,Andhra Pradesh; Bihar; Gujarat; Haryana; Madhya Pradesh; Maharashtra; Odisha; Punjab; Rajasthan; Uttar Pradesh; West Bengal,23.0,Madhya Pradesh,426.0,Satna,13.0,429.0,Satna,Madhya Pradesh,429.0,VERIFIED_NAME_STATE,NAME_STATE_CANDIDATE_WITH_HISTORICAL_LIMITATION,HISTORICAL_REVIEW_REQUIRED,exact_name_state_boundary_candidate,HIGH_FOR_CURRENT_NAME_STATE_LINK; HISTORICAL_LIMITATION,"Exact LGD name, observed state context, and Census boundary candidate agree; code equivalence is not assumed. Existing comparison note: Exact LGD district name; observed IFI state context is retained separately because the IFI field can be multi-value and historical equivalence is unresolved. Observed IFI state context includes LGD state name. LGD/Census candidate by name; codes are not assumed equivalent."
Sawai Madhopur,Bihar; Gujarat; Haryana; Kerala; Madhya Pradesh; Maharashtra; Odisha; Punjab; Rajasthan; Uttar Pradesh,8.0,Rajasthan,113.0,Sawai Madhopur,10.0,108.0,Sawai Madhopur,Rajasthan,108.0,VERIFIED_NAME_STATE,NAME_STATE_CANDIDATE_WITH_HISTORICAL_LIMITATION,HISTORICAL_REVIEW_REQUIRED,exact_name_state_boundary_candidate,HIGH_FOR_CURRENT_NAME_STATE_LINK; HISTORICAL_LIMITATION,"Exact LGD name, observed state context, and Census boundary candidate agree; code equivalence is not assumed. Existing comparison note: Exact LGD district name; observed IFI state context is retained separately because the IFI field can be multi-value and historical equivalence is unresolved. Observed IFI state context includes LGD state name. LGD/Census candidate by name; codes are not assumed equivalent."
Sehore,Andhra Pradesh; Bihar; Chhattisgarh; Gujarat; Haryana; Madhya Pradesh; Maharashtra; Odisha; Punjab; Rajasthan; Uttar Pradesh; West Bengal,23.0,Madhya Pradesh,427.0,Sehore,33.0,445.0,Sehore,Madhya Pradesh,445.0,VERIFIED_NAME_STATE,NAME_STATE_CANDIDATE_WITH_HISTORICAL_LIMITATION,HISTORICAL_REVIEW_REQUIRED,exact_name_state_boundary_candidate,HIGH_FOR_CURRENT_NAME_STATE_LINK; HISTORICAL_LIMITATION,"Exact LGD name, observed state context, and Census boundary candidate agree; code equivalence is not assumed. Existing comparison note: Exact LGD district name; observed IFI state context is retained separately because the IFI field can be multi-value and historical equivalence is unresolved. Observed IFI state context includes LGD state name. LGD/Census candidate by name; codes are not assumed equivalent."
Senapati,Manipur,14.0,Manipur,257.0,Senapati,1.0,272.0,Senapati,Manipur,272.0,VERIFIED_NAME_STATE,NAME_STATE_CANDIDATE_WITH_HISTORICAL_LIMITATION,HISTORICAL_REVIEW_REQUIRED,exact_name_state_boundary_candidate,HIGH_FOR_CURRENT_NAME_STATE_LINK; HISTORICAL_LIMITATION,"Exact LGD name, observed state context, and Census boundary candidate agree; code equivalence is not assumed. Existing comparison note: Exact LGD district name; observed IFI state context is retained separately because the IFI field can be multi-value and historical equivalence is unresolved. Observed IFI state context includes LGD state name. LGD/Census candidate by name; codes are not assumed equivalent."
Seoni,Andhra Pradesh; Bihar; Chhattisgarh; Gujarat; Haryana; Madhya Pradesh; Maharashtra; Odisha; Punjab; Rajasthan; Uttar Pradesh; West Bengal,23.0,Madhya Pradesh,428.0,Seoni,44.0,456.0,Seoni,Madhya Pradesh,456.0,VERIFIED_NAME_STATE,NAME_STATE_CANDIDATE_WITH_HISTORICAL_LIMITATION,HISTORICAL_REVIEW_REQUIRED,exact_name_state_boundary_candidate,HIGH_FOR_CURRENT_NAME_STATE_LINK; HISTORICAL_LIMITATION,"Exact LGD name, observed state context, and Census boundary candidate agree; code equivalence is not assumed. Existing comparison note: Exact LGD district name; observed IFI state context is retained separately because the IFI field can be multi-value and historical equivalence is unresolved. Observed IFI state context includes LGD state name. LGD/Census candidate by name; codes are not assumed equivalent."
Sepahijala,Tripura,16.0,Tripura,653.0,Sepahijala,0.0,0.0,,,,HISTORICAL_REVIEW,REQUIRES_MANUAL_VERIFICATION,HISTORICAL_REVIEW_REQUIRED,exact_name_without_complete_state_boundary_confirmation,LOW_REQUIRES_HISTORICAL_REVIEW,Identity is plausible by exact LGD name but state or Census-boundary evidence is incomplete or contradictory. Existing comparison note: Exact LGD district name; observed IFI state context is retained separately because the IFI field can be multi-value and historical equivalence is unresolved. Observed IFI state context includes LGD state name. LGD district has no exact Census boundary pair.
Serchhip,Mizoram,15.0,Mizoram,268.0,Serchhip,5.0,285.0,Serchhip,Mizoram,285.0,VERIFIED_NAME_STATE,NAME_STATE_CANDIDATE_WITH_HISTORICAL_LIMITATION,HISTORICAL_REVIEW_REQUIRED,exact_name_state_boundary_candidate,HIGH_FOR_CURRENT_NAME_STATE_LINK; HISTORICAL_LIMITATION,"Exact LGD name, observed state context, and Census boundary candidate agree; code equivalence is not assumed. Existing comparison note: Exact LGD district name; observed IFI state context is retained separately because the IFI field can be multi-value and historical equivalence is unresolved. Observed IFI state context includes LGD state name. LGD/Census candidate by name; codes are not assumed equivalent."
Shahdara,Delhi; Jammu and Kashmir; Punjab,,,,,,,,,,UNMATCHED,UNMATCHED,HISTORICAL_REVIEW_REQUIRED,none,NONE,No defensible LGD/Census candidate in the reviewed comparison. Existing comparison note: No exact or normalized LGD district/state candidate.
Shahdol,Andhra Pradesh; Bihar; Gujarat; Haryana; Madhya Pradesh; Maharashtra; Odisha; Punjab; Rajasthan; Uttar Pradesh; West Bengal,23.0,Madhya Pradesh,429.0,Shahdol,16.0,460.0,Shahdol,Madhya Pradesh,460.0,VERIFIED_NAME_STATE,NAME_STATE_CANDIDATE_WITH_HISTORICAL_LIMITATION,HISTORICAL_REVIEW_REQUIRED,exact_name_state_boundary_candidate,HIGH_FOR_CURRENT_NAME_STATE_LINK; HISTORICAL_LIMITATION,"Exact LGD name, observed state context, and Census boundary candidate agree; code equivalence is not assumed. Existing comparison note: Exact LGD district name; observed IFI state context is retained separately because the IFI field can be multi-value and historical equivalence is unresolved. Observed IFI state context includes LGD state name. LGD/Census candidate by name; codes are not assumed equivalent."
Shahid Bhagat Singh Nagar,Arunachal Pradesh; Assam; Delhi; Haryana; Jammu and Kashmir; Madhya Pradesh; Punjab; Rajasthan; Uttar Pradesh; West Bengal,3.0,Punjab,40.0,Shahid Bhagat Singh Nagar,6.0,39.0,Shahid Bhagat Singh Nagar,Punjab,39.0,VERIFIED_NAME_STATE,NAME_STATE_CANDIDATE_WITH_HISTORICAL_LIMITATION,HISTORICAL_REVIEW_REQUIRED,exact_name_state_boundary_candidate,HIGH_FOR_CURRENT_NAME_STATE_LINK; HISTORICAL_LIMITATION,"Exact LGD name, observed state context, and Census boundary candidate agree; code equivalence is not assumed. Existing comparison note: Exact LGD district name; observed IFI state context is retained separately because the IFI field can be multi-value and historical equivalence is unresolved. Observed IFI state context includes LGD state name. LGD/Census candidate by name; codes are not assumed equivalent."
Shahjahanpur,Arunachal Pradesh; Assam; Bihar; East Rajasthan; Gujarat; Haryana; Himachal Pradesh; Jammu and Kashmir; Kerala; Madhya Pradesh; Maharashtra; Odisha; Punjab; Rajasthan; Uttar Pradesh; Uttar pradesh; Uttarakhand; West Bengal,9.0,Uttar Pradesh,180.0,Shahjahanpur,22.0,152.0,Shahjahanpur,Uttar Pradesh,152.0,VERIFIED_NAME_STATE,NAME_STATE_CANDIDATE_WITH_HISTORICAL_LIMITATION,HISTORICAL_REVIEW_REQUIRED,exact_name_state_boundary_candidate,HIGH_FOR_CURRENT_NAME_STATE_LINK; HISTORICAL_LIMITATION,"Exact LGD name, observed state context, and Census boundary candidate agree; code equivalence is not assumed. Existing comparison note: Exact LGD district name; observed IFI state context is retained separately because the IFI field can be multi-value and historical equivalence is unresolved. Observed IFI state context includes LGD state name. LGD/Census candidate by name; codes are not assumed equivalent."
Shajapur,Andhra Pradesh; Bihar; Chhattisgarh; Gujarat; Haryana; Madhya Pradesh; Maharashtra; Odisha; Punjab; Rajasthan; Uttar Pradesh; West Bengal,23.0,Madhya Pradesh,430.0,Shajapur,22.0,436.0,Shajapur,Madhya Pradesh,436.0,VERIFIED_NAME_STATE,NAME_STATE_CANDIDATE_WITH_HISTORICAL_LIMITATION,HISTORICAL_REVIEW_REQUIRED,exact_name_state_boundary_candidate,HIGH_FOR_CURRENT_NAME_STATE_LINK; HISTORICAL_LIMITATION,"Exact LGD name, observed state context, and Census boundary candidate agree; code equivalence is not assumed. Existing comparison note: Exact LGD district name; observed IFI state context is retained separately because the IFI field can be multi-value and historical equivalence is unresolved. Observed IFI state context includes LGD state name. LGD/Census candidate by name; codes are not assumed equivalent."
Shamli,Arunachal Pradesh; Assam; Bihar; East Rajasthan; Gujarat; Haryana; Himachal Pradesh; Jammu and Kashmir; Kerala; Madhya Pradesh; Maharashtra; Odisha; Punjab; Rajasthan; Uttar Pradesh; Uttar pradesh; Uttarakhand; West Bengal,9.0,Uttar Pradesh,660.0,Shamli,0.0,0.0,,,,HISTORICAL_REVIEW,REQUIRES_MANUAL_VERIFICATION,HISTORICAL_REVIEW_REQUIRED,exact_name_without_complete_state_boundary_confirmation,LOW_REQUIRES_HISTORICAL_REVIEW,Identity is plausible by exact LGD name but state or Census-boundary evidence is incomplete or contradictory. Existing comparison note: Exact LGD district name; observed IFI state context is retained separately because the IFI field can be multi-value and historical equivalence is unresolved. Observed IFI state context includes LGD state name. LGD district has no exact Census boundary pair.
Sheikhpura,Andhra Pradesh; Assam; Bihar; Gujarat; Haryana; Himachal Pradesh; Kerala; Madhya Pradesh; Maharashtra; Odisha; Rajasthan; Uttar Pradesh; Uttar pradesh; West Bengal,10.0,Bihar,219.0,Sheikhpura,26.0,228.0,Sheikhpura,Bihar,228.0,VERIFIED_NAME_STATE,NAME_STATE_CANDIDATE_WITH_HISTORICAL_LIMITATION,HISTORICAL_REVIEW_REQUIRED,exact_name_state_boundary_candidate,HIGH_FOR_CURRENT_NAME_STATE_LINK; HISTORICAL_LIMITATION,"Exact LGD name, observed state context, and Census boundary candidate agree; code equivalence is not assumed. Existing comparison note: Exact LGD district name; observed IFI state context is retained separately because the IFI field can be multi-value and historical equivalence is unresolved. Observed IFI state context includes LGD state name. LGD/Census candidate by name; codes are not assumed equivalent."
Sheohar,Andhra Pradesh; Assam; Bihar; Gujarat; Haryana; Himachal Pradesh; Jharkhand; Kerala; Madhya Pradesh; Maharashtra; Odisha; Rajasthan; Uttar Pradesh; Uttar pradesh; West Bengal,10.0,Bihar,220.0,Sheohar,3.0,205.0,Sheohar,Bihar,205.0,VERIFIED_NAME_STATE,NAME_STATE_CANDIDATE_WITH_HISTORICAL_LIMITATION,HISTORICAL_REVIEW_REQUIRED,exact_name_state_boundary_candidate,HIGH_FOR_CURRENT_NAME_STATE_LINK; HISTORICAL_LIMITATION,"Exact LGD name, observed state context, and Census boundary candidate agree; code equivalence is not assumed. Existing comparison note: Exact LGD district name; observed IFI state context is retained separately because the IFI field can be multi-value and historical equivalence is unresolved. Observed IFI state context includes LGD state name. LGD/Census candidate by name; codes are not assumed equivalent."
Sheopur,Andhra Pradesh; Bihar; Gujarat; Haryana; Madhya Pradesh; Maharashtra; Odisha; Punjab; Rajasthan; Uttar Pradesh; West Bengal,23.0,Madhya Pradesh,431.0,Sheopur,1.0,418.0,Sheopur,Madhya Pradesh,418.0,VERIFIED_NAME_STATE,NAME_STATE_CANDIDATE_WITH_HISTORICAL_LIMITATION,HISTORICAL_REVIEW_REQUIRED,exact_name_state_boundary_candidate,HIGH_FOR_CURRENT_NAME_STATE_LINK; HISTORICAL_LIMITATION,"Exact LGD name, observed state context, and Census boundary candidate agree; code equivalence is not assumed. Existing comparison note: Exact LGD district name; observed IFI state context is retained separately because the IFI field can be multi-value and historical equivalence is unresolved. Observed IFI state context includes LGD state name. LGD/Census candidate by name; codes are not assumed equivalent."
Shi Yomi,Arunachal Pradesh; Assam; Jammu and Kashmir; Punjab; Uttar Pradesh,12.0,Arunachal Pradesh,725.0,Shi Yomi,0.0,0.0,,,,HISTORICAL_REVIEW,REQUIRES_MANUAL_VERIFICATION,HISTORICAL_REVIEW_REQUIRED,exact_name_without_complete_state_boundary_confirmation,LOW_REQUIRES_HISTORICAL_REVIEW,Identity is plausible by exact LGD name but state or Census-boundary evidence is incomplete or contradictory. Existing comparison note: Exact LGD district name; observed IFI state context is retained separately because the IFI field can be multi-value and historical equivalence is unresolved. Observed IFI state context includes LGD state name. LGD district has no exact Census boundary pair.
Shimla,Bihar; Himachal Pradesh; Uttar Pradesh; West Bengal,2.0,Himachal Pradesh,23.0,Shimla,11.0,33.0,Shimla,Himachal Pradesh,33.0,VERIFIED_NAME_STATE,NAME_STATE_CANDIDATE_WITH_HISTORICAL_LIMITATION,HISTORICAL_REVIEW_REQUIRED,exact_name_state_boundary_candidate,HIGH_FOR_CURRENT_NAME_STATE_LINK; HISTORICAL_LIMITATION,"Exact LGD name, observed state context, and Census boundary candidate agree; code equivalence is not assumed. Existing comparison note: Exact LGD district name; observed IFI state context is retained separately because the IFI field can be multi-value and historical equivalence is unresolved. Observed IFI state context includes LGD state name. LGD/Census candidate by name; codes are not assumed equivalent."
Shivamogga,Karnataka; Kerala,29.0,Karnataka,547.0,Shivamogga,15.0,568.0,,,,HISTORICAL_REVIEW,REQUIRES_MANUAL_VERIFICATION,HISTORICAL_REVIEW_REQUIRED,exact_name_without_complete_state_boundary_confirmation,LOW_REQUIRES_HISTORICAL_REVIEW,Identity is plausible by exact LGD name but state or Census-boundary evidence is incomplete or contradictory. Existing comparison note: Exact LGD district name; observed IFI state context is retained separately because the IFI field can be multi-value and historical equivalence is unresolved. Observed IFI state context includes LGD state name. LGD district has no exact Census boundary pair.
Shivpuri,Andhra Pradesh; Bihar; Chhattisgarh; Gujarat; Haryana; Madhya Pradesh; Maharashtra; Odisha; Punjab; Rajasthan; Uttar Pradesh; West Bengal,23.0,Madhya Pradesh,432.0,Shivpuri,6.0,423.0,Shivpuri,Madhya Pradesh,423.0,VERIFIED_NAME_STATE,NAME_STATE_CANDIDATE_WITH_HISTORICAL_LIMITATION,HISTORICAL_REVIEW_REQUIRED,exact_name_state_boundary_candidate,HIGH_FOR_CURRENT_NAME_STATE_LINK; HISTORICAL_LIMITATION,"Exact LGD name, observed state context, and Census boundary candidate agree; code equivalence is not assumed. Existing comparison note: Exact LGD district name; observed IFI state context is retained separately because the IFI field can be multi-value and historical equivalence is unresolved. Observed IFI state context includes LGD state name. LGD/Census candidate by name; codes are not assumed equivalent."
Shopian,Arunachal Pradesh; Assam; Delhi; Jammu & Kashmir; Jammu and Kashmir; Punjab; Uttar Pradesh,1.0,Jammu And Kashmir,625.0,Shopian,0.0,13.0,,,,HISTORICAL_REVIEW,REQUIRES_MANUAL_VERIFICATION,HISTORICAL_REVIEW_REQUIRED,exact_name_without_complete_state_boundary_confirmation,LOW_REQUIRES_HISTORICAL_REVIEW,Identity is plausible by exact LGD name but state or Census-boundary evidence is incomplete or contradictory. Existing comparison note: Exact LGD district name; observed IFI state context is retained separately because the IFI field can be multi-value and historical equivalence is unresolved. Observed IFI state context does not uniquely confirm LGD state name; manual review required. LGD district has no exact Census boundary pair.
Shrawasti,Uttar Pradesh,9.0,Uttar Pradesh,181.0,Shrawasti,51.0,181.0,Shrawasti,Uttar Pradesh,181.0,VERIFIED_NAME_STATE,NAME_STATE_CANDIDATE_WITH_HISTORICAL_LIMITATION,HISTORICAL_REVIEW_REQUIRED,exact_name_state_boundary_candidate,HIGH_FOR_CURRENT_NAME_STATE_LINK; HISTORICAL_LIMITATION,"Exact LGD name, observed state context, and Census boundary candidate agree; code equivalence is not assumed. Existing comparison note: Exact LGD district name; observed IFI state context is retained separately because the IFI field can be multi-value and historical equivalence is unresolved. Observed IFI state context includes LGD state name. LGD/Census candidate by name; codes are not assumed equivalent."
Siaha,Mizoram,15.0,Mizoram,267.0,Siaha,8.0,288.0,,,,HISTORICAL_REVIEW,REQUIRES_MANUAL_VERIFICATION,HISTORICAL_REVIEW_REQUIRED,exact_name_without_complete_state_boundary_confirmation,LOW_REQUIRES_HISTORICAL_REVIEW,Identity is plausible by exact LGD name but state or Census-boundary evidence is incomplete or contradictory. Existing comparison note: Exact LGD district name; observed IFI state context is retained separately because the IFI field can be multi-value and historical equivalence is unresolved. Observed IFI state context includes LGD state name. LGD district has no exact Census boundary pair.
Siang,Arunachal Pradesh; Assam; Jammu and Kashmir; Meghalaya; Punjab; Uttar Pradesh,12.0,Arunachal Pradesh,679.0,Siang,0.0,0.0,,,,HISTORICAL_REVIEW,REQUIRES_MANUAL_VERIFICATION,HISTORICAL_REVIEW_REQUIRED,exact_name_without_complete_state_boundary_confirmation,LOW_REQUIRES_HISTORICAL_REVIEW,Identity is plausible by exact LGD name but state or Census-boundary evidence is incomplete or contradictory. Existing comparison note: Exact LGD district name; observed IFI state context is retained separately because the IFI field can be multi-value and historical equivalence is unresolved. Observed IFI state context includes LGD state name. LGD district has no exact Census boundary pair.
Siddharthnagar,Arunachal Pradesh; Assam; Bihar; East Rajasthan; Gujarat; Haryana; Himachal Pradesh; Jammu and Kashmir; Kerala; Madhya Pradesh; Maharashtra; Odisha; Punjab; Rajasthan; Uttar Pradesh; Uttar pradesh; West Bengal,9.0,Uttar Pradesh,182.0,Siddharthnagar,54.0,184.0,Siddharth Nagar,Uttar Pradesh,184.0,VERIFIED_NAME_STATE,NAME_STATE_CANDIDATE_WITH_HISTORICAL_LIMITATION,HISTORICAL_REVIEW_REQUIRED,exact_name_state_boundary_candidate,HIGH_FOR_CURRENT_NAME_STATE_LINK; HISTORICAL_LIMITATION,"Exact LGD name, observed state context, and Census boundary candidate agree; code equivalence is not assumed. Existing comparison note: Exact LGD district name; observed IFI state context is retained separately because the IFI field can be multi-value and historical equivalence is unresolved. Observed IFI state context includes LGD state name. LGD/Census candidate by name; codes are not assumed equivalent."
Siddipet,Andhra Pradesh; Maharashtra; Telangana,36.0,Telangana,692.0,Siddipet,0.0,0.0,,,,HISTORICAL_REVIEW,REQUIRES_MANUAL_VERIFICATION,HISTORICAL_REVIEW_REQUIRED,exact_name_without_complete_state_boundary_confirmation,LOW_REQUIRES_HISTORICAL_REVIEW,Identity is plausible by exact LGD name but state or Census-boundary evidence is incomplete or contradictory. Existing comparison note: Exact LGD district name; observed IFI state context is retained separately because the IFI field can be multi-value and historical equivalence is unresolved. Observed IFI state context includes LGD state name. LGD district has no exact Census boundary pair.
Sidhi,Andhra Pradesh; Bihar; Gujarat; Haryana; Madhya Pradesh; Maharashtra; Odisha; Punjab; Rajasthan; Uttar Pradesh; West Bengal,23.0,Madhya Pradesh,433.0,Sidhi,17.0,462.0,Sidhi,Madhya Pradesh,462.0,VERIFIED_NAME_STATE,NAME_STATE_CANDIDATE_WITH_HISTORICAL_LIMITATION,HISTORICAL_REVIEW_REQUIRED,exact_name_state_boundary_candidate,HIGH_FOR_CURRENT_NAME_STATE_LINK; HISTORICAL_LIMITATION,"Exact LGD name, observed state context, and Census boundary candidate agree; code equivalence is not assumed. Existing comparison note: Exact LGD district name; observed IFI state context is retained separately because the IFI field can be multi-value and historical equivalence is unresolved. Observed IFI state context includes LGD state name. LGD/Census candidate by name; codes are not assumed equivalent."
Sikar,Bihar; Gujarat; Haryana; Kerala; Madhya Pradesh; Maharashtra; Odisha; Punjab; Rajasthan; Uttar Pradesh,8.0,Rajasthan,114.0,Sikar,13.0,111.0,Sikar,Rajasthan,111.0,VERIFIED_NAME_STATE,NAME_STATE_CANDIDATE_WITH_HISTORICAL_LIMITATION,HISTORICAL_REVIEW_REQUIRED,exact_name_state_boundary_candidate,HIGH_FOR_CURRENT_NAME_STATE_LINK; HISTORICAL_LIMITATION,"Exact LGD name, observed state context, and Census boundary candidate agree; code equivalence is not assumed. Existing comparison note: Exact LGD district name; observed IFI state context is retained separately because the IFI field can be multi-value and historical equivalence is unresolved. Observed IFI state context includes LGD state name. LGD/Census candidate by name; codes are not assumed equivalent."
Silchar,Arunachal Pradesh; Assam; Manipur; Tripura,,,,,,,,,,UNMATCHED,UNMATCHED,HISTORICAL_REVIEW_REQUIRED,none,NONE,No defensible LGD/Census candidate in the reviewed comparison. Existing comparison note: No exact or normalized LGD district/state candidate.
Siliguri,West Bengal,,,,,,,,,,UNMATCHED,UNMATCHED,HISTORICAL_REVIEW_REQUIRED,none,NONE,No defensible LGD/Census candidate in the reviewed comparison. Existing comparison note: No exact or normalized LGD district/state candidate.
Simdega,Jharkhand,20.0,Jharkhand,342.0,Simdega,21.0,367.0,Simdega,Jharkhand,367.0,VERIFIED_NAME_STATE,NAME_STATE_CANDIDATE_WITH_HISTORICAL_LIMITATION,HISTORICAL_REVIEW_REQUIRED,exact_name_state_boundary_candidate,HIGH_FOR_CURRENT_NAME_STATE_LINK; HISTORICAL_LIMITATION,"Exact LGD name, observed state context, and Census boundary candidate agree; code equivalence is not assumed. Existing comparison note: Exact LGD district name; observed IFI state context is retained separately because the IFI field can be multi-value and historical equivalence is unresolved. Observed IFI state context includes LGD state name. LGD/Census candidate by name; codes are not assumed equivalent."
Sindhudurg,Bihar; Gujarat; Madhya Pradesh; Maharashtra; Rajasthan; Telangana; Uttar Pradesh,27.0,Maharashtra,495.0,Sindhudurg,33.0,529.0,Sindhudurg,Maharashtra,529.0,VERIFIED_NAME_STATE,NAME_STATE_CANDIDATE_WITH_HISTORICAL_LIMITATION,HISTORICAL_REVIEW_REQUIRED,exact_name_state_boundary_candidate,HIGH_FOR_CURRENT_NAME_STATE_LINK; HISTORICAL_LIMITATION,"Exact LGD name, observed state context, and Census boundary candidate agree; code equivalence is not assumed. Existing comparison note: Exact LGD district name; observed IFI state context is retained separately because the IFI field can be multi-value and historical equivalence is unresolved. Observed IFI state context includes LGD state name. LGD/Census candidate by name; codes are not assumed equivalent."
Singrauli,Andhra Pradesh; Bihar; Gujarat; Haryana; Madhya Pradesh; Maharashtra; Odisha; Punjab; Rajasthan; Uttar Pradesh; West Bengal,23.0,Madhya Pradesh,638.0,Singrauli,0.0,463.0,Singrauli,Madhya Pradesh,463.0,VERIFIED_NAME_STATE,NAME_STATE_CANDIDATE_WITH_HISTORICAL_LIMITATION,HISTORICAL_REVIEW_REQUIRED,exact_name_state_boundary_candidate,HIGH_FOR_CURRENT_NAME_STATE_LINK; HISTORICAL_LIMITATION,"Exact LGD name, observed state context, and Census boundary candidate agree; code equivalence is not assumed. Existing comparison note: Exact LGD district name; observed IFI state context is retained separately because the IFI field can be multi-value and historical equivalence is unresolved. Observed IFI state context includes LGD state name. LGD/Census candidate by name; codes are not assumed equivalent."
Sirmaur,Himachal Pradesh; Uttar Pradesh,2.0,Himachal Pradesh,24.0,Sirmaur,10.0,32.0,Sirmaur,Himachal Pradesh,32.0,VERIFIED_NAME_STATE,NAME_STATE_CANDIDATE_WITH_HISTORICAL_LIMITATION,HISTORICAL_REVIEW_REQUIRED,exact_name_state_boundary_candidate,HIGH_FOR_CURRENT_NAME_STATE_LINK; HISTORICAL_LIMITATION,"Exact LGD name, observed state context, and Census boundary candidate agree; code equivalence is not assumed. Existing comparison note: Exact LGD district name; observed IFI state context is retained separately because the IFI field can be multi-value and historical equivalence is unresolved. Observed IFI state context includes LGD state name. LGD/Census candidate by name; codes are not assumed equivalent."
Sirohi,Bihar; Gujarat; Haryana; Kerala; Madhya Pradesh; Maharashtra; Odisha; Punjab; Rajasthan; Uttar Pradesh,8.0,Rajasthan,115.0,Sirohi,19.0,117.0,Sirohi,Rajasthan,117.0,VERIFIED_NAME_STATE,NAME_STATE_CANDIDATE_WITH_HISTORICAL_LIMITATION,HISTORICAL_REVIEW_REQUIRED,exact_name_state_boundary_candidate,HIGH_FOR_CURRENT_NAME_STATE_LINK; HISTORICAL_LIMITATION,"Exact LGD name, observed state context, and Census boundary candidate agree; code equivalence is not assumed. Existing comparison note: Exact LGD district name; observed IFI state context is retained separately because the IFI field can be multi-value and historical equivalence is unresolved. Observed IFI state context includes LGD state name. LGD/Census candidate by name; codes are not assumed equivalent."
Sirsa,Bihar; Haryana; Kerala; Madhya Pradesh; Odisha; Punjab; Rajasthan; Uttar Pradesh; West Bengal,6.0,Haryana,74.0,Sirsa,11.0,79.0,Sirsa,Haryana,79.0,VERIFIED_NAME_STATE,NAME_STATE_CANDIDATE_WITH_HISTORICAL_LIMITATION,HISTORICAL_REVIEW_REQUIRED,exact_name_state_boundary_candidate,HIGH_FOR_CURRENT_NAME_STATE_LINK; HISTORICAL_LIMITATION,"Exact LGD name, observed state context, and Census boundary candidate agree; code equivalence is not assumed. Existing comparison note: Exact LGD district name; observed IFI state context is retained separately because the IFI field can be multi-value and historical equivalence is unresolved. Observed IFI state context includes LGD state name. LGD/Census candidate by name; codes are not assumed equivalent."
Sitamarhi,Andhra Pradesh; Assam; Bihar; Gujarat; Haryana; Himachal Pradesh; Jharkhand; Kerala; Madhya Pradesh; Maharashtra; Odisha; Rajasthan; Uttar Pradesh; Uttar pradesh; West Bengal,10.0,Bihar,221.0,Sitamarhi,4.0,206.0,Sitamarhi,Bihar,206.0,VERIFIED_NAME_STATE,NAME_STATE_CANDIDATE_WITH_HISTORICAL_LIMITATION,HISTORICAL_REVIEW_REQUIRED,exact_name_state_boundary_candidate,HIGH_FOR_CURRENT_NAME_STATE_LINK; HISTORICAL_LIMITATION,"Exact LGD name, observed state context, and Census boundary candidate agree; code equivalence is not assumed. Existing comparison note: Exact LGD district name; observed IFI state context is retained separately because the IFI field can be multi-value and historical equivalence is unresolved. Observed IFI state context includes LGD state name. LGD/Census candidate by name; codes are not assumed equivalent."
Sitapur,Arunachal Pradesh; Assam; Bihar; East Rajasthan; Gujarat; Haryana; Himachal Pradesh; Jammu and Kashmir; Kerala; Madhya Pradesh; Maharashtra; Odisha; Punjab; Rajasthan; Uttar Pradesh; Uttar pradesh; Uttarakhand; West Bengal,9.0,Uttar Pradesh,183.0,Sitapur,24.0,154.0,Sitapur,Uttar Pradesh,154.0,VERIFIED_NAME_STATE,NAME_STATE_CANDIDATE_WITH_HISTORICAL_LIMITATION,HISTORICAL_REVIEW_REQUIRED,exact_name_state_boundary_candidate,HIGH_FOR_CURRENT_NAME_STATE_LINK; HISTORICAL_LIMITATION,"Exact LGD name, observed state context, and Census boundary candidate agree; code equivalence is not assumed. Existing comparison note: Exact LGD district name; observed IFI state context is retained separately because the IFI field can be multi-value and historical equivalence is unresolved. Observed IFI state context includes LGD state name. LGD/Census candidate by name; codes are not assumed equivalent."
Sivaganga,Tamil Nadu,33.0,Tamil Nadu,585.0,Sivaganga,23.0,622.0,Sivaganga,Tamil Nadu,622.0,VERIFIED_NAME_STATE,NAME_STATE_CANDIDATE_WITH_HISTORICAL_LIMITATION,HISTORICAL_REVIEW_REQUIRED,exact_name_state_boundary_candidate,HIGH_FOR_CURRENT_NAME_STATE_LINK; HISTORICAL_LIMITATION,"Exact LGD name, observed state context, and Census boundary candidate agree; code equivalence is not assumed. Existing comparison note: Exact LGD district name; observed IFI state context is retained separately because the IFI field can be multi-value and historical equivalence is unresolved. Observed IFI state context includes LGD state name. LGD/Census candidate by name; codes are not assumed equivalent."
Sivasagar,Arunachal Pradesh; Assam; Bihar; Jammu and Kashmir; Kerala; Manipur; Odisha; Punjab; Uttar Pradesh; West Bengal,18.0,Assam,300.0,Sivasagar,16.0,311.0,Sivasagar,Assam,311.0,VERIFIED_NAME_STATE,NAME_STATE_CANDIDATE_WITH_HISTORICAL_LIMITATION,HISTORICAL_REVIEW_REQUIRED,exact_name_state_boundary_candidate,HIGH_FOR_CURRENT_NAME_STATE_LINK; HISTORICAL_LIMITATION,"Exact LGD name, observed state context, and Census boundary candidate agree; code equivalence is not assumed. Existing comparison note: Exact LGD district name; observed IFI state context is retained separately because the IFI field can be multi-value and historical equivalence is unresolved. Observed IFI state context includes LGD state name. LGD/Census candidate by name; codes are not assumed equivalent."
Sivasagar amd Sonitpur,Assam,,,,,,,,,,UNMATCHED,UNMATCHED,HISTORICAL_REVIEW_REQUIRED,none,NONE,No defensible LGD/Census candidate in the reviewed comparison. Existing comparison note: No exact or normalized LGD district/state candidate.
Siwan,Andhra Pradesh; Assam; Bihar; Gujarat; Haryana; Himachal Pradesh; Jharkhand; Kerala; Madhya Pradesh; Maharashtra; Odisha; Rajasthan; Uttar Pradesh; Uttar pradesh; West Bengal,10.0,Bihar,222.0,Siwan,16.0,218.0,Siwan,Bihar,218.0,VERIFIED_NAME_STATE,NAME_STATE_CANDIDATE_WITH_HISTORICAL_LIMITATION,HISTORICAL_REVIEW_REQUIRED,exact_name_state_boundary_candidate,HIGH_FOR_CURRENT_NAME_STATE_LINK; HISTORICAL_LIMITATION,"Exact LGD name, observed state context, and Census boundary candidate agree; code equivalence is not assumed. Existing comparison note: Exact LGD district name; observed IFI state context is retained separately because the IFI field can be multi-value and historical equivalence is unresolved. Observed IFI state context includes LGD state name. LGD/Census candidate by name; codes are not assumed equivalent."
Solan,Himachal Pradesh; Uttar Pradesh,2.0,Himachal Pradesh,25.0,Solan,9.0,31.0,Solan,Himachal Pradesh,31.0,VERIFIED_NAME_STATE,NAME_STATE_CANDIDATE_WITH_HISTORICAL_LIMITATION,HISTORICAL_REVIEW_REQUIRED,exact_name_state_boundary_candidate,HIGH_FOR_CURRENT_NAME_STATE_LINK; HISTORICAL_LIMITATION,"Exact LGD name, observed state context, and Census boundary candidate agree; code equivalence is not assumed. Existing comparison note: Exact LGD district name; observed IFI state context is retained separately because the IFI field can be multi-value and historical equivalence is unresolved. Observed IFI state context includes LGD state name. LGD/Census candidate by name; codes are not assumed equivalent."
Solapur,Bihar; Gujarat; Madhya Pradesh; Maharashtra; Rajasthan; Telangana; Uttar Pradesh,27.0,Maharashtra,496.0,Solapur,30.0,526.0,Solapur,Maharashtra,526.0,VERIFIED_NAME_STATE,NAME_STATE_CANDIDATE_WITH_HISTORICAL_LIMITATION,HISTORICAL_REVIEW_REQUIRED,exact_name_state_boundary_candidate,HIGH_FOR_CURRENT_NAME_STATE_LINK; HISTORICAL_LIMITATION,"Exact LGD name, observed state context, and Census boundary candidate agree; code equivalence is not assumed. Existing comparison note: Exact LGD district name; observed IFI state context is retained separately because the IFI field can be multi-value and historical equivalence is unresolved. Observed IFI state context includes LGD state name. LGD/Census candidate by name; codes are not assumed equivalent."
Some districts of Punjab,Punjab,,,,,,,,,,UNMATCHED,UNMATCHED,HISTORICAL_REVIEW_REQUIRED,none,NONE,No defensible LGD/Census candidate in the reviewed comparison. Existing comparison note: No exact or normalized LGD district/state candidate.
Some parts,Andhra Pradesh; Goa; Gujarat; Haryana; Nagaland; Rajasthan,,,,,,,,,,UNMATCHED,UNMATCHED,HISTORICAL_REVIEW_REQUIRED,none,NONE,No defensible LGD/Census candidate in the reviewed comparison. Existing comparison note: No exact or normalized LGD district/state candidate.
Sonbhadra,Arunachal Pradesh; Assam; Bihar; East Rajasthan; Gujarat; Haryana; Himachal Pradesh; Jammu and Kashmir; Kerala; Madhya Pradesh; Maharashtra; Odisha; Punjab; Rajasthan; Uttar Pradesh; Uttar pradesh; West Bengal,9.0,Uttar Pradesh,184.0,Sonbhadra,70.0,200.0,Sonbhadra,Uttar Pradesh,200.0,VERIFIED_NAME_STATE,NAME_STATE_CANDIDATE_WITH_HISTORICAL_LIMITATION,HISTORICAL_REVIEW_REQUIRED,exact_name_state_boundary_candidate,HIGH_FOR_CURRENT_NAME_STATE_LINK; HISTORICAL_LIMITATION,"Exact LGD name, observed state context, and Census boundary candidate agree; code equivalence is not assumed. Existing comparison note: Exact LGD district name; observed IFI state context is retained separately because the IFI field can be multi-value and historical equivalence is unresolved. Observed IFI state context includes LGD state name. LGD/Census candidate by name; codes are not assumed equivalent."
Sonipat,Bihar; Haryana; Kerala; Madhya Pradesh; Odisha; Punjab; Rajasthan; Uttar Pradesh; West Bengal,6.0,Haryana,75.0,Sonipat,8.0,76.0,Sonipat,Haryana,76.0,VERIFIED_NAME_STATE,NAME_STATE_CANDIDATE_WITH_HISTORICAL_LIMITATION,HISTORICAL_REVIEW_REQUIRED,exact_name_state_boundary_candidate,HIGH_FOR_CURRENT_NAME_STATE_LINK; HISTORICAL_LIMITATION,"Exact LGD name, observed state context, and Census boundary candidate agree; code equivalence is not assumed. Existing comparison note: Exact LGD district name; observed IFI state context is retained separately because the IFI field can be multi-value and historical equivalence is unresolved. Observed IFI state context includes LGD state name. LGD/Census candidate by name; codes are not assumed equivalent."
Sonitpur,Arunachal Pradesh; Assam; Bihar; Jammu and Kashmir; Kerala; Odisha; Punjab; Uttar Pradesh; West Bengal,18.0,Assam,301.0,Sonitpur,11.0,306.0,Sonitpur,Assam,306.0,VERIFIED_NAME_STATE,NAME_STATE_CANDIDATE_WITH_HISTORICAL_LIMITATION,HISTORICAL_REVIEW_REQUIRED,exact_name_state_boundary_candidate,HIGH_FOR_CURRENT_NAME_STATE_LINK; HISTORICAL_LIMITATION,"Exact LGD name, observed state context, and Census boundary candidate agree; code equivalence is not assumed. Existing comparison note: Exact LGD district name; observed IFI state context is retained separately because the IFI field can be multi-value and historical equivalence is unresolved. Observed IFI state context includes LGD state name. LGD/Census candidate by name; codes are not assumed equivalent."
South,Delhi; Jammu and Kashmir; Punjab,7.0,Delhi,83.0,South,9.0,98.0,South,NCT of Delhi,98.0,AMBIGUOUS_REVIEW,REQUIRES_MANUAL_VERIFICATION,HISTORICAL_REVIEW_REQUIRED,multiple_lgd_candidates,LOW_REQUIRES_MANUAL_VERIFICATION,The IFI district name has multiple plausible LGD candidates; preserve all candidates. Existing comparison note: Exact LGD district name; observed IFI state context is retained separately because the IFI field can be multi-value and historical equivalence is unresolved. Observed IFI state context includes LGD state name. LGD/Census candidate by name; codes are not assumed equivalent.
South,Delhi; Jammu and Kashmir; Punjab,7.0,Delhi,83.0,South,9.0,98.0,South,Sikkim,243.0,AMBIGUOUS_REVIEW,REQUIRES_MANUAL_VERIFICATION,HISTORICAL_REVIEW_REQUIRED,multiple_lgd_candidates,LOW_REQUIRES_MANUAL_VERIFICATION,The IFI district name has multiple plausible LGD candidates; preserve all candidates. Existing comparison note: Exact LGD district name; observed IFI state context is retained separately because the IFI field can be multi-value and historical equivalence is unresolved. Observed IFI state context includes LGD state name. LGD/Census candidate by name; codes are not assumed equivalent.
South 24 Parganas,Assam; Bihar; Haryana; Himachal Pradesh; Kerala; Madhya Pradesh; Odisha; Punjab; Uttar Pradesh; Uttar pradesh; West Bengal,19.0,West Bengal,304.0,South 24 Parganas,18.0,343.0,South 24 Parganas,West Bengal,343.0,VERIFIED_NAME_STATE,NAME_STATE_CANDIDATE_WITH_HISTORICAL_LIMITATION,HISTORICAL_REVIEW_REQUIRED,exact_name_state_boundary_candidate,HIGH_FOR_CURRENT_NAME_STATE_LINK; HISTORICAL_LIMITATION,"Exact LGD name, observed state context, and Census boundary candidate agree; code equivalence is not assumed. Existing comparison note: Exact LGD district name; observed IFI state context is retained separately because the IFI field can be multi-value and historical equivalence is unresolved. Observed IFI state context includes LGD state name. LGD/Census candidate by name; codes are not assumed equivalent."
South 24 Parganas*,Andhra Pradesh; Assam; Bihar; Odisha; West Bengal,19.0,West Bengal,304.0,South 24 Parganas,18.0,343.0,South 24 Parganas,West Bengal,343.0,NORMALIZED_REVIEW,REQUIRES_MANUAL_VERIFICATION,HISTORICAL_REVIEW_REQUIRED,normalized_district_name,MEDIUM_REQUIRES_MANUAL_VERIFICATION,Normalization was required; no silent rename or fuzzy match was applied. Existing comparison note: Transparent normalization only; state and historical identity require manual review. Observed IFI state context includes LGD state name. LGD/Census candidate by name; codes are not assumed equivalent.
South Andamans,Andaman & Nicobar Islands,35.0,Andaman And Nicobar Islands,602.0,South Andamans,1.0,640.0,,,,HISTORICAL_REVIEW,REQUIRES_MANUAL_VERIFICATION,HISTORICAL_REVIEW_REQUIRED,exact_name_without_complete_state_boundary_confirmation,LOW_REQUIRES_HISTORICAL_REVIEW,Identity is plausible by exact LGD name but state or Census-boundary evidence is incomplete or contradictory. Existing comparison note: Exact LGD district name; observed IFI state context is retained separately because the IFI field can be multi-value and historical equivalence is unresolved. Observed IFI state context does not uniquely confirm LGD state name; manual review required. LGD district has no exact Census boundary pair.
South Assam,Assam,,,,,,,,,,UNMATCHED,UNMATCHED,HISTORICAL_REVIEW_REQUIRED,none,NONE,No defensible LGD/Census candidate in the reviewed comparison. Existing comparison note: No exact or normalized LGD district/state candidate.
South East,Delhi; Jammu and Kashmir; Punjab,7.0,Delhi,670.0,South East,0.0,0.0,,,,HISTORICAL_REVIEW,REQUIRES_MANUAL_VERIFICATION,HISTORICAL_REVIEW_REQUIRED,exact_name_without_complete_state_boundary_confirmation,LOW_REQUIRES_HISTORICAL_REVIEW,Identity is plausible by exact LGD name but state or Census-boundary evidence is incomplete or contradictory. Existing comparison note: Exact LGD district name; observed IFI state context is retained separately because the IFI field can be multi-value and historical equivalence is unresolved. Observed IFI state context includes LGD state name. LGD district has no exact Census boundary pair.
South Garo Hills,Meghalaya,17.0,Meghalaya,277.0,South Garo Hills,3.0,295.0,South Garo Hills,Meghalaya,295.0,VERIFIED_NAME_STATE,NAME_STATE_CANDIDATE_WITH_HISTORICAL_LIMITATION,HISTORICAL_REVIEW_REQUIRED,exact_name_state_boundary_candidate,HIGH_FOR_CURRENT_NAME_STATE_LINK; HISTORICAL_LIMITATION,"Exact LGD name, observed state context, and Census boundary candidate agree; code equivalence is not assumed. Existing comparison note: Exact LGD district name; observed IFI state context is retained separately because the IFI field can be multi-value and historical equivalence is unresolved. Observed IFI state context includes LGD state name. LGD/Census candidate by name; codes are not assumed equivalent."
South Goa,Goa,30.0,Goa,552.0,South Goa,2.0,586.0,South Goa,Goa,586.0,VERIFIED_NAME_STATE,NAME_STATE_CANDIDATE_WITH_HISTORICAL_LIMITATION,HISTORICAL_REVIEW_REQUIRED,exact_name_state_boundary_candidate,HIGH_FOR_CURRENT_NAME_STATE_LINK; HISTORICAL_LIMITATION,"Exact LGD name, observed state context, and Census boundary candidate agree; code equivalence is not assumed. Existing comparison note: Exact LGD district name; observed IFI state context is retained separately because the IFI field can be multi-value and historical equivalence is unresolved. Observed IFI state context includes LGD state name. LGD/Census candidate by name; codes are not assumed equivalent."
South Gujarat,Maharashtra,,,,,,,,,,UNMATCHED,UNMATCHED,HISTORICAL_REVIEW_REQUIRED,none,NONE,No defensible LGD/Census candidate in the reviewed comparison. Existing comparison note: No exact or normalized LGD district/state candidate.
South Kashmir,Jammu and Kashmir,,,,,,,,,,UNMATCHED,UNMATCHED,HISTORICAL_REVIEW_REQUIRED,none,NONE,No defensible LGD/Census candidate in the reviewed comparison. Existing comparison note: No exact or normalized LGD district/state candidate.
South Salmara Mancachar,Arunachal Pradesh; Assam; Bihar; Jammu and Kashmir; Kerala; Odisha; Punjab; Uttar Pradesh; West Bengal,18.0,Assam,707.0,South Salmara Mancachar,0.0,0.0,,,,HISTORICAL_REVIEW,REQUIRES_MANUAL_VERIFICATION,HISTORICAL_REVIEW_REQUIRED,exact_name_without_complete_state_boundary_confirmation,LOW_REQUIRES_HISTORICAL_REVIEW,Identity is plausible by exact LGD name but state or Census-boundary evidence is incomplete or contradictory. Existing comparison note: Exact LGD district name; observed IFI state context is retained separately because the IFI field can be multi-value and historical equivalence is unresolved. Observed IFI state context includes LGD state name. LGD district has no exact Census boundary pair.
South Salmara Mancachar - Mankachar,Assam,,,,,,,,,,UNMATCHED,UNMATCHED,HISTORICAL_REVIEW_REQUIRED,none,NONE,No defensible LGD/Census candidate in the reviewed comparison. Existing comparison note: No exact or normalized LGD district/state candidate.
South Salmara Mancachar- Mankachar,Assam,,,,,,,,,,UNMATCHED,UNMATCHED,HISTORICAL_REVIEW_REQUIRED,none,NONE,No defensible LGD/Census candidate in the reviewed comparison. Existing comparison note: No exact or normalized LGD district/state candidate.
South Tripura,Tamil Nadu; Tripura,16.0,Tripura,271.0,South Tripura,2.0,290.0,South Tripura,Tripura,290.0,VERIFIED_NAME_STATE,NAME_STATE_CANDIDATE_WITH_HISTORICAL_LIMITATION,HISTORICAL_REVIEW_REQUIRED,exact_name_state_boundary_candidate,HIGH_FOR_CURRENT_NAME_STATE_LINK; HISTORICAL_LIMITATION,"Exact LGD name, observed state context, and Census boundary candidate agree; code equivalence is not assumed. Existing comparison note: Exact LGD district name; observed IFI state context is retained separately because the IFI field can be multi-value and historical equivalence is unresolved. Observed IFI state context includes LGD state name. LGD/Census candidate by name; codes are not assumed equivalent."
South West,Delhi; Jammu and Kashmir; Punjab,7.0,Delhi,84.0,South West,8.0,97.0,South West,NCT of Delhi,97.0,VERIFIED_NAME_STATE,NAME_STATE_CANDIDATE_WITH_HISTORICAL_LIMITATION,HISTORICAL_REVIEW_REQUIRED,exact_name_state_boundary_candidate,HIGH_FOR_CURRENT_NAME_STATE_LINK; HISTORICAL_LIMITATION,"Exact LGD name, observed state context, and Census boundary candidate agree; code equivalence is not assumed. Existing comparison note: Exact LGD district name; observed IFI state context is retained separately because the IFI field can be multi-value and historical equivalence is unresolved. Observed IFI state context includes LGD state name. LGD/Census candidate by name; codes are not assumed equivalent."
South West Garo Hills,Meghalaya,17.0,Meghalaya,663.0,South West Garo Hills,0.0,0.0,,,,HISTORICAL_REVIEW,REQUIRES_MANUAL_VERIFICATION,HISTORICAL_REVIEW_REQUIRED,exact_name_without_complete_state_boundary_confirmation,LOW_REQUIRES_HISTORICAL_REVIEW,Identity is plausible by exact LGD name but state or Census-boundary evidence is incomplete or contradictory. Existing comparison note: Exact LGD district name; observed IFI state context is retained separately because the IFI field can be multi-value and historical equivalence is unresolved. Observed IFI state context includes LGD state name. LGD district has no exact Census boundary pair.
South West Khasi Hills,Meghalaya,17.0,Meghalaya,658.0,South West Khasi Hills,0.0,0.0,,,,HISTORICAL_REVIEW,REQUIRES_MANUAL_VERIFICATION,HISTORICAL_REVIEW_REQUIRED,exact_name_without_complete_state_boundary_confirmation,LOW_REQUIRES_HISTORICAL_REVIEW,Identity is plausible by exact LGD name but state or Census-boundary evidence is incomplete or contradictory. Existing comparison note: Exact LGD district name; observed IFI state context is retained separately because the IFI field can be multi-value and historical equivalence is unresolved. Observed IFI state context includes LGD state name. LGD district has no exact Census boundary pair.
Southern parts,Kerala; West Bengal,,,,,,,,,,UNMATCHED,UNMATCHED,HISTORICAL_REVIEW_REQUIRED,none,NONE,No defensible LGD/Census candidate in the reviewed comparison. Existing comparison note: No exact or normalized LGD district/state candidate.
Sri Muktsar Sahib,Punjab,3.0,Punjab,39.0,Sri Muktsar Sahib,12.0,44.0,,,,HISTORICAL_REVIEW,REQUIRES_MANUAL_VERIFICATION,HISTORICAL_REVIEW_REQUIRED,exact_name_without_complete_state_boundary_confirmation,LOW_REQUIRES_HISTORICAL_REVIEW,Identity is plausible by exact LGD name but state or Census-boundary evidence is incomplete or contradictory. Existing comparison note: Exact LGD district name; observed IFI state context is retained separately because the IFI field can be multi-value and historical equivalence is unresolved. Observed IFI state context includes LGD state name. LGD district has no exact Census boundary pair.
Sri Potti Sriramulu Nellore,Andhra Pradesh; Madhya Pradesh,28.0,Andhra Pradesh,515.0,Sri Potti Sriramulu Nellore,19.0,550.0,Sri Potti Sriramulu Nellore,Andhra Pradesh,550.0,VERIFIED_NAME_STATE,NAME_STATE_CANDIDATE_WITH_HISTORICAL_LIMITATION,HISTORICAL_REVIEW_REQUIRED,exact_name_state_boundary_candidate,HIGH_FOR_CURRENT_NAME_STATE_LINK; HISTORICAL_LIMITATION,"Exact LGD name, observed state context, and Census boundary candidate agree; code equivalence is not assumed. Existing comparison note: Exact LGD district name; observed IFI state context is retained separately because the IFI field can be multi-value and historical equivalence is unresolved. Observed IFI state context includes LGD state name. LGD/Census candidate by name; codes are not assumed equivalent."
Sri Sri Muktsar Sahib Sahib,Arunachal Pradesh; Assam; Delhi; Haryana; Jammu and Kashmir; Madhya Pradesh; Punjab; Rajasthan; Uttar Pradesh; West Bengal,,,,,,,,,,UNMATCHED,UNMATCHED,HISTORICAL_REVIEW_REQUIRED,none,NONE,No defensible LGD/Census candidate in the reviewed comparison. Existing comparison note: No exact or normalized LGD district/state candidate.
Srikakulam,Andhra Pradesh; Karnataka; Madhya Pradesh,28.0,Andhra Pradesh,519.0,Srikakulam,11.0,542.0,Srikakulam,Andhra Pradesh,542.0,VERIFIED_NAME_STATE,NAME_STATE_CANDIDATE_WITH_HISTORICAL_LIMITATION,HISTORICAL_REVIEW_REQUIRED,exact_name_state_boundary_candidate,HIGH_FOR_CURRENT_NAME_STATE_LINK; HISTORICAL_LIMITATION,"Exact LGD name, observed state context, and Census boundary candidate agree; code equivalence is not assumed. Existing comparison note: Exact LGD district name; observed IFI state context is retained separately because the IFI field can be multi-value and historical equivalence is unresolved. Observed IFI state context includes LGD state name. LGD/Census candidate by name; codes are not assumed equivalent."
Srinagar,Arunachal Pradesh; Assam; Delhi; Jammu & Kashmir; Jammu and Kashmir; Punjab; Uttar Pradesh,1.0,Jammu And Kashmir,13.0,Srinagar,3.0,10.0,Srinagar,Jammu & Kashmir,10.0,HISTORICAL_REVIEW,REQUIRES_MANUAL_VERIFICATION,HISTORICAL_REVIEW_REQUIRED,exact_name_without_complete_state_boundary_confirmation,LOW_REQUIRES_HISTORICAL_REVIEW,Identity is plausible by exact LGD name but state or Census-boundary evidence is incomplete or contradictory. Existing comparison note: Exact LGD district name; observed IFI state context is retained separately because the IFI field can be multi-value and historical equivalence is unresolved. Observed IFI state context does not uniquely confirm LGD state name; manual review required. LGD/Census candidate by name; codes are not assumed equivalent.
Subarnapur,Andhra Pradesh; Assam; Bihar; Haryana; Madhya Pradesh; Odisha; Rajasthan; Uttar Pradesh; West Bengal,21.0,Odisha,372.0,Subarnapur,23.0,392.0,Subarnapur,Odisha,392.0,VERIFIED_NAME_STATE,NAME_STATE_CANDIDATE_WITH_HISTORICAL_LIMITATION,HISTORICAL_REVIEW_REQUIRED,exact_name_state_boundary_candidate,HIGH_FOR_CURRENT_NAME_STATE_LINK; HISTORICAL_LIMITATION,"Exact LGD name, observed state context, and Census boundary candidate agree; code equivalence is not assumed. Existing comparison note: Exact LGD district name; observed IFI state context is retained separately because the IFI field can be multi-value and historical equivalence is unresolved. Observed IFI state context includes LGD state name. LGD/Census candidate by name; codes are not assumed equivalent."
Suburbans,Madras,,,,,,,,,,UNMATCHED,UNMATCHED,HISTORICAL_REVIEW_REQUIRED,none,NONE,No defensible LGD/Census candidate in the reviewed comparison. Existing comparison note: No exact or normalized LGD district/state candidate.
Sukma,Chhattisgarh,22.0,Chhattisgarh,642.0,Sukma,0.0,0.0,,,,HISTORICAL_REVIEW,REQUIRES_MANUAL_VERIFICATION,HISTORICAL_REVIEW_REQUIRED,exact_name_without_complete_state_boundary_confirmation,LOW_REQUIRES_HISTORICAL_REVIEW,Identity is plausible by exact LGD name but state or Census-boundary evidence is incomplete or contradictory. Existing comparison note: Exact LGD district name; observed IFI state context is retained separately because the IFI field can be multi-value and historical equivalence is unresolved. Observed IFI state context includes LGD state name. LGD district has no exact Census boundary pair.
Sultanpur,Arunachal Pradesh; Assam; Bihar; East Rajasthan; Gujarat; Haryana; Himachal Pradesh; Jammu and Kashmir; Kerala; Madhya Pradesh; Maharashtra; Odisha; Punjab; Rajasthan; Uttar Pradesh; Uttar pradesh; Uttarakhand; West Bengal,9.0,Uttar Pradesh,185.0,Sultanpur,49.0,179.0,Sultanpur,Uttar Pradesh,179.0,VERIFIED_NAME_STATE,NAME_STATE_CANDIDATE_WITH_HISTORICAL_LIMITATION,HISTORICAL_REVIEW_REQUIRED,exact_name_state_boundary_candidate,HIGH_FOR_CURRENT_NAME_STATE_LINK; HISTORICAL_LIMITATION,"Exact LGD name, observed state context, and Census boundary candidate agree; code equivalence is not assumed. Existing comparison note: Exact LGD district name; observed IFI state context is retained separately because the IFI field can be multi-value and historical equivalence is unresolved. Observed IFI state context includes LGD state name. LGD/Census candidate by name; codes are not assumed equivalent."
Sundargarh,Andhra Pradesh; Assam; Bihar; Haryana; Madhya Pradesh; Odisha; Rajasthan; Uttar Pradesh; West Bengal,,,,,,,,,,UNMATCHED,UNMATCHED,HISTORICAL_REVIEW_REQUIRED,none,NONE,No defensible LGD/Census candidate in the reviewed comparison. Existing comparison note: No exact or normalized LGD district/state candidate.
Supaul,Andhra Pradesh; Assam; Bihar; Gujarat; Haryana; Himachal Pradesh; Jharkhand; Kerala; Madhya Pradesh; Maharashtra; Odisha; Rajasthan; Uttar Pradesh; Uttar pradesh; West Bengal,10.0,Bihar,223.0,Supaul,6.0,208.0,Supaul,Bihar,208.0,VERIFIED_NAME_STATE,NAME_STATE_CANDIDATE_WITH_HISTORICAL_LIMITATION,HISTORICAL_REVIEW_REQUIRED,exact_name_state_boundary_candidate,HIGH_FOR_CURRENT_NAME_STATE_LINK; HISTORICAL_LIMITATION,"Exact LGD name, observed state context, and Census boundary candidate agree; code equivalence is not assumed. Existing comparison note: Exact LGD district name; observed IFI state context is retained separately because the IFI field can be multi-value and historical equivalence is unresolved. Observed IFI state context includes LGD state name. LGD/Census candidate by name; codes are not assumed equivalent."
Surat,Bihar; Gujarat; Madhya Pradesh; Maharashtra; Rajasthan; Uttar Pradesh,24.0,Gujarat,459.0,Surat,22.0,492.0,Surat,Gujarat,492.0,VERIFIED_NAME_STATE,NAME_STATE_CANDIDATE_WITH_HISTORICAL_LIMITATION,HISTORICAL_REVIEW_REQUIRED,exact_name_state_boundary_candidate,HIGH_FOR_CURRENT_NAME_STATE_LINK; HISTORICAL_LIMITATION,"Exact LGD name, observed state context, and Census boundary candidate agree; code equivalence is not assumed. Existing comparison note: Exact LGD district name; observed IFI state context is retained separately because the IFI field can be multi-value and historical equivalence is unresolved. Observed IFI state context includes LGD state name. LGD/Census candidate by name; codes are not assumed equivalent."
Surendranagar,Bihar; Gujarat; Karnataka; Madhya Pradesh; Maharashtra; Rajasthan; Uttar Pradesh,24.0,Gujarat,460.0,Surendranagar,8.0,475.0,Surendranagar,Gujarat,475.0,VERIFIED_NAME_STATE,NAME_STATE_CANDIDATE_WITH_HISTORICAL_LIMITATION,HISTORICAL_REVIEW_REQUIRED,exact_name_state_boundary_candidate,HIGH_FOR_CURRENT_NAME_STATE_LINK; HISTORICAL_LIMITATION,"Exact LGD name, observed state context, and Census boundary candidate agree; code equivalence is not assumed. Existing comparison note: Exact LGD district name; observed IFI state context is retained separately because the IFI field can be multi-value and historical equivalence is unresolved. Observed IFI state context includes LGD state name. LGD/Census candidate by name; codes are not assumed equivalent."
Surguja,Chhattisgarh,22.0,Chhattisgarh,389.0,Surguja,2.0,401.0,Surguja,Chhattisgarh,401.0,VERIFIED_NAME_STATE,NAME_STATE_CANDIDATE_WITH_HISTORICAL_LIMITATION,HISTORICAL_REVIEW_REQUIRED,exact_name_state_boundary_candidate,HIGH_FOR_CURRENT_NAME_STATE_LINK; HISTORICAL_LIMITATION,"Exact LGD name, observed state context, and Census boundary candidate agree; code equivalence is not assumed. Existing comparison note: Exact LGD district name; observed IFI state context is retained separately because the IFI field can be multi-value and historical equivalence is unresolved. Observed IFI state context includes LGD state name. LGD/Census candidate by name; codes are not assumed equivalent."
Suryapet,Andhra Pradesh; Maharashtra; Telangana,36.0,Telangana,696.0,Suryapet,0.0,0.0,,,,HISTORICAL_REVIEW,REQUIRES_MANUAL_VERIFICATION,HISTORICAL_REVIEW_REQUIRED,exact_name_without_complete_state_boundary_confirmation,LOW_REQUIRES_HISTORICAL_REVIEW,Identity is plausible by exact LGD name but state or Census-boundary evidence is incomplete or contradictory. Existing comparison note: Exact LGD district name; observed IFI state context is retained separately because the IFI field can be multi-value and historical equivalence is unresolved. Observed IFI state context includes LGD state name. LGD district has no exact Census boundary pair.
Tamenglong,Manipur,14.0,Manipur,258.0,Tamenglong,2.0,273.0,Tamenglong,Manipur,273.0,VERIFIED_NAME_STATE,NAME_STATE_CANDIDATE_WITH_HISTORICAL_LIMITATION,HISTORICAL_REVIEW_REQUIRED,exact_name_state_boundary_candidate,HIGH_FOR_CURRENT_NAME_STATE_LINK; HISTORICAL_LIMITATION,"Exact LGD name, observed state context, and Census boundary candidate agree; code equivalence is not assumed. Existing comparison note: Exact LGD district name; observed IFI state context is retained separately because the IFI field can be multi-value and historical equivalence is unresolved. Observed IFI state context includes LGD state name. LGD/Census candidate by name; codes are not assumed equivalent."
Tapi,Bihar; Gujarat; Madhya Pradesh; Maharashtra; Rajasthan; Uttar Pradesh,24.0,Gujarat,641.0,Tapi,0.0,493.0,Tapi,Gujarat,493.0,VERIFIED_NAME_STATE,NAME_STATE_CANDIDATE_WITH_HISTORICAL_LIMITATION,HISTORICAL_REVIEW_REQUIRED,exact_name_state_boundary_candidate,HIGH_FOR_CURRENT_NAME_STATE_LINK; HISTORICAL_LIMITATION,"Exact LGD name, observed state context, and Census boundary candidate agree; code equivalence is not assumed. Existing comparison note: Exact LGD district name; observed IFI state context is retained separately because the IFI field can be multi-value and historical equivalence is unresolved. Observed IFI state context includes LGD state name. LGD/Census candidate by name; codes are not assumed equivalent."
Tarn Taran,Arunachal Pradesh; Assam; Delhi; Haryana; Jammu and Kashmir; Madhya Pradesh; Punjab; Rajasthan; Uttar Pradesh; West Bengal,3.0,Punjab,609.0,Tarn Taran,0.0,50.0,Tarn Taran,Punjab,50.0,VERIFIED_NAME_STATE,NAME_STATE_CANDIDATE_WITH_HISTORICAL_LIMITATION,HISTORICAL_REVIEW_REQUIRED,exact_name_state_boundary_candidate,HIGH_FOR_CURRENT_NAME_STATE_LINK; HISTORICAL_LIMITATION,"Exact LGD name, observed state context, and Census boundary candidate agree; code equivalence is not assumed. Existing comparison note: Exact LGD district name; observed IFI state context is retained separately because the IFI field can be multi-value and historical equivalence is unresolved. Observed IFI state context includes LGD state name. LGD/Census candidate by name; codes are not assumed equivalent."
Tawang,Arunachal Pradesh; Assam; Jammu and Kashmir; Punjab; Uttar Pradesh,12.0,Arunachal Pradesh,238.0,Tawang,1.0,245.0,Tawang,Arunanchal Pradesh,245.0,VERIFIED_NAME_STATE,NAME_STATE_CANDIDATE_WITH_HISTORICAL_LIMITATION,HISTORICAL_REVIEW_REQUIRED,exact_name_state_boundary_candidate,HIGH_FOR_CURRENT_NAME_STATE_LINK; HISTORICAL_LIMITATION,"Exact LGD name, observed state context, and Census boundary candidate agree; code equivalence is not assumed. Existing comparison note: Exact LGD district name; observed IFI state context is retained separately because the IFI field can be multi-value and historical equivalence is unresolved. Observed IFI state context includes LGD state name. LGD/Census candidate by name; codes are not assumed equivalent."
Tehri Garhwal,Uttar Pradesh; Uttarakhand,5.0,Uttarakhand,55.0,Tehri Garhwal,4.0,59.0,Tehri Garhwal,Uttarakhand,59.0,VERIFIED_NAME_STATE,NAME_STATE_CANDIDATE_WITH_HISTORICAL_LIMITATION,HISTORICAL_REVIEW_REQUIRED,exact_name_state_boundary_candidate,HIGH_FOR_CURRENT_NAME_STATE_LINK; HISTORICAL_LIMITATION,"Exact LGD name, observed state context, and Census boundary candidate agree; code equivalence is not assumed. Existing comparison note: Exact LGD district name; observed IFI state context is retained separately because the IFI field can be multi-value and historical equivalence is unresolved. Observed IFI state context includes LGD state name. LGD/Census candidate by name; codes are not assumed equivalent."
Tengnoupal,Manipur,14.0,Manipur,716.0,Tengnoupal,0.0,0.0,,,,HISTORICAL_REVIEW,REQUIRES_MANUAL_VERIFICATION,HISTORICAL_REVIEW_REQUIRED,exact_name_without_complete_state_boundary_confirmation,LOW_REQUIRES_HISTORICAL_REVIEW,Identity is plausible by exact LGD name but state or Census-boundary evidence is incomplete or contradictory. Existing comparison note: Exact LGD district name; observed IFI state context is retained separately because the IFI field can be multi-value and historical equivalence is unresolved. Observed IFI state context includes LGD state name. LGD district has no exact Census boundary pair.
Tenkasi,Tamil Nadu,33.0,Tamil Nadu,733.0,Tenkasi,0.0,0.0,,,,HISTORICAL_REVIEW,REQUIRES_MANUAL_VERIFICATION,HISTORICAL_REVIEW_REQUIRED,exact_name_without_complete_state_boundary_confirmation,LOW_REQUIRES_HISTORICAL_REVIEW,Identity is plausible by exact LGD name but state or Census-boundary evidence is incomplete or contradictory. Existing comparison note: Exact LGD district name; observed IFI state context is retained separately because the IFI field can be multi-value and historical equivalence is unresolved. Observed IFI state context includes LGD state name. LGD district has no exact Census boundary pair.
Thane,Bihar; Gujarat; Madhya Pradesh; Maharashtra; Rajasthan; Telangana; Uttar Pradesh,27.0,Maharashtra,497.0,Thane,21.0,517.0,Thane,Maharashtra,517.0,VERIFIED_NAME_STATE,NAME_STATE_CANDIDATE_WITH_HISTORICAL_LIMITATION,HISTORICAL_REVIEW_REQUIRED,exact_name_state_boundary_candidate,HIGH_FOR_CURRENT_NAME_STATE_LINK; HISTORICAL_LIMITATION,"Exact LGD name, observed state context, and Census boundary candidate agree; code equivalence is not assumed. Existing comparison note: Exact LGD district name; observed IFI state context is retained separately because the IFI field can be multi-value and historical equivalence is unresolved. Observed IFI state context includes LGD state name. LGD/Census candidate by name; codes are not assumed equivalent."
Thanjavur,Tamil Nadu,33.0,Tamil Nadu,586.0,Thanjavur,21.0,620.0,Thanjavur,Tamil Nadu,620.0,VERIFIED_NAME_STATE,NAME_STATE_CANDIDATE_WITH_HISTORICAL_LIMITATION,HISTORICAL_REVIEW_REQUIRED,exact_name_state_boundary_candidate,HIGH_FOR_CURRENT_NAME_STATE_LINK; HISTORICAL_LIMITATION,"Exact LGD name, observed state context, and Census boundary candidate agree; code equivalence is not assumed. Existing comparison note: Exact LGD district name; observed IFI state context is retained separately because the IFI field can be multi-value and historical equivalence is unresolved. Observed IFI state context includes LGD state name. LGD/Census candidate by name; codes are not assumed equivalent."
The Dangs,Gujarat,,,,,,,,,,UNMATCHED,UNMATCHED,HISTORICAL_REVIEW_REQUIRED,none,NONE,No defensible LGD/Census candidate in the reviewed comparison. Existing comparison note: No exact or normalized LGD district/state candidate.
The Nilgiris,Tamil Nadu,33.0,Tamil Nadu,587.0,The Nilgiris,11.0,611.0,The Nilgiris,Tamil Nadu,611.0,VERIFIED_NAME_STATE,NAME_STATE_CANDIDATE_WITH_HISTORICAL_LIMITATION,HISTORICAL_REVIEW_REQUIRED,exact_name_state_boundary_candidate,HIGH_FOR_CURRENT_NAME_STATE_LINK; HISTORICAL_LIMITATION,"Exact LGD name, observed state context, and Census boundary candidate agree; code equivalence is not assumed. Existing comparison note: Exact LGD district name; observed IFI state context is retained separately because the IFI field can be multi-value and historical equivalence is unresolved. Observed IFI state context includes LGD state name. LGD/Census candidate by name; codes are not assumed equivalent."
Theni,Tamil Nadu,33.0,Tamil Nadu,588.0,Theni,25.0,624.0,Theni,Tamil Nadu,624.0,VERIFIED_NAME_STATE,NAME_STATE_CANDIDATE_WITH_HISTORICAL_LIMITATION,HISTORICAL_REVIEW_REQUIRED,exact_name_state_boundary_candidate,HIGH_FOR_CURRENT_NAME_STATE_LINK; HISTORICAL_LIMITATION,"Exact LGD name, observed state context, and Census boundary candidate agree; code equivalence is not assumed. Existing comparison note: Exact LGD district name; observed IFI state context is retained separately because the IFI field can be multi-value and historical equivalence is unresolved. Observed IFI state context includes LGD state name. LGD/Census candidate by name; codes are not assumed equivalent."
Thiruvallur,Tamil Nadu,33.0,Tamil Nadu,589.0,Thiruvallur,1.0,602.0,Thiruvallur,Tamil Nadu,602.0,VERIFIED_NAME_STATE,NAME_STATE_CANDIDATE_WITH_HISTORICAL_LIMITATION,HISTORICAL_REVIEW_REQUIRED,exact_name_state_boundary_candidate,HIGH_FOR_CURRENT_NAME_STATE_LINK; HISTORICAL_LIMITATION,"Exact LGD name, observed state context, and Census boundary candidate agree; code equivalence is not assumed. Existing comparison note: Exact LGD district name; observed IFI state context is retained separately because the IFI field can be multi-value and historical equivalence is unresolved. Observed IFI state context includes LGD state name. LGD/Census candidate by name; codes are not assumed equivalent."
Thiruvananthapuram,Bihar; Haryana; Karnataka; Kerala; Rajasthan; Uttar Pradesh,32.0,Kerala,565.0,Thiruvananthapuram,14.0,601.0,Thiruvananthapuram,Kerala,601.0,VERIFIED_NAME_STATE,NAME_STATE_CANDIDATE_WITH_HISTORICAL_LIMITATION,HISTORICAL_REVIEW_REQUIRED,exact_name_state_boundary_candidate,HIGH_FOR_CURRENT_NAME_STATE_LINK; HISTORICAL_LIMITATION,"Exact LGD name, observed state context, and Census boundary candidate agree; code equivalence is not assumed. Existing comparison note: Exact LGD district name; observed IFI state context is retained separately because the IFI field can be multi-value and historical equivalence is unresolved. Observed IFI state context includes LGD state name. LGD/Census candidate by name; codes are not assumed equivalent."
Thiruvarur,Tamil Nadu,33.0,Tamil Nadu,590.0,Thiruvarur,20.0,619.0,Thiruvarur,Tamil Nadu,619.0,VERIFIED_NAME_STATE,NAME_STATE_CANDIDATE_WITH_HISTORICAL_LIMITATION,HISTORICAL_REVIEW_REQUIRED,exact_name_state_boundary_candidate,HIGH_FOR_CURRENT_NAME_STATE_LINK; HISTORICAL_LIMITATION,"Exact LGD name, observed state context, and Census boundary candidate agree; code equivalence is not assumed. Existing comparison note: Exact LGD district name; observed IFI state context is retained separately because the IFI field can be multi-value and historical equivalence is unresolved. Observed IFI state context includes LGD state name. LGD/Census candidate by name; codes are not assumed equivalent."
Thoothukkudi,Tamil Nadu,33.0,Tamil Nadu,594.0,Thoothukkudi,28.0,627.0,Thoothukkudi,Tamil Nadu,627.0,VERIFIED_NAME_STATE,NAME_STATE_CANDIDATE_WITH_HISTORICAL_LIMITATION,HISTORICAL_REVIEW_REQUIRED,exact_name_state_boundary_candidate,HIGH_FOR_CURRENT_NAME_STATE_LINK; HISTORICAL_LIMITATION,"Exact LGD name, observed state context, and Census boundary candidate agree; code equivalence is not assumed. Existing comparison note: Exact LGD district name; observed IFI state context is retained separately because the IFI field can be multi-value and historical equivalence is unresolved. Observed IFI state context includes LGD state name. LGD/Census candidate by name; codes are not assumed equivalent."
Thoubal,Manipur,14.0,Manipur,259.0,Thoubal,5.0,276.0,Thoubal,Manipur,276.0,VERIFIED_NAME_STATE,NAME_STATE_CANDIDATE_WITH_HISTORICAL_LIMITATION,HISTORICAL_REVIEW_REQUIRED,exact_name_state_boundary_candidate,HIGH_FOR_CURRENT_NAME_STATE_LINK; HISTORICAL_LIMITATION,"Exact LGD name, observed state context, and Census boundary candidate agree; code equivalence is not assumed. Existing comparison note: Exact LGD district name; observed IFI state context is retained separately because the IFI field can be multi-value and historical equivalence is unresolved. Observed IFI state context includes LGD state name. LGD/Census candidate by name; codes are not assumed equivalent."
Thrissur,Bihar; Haryana; Karnataka; Kerala; Rajasthan; Uttar Pradesh,32.0,Kerala,566.0,Thrissur,7.0,594.0,Thrissur,Kerala,594.0,VERIFIED_NAME_STATE,NAME_STATE_CANDIDATE_WITH_HISTORICAL_LIMITATION,HISTORICAL_REVIEW_REQUIRED,exact_name_state_boundary_candidate,HIGH_FOR_CURRENT_NAME_STATE_LINK; HISTORICAL_LIMITATION,"Exact LGD name, observed state context, and Census boundary candidate agree; code equivalence is not assumed. Existing comparison note: Exact LGD district name; observed IFI state context is retained separately because the IFI field can be multi-value and historical equivalence is unresolved. Observed IFI state context includes LGD state name. LGD/Census candidate by name; codes are not assumed equivalent."
Tikamgarh,Andhra Pradesh; Bihar; Gujarat; Haryana; Madhya Pradesh; Maharashtra; Odisha; Punjab; Rajasthan; Uttar Pradesh; West Bengal,23.0,Madhya Pradesh,434.0,Tikamgarh,8.0,424.0,Tikamgarh,Madhya Pradesh,424.0,VERIFIED_NAME_STATE,NAME_STATE_CANDIDATE_WITH_HISTORICAL_LIMITATION,HISTORICAL_REVIEW_REQUIRED,exact_name_state_boundary_candidate,HIGH_FOR_CURRENT_NAME_STATE_LINK; HISTORICAL_LIMITATION,"Exact LGD name, observed state context, and Census boundary candidate agree; code equivalence is not assumed. Existing comparison note: Exact LGD district name; observed IFI state context is retained separately because the IFI field can be multi-value and historical equivalence is unresolved. Observed IFI state context includes LGD state name. LGD/Census candidate by name; codes are not assumed equivalent."
Tinsukia,Arunachal Pradesh; Assam; Bihar; Jammu and Kashmir; Kerala; Odisha; Punjab; Uttar Pradesh; West Bengal,18.0,Assam,302.0,Tinsukia,14.0,309.0,Tinsukia,Assam,309.0,VERIFIED_NAME_STATE,NAME_STATE_CANDIDATE_WITH_HISTORICAL_LIMITATION,HISTORICAL_REVIEW_REQUIRED,exact_name_state_boundary_candidate,HIGH_FOR_CURRENT_NAME_STATE_LINK; HISTORICAL_LIMITATION,"Exact LGD name, observed state context, and Census boundary candidate agree; code equivalence is not assumed. Existing comparison note: Exact LGD district name; observed IFI state context is retained separately because the IFI field can be multi-value and historical equivalence is unresolved. Observed IFI state context includes LGD state name. LGD/Census candidate by name; codes are not assumed equivalent."
Tirap,Arunachal Pradesh; Assam; Jammu and Kashmir; Punjab; Uttar Pradesh,12.0,Arunachal Pradesh,239.0,Tirap,13.0,254.0,Tirap,Arunanchal Pradesh,254.0,VERIFIED_NAME_STATE,NAME_STATE_CANDIDATE_WITH_HISTORICAL_LIMITATION,HISTORICAL_REVIEW_REQUIRED,exact_name_state_boundary_candidate,HIGH_FOR_CURRENT_NAME_STATE_LINK; HISTORICAL_LIMITATION,"Exact LGD name, observed state context, and Census boundary candidate agree; code equivalence is not assumed. Existing comparison note: Exact LGD district name; observed IFI state context is retained separately because the IFI field can be multi-value and historical equivalence is unresolved. Observed IFI state context includes LGD state name. LGD/Census candidate by name; codes are not assumed equivalent."
Tiruchirappalli,Tamil Nadu,33.0,Tamil Nadu,591.0,Tiruchirappalli,15.0,614.0,Tiruchirappalli,Tamil Nadu,614.0,VERIFIED_NAME_STATE,NAME_STATE_CANDIDATE_WITH_HISTORICAL_LIMITATION,HISTORICAL_REVIEW_REQUIRED,exact_name_state_boundary_candidate,HIGH_FOR_CURRENT_NAME_STATE_LINK; HISTORICAL_LIMITATION,"Exact LGD name, observed state context, and Census boundary candidate agree; code equivalence is not assumed. Existing comparison note: Exact LGD district name; observed IFI state context is retained separately because the IFI field can be multi-value and historical equivalence is unresolved. Observed IFI state context includes LGD state name. LGD/Census candidate by name; codes are not assumed equivalent."
Tirunelveli,Tamil Nadu,33.0,Tamil Nadu,592.0,Tirunelveli,29.0,628.0,Tirunelveli,Tamil Nadu,628.0,VERIFIED_NAME_STATE,NAME_STATE_CANDIDATE_WITH_HISTORICAL_LIMITATION,HISTORICAL_REVIEW_REQUIRED,exact_name_state_boundary_candidate,HIGH_FOR_CURRENT_NAME_STATE_LINK; HISTORICAL_LIMITATION,"Exact LGD name, observed state context, and Census boundary candidate agree; code equivalence is not assumed. Existing comparison note: Exact LGD district name; observed IFI state context is retained separately because the IFI field can be multi-value and historical equivalence is unresolved. Observed IFI state context includes LGD state name. LGD/Census candidate by name; codes are not assumed equivalent."
Tirupathur,Tamil Nadu,33.0,Tamil Nadu,732.0,Tirupathur,0.0,0.0,,,,HISTORICAL_REVIEW,REQUIRES_MANUAL_VERIFICATION,HISTORICAL_REVIEW_REQUIRED,exact_name_without_complete_state_boundary_confirmation,LOW_REQUIRES_HISTORICAL_REVIEW,Identity is plausible by exact LGD name but state or Census-boundary evidence is incomplete or contradictory. Existing comparison note: Exact LGD district name; observed IFI state context is retained separately because the IFI field can be multi-value and historical equivalence is unresolved. Observed IFI state context includes LGD state name. LGD district has no exact Census boundary pair.
Tiruppur,Tamil Nadu,33.0,Tamil Nadu,634.0,Tiruppur,0.0,633.0,Tiruppur,Tamil Nadu,633.0,VERIFIED_NAME_STATE,NAME_STATE_CANDIDATE_WITH_HISTORICAL_LIMITATION,HISTORICAL_REVIEW_REQUIRED,exact_name_state_boundary_candidate,HIGH_FOR_CURRENT_NAME_STATE_LINK; HISTORICAL_LIMITATION,"Exact LGD name, observed state context, and Census boundary candidate agree; code equivalence is not assumed. Existing comparison note: Exact LGD district name; observed IFI state context is retained separately because the IFI field can be multi-value and historical equivalence is unresolved. Observed IFI state context includes LGD state name. LGD/Census candidate by name; codes are not assumed equivalent."
Tiruvannamalai,Tamil Nadu,33.0,Tamil Nadu,593.0,Tiruvannamalai,6.0,606.0,Tiruvannamalai,Tamil Nadu,606.0,VERIFIED_NAME_STATE,NAME_STATE_CANDIDATE_WITH_HISTORICAL_LIMITATION,HISTORICAL_REVIEW_REQUIRED,exact_name_state_boundary_candidate,HIGH_FOR_CURRENT_NAME_STATE_LINK; HISTORICAL_LIMITATION,"Exact LGD name, observed state context, and Census boundary candidate agree; code equivalence is not assumed. Existing comparison note: Exact LGD district name; observed IFI state context is retained separately because the IFI field can be multi-value and historical equivalence is unresolved. Observed IFI state context includes LGD state name. LGD/Census candidate by name; codes are not assumed equivalent."
Tonk,Bihar; Gujarat; Haryana; Kerala; Madhya Pradesh; Maharashtra; Odisha; Punjab; Rajasthan; Uttar Pradesh,8.0,Rajasthan,116.0,Tonk,22.0,120.0,Tonk,Rajasthan,120.0,VERIFIED_NAME_STATE,NAME_STATE_CANDIDATE_WITH_HISTORICAL_LIMITATION,HISTORICAL_REVIEW_REQUIRED,exact_name_state_boundary_candidate,HIGH_FOR_CURRENT_NAME_STATE_LINK; HISTORICAL_LIMITATION,"Exact LGD name, observed state context, and Census boundary candidate agree; code equivalence is not assumed. Existing comparison note: Exact LGD district name; observed IFI state context is retained separately because the IFI field can be multi-value and historical equivalence is unresolved. Observed IFI state context includes LGD state name. LGD/Census candidate by name; codes are not assumed equivalent."
Tripura,Tripura,,,,,,,,,,UNMATCHED,UNMATCHED,HISTORICAL_REVIEW_REQUIRED,none,NONE,No defensible LGD/Census candidate in the reviewed comparison. Existing comparison note: No exact or normalized LGD district/state candidate.
Tuensang,Nagaland,13.0,Nagaland,249.0,Tuensang,2.0,267.0,Tuensang,Nagaland,267.0,VERIFIED_NAME_STATE,NAME_STATE_CANDIDATE_WITH_HISTORICAL_LIMITATION,HISTORICAL_REVIEW_REQUIRED,exact_name_state_boundary_candidate,HIGH_FOR_CURRENT_NAME_STATE_LINK; HISTORICAL_LIMITATION,"Exact LGD name, observed state context, and Census boundary candidate agree; code equivalence is not assumed. Existing comparison note: Exact LGD district name; observed IFI state context is retained separately because the IFI field can be multi-value and historical equivalence is unresolved. Observed IFI state context includes LGD state name. LGD/Census candidate by name; codes are not assumed equivalent."
Tumakuru,Karnataka; Kerala,29.0,Karnataka,548.0,Tumakuru,18.0,571.0,,,,HISTORICAL_REVIEW,REQUIRES_MANUAL_VERIFICATION,HISTORICAL_REVIEW_REQUIRED,exact_name_without_complete_state_boundary_confirmation,LOW_REQUIRES_HISTORICAL_REVIEW,Identity is plausible by exact LGD name but state or Census-boundary evidence is incomplete or contradictory. Existing comparison note: Exact LGD district name; observed IFI state context is retained separately because the IFI field can be multi-value and historical equivalence is unresolved. Observed IFI state context includes LGD state name. LGD district has no exact Census boundary pair.
Udaipur,Bihar; Gujarat; Haryana; Kerala; Madhya Pradesh; Maharashtra; Odisha; Punjab; Rajasthan; Uttar Pradesh,8.0,Rajasthan,117.0,Udaipur,26.0,130.0,Udaipur,Rajasthan,130.0,VERIFIED_NAME_STATE,NAME_STATE_CANDIDATE_WITH_HISTORICAL_LIMITATION,HISTORICAL_REVIEW_REQUIRED,exact_name_state_boundary_candidate,HIGH_FOR_CURRENT_NAME_STATE_LINK; HISTORICAL_LIMITATION,"Exact LGD name, observed state context, and Census boundary candidate agree; code equivalence is not assumed. Existing comparison note: Exact LGD district name; observed IFI state context is retained separately because the IFI field can be multi-value and historical equivalence is unresolved. Observed IFI state context includes LGD state name. LGD/Census candidate by name; codes are not assumed equivalent."
Udaiur,Gujarat,,,,,,,,,,UNMATCHED,UNMATCHED,HISTORICAL_REVIEW_REQUIRED,none,NONE,No defensible LGD/Census candidate in the reviewed comparison. Existing comparison note: No exact or normalized LGD district/state candidate.
Udalguri,Arunachal Pradesh; Assam; Bihar; Jammu and Kashmir; Kerala; Odisha; Punjab; Uttar Pradesh; West Bengal,18.0,Assam,617.0,Udalguri,0.0,326.0,Udalguri,Assam,326.0,VERIFIED_NAME_STATE,NAME_STATE_CANDIDATE_WITH_HISTORICAL_LIMITATION,HISTORICAL_REVIEW_REQUIRED,exact_name_state_boundary_candidate,HIGH_FOR_CURRENT_NAME_STATE_LINK; HISTORICAL_LIMITATION,"Exact LGD name, observed state context, and Census boundary candidate agree; code equivalence is not assumed. Existing comparison note: Exact LGD district name; observed IFI state context is retained separately because the IFI field can be multi-value and historical equivalence is unresolved. Observed IFI state context includes LGD state name. LGD/Census candidate by name; codes are not assumed equivalent."
Udam Singh Nagar,Uttar Pradesh; Uttarakhand,,,,,,,,,,UNMATCHED,UNMATCHED,HISTORICAL_REVIEW_REQUIRED,none,NONE,No defensible LGD/Census candidate in the reviewed comparison. Existing comparison note: No exact or normalized LGD district/state candidate.
Udhampur,Arunachal Pradesh; Assam; Delhi; Jammu & Kashmir; Jammu and Kashmir; Punjab; Uttar Pradesh,1.0,Jammu And Kashmir,14.0,Udhampur,10.0,19.0,Udhampur,Jammu & Kashmir,19.0,HISTORICAL_REVIEW,REQUIRES_MANUAL_VERIFICATION,HISTORICAL_REVIEW_REQUIRED,exact_name_without_complete_state_boundary_confirmation,LOW_REQUIRES_HISTORICAL_REVIEW,Identity is plausible by exact LGD name but state or Census-boundary evidence is incomplete or contradictory. Existing comparison note: Exact LGD district name; observed IFI state context is retained separately because the IFI field can be multi-value and historical equivalence is unresolved. Observed IFI state context does not uniquely confirm LGD state name; manual review required. LGD/Census candidate by name; codes are not assumed equivalent.
Udupi,Karnataka; Kerala,29.0,Karnataka,549.0,Udupi,16.0,569.0,Udupi,Karnataka,569.0,VERIFIED_NAME_STATE,NAME_STATE_CANDIDATE_WITH_HISTORICAL_LIMITATION,HISTORICAL_REVIEW_REQUIRED,exact_name_state_boundary_candidate,HIGH_FOR_CURRENT_NAME_STATE_LINK; HISTORICAL_LIMITATION,"Exact LGD name, observed state context, and Census boundary candidate agree; code equivalence is not assumed. Existing comparison note: Exact LGD district name; observed IFI state context is retained separately because the IFI field can be multi-value and historical equivalence is unresolved. Observed IFI state context includes LGD state name. LGD/Census candidate by name; codes are not assumed equivalent."
Ujjain,Andhra Pradesh; Bihar; Chhattisgarh; Gujarat; Haryana; Madhya Pradesh; Maharashtra; Odisha; Punjab; Rajasthan; Uttar Pradesh; West Bengal,23.0,Madhya Pradesh,435.0,Ujjain,21.0,435.0,Ujjain,Madhya Pradesh,435.0,VERIFIED_NAME_STATE,NAME_STATE_CANDIDATE_WITH_HISTORICAL_LIMITATION,HISTORICAL_REVIEW_REQUIRED,exact_name_state_boundary_candidate,HIGH_FOR_CURRENT_NAME_STATE_LINK; HISTORICAL_LIMITATION,"Exact LGD name, observed state context, and Census boundary candidate agree; code equivalence is not assumed. Existing comparison note: Exact LGD district name; observed IFI state context is retained separately because the IFI field can be multi-value and historical equivalence is unresolved. Observed IFI state context includes LGD state name. LGD/Census candidate by name; codes are not assumed equivalent."
Ukhrul,Manipur,14.0,Manipur,260.0,Ukhrul,8.0,279.0,Ukhrul,Manipur,279.0,VERIFIED_NAME_STATE,NAME_STATE_CANDIDATE_WITH_HISTORICAL_LIMITATION,HISTORICAL_REVIEW_REQUIRED,exact_name_state_boundary_candidate,HIGH_FOR_CURRENT_NAME_STATE_LINK; HISTORICAL_LIMITATION,"Exact LGD name, observed state context, and Census boundary candidate agree; code equivalence is not assumed. Existing comparison note: Exact LGD district name; observed IFI state context is retained separately because the IFI field can be multi-value and historical equivalence is unresolved. Observed IFI state context includes LGD state name. LGD/Census candidate by name; codes are not assumed equivalent."
Umaria,Andhra Pradesh; Bihar; Gujarat; Haryana; Madhya Pradesh; Maharashtra; Odisha; Punjab; Rajasthan; Uttar Pradesh; West Bengal,23.0,Madhya Pradesh,436.0,Umaria,15.0,431.0,Umaria,Madhya Pradesh,431.0,VERIFIED_NAME_STATE,NAME_STATE_CANDIDATE_WITH_HISTORICAL_LIMITATION,HISTORICAL_REVIEW_REQUIRED,exact_name_state_boundary_candidate,HIGH_FOR_CURRENT_NAME_STATE_LINK; HISTORICAL_LIMITATION,"Exact LGD name, observed state context, and Census boundary candidate agree; code equivalence is not assumed. Existing comparison note: Exact LGD district name; observed IFI state context is retained separately because the IFI field can be multi-value and historical equivalence is unresolved. Observed IFI state context includes LGD state name. LGD/Census candidate by name; codes are not assumed equivalent."
Una,Himachal Pradesh; Uttar Pradesh,2.0,Himachal Pradesh,26.0,Una,7.0,29.0,Una,Himachal Pradesh,29.0,VERIFIED_NAME_STATE,NAME_STATE_CANDIDATE_WITH_HISTORICAL_LIMITATION,HISTORICAL_REVIEW_REQUIRED,exact_name_state_boundary_candidate,HIGH_FOR_CURRENT_NAME_STATE_LINK; HISTORICAL_LIMITATION,"Exact LGD name, observed state context, and Census boundary candidate agree; code equivalence is not assumed. Existing comparison note: Exact LGD district name; observed IFI state context is retained separately because the IFI field can be multi-value and historical equivalence is unresolved. Observed IFI state context includes LGD state name. LGD/Census candidate by name; codes are not assumed equivalent."
Unakoti,Tripura,16.0,Tripura,655.0,Unakoti,0.0,0.0,,,,HISTORICAL_REVIEW,REQUIRES_MANUAL_VERIFICATION,HISTORICAL_REVIEW_REQUIRED,exact_name_without_complete_state_boundary_confirmation,LOW_REQUIRES_HISTORICAL_REVIEW,Identity is plausible by exact LGD name but state or Census-boundary evidence is incomplete or contradictory. Existing comparison note: Exact LGD district name; observed IFI state context is retained separately because the IFI field can be multi-value and historical equivalence is unresolved. Observed IFI state context includes LGD state name. LGD district has no exact Census boundary pair.
Unnao,Arunachal Pradesh; Assam; Bihar; East Rajasthan; Gujarat; Haryana; Himachal Pradesh; Jammu and Kashmir; Kerala; Madhya Pradesh; Maharashtra; Odisha; Punjab; Rajasthan; Uttar Pradesh; Uttar pradesh; Uttarakhand; West Bengal,9.0,Uttar Pradesh,186.0,Unnao,26.0,156.0,Unnao,Uttar Pradesh,156.0,VERIFIED_NAME_STATE,NAME_STATE_CANDIDATE_WITH_HISTORICAL_LIMITATION,HISTORICAL_REVIEW_REQUIRED,exact_name_state_boundary_candidate,HIGH_FOR_CURRENT_NAME_STATE_LINK; HISTORICAL_LIMITATION,"Exact LGD name, observed state context, and Census boundary candidate agree; code equivalence is not assumed. Existing comparison note: Exact LGD district name; observed IFI state context is retained separately because the IFI field can be multi-value and historical equivalence is unresolved. Observed IFI state context includes LGD state name. LGD/Census candidate by name; codes are not assumed equivalent."
Upper Lower Subansiri,Arunachal Pradesh; Assam; Jammu and Kashmir; Punjab; Uttar Pradesh,,,,,,,,,,UNMATCHED,UNMATCHED,HISTORICAL_REVIEW_REQUIRED,none,NONE,No defensible LGD/Census candidate in the reviewed comparison. Existing comparison note: No exact or normalized LGD district/state candidate.
Upper Siang,Arunachal Pradesh; Assam; Jammu and Kashmir; Punjab; Uttar Pradesh,12.0,Arunachal Pradesh,240.0,Upper Siang,9.0,252.0,Upper Siang,Arunanchal Pradesh,252.0,VERIFIED_NAME_STATE,NAME_STATE_CANDIDATE_WITH_HISTORICAL_LIMITATION,HISTORICAL_REVIEW_REQUIRED,exact_name_state_boundary_candidate,HIGH_FOR_CURRENT_NAME_STATE_LINK; HISTORICAL_LIMITATION,"Exact LGD name, observed state context, and Census boundary candidate agree; code equivalence is not assumed. Existing comparison note: Exact LGD district name; observed IFI state context is retained separately because the IFI field can be multi-value and historical equivalence is unresolved. Observed IFI state context includes LGD state name. LGD/Census candidate by name; codes are not assumed equivalent."
Urban,Karnataka,,,,,,,,,,UNMATCHED,UNMATCHED,HISTORICAL_REVIEW_REQUIRED,none,NONE,No defensible LGD/Census candidate in the reviewed comparison. Existing comparison note: No exact or normalized LGD district/state candidate.
Uttar Kashi,Karnataka; West Bengal,5.0,Uttarakhand,57.0,Uttarkashi,1.0,56.0,Uttarkashi,Uttarakhand,56.0,NORMALIZED_REVIEW,REQUIRES_MANUAL_VERIFICATION,HISTORICAL_REVIEW_REQUIRED,normalized_district_name,MEDIUM_REQUIRES_MANUAL_VERIFICATION,Normalization was required; no silent rename or fuzzy match was applied. Existing comparison note: Transparent normalization only; state and historical identity require manual review. Observed IFI state context does not uniquely confirm LGD state name; manual review required. LGD/Census candidate by name; codes are not assumed equivalent.
Uttar Kashi Bastar Kanker,Chhattisgarh; Madhya Pradesh,,,,,,,,,,UNMATCHED,UNMATCHED,HISTORICAL_REVIEW_REQUIRED,none,NONE,No defensible LGD/Census candidate in the reviewed comparison. Existing comparison note: No exact or normalized LGD district/state candidate.
Uttar Kashi Dinajpur,West Bengal,,,,,,,,,,UNMATCHED,UNMATCHED,HISTORICAL_REVIEW_REQUIRED,none,NONE,No defensible LGD/Census candidate in the reviewed comparison. Existing comparison note: No exact or normalized LGD district/state candidate.
Uttar Kashi Kashi,Uttar Pradesh; Uttarakhand,,,,,,,,,,UNMATCHED,UNMATCHED,HISTORICAL_REVIEW_REQUIRED,none,NONE,No defensible LGD/Census candidate in the reviewed comparison. Existing comparison note: No exact or normalized LGD district/state candidate.
Uttar Kashia,Karnataka,,,,,,,,,,UNMATCHED,UNMATCHED,HISTORICAL_REVIEW_REQUIRED,none,NONE,No defensible LGD/Census candidate in the reviewed comparison. Existing comparison note: No exact or normalized LGD district/state candidate.
Uttar Kashia Kannada,Karnataka; Kerala,,,,,,,,,,UNMATCHED,UNMATCHED,HISTORICAL_REVIEW_REQUIRED,none,NONE,No defensible LGD/Census candidate in the reviewed comparison. Existing comparison note: No exact or normalized LGD district/state candidate.
Vadodara,Bihar; Gujarat; Madhya Pradesh; Maharashtra; Rajasthan; Uttar Pradesh,24.0,Gujarat,461.0,Vadodara,19.0,486.0,Vadodara,Gujarat,486.0,VERIFIED_NAME_STATE,NAME_STATE_CANDIDATE_WITH_HISTORICAL_LIMITATION,HISTORICAL_REVIEW_REQUIRED,exact_name_state_boundary_candidate,HIGH_FOR_CURRENT_NAME_STATE_LINK; HISTORICAL_LIMITATION,"Exact LGD name, observed state context, and Census boundary candidate agree; code equivalence is not assumed. Existing comparison note: Exact LGD district name; observed IFI state context is retained separately because the IFI field can be multi-value and historical equivalence is unresolved. Observed IFI state context includes LGD state name. LGD/Census candidate by name; codes are not assumed equivalent."
Vaishali,Andhra Pradesh; Assam; Bihar; Gujarat; Haryana; Himachal Pradesh; Jharkhand; Kerala; Madhya Pradesh; Maharashtra; Odisha; Rajasthan; Uttar Pradesh; Uttar pradesh; West Bengal,10.0,Bihar,224.0,Vaishali,18.0,220.0,Vaishali,Bihar,220.0,VERIFIED_NAME_STATE,NAME_STATE_CANDIDATE_WITH_HISTORICAL_LIMITATION,HISTORICAL_REVIEW_REQUIRED,exact_name_state_boundary_candidate,HIGH_FOR_CURRENT_NAME_STATE_LINK; HISTORICAL_LIMITATION,"Exact LGD name, observed state context, and Census boundary candidate agree; code equivalence is not assumed. Existing comparison note: Exact LGD district name; observed IFI state context is retained separately because the IFI field can be multi-value and historical equivalence is unresolved. Observed IFI state context includes LGD state name. LGD/Census candidate by name; codes are not assumed equivalent."
Valsad,Bihar; Dadra and Nagar Haveli; Gujarat; Madhya Pradesh; Maharashtra; Rajasthan; Uttar Pradesh,24.0,Gujarat,462.0,Valsad,25.0,491.0,Valsad,Gujarat,491.0,VERIFIED_NAME_STATE,NAME_STATE_CANDIDATE_WITH_HISTORICAL_LIMITATION,HISTORICAL_REVIEW_REQUIRED,exact_name_state_boundary_candidate,HIGH_FOR_CURRENT_NAME_STATE_LINK; HISTORICAL_LIMITATION,"Exact LGD name, observed state context, and Census boundary candidate agree; code equivalence is not assumed. Existing comparison note: Exact LGD district name; observed IFI state context is retained separately because the IFI field can be multi-value and historical equivalence is unresolved. Observed IFI state context includes LGD state name. LGD/Census candidate by name; codes are not assumed equivalent."
Varanasi,Arunachal Pradesh; Assam; Bihar; East Rajasthan; Gujarat; Haryana; Himachal Pradesh; Jammu and Kashmir; Kerala; Madhya Pradesh; Maharashtra; Odisha; Punjab; Rajasthan; Uttar Pradesh; Uttar pradesh; Uttarakhand; West Bengal,9.0,Uttar Pradesh,187.0,Varanasi,67.0,197.0,Varanasi,Uttar Pradesh,197.0,VERIFIED_NAME_STATE,NAME_STATE_CANDIDATE_WITH_HISTORICAL_LIMITATION,HISTORICAL_REVIEW_REQUIRED,exact_name_state_boundary_candidate,HIGH_FOR_CURRENT_NAME_STATE_LINK; HISTORICAL_LIMITATION,"Exact LGD name, observed state context, and Census boundary candidate agree; code equivalence is not assumed. Existing comparison note: Exact LGD district name; observed IFI state context is retained separately because the IFI field can be multi-value and historical equivalence is unresolved. Observed IFI state context includes LGD state name. LGD/Census candidate by name; codes are not assumed equivalent."
Vellore,Tamil Nadu,33.0,Tamil Nadu,595.0,Vellore,4.0,605.0,Vellore,Tamil Nadu,605.0,VERIFIED_NAME_STATE,NAME_STATE_CANDIDATE_WITH_HISTORICAL_LIMITATION,HISTORICAL_REVIEW_REQUIRED,exact_name_state_boundary_candidate,HIGH_FOR_CURRENT_NAME_STATE_LINK; HISTORICAL_LIMITATION,"Exact LGD name, observed state context, and Census boundary candidate agree; code equivalence is not assumed. Existing comparison note: Exact LGD district name; observed IFI state context is retained separately because the IFI field can be multi-value and historical equivalence is unresolved. Observed IFI state context includes LGD state name. LGD/Census candidate by name; codes are not assumed equivalent."
Vidisha,Andhra Pradesh; Bihar; Chhattisgarh; Gujarat; Haryana; Madhya Pradesh; Maharashtra; Odisha; Punjab; Rajasthan; Uttar Pradesh; West Bengal,23.0,Madhya Pradesh,437.0,Vidisha,31.0,443.0,Vidisha,Madhya Pradesh,443.0,VERIFIED_NAME_STATE,NAME_STATE_CANDIDATE_WITH_HISTORICAL_LIMITATION,HISTORICAL_REVIEW_REQUIRED,exact_name_state_boundary_candidate,HIGH_FOR_CURRENT_NAME_STATE_LINK; HISTORICAL_LIMITATION,"Exact LGD name, observed state context, and Census boundary candidate agree; code equivalence is not assumed. Existing comparison note: Exact LGD district name; observed IFI state context is retained separately because the IFI field can be multi-value and historical equivalence is unresolved. Observed IFI state context includes LGD state name. LGD/Census candidate by name; codes are not assumed equivalent."
Vijayapura,Karnataka; Kerala,29.0,Karnataka,530.0,Vijayapura,3.0,557.0,,,,HISTORICAL_REVIEW,REQUIRES_MANUAL_VERIFICATION,HISTORICAL_REVIEW_REQUIRED,exact_name_without_complete_state_boundary_confirmation,LOW_REQUIRES_HISTORICAL_REVIEW,Identity is plausible by exact LGD name but state or Census-boundary evidence is incomplete or contradictory. Existing comparison note: Exact LGD district name; observed IFI state context is retained separately because the IFI field can be multi-value and historical equivalence is unresolved. Observed IFI state context includes LGD state name. LGD district has no exact Census boundary pair.
Vikarabad,Andhra Pradesh; Maharashtra; Telangana,36.0,Telangana,698.0,Vikarabad,0.0,0.0,,,,HISTORICAL_REVIEW,REQUIRES_MANUAL_VERIFICATION,HISTORICAL_REVIEW_REQUIRED,exact_name_without_complete_state_boundary_confirmation,LOW_REQUIRES_HISTORICAL_REVIEW,Identity is plausible by exact LGD name but state or Census-boundary evidence is incomplete or contradictory. Existing comparison note: Exact LGD district name; observed IFI state context is retained separately because the IFI field can be multi-value and historical equivalence is unresolved. Observed IFI state context includes LGD state name. LGD district has no exact Census boundary pair.
Viluppuram,Tamil Nadu,33.0,Tamil Nadu,596.0,Viluppuram,7.0,607.0,Viluppuram,Tamil Nadu,607.0,VERIFIED_NAME_STATE,NAME_STATE_CANDIDATE_WITH_HISTORICAL_LIMITATION,HISTORICAL_REVIEW_REQUIRED,exact_name_state_boundary_candidate,HIGH_FOR_CURRENT_NAME_STATE_LINK; HISTORICAL_LIMITATION,"Exact LGD name, observed state context, and Census boundary candidate agree; code equivalence is not assumed. Existing comparison note: Exact LGD district name; observed IFI state context is retained separately because the IFI field can be multi-value and historical equivalence is unresolved. Observed IFI state context includes LGD state name. LGD/Census candidate by name; codes are not assumed equivalent."
Virudhunagar,Tamil Nadu,33.0,Tamil Nadu,597.0,Virudhunagar,26.0,625.0,,,,HISTORICAL_REVIEW,REQUIRES_MANUAL_VERIFICATION,HISTORICAL_REVIEW_REQUIRED,exact_name_without_complete_state_boundary_confirmation,LOW_REQUIRES_HISTORICAL_REVIEW,Identity is plausible by exact LGD name but state or Census-boundary evidence is incomplete or contradictory. Existing comparison note: Exact LGD district name; observed IFI state context is retained separately because the IFI field can be multi-value and historical equivalence is unresolved. Observed IFI state context includes LGD state name. LGD district has no exact Census boundary pair.
Visakhapatnam,Andhra Pradesh; Madhya Pradesh,28.0,Andhra Pradesh,520.0,Visakhapatnam,13.0,544.0,Visakhapatnam,Andhra Pradesh,544.0,VERIFIED_NAME_STATE,NAME_STATE_CANDIDATE_WITH_HISTORICAL_LIMITATION,HISTORICAL_REVIEW_REQUIRED,exact_name_state_boundary_candidate,HIGH_FOR_CURRENT_NAME_STATE_LINK; HISTORICAL_LIMITATION,"Exact LGD name, observed state context, and Census boundary candidate agree; code equivalence is not assumed. Existing comparison note: Exact LGD district name; observed IFI state context is retained separately because the IFI field can be multi-value and historical equivalence is unresolved. Observed IFI state context includes LGD state name. LGD/Census candidate by name; codes are not assumed equivalent."
Vizianagaram,Andhra Pradesh; Madhya Pradesh,28.0,Andhra Pradesh,521.0,Vizianagaram,12.0,543.0,Vizianagaram,Andhra Pradesh,543.0,VERIFIED_NAME_STATE,NAME_STATE_CANDIDATE_WITH_HISTORICAL_LIMITATION,HISTORICAL_REVIEW_REQUIRED,exact_name_state_boundary_candidate,HIGH_FOR_CURRENT_NAME_STATE_LINK; HISTORICAL_LIMITATION,"Exact LGD name, observed state context, and Census boundary candidate agree; code equivalence is not assumed. Existing comparison note: Exact LGD district name; observed IFI state context is retained separately because the IFI field can be multi-value and historical equivalence is unresolved. Observed IFI state context includes LGD state name. LGD/Census candidate by name; codes are not assumed equivalent."
Wanaparthy,Andhra Pradesh; Maharashtra; Telangana,36.0,Telangana,693.0,Wanaparthy,0.0,0.0,,,,HISTORICAL_REVIEW,REQUIRES_MANUAL_VERIFICATION,HISTORICAL_REVIEW_REQUIRED,exact_name_without_complete_state_boundary_confirmation,LOW_REQUIRES_HISTORICAL_REVIEW,Identity is plausible by exact LGD name but state or Census-boundary evidence is incomplete or contradictory. Existing comparison note: Exact LGD district name; observed IFI state context is retained separately because the IFI field can be multi-value and historical equivalence is unresolved. Observed IFI state context includes LGD state name. LGD district has no exact Census boundary pair.
Warangal,Andhra Pradesh; Maharashtra; Telangana,36.0,Telangana,522.0,Warangal,9.0,540.0,Warangal,Andhra Pradesh,540.0,VERIFIED_NAME_STATE,NAME_STATE_CANDIDATE_WITH_HISTORICAL_LIMITATION,HISTORICAL_REVIEW_REQUIRED,exact_name_state_boundary_candidate,HIGH_FOR_CURRENT_NAME_STATE_LINK; HISTORICAL_LIMITATION,"Exact LGD name, observed state context, and Census boundary candidate agree; code equivalence is not assumed. Existing comparison note: Exact LGD district name; observed IFI state context is retained separately because the IFI field can be multi-value and historical equivalence is unresolved. Observed IFI state context includes LGD state name. LGD/Census candidate by name; codes are not assumed equivalent."
Wardha,Bihar; Gujarat; Madhya Pradesh; Maharashtra; Rajasthan; Telangana; Uttar Pradesh,27.0,Maharashtra,498.0,Wardha,8.0,504.0,Wardha,Maharashtra,504.0,VERIFIED_NAME_STATE,NAME_STATE_CANDIDATE_WITH_HISTORICAL_LIMITATION,HISTORICAL_REVIEW_REQUIRED,exact_name_state_boundary_candidate,HIGH_FOR_CURRENT_NAME_STATE_LINK; HISTORICAL_LIMITATION,"Exact LGD name, observed state context, and Census boundary candidate agree; code equivalence is not assumed. Existing comparison note: Exact LGD district name; observed IFI state context is retained separately because the IFI field can be multi-value and historical equivalence is unresolved. Observed IFI state context includes LGD state name. LGD/Census candidate by name; codes are not assumed equivalent."
Washim,Bihar; Gujarat; Madhya Pradesh; Maharashtra; Rajasthan; Telangana; Uttar Pradesh,27.0,Maharashtra,499.0,Washim,6.0,502.0,Washim,Maharashtra,502.0,VERIFIED_NAME_STATE,NAME_STATE_CANDIDATE_WITH_HISTORICAL_LIMITATION,HISTORICAL_REVIEW_REQUIRED,exact_name_state_boundary_candidate,HIGH_FOR_CURRENT_NAME_STATE_LINK; HISTORICAL_LIMITATION,"Exact LGD name, observed state context, and Census boundary candidate agree; code equivalence is not assumed. Existing comparison note: Exact LGD district name; observed IFI state context is retained separately because the IFI field can be multi-value and historical equivalence is unresolved. Observed IFI state context includes LGD state name. LGD/Census candidate by name; codes are not assumed equivalent."
Wayanad,Bihar; Haryana; Karnataka; Kerala; Rajasthan; Uttar Pradesh,32.0,Kerala,567.0,Wayanad,3.0,590.0,Wayanad,Kerala,590.0,VERIFIED_NAME_STATE,NAME_STATE_CANDIDATE_WITH_HISTORICAL_LIMITATION,HISTORICAL_REVIEW_REQUIRED,exact_name_state_boundary_candidate,HIGH_FOR_CURRENT_NAME_STATE_LINK; HISTORICAL_LIMITATION,"Exact LGD name, observed state context, and Census boundary candidate agree; code equivalence is not assumed. Existing comparison note: Exact LGD district name; observed IFI state context is retained separately because the IFI field can be multi-value and historical equivalence is unresolved. Observed IFI state context includes LGD state name. LGD/Census candidate by name; codes are not assumed equivalent."
West,Delhi; Jammu and Kashmir; Punjab,7.0,Delhi,85.0,West,7.0,96.0,West,NCT of Delhi,96.0,AMBIGUOUS_REVIEW,REQUIRES_MANUAL_VERIFICATION,HISTORICAL_REVIEW_REQUIRED,multiple_lgd_candidates,LOW_REQUIRES_MANUAL_VERIFICATION,The IFI district name has multiple plausible LGD candidates; preserve all candidates. Existing comparison note: Exact LGD district name; observed IFI state context is retained separately because the IFI field can be multi-value and historical equivalence is unresolved. Observed IFI state context includes LGD state name. LGD/Census candidate by name; codes are not assumed equivalent.
West,Delhi; Jammu and Kashmir; Punjab,7.0,Delhi,85.0,West,7.0,96.0,West,Sikkim,242.0,AMBIGUOUS_REVIEW,REQUIRES_MANUAL_VERIFICATION,HISTORICAL_REVIEW_REQUIRED,multiple_lgd_candidates,LOW_REQUIRES_MANUAL_VERIFICATION,The IFI district name has multiple plausible LGD candidates; preserve all candidates. Existing comparison note: Exact LGD district name; observed IFI state context is retained separately because the IFI field can be multi-value and historical equivalence is unresolved. Observed IFI state context includes LGD state name. LGD/Census candidate by name; codes are not assumed equivalent.
West East Jaintia Hills,Meghalaya,,,,,,,,,,UNMATCHED,UNMATCHED,HISTORICAL_REVIEW_REQUIRED,none,NONE,No defensible LGD/Census candidate in the reviewed comparison. Existing comparison note: No exact or normalized LGD district/state candidate.
West Garo Hills,Meghalaya,17.0,Meghalaya,278.0,West Garo Hills,1.0,293.0,West Garo Hills,Meghalaya,293.0,VERIFIED_NAME_STATE,NAME_STATE_CANDIDATE_WITH_HISTORICAL_LIMITATION,HISTORICAL_REVIEW_REQUIRED,exact_name_state_boundary_candidate,HIGH_FOR_CURRENT_NAME_STATE_LINK; HISTORICAL_LIMITATION,"Exact LGD name, observed state context, and Census boundary candidate agree; code equivalence is not assumed. Existing comparison note: Exact LGD district name; observed IFI state context is retained separately because the IFI field can be multi-value and historical equivalence is unresolved. Observed IFI state context includes LGD state name. LGD/Census candidate by name; codes are not assumed equivalent."
West Godavari,Andhra Pradesh; Madhya Pradesh,28.0,Andhra Pradesh,523.0,West Godavari,15.0,546.0,West Godavari,Andhra Pradesh,546.0,VERIFIED_NAME_STATE,NAME_STATE_CANDIDATE_WITH_HISTORICAL_LIMITATION,HISTORICAL_REVIEW_REQUIRED,exact_name_state_boundary_candidate,HIGH_FOR_CURRENT_NAME_STATE_LINK; HISTORICAL_LIMITATION,"Exact LGD name, observed state context, and Census boundary candidate agree; code equivalence is not assumed. Existing comparison note: Exact LGD district name; observed IFI state context is retained separately because the IFI field can be multi-value and historical equivalence is unresolved. Observed IFI state context includes LGD state name. LGD/Census candidate by name; codes are not assumed equivalent."
West Kameng,Arunachal Pradesh; Assam; Jammu and Kashmir; Punjab; Uttar Pradesh,12.0,Arunachal Pradesh,242.0,West Kameng,2.0,246.0,West Kameng,Arunanchal Pradesh,246.0,VERIFIED_NAME_STATE,NAME_STATE_CANDIDATE_WITH_HISTORICAL_LIMITATION,HISTORICAL_REVIEW_REQUIRED,exact_name_state_boundary_candidate,HIGH_FOR_CURRENT_NAME_STATE_LINK; HISTORICAL_LIMITATION,"Exact LGD name, observed state context, and Census boundary candidate agree; code equivalence is not assumed. Existing comparison note: Exact LGD district name; observed IFI state context is retained separately because the IFI field can be multi-value and historical equivalence is unresolved. Observed IFI state context includes LGD state name. LGD/Census candidate by name; codes are not assumed equivalent."
West Karbi Anglong,Arunachal Pradesh; Assam; Bihar; Jammu and Kashmir; Kerala; Odisha; Punjab; Uttar Pradesh; West Bengal,18.0,Assam,710.0,West Karbi Anglong,0.0,0.0,,,,HISTORICAL_REVIEW,REQUIRES_MANUAL_VERIFICATION,HISTORICAL_REVIEW_REQUIRED,exact_name_without_complete_state_boundary_confirmation,LOW_REQUIRES_HISTORICAL_REVIEW,Identity is plausible by exact LGD name but state or Census-boundary evidence is incomplete or contradictory. Existing comparison note: Exact LGD district name; observed IFI state context is retained separately because the IFI field can be multi-value and historical equivalence is unresolved. Observed IFI state context includes LGD state name. LGD district has no exact Census boundary pair.
West Khasi Hills,Meghalaya,17.0,Meghalaya,279.0,West Khasi Hills,4.0,296.0,West Khasi Hills,Meghalaya,296.0,VERIFIED_NAME_STATE,NAME_STATE_CANDIDATE_WITH_HISTORICAL_LIMITATION,HISTORICAL_REVIEW_REQUIRED,exact_name_state_boundary_candidate,HIGH_FOR_CURRENT_NAME_STATE_LINK; HISTORICAL_LIMITATION,"Exact LGD name, observed state context, and Census boundary candidate agree; code equivalence is not assumed. Existing comparison note: Exact LGD district name; observed IFI state context is retained separately because the IFI field can be multi-value and historical equivalence is unresolved. Observed IFI state context includes LGD state name. LGD/Census candidate by name; codes are not assumed equivalent."
West Madhya Pradesh,Chhattisgarh; Madhya Pradesh,,,,,,,,,,UNMATCHED,UNMATCHED,HISTORICAL_REVIEW_REQUIRED,none,NONE,No defensible LGD/Census candidate in the reviewed comparison. Existing comparison note: No exact or normalized LGD district/state candidate.
West Siang,Arunachal Pradesh; Assam; Jammu and Kashmir; Punjab; Uttar Pradesh,12.0,Arunachal Pradesh,243.0,West Siang,7.0,250.0,West Siang,Arunanchal Pradesh,250.0,VERIFIED_NAME_STATE,NAME_STATE_CANDIDATE_WITH_HISTORICAL_LIMITATION,HISTORICAL_REVIEW_REQUIRED,exact_name_state_boundary_candidate,HIGH_FOR_CURRENT_NAME_STATE_LINK; HISTORICAL_LIMITATION,"Exact LGD name, observed state context, and Census boundary candidate agree; code equivalence is not assumed. Existing comparison note: Exact LGD district name; observed IFI state context is retained separately because the IFI field can be multi-value and historical equivalence is unresolved. Observed IFI state context includes LGD state name. LGD/Census candidate by name; codes are not assumed equivalent."
West Singhbhum,Bihar,20.0,Jharkhand,343.0,West Singhbhum,17.0,368.0,,,,HISTORICAL_REVIEW,REQUIRES_MANUAL_VERIFICATION,HISTORICAL_REVIEW_REQUIRED,exact_name_without_complete_state_boundary_confirmation,LOW_REQUIRES_HISTORICAL_REVIEW,Identity is plausible by exact LGD name but state or Census-boundary evidence is incomplete or contradictory. Existing comparison note: Exact LGD district name; observed IFI state context is retained separately because the IFI field can be multi-value and historical equivalence is unresolved. Observed IFI state context does not uniquely confirm LGD state name; manual review required. LGD district has no exact Census boundary pair.
West Tripura,Tripura,16.0,Tripura,272.0,West Tripura,1.0,289.0,West Tripura,Tripura,289.0,VERIFIED_NAME_STATE,NAME_STATE_CANDIDATE_WITH_HISTORICAL_LIMITATION,HISTORICAL_REVIEW_REQUIRED,exact_name_state_boundary_candidate,HIGH_FOR_CURRENT_NAME_STATE_LINK; HISTORICAL_LIMITATION,"Exact LGD name, observed state context, and Census boundary candidate agree; code equivalence is not assumed. Existing comparison note: Exact LGD district name; observed IFI state context is retained separately because the IFI field can be multi-value and historical equivalence is unresolved. Observed IFI state context includes LGD state name. LGD/Census candidate by name; codes are not assumed equivalent."
Wokha,Nagaland,13.0,Nagaland,250.0,Wokha,5.0,264.0,Wokha,Nagaland,264.0,VERIFIED_NAME_STATE,NAME_STATE_CANDIDATE_WITH_HISTORICAL_LIMITATION,HISTORICAL_REVIEW_REQUIRED,exact_name_state_boundary_candidate,HIGH_FOR_CURRENT_NAME_STATE_LINK; HISTORICAL_LIMITATION,"Exact LGD name, observed state context, and Census boundary candidate agree; code equivalence is not assumed. Existing comparison note: Exact LGD district name; observed IFI state context is retained separately because the IFI field can be multi-value and historical equivalence is unresolved. Observed IFI state context includes LGD state name. LGD/Census candidate by name; codes are not assumed equivalent."
Y.S.R.,Andhra Pradesh; Madhya Pradesh; Telangana,,,,,,,,,,UNMATCHED,UNMATCHED,HISTORICAL_REVIEW_REQUIRED,none,NONE,No defensible LGD/Census candidate in the reviewed comparison. Existing comparison note: No exact or normalized LGD district/state candidate.
Yadadri Bhuvanagiri,Telangana,36.0,Telangana,697.0,Yadadri Bhuvanagiri,0.0,0.0,,,,HISTORICAL_REVIEW,REQUIRES_MANUAL_VERIFICATION,HISTORICAL_REVIEW_REQUIRED,exact_name_without_complete_state_boundary_confirmation,LOW_REQUIRES_HISTORICAL_REVIEW,Identity is plausible by exact LGD name but state or Census-boundary evidence is incomplete or contradictory. Existing comparison note: Exact LGD district name; observed IFI state context is retained separately because the IFI field can be multi-value and historical equivalence is unresolved. Observed IFI state context includes LGD state name. LGD district has no exact Census boundary pair.
Yadadri Yadadri Bhuvanagiri,Telangana,,,,,,,,,,UNMATCHED,UNMATCHED,HISTORICAL_REVIEW_REQUIRED,none,NONE,No defensible LGD/Census candidate in the reviewed comparison. Existing comparison note: No exact or normalized LGD district/state candidate.
Yadadri Yadadri Bhuvanagiri Yadadri Bhuvanagiri,Andhra Pradesh; Maharashtra; Telangana,,,,,,,,,,UNMATCHED,UNMATCHED,HISTORICAL_REVIEW_REQUIRED,none,NONE,No defensible LGD/Census candidate in the reviewed comparison. Existing comparison note: No exact or normalized LGD district/state candidate.
Yadgir,Karnataka; Kerala,29.0,Karnataka,635.0,Yadgir,4.0,580.0,Yadgir,Karnataka,580.0,VERIFIED_NAME_STATE,NAME_STATE_CANDIDATE_WITH_HISTORICAL_LIMITATION,HISTORICAL_REVIEW_REQUIRED,exact_name_state_boundary_candidate,HIGH_FOR_CURRENT_NAME_STATE_LINK; HISTORICAL_LIMITATION,"Exact LGD name, observed state context, and Census boundary candidate agree; code equivalence is not assumed. Existing comparison note: Exact LGD district name; observed IFI state context is retained separately because the IFI field can be multi-value and historical equivalence is unresolved. Observed IFI state context includes LGD state name. LGD/Census candidate by name; codes are not assumed equivalent."
Yamunanagar,Bihar; Haryana; Kerala; Madhya Pradesh; Odisha; Punjab; Rajasthan; Uttar Pradesh; West Bengal,6.0,Haryana,76.0,Yamunanagar,3.0,71.0,Yamunanagar,Haryana,71.0,VERIFIED_NAME_STATE,NAME_STATE_CANDIDATE_WITH_HISTORICAL_LIMITATION,HISTORICAL_REVIEW_REQUIRED,exact_name_state_boundary_candidate,HIGH_FOR_CURRENT_NAME_STATE_LINK; HISTORICAL_LIMITATION,"Exact LGD name, observed state context, and Census boundary candidate agree; code equivalence is not assumed. Existing comparison note: Exact LGD district name; observed IFI state context is retained separately because the IFI field can be multi-value and historical equivalence is unresolved. Observed IFI state context includes LGD state name. LGD/Census candidate by name; codes are not assumed equivalent."
Yanam,Puducherry,,,,,,,,,,UNMATCHED,UNMATCHED,HISTORICAL_REVIEW_REQUIRED,none,NONE,No defensible LGD/Census candidate in the reviewed comparison. Existing comparison note: No exact or normalized LGD district/state candidate.
Yavatmal,Bihar; Gujarat; Madhya Pradesh; Maharashtra; Rajasthan; Telangana; Uttar Pradesh,27.0,Maharashtra,500.0,Yavatmal,14.0,510.0,Yavatmal,Maharashtra,510.0,VERIFIED_NAME_STATE,NAME_STATE_CANDIDATE_WITH_HISTORICAL_LIMITATION,HISTORICAL_REVIEW_REQUIRED,exact_name_state_boundary_candidate,HIGH_FOR_CURRENT_NAME_STATE_LINK; HISTORICAL_LIMITATION,"Exact LGD name, observed state context, and Census boundary candidate agree; code equivalence is not assumed. Existing comparison note: Exact LGD district name; observed IFI state context is retained separately because the IFI field can be multi-value and historical equivalence is unresolved. Observed IFI state context includes LGD state name. LGD/Census candidate by name; codes are not assumed equivalent."
Zunheboto,Nagaland,13.0,Nagaland,251.0,Zunheboto,4.0,263.0,Zunheboto,Nagaland,263.0,VERIFIED_NAME_STATE,NAME_STATE_CANDIDATE_WITH_HISTORICAL_LIMITATION,HISTORICAL_REVIEW_REQUIRED,exact_name_state_boundary_candidate,HIGH_FOR_CURRENT_NAME_STATE_LINK; HISTORICAL_LIMITATION,"Exact LGD name, observed state context, and Census boundary candidate agree; code equivalence is not assumed. Existing comparison note: Exact LGD district name; observed IFI state context is retained separately because the IFI field can be multi-value and historical equivalence is unresolved. Observed IFI state context includes LGD state name. LGD/Census candidate by name; codes are not assumed equivalent."
adjoining areas,Himachal Pradesh,,,,,,,,,,UNMATCHED,UNMATCHED,HISTORICAL_REVIEW_REQUIRED,none,NONE,No defensible LGD/Census candidate in the reviewed comparison. Existing comparison note: No exact or normalized LGD district/state candidate.
coastal districts of Andhra Pradesh,Andhra Pradesh,,,,,,,,,,UNMATCHED,UNMATCHED,HISTORICAL_REVIEW_REQUIRED,none,NONE,No defensible LGD/Census candidate in the reviewed comparison. Existing comparison note: No exact or normalized LGD district/state candidate.
howrah,West Bengal,19.0,West Bengal,313.0,Howrah,16.0,341.0,,,,NORMALIZED_REVIEW,REQUIRES_MANUAL_VERIFICATION,HISTORICAL_REVIEW_REQUIRED,normalized_district_name,MEDIUM_REQUIRES_MANUAL_VERIFICATION,Normalization was required; no silent rename or fuzzy match was applied. Existing comparison note: Transparent normalization only; state and historical identity require manual review. Observed IFI state context includes LGD state name. LGD district has no exact Census boundary pair.
nalgonda,Andhra Pradesh,36.0,Telangana,514.0,Nalgonda,8.0,539.0,Nalgonda,Andhra Pradesh,539.0,NORMALIZED_REVIEW,REQUIRES_MANUAL_VERIFICATION,HISTORICAL_REVIEW_REQUIRED,normalized_district_name,MEDIUM_REQUIRES_MANUAL_VERIFICATION,Normalization was required; no silent rename or fuzzy match was applied. Existing comparison note: Transparent normalization only; state and historical identity require manual review. Observed IFI state context does not uniquely confirm LGD state name; manual review required. LGD/Census candidate by name; codes are not assumed equivalent.
neighborhood,Chhattisgarh,,,,,,,,,,UNMATCHED,UNMATCHED,HISTORICAL_REVIEW_REQUIRED,none,NONE,No defensible LGD/Census candidate in the reviewed comparison. Existing comparison note: No exact or normalized LGD district/state candidate.
neighbourhood,West Bengal,,,,,,,,,,UNMATCHED,UNMATCHED,HISTORICAL_REVIEW_REQUIRED,none,NONE,No defensible LGD/Census candidate in the reviewed comparison. Existing comparison note: No exact or normalized LGD district/state candidate.
several other district (Andhra Pradesh),Andhra Pradesh,,,,,,,,,,UNMATCHED,UNMATCHED,HISTORICAL_REVIEW_REQUIRED,none,NONE,No defensible LGD/Census candidate in the reviewed comparison. Existing comparison note: No exact or normalized LGD district/state candidate.
