ifi_district_name,ifi_state_name,census_boundary_district,census_boundary_state,censuscode,match_group,match_method,verification_status,historical_boundary_status,notes_reason
& Parts of Himachal Pradesh,Himachal Pradesh,,,,unmatched,none,UNMATCHED,HISTORICAL_BOUNDARY_REVIEW_REQUIRED,No exact or transparent normalized Census boundary name match.
& Parts of Uttar Pradesh,Uttar Pradesh,,,,unmatched,none,UNMATCHED,HISTORICAL_BOUNDARY_REVIEW_REQUIRED,No exact or transparent normalized Census boundary name match.
& various parts of Nagaland,Nagaland,,,,unmatched,none,UNMATCHED,HISTORICAL_BOUNDARY_REVIEW_REQUIRED,No exact or transparent normalized Census boundary name match.
11 districts,Odisha,,,,unmatched,none,UNMATCHED,HISTORICAL_BOUNDARY_REVIEW_REQUIRED,No exact or transparent normalized Census boundary name match.
14 districts,Odisha,,,,unmatched,none,UNMATCHED,HISTORICAL_BOUNDARY_REVIEW_REQUIRED,No exact or transparent normalized Census boundary name match.
14 districts of Assam,Assam,,,,unmatched,none,UNMATCHED,HISTORICAL_BOUNDARY_REVIEW_REQUIRED,No exact or transparent normalized Census boundary name match.
19 districts of Orissa,Odisha,,,,unmatched,none,UNMATCHED,HISTORICAL_BOUNDARY_REVIEW_REQUIRED,No exact or transparent normalized Census boundary name match.
21 districts of Assam,Assam,,,,unmatched,none,UNMATCHED,HISTORICAL_BOUNDARY_REVIEW_REQUIRED,No exact or transparent normalized Census boundary name match.
26 districts of Rajasthan,Rajasthan,,,,unmatched,none,UNMATCHED,HISTORICAL_BOUNDARY_REVIEW_REQUIRED,No exact or transparent normalized Census boundary name match.
29 districts affected,Uttar Pradesh,,,,unmatched,none,UNMATCHED,HISTORICAL_BOUNDARY_REVIEW_REQUIRED,No exact or transparent normalized Census boundary name match.
3 out of 8 districts,Manipur,,,,unmatched,none,UNMATCHED,HISTORICAL_BOUNDARY_REVIEW_REQUIRED,No exact or transparent normalized Census boundary name match.
6 districts,Arunachal Pradesh,,,,unmatched,none,UNMATCHED,HISTORICAL_BOUNDARY_REVIEW_REQUIRED,No exact or transparent normalized Census boundary name match.
Adilabad,Andhra Pradesh; Maharashtra; Telangana,Adilabad,Andhra Pradesh,532,exact_name_candidate,exact_name,REQUIRES_MANUAL_VERIFICATION,HISTORICAL_BOUNDARY_REVIEW_REQUIRED,Exact spelling match; state context and historical boundary equivalence are not established.
Agar-Malwa,Andhra Pradesh; Bihar; Chhattisgarh; Gujarat; Haryana; Madhya Pradesh; Maharashtra; Odisha; Punjab; Rajasthan; Uttar Pradesh; West Bengal,,,,unmatched,none,UNMATCHED,HISTORICAL_BOUNDARY_REVIEW_REQUIRED,No exact or transparent normalized Census boundary name match.
Agra,Arunachal Pradesh; Assam; Bihar; East Rajasthan; Gujarat; Haryana; Himachal Pradesh; Jammu and Kashmir; Kerala; Madhya Pradesh; Maharashtra; Odisha; Punjab; Rajasthan; Uttar Pradesh; Uttar pradesh; Uttarakhand; West Bengal,Agra,Uttar Pradesh,146,exact_name_candidate,exact_name,REQUIRES_MANUAL_VERIFICATION,HISTORICAL_BOUNDARY_REVIEW_REQUIRED,Exact spelling match; state context and historical boundary equivalence are not established.
Ahmedabad,Bihar; Gujarat; Madhya Pradesh; Maharashtra; Rajasthan; Uttar Pradesh,,,,unmatched,none,UNMATCHED,HISTORICAL_BOUNDARY_REVIEW_REQUIRED,No exact or transparent normalized Census boundary name match.
Ahmednagar,Bihar; Gujarat; Madhya Pradesh; Maharashtra; Rajasthan; Telangana; Uttar Pradesh,,,,unmatched,none,UNMATCHED,HISTORICAL_BOUNDARY_REVIEW_REQUIRED,No exact or transparent normalized Census boundary name match.
Aizawl,Mizoram,Aizawl,Mizoram,283,exact_name_candidate,exact_name,REQUIRES_MANUAL_VERIFICATION,HISTORICAL_BOUNDARY_REVIEW_REQUIRED,Exact spelling match; state context and historical boundary equivalence are not established.
Ajmer,Bihar; Gujarat; Haryana; Kerala; Madhya Pradesh; Maharashtra; Odisha; Punjab; Rajasthan; Uttar Pradesh,Ajmer,Rajasthan,119,exact_name_candidate,exact_name,REQUIRES_MANUAL_VERIFICATION,HISTORICAL_BOUNDARY_REVIEW_REQUIRED,Exact spelling match; state context and historical boundary equivalence are not established.
Akharpur,Uttar Pradesh,,,,unmatched,none,UNMATCHED,HISTORICAL_BOUNDARY_REVIEW_REQUIRED,No exact or transparent normalized Census boundary name match.
Akola,Bihar; Gujarat; Madhya Pradesh; Maharashtra; Rajasthan; Telangana; Uttar Pradesh,Akola,Maharashtra,501,exact_name_candidate,exact_name,REQUIRES_MANUAL_VERIFICATION,HISTORICAL_BOUNDARY_REVIEW_REQUIRED,Exact spelling match; state context and historical boundary equivalence are not established.
Alappuzha,Bihar; Haryana; Karnataka; Kerala; Rajasthan; Uttar Pradesh,Alappuzha,Kerala,598,exact_name_candidate,exact_name,REQUIRES_MANUAL_VERIFICATION,HISTORICAL_BOUNDARY_REVIEW_REQUIRED,Exact spelling match; state context and historical boundary equivalence are not established.
Aligarh,Arunachal Pradesh; Assam; Bihar; East Rajasthan; Gujarat; Haryana; Himachal Pradesh; Jammu and Kashmir; Kerala; Madhya Pradesh; Maharashtra; Odisha; Punjab; Rajasthan; Uttar Pradesh; Uttar pradesh; Uttarakhand; West Bengal,Aligarh,Uttar Pradesh,143,exact_name_candidate,exact_name,REQUIRES_MANUAL_VERIFICATION,HISTORICAL_BOUNDARY_REVIEW_REQUIRED,Exact spelling match; state context and historical boundary equivalence are not established.
Alirajpur,Andhra Pradesh; Bihar; Chhattisgarh; Gujarat; Haryana; Madhya Pradesh; Maharashtra; Odisha; Punjab; Rajasthan; Uttar Pradesh; West Bengal,Alirajpur,Madhya Pradesh,465,exact_name_candidate,exact_name,REQUIRES_MANUAL_VERIFICATION,HISTORICAL_BOUNDARY_REVIEW_REQUIRED,Exact spelling match; state context and historical boundary equivalence are not established.
Almora,Uttar Pradesh; Uttarakhand,Almora,Uttarakhand,64,exact_name_candidate,exact_name,REQUIRES_MANUAL_VERIFICATION,HISTORICAL_BOUNDARY_REVIEW_REQUIRED,Exact spelling match; state context and historical boundary equivalence are not established.
Alwar,Bihar; Gujarat; Haryana; Kerala; Madhya Pradesh; Maharashtra; Odisha; Punjab; Rajasthan; Uttar Pradesh,Alwar,Rajasthan,104,exact_name_candidate,exact_name,REQUIRES_MANUAL_VERIFICATION,HISTORICAL_BOUNDARY_REVIEW_REQUIRED,Exact spelling match; state context and historical boundary equivalence are not established.
Ambala,Bihar; Haryana; Himachal Pradesh; Kerala; Madhya Pradesh; Odisha; Punjab; Rajasthan; Uttar Pradesh; West Bengal,Ambala,Haryana,70,exact_name_candidate,exact_name,REQUIRES_MANUAL_VERIFICATION,HISTORICAL_BOUNDARY_REVIEW_REQUIRED,Exact spelling match; state context and historical boundary equivalence are not established.
Ambedkar Nagar,Arunachal Pradesh; Assam; Bihar; East Rajasthan; Gujarat; Haryana; Himachal Pradesh; Jammu and Kashmir; Kerala; Madhya Pradesh; Maharashtra; Odisha; Punjab; Rajasthan; Uttar Pradesh; Uttar pradesh; West Bengal,Ambedkar Nagar,Uttar Pradesh,178,exact_name_candidate,exact_name,REQUIRES_MANUAL_VERIFICATION,HISTORICAL_BOUNDARY_REVIEW_REQUIRED,Exact spelling match; state context and historical boundary equivalence are not established.
Amethi,Arunachal Pradesh; Assam; Bihar; East Rajasthan; Gujarat; Haryana; Himachal Pradesh; Jammu and Kashmir; Kerala; Madhya Pradesh; Maharashtra; Odisha; Punjab; Rajasthan; Uttar Pradesh; Uttar pradesh; West Bengal,,,,unmatched,none,UNMATCHED,HISTORICAL_BOUNDARY_REVIEW_REQUIRED,No exact or transparent normalized Census boundary name match.
Amravati,Bihar; Gujarat; Madhya Pradesh; Maharashtra; Rajasthan; Telangana; Uttar Pradesh,Amravati,Maharashtra,503,exact_name_candidate,exact_name,REQUIRES_MANUAL_VERIFICATION,HISTORICAL_BOUNDARY_REVIEW_REQUIRED,Exact spelling match; state context and historical boundary equivalence are not established.
Amreli,Bihar; Gujarat; Madhya Pradesh; Maharashtra; Rajasthan; Uttar Pradesh,Amreli,Gujarat,480,exact_name_candidate,exact_name,REQUIRES_MANUAL_VERIFICATION,HISTORICAL_BOUNDARY_REVIEW_REQUIRED,Exact spelling match; state context and historical boundary equivalence are not established.
Amritsar,Arunachal Pradesh; Assam; Delhi; Haryana; Jammu and Kashmir; Madhya Pradesh; Punjab; Rajasthan; Uttar Pradesh; West Bengal,Amritsar,Punjab,49,exact_name_candidate,exact_name,REQUIRES_MANUAL_VERIFICATION,HISTORICAL_BOUNDARY_REVIEW_REQUIRED,Exact spelling match; state context and historical boundary equivalence are not established.
Amroha,Arunachal Pradesh; Assam; Bihar; East Rajasthan; Gujarat; Haryana; Himachal Pradesh; Jammu and Kashmir; Kerala; Madhya Pradesh; Maharashtra; Odisha; Punjab; Rajasthan; Uttar Pradesh; Uttar pradesh; Uttarakhand; West Bengal,,,,unmatched,none,UNMATCHED,HISTORICAL_BOUNDARY_REVIEW_REQUIRED,No exact or transparent normalized Census boundary name match.
Anand,Bihar; Gujarat; Madhya Pradesh; Maharashtra; Rajasthan; Uttar Pradesh,Anand,Gujarat,482,exact_name_candidate,exact_name,REQUIRES_MANUAL_VERIFICATION,HISTORICAL_BOUNDARY_REVIEW_REQUIRED,Exact spelling match; state context and historical boundary equivalence are not established.
Ananthapuramu,Andhra Pradesh,,,,unmatched,none,UNMATCHED,HISTORICAL_BOUNDARY_REVIEW_REQUIRED,No exact or transparent normalized Census boundary name match.
Ananthapuramuamu,Andhra Pradesh; Madhya Pradesh; Punjab,,,,unmatched,none,UNMATCHED,HISTORICAL_BOUNDARY_REVIEW_REQUIRED,No exact or transparent normalized Census boundary name match.
Anantnag,Arunachal Pradesh; Assam; Delhi; Jammu & Kashmir; Jammu and Kashmir; Punjab; Uttar Pradesh,Anantnag,Jammu & Kashmir,14,exact_name_candidate,exact_name,REQUIRES_MANUAL_VERIFICATION,HISTORICAL_BOUNDARY_REVIEW_REQUIRED,Exact spelling match; state context and historical boundary equivalence are not established.
Anjaw,Arunachal Pradesh; Assam; Jammu and Kashmir; Punjab; Uttar Pradesh,Anjaw,Arunanchal Pradesh,260,exact_name_candidate,exact_name,REQUIRES_MANUAL_VERIFICATION,HISTORICAL_BOUNDARY_REVIEW_REQUIRED,Exact spelling match; state context and historical boundary equivalence are not established.
Anugul,Andhra Pradesh; Assam; Bihar; Haryana; Madhya Pradesh; Odisha; Rajasthan; Uttar Pradesh; West Bengal,Anugul,Odisha,384,exact_name_candidate,exact_name,REQUIRES_MANUAL_VERIFICATION,HISTORICAL_BOUNDARY_REVIEW_REQUIRED,Exact spelling match; state context and historical boundary equivalence are not established.
Anuppur,Andhra Pradesh; Bihar; Gujarat; Haryana; Madhya Pradesh; Maharashtra; Odisha; Punjab; Rajasthan; Uttar Pradesh; West Bengal,Anuppur,Madhya Pradesh,461,exact_name_candidate,exact_name,REQUIRES_MANUAL_VERIFICATION,HISTORICAL_BOUNDARY_REVIEW_REQUIRED,Exact spelling match; state context and historical boundary equivalence are not established.
Araria,Andhra Pradesh; Assam; Bihar; Gujarat; Haryana; Himachal Pradesh; Jharkhand; Kerala; Madhya Pradesh; Maharashtra; Odisha; Rajasthan; Uttar Pradesh; Uttar pradesh; West Bengal,Araria,Bihar,209,exact_name_candidate,exact_name,REQUIRES_MANUAL_VERIFICATION,HISTORICAL_BOUNDARY_REVIEW_REQUIRED,Exact spelling match; state context and historical boundary equivalence are not established.
Ariyalur,Tamil Nadu,Ariyalur,Tamil Nadu,616,exact_name_candidate,exact_name,REQUIRES_MANUAL_VERIFICATION,HISTORICAL_BOUNDARY_REVIEW_REQUIRED,Exact spelling match; state context and historical boundary equivalence are not established.
Arvalli,Bihar; Gujarat; Madhya Pradesh; Maharashtra; Rajasthan; Uttar Pradesh,,,,unmatched,none,UNMATCHED,HISTORICAL_BOUNDARY_REVIEW_REQUIRED,No exact or transparent normalized Census boundary name match.
Arwal,Andhra Pradesh; Assam; Bihar; Gujarat; Haryana; Himachal Pradesh; Kerala; Madhya Pradesh; Maharashtra; Odisha; Rajasthan; Uttar Pradesh; Uttar pradesh; West Bengal,Arwal,Bihar,240,exact_name_candidate,exact_name,REQUIRES_MANUAL_VERIFICATION,HISTORICAL_BOUNDARY_REVIEW_REQUIRED,Exact spelling match; state context and historical boundary equivalence are not established.
Ashoknagar,Andhra Pradesh; Bihar; Gujarat; Haryana; Madhya Pradesh; Maharashtra; Odisha; Punjab; Rajasthan; Uttar Pradesh; West Bengal,Ashoknagar,Madhya Pradesh,459,exact_name_candidate,exact_name,REQUIRES_MANUAL_VERIFICATION,HISTORICAL_BOUNDARY_REVIEW_REQUIRED,Exact spelling match; state context and historical boundary equivalence are not established.
Auraiya,Arunachal Pradesh; Assam; Bihar; East Rajasthan; Gujarat; Haryana; Himachal Pradesh; Jammu and Kashmir; Kerala; Madhya Pradesh; Maharashtra; Odisha; Punjab; Rajasthan; Uttar Pradesh; Uttar pradesh; Uttarakhand; West Bengal,Auraiya,Uttar Pradesh,162,exact_name_candidate,exact_name,REQUIRES_MANUAL_VERIFICATION,HISTORICAL_BOUNDARY_REVIEW_REQUIRED,Exact spelling match; state context and historical boundary equivalence are not established.
Aurangabad,Andhra Pradesh; Assam; Bihar; Gujarat; Haryana; Himachal Pradesh; Kerala; Madhya Pradesh; Maharashtra; Odisha; Rajasthan; Telangana; Uttar Pradesh; Uttar pradesh; West Bengal,Aurangabad,Bihar,235,exact_name_candidate,exact_name,REQUIRES_MANUAL_VERIFICATION,HISTORICAL_BOUNDARY_REVIEW_REQUIRED,Exact spelling match; state context and historical boundary equivalence are not established.
Aurangabad,Andhra Pradesh; Assam; Bihar; Gujarat; Haryana; Himachal Pradesh; Kerala; Madhya Pradesh; Maharashtra; Odisha; Rajasthan; Telangana; Uttar Pradesh; Uttar pradesh; West Bengal,Aurangabad,Maharashtra,515,exact_name_candidate,exact_name,REQUIRES_MANUAL_VERIFICATION,HISTORICAL_BOUNDARY_REVIEW_REQUIRED,Exact spelling match; state context and historical boundary equivalence are not established.
Ayodhya,Arunachal Pradesh; Assam; Bihar; East Rajasthan; Gujarat; Haryana; Himachal Pradesh; Jammu and Kashmir; Kerala; Madhya Pradesh; Maharashtra; Odisha; Punjab; Rajasthan; Uttar Pradesh; Uttar pradesh; Uttarakhand; West Bengal,,,,unmatched,none,UNMATCHED,HISTORICAL_BOUNDARY_REVIEW_REQUIRED,No exact or transparent normalized Census boundary name match.
Azamgarh,Arunachal Pradesh; Assam; Bihar; East Rajasthan; Gujarat; Haryana; Himachal Pradesh; Jammu and Kashmir; Kerala; Madhya Pradesh; Maharashtra; Odisha; Punjab; Rajasthan; Uttar Pradesh; Uttar pradesh; Uttarakhand; West Bengal,Azamgarh,Uttar Pradesh,191,exact_name_candidate,exact_name,REQUIRES_MANUAL_VERIFICATION,HISTORICAL_BOUNDARY_REVIEW_REQUIRED,Exact spelling match; state context and historical boundary equivalence are not established.
Bagalkote,Karnataka,,,,unmatched,none,UNMATCHED,HISTORICAL_BOUNDARY_REVIEW_REQUIRED,No exact or transparent normalized Census boundary name match.
Bagalkotee,Karnataka; Kerala,,,,unmatched,none,UNMATCHED,HISTORICAL_BOUNDARY_REVIEW_REQUIRED,No exact or transparent normalized Census boundary name match.
Bagalkotee Ballari,Karnataka,,,,unmatched,none,UNMATCHED,HISTORICAL_BOUNDARY_REVIEW_REQUIRED,No exact or transparent normalized Census boundary name match.
Bagalkotee Belagavi,Karnataka,,,,unmatched,none,UNMATCHED,HISTORICAL_BOUNDARY_REVIEW_REQUIRED,No exact or transparent normalized Census boundary name match.
Bagalkotee Bengaluru Urban,Karnataka,,,,unmatched,none,UNMATCHED,HISTORICAL_BOUNDARY_REVIEW_REQUIRED,No exact or transparent normalized Census boundary name match.
Bagalkotee Udupi,Karnataka,,,,unmatched,none,UNMATCHED,HISTORICAL_BOUNDARY_REVIEW_REQUIRED,No exact or transparent normalized Census boundary name match.
BagalkoteeBijapur,Karnataka,,,,unmatched,none,UNMATCHED,HISTORICAL_BOUNDARY_REVIEW_REQUIRED,No exact or transparent normalized Census boundary name match.
Bageshwar,Uttar Pradesh; Uttarakhand,Bageshwar,Uttarakhand,63,exact_name_candidate,exact_name,REQUIRES_MANUAL_VERIFICATION,HISTORICAL_BOUNDARY_REVIEW_REQUIRED,Exact spelling match; state context and historical boundary equivalence are not established.
Baghpat,Arunachal Pradesh; Assam; Bihar; East Rajasthan; Gujarat; Haryana; Himachal Pradesh; Jammu and Kashmir; Kerala; Madhya Pradesh; Maharashtra; Odisha; Punjab; Rajasthan; Uttar Pradesh; Uttar pradesh; Uttarakhand; West Bengal,Baghpat,Uttar Pradesh,139,exact_name_candidate,exact_name,REQUIRES_MANUAL_VERIFICATION,HISTORICAL_BOUNDARY_REVIEW_REQUIRED,Exact spelling match; state context and historical boundary equivalence are not established.
Bahraich,Arunachal Pradesh; Assam; Bihar; East Rajasthan; Gujarat; Haryana; Himachal Pradesh; Jammu and Kashmir; Kerala; Madhya Pradesh; Maharashtra; Odisha; Punjab; Rajasthan; Uttar Pradesh; Uttar pradesh; Uttarakhand; West Bengal,Bahraich,Uttar Pradesh,180,exact_name_candidate,exact_name,REQUIRES_MANUAL_VERIFICATION,HISTORICAL_BOUNDARY_REVIEW_REQUIRED,Exact spelling match; state context and historical boundary equivalence are not established.
Baksa,Arunachal Pradesh; Assam; Bihar; Jammu and Kashmir; Kerala; Odisha; Punjab; Uttar Pradesh; West Bengal,Baksa,Assam,324,exact_name_candidate,exact_name,REQUIRES_MANUAL_VERIFICATION,HISTORICAL_BOUNDARY_REVIEW_REQUIRED,Exact spelling match; state context and historical boundary equivalence are not established.
Balaghat,Andhra Pradesh; Bihar; Chhattisgarh; Gujarat; Haryana; Madhya Pradesh; Maharashtra; Odisha; Punjab; Rajasthan; Uttar Pradesh; West Bengal,Balaghat,Madhya Pradesh,457,exact_name_candidate,exact_name,REQUIRES_MANUAL_VERIFICATION,HISTORICAL_BOUNDARY_REVIEW_REQUIRED,Exact spelling match; state context and historical boundary equivalence are not established.
Balangir,Andhra Pradesh; Assam; Bihar; Haryana; Madhya Pradesh; Odisha; Rajasthan; Uttar Pradesh; West Bengal,Balangir,Odisha,393,exact_name_candidate,exact_name,REQUIRES_MANUAL_VERIFICATION,HISTORICAL_BOUNDARY_REVIEW_REQUIRED,Exact spelling match; state context and historical boundary equivalence are not established.
Baleshwar,Andhra Pradesh; Assam; Bihar; Haryana; Madhya Pradesh; Odisha; Rajasthan; Uttar Pradesh; West Bengal,Baleshwar,Odisha,377,exact_name_candidate,exact_name,REQUIRES_MANUAL_VERIFICATION,HISTORICAL_BOUNDARY_REVIEW_REQUIRED,Exact spelling match; state context and historical boundary equivalence are not established.
Ballari,Karnataka; Kerala,,,,unmatched,none,UNMATCHED,HISTORICAL_BOUNDARY_REVIEW_REQUIRED,No exact or transparent normalized Census boundary name match.
Ballia,Arunachal Pradesh; Assam; Bihar; East Rajasthan; Gujarat; Haryana; Himachal Pradesh; Jammu and Kashmir; Kerala; Madhya Pradesh; Maharashtra; Odisha; Punjab; Rajasthan; Uttar Pradesh; Uttar pradesh; Uttarakhand; West Bengal,Ballia,Uttar Pradesh,193,exact_name_candidate,exact_name,REQUIRES_MANUAL_VERIFICATION,HISTORICAL_BOUNDARY_REVIEW_REQUIRED,Exact spelling match; state context and historical boundary equivalence are not established.
Balod,Chhattisgarh,,,,unmatched,none,UNMATCHED,HISTORICAL_BOUNDARY_REVIEW_REQUIRED,No exact or transparent normalized Census boundary name match.
Balodabazar-Bhatapara,Chhattisgarh,,,,unmatched,none,UNMATCHED,HISTORICAL_BOUNDARY_REVIEW_REQUIRED,No exact or transparent normalized Census boundary name match.
Balrampur,Arunachal Pradesh; Assam; Bihar; Chhattisgarh; East Rajasthan; Gujarat; Haryana; Himachal Pradesh; Jammu and Kashmir; Kerala; Madhya Pradesh; Maharashtra; Odisha; Punjab; Rajasthan; Uttar Pradesh; Uttar pradesh; West Bengal,Balrampur,Uttar Pradesh,182,exact_name_candidate,exact_name,REQUIRES_MANUAL_VERIFICATION,HISTORICAL_BOUNDARY_REVIEW_REQUIRED,Exact spelling match; state context and historical boundary equivalence are not established.
Banas Kantha,Bihar; Gujarat; Madhya Pradesh; Maharashtra; Rajasthan; Uttar Pradesh,Banas Kantha,Gujarat,469,exact_name_candidate,exact_name,REQUIRES_MANUAL_VERIFICATION,HISTORICAL_BOUNDARY_REVIEW_REQUIRED,Exact spelling match; state context and historical boundary equivalence are not established.
Banda,Arunachal Pradesh; Assam; Bihar; East Rajasthan; Gujarat; Haryana; Himachal Pradesh; Jammu and Kashmir; Kerala; Madhya Pradesh; Maharashtra; Odisha; Punjab; Rajasthan; Uttar Pradesh; Uttar pradesh; Uttarakhand; West Bengal,Banda,Uttar Pradesh,170,exact_name_candidate,exact_name,REQUIRES_MANUAL_VERIFICATION,HISTORICAL_BOUNDARY_REVIEW_REQUIRED,Exact spelling match; state context and historical boundary equivalence are not established.
Bandipora,Arunachal Pradesh; Assam; Delhi; Jammu & Kashmir; Jammu and Kashmir; Punjab; Uttar Pradesh,,,,unmatched,none,UNMATCHED,HISTORICAL_BOUNDARY_REVIEW_REQUIRED,No exact or transparent normalized Census boundary name match.
Banka,Andhra Pradesh; Assam; Bihar; Gujarat; Haryana; Himachal Pradesh; Kerala; Madhya Pradesh; Maharashtra; Odisha; Rajasthan; Uttar Pradesh; Uttar pradesh; West Bengal,Banka,Bihar,225,exact_name_candidate,exact_name,REQUIRES_MANUAL_VERIFICATION,HISTORICAL_BOUNDARY_REVIEW_REQUIRED,Exact spelling match; state context and historical boundary equivalence are not established.
Bankura,Andhra Pradesh; Assam; Bihar; Haryana; Himachal Pradesh; Kerala; Madhya Pradesh; Odisha; Punjab; Uttar Pradesh; Uttar pradesh; West Bengal,Bankura,West Bengal,339,exact_name_candidate,exact_name,REQUIRES_MANUAL_VERIFICATION,HISTORICAL_BOUNDARY_REVIEW_REQUIRED,Exact spelling match; state context and historical boundary equivalence are not established.
Banswara,Bihar; Gujarat; Haryana; Kerala; Madhya Pradesh; Maharashtra; Odisha; Punjab; Rajasthan; Uttar Pradesh,Banswara,Rajasthan,125,exact_name_candidate,exact_name,REQUIRES_MANUAL_VERIFICATION,HISTORICAL_BOUNDARY_REVIEW_REQUIRED,Exact spelling match; state context and historical boundary equivalence are not established.
Bara Banki,Arunachal Pradesh; Assam; Bihar; East Rajasthan; Gujarat; Haryana; Himachal Pradesh; Jammu and Kashmir; Kerala; Madhya Pradesh; Maharashtra; Odisha; Punjab; Rajasthan; Uttar Pradesh; Uttar pradesh; Uttarakhand; West Bengal,Bara Banki,Uttar Pradesh,176,exact_name_candidate,exact_name,REQUIRES_MANUAL_VERIFICATION,HISTORICAL_BOUNDARY_REVIEW_REQUIRED,Exact spelling match; state context and historical boundary equivalence are not established.
Baramulla,Arunachal Pradesh; Assam; Delhi; Jammu & Kashmir; Jammu and Kashmir; Punjab; Uttar Pradesh,,,,unmatched,none,UNMATCHED,HISTORICAL_BOUNDARY_REVIEW_REQUIRED,No exact or transparent normalized Census boundary name match.
Baran,Bihar; Gujarat; Haryana; Kerala; Madhya Pradesh; Maharashtra; Odisha; Punjab; Rajasthan; Uttar Pradesh,Baran,Rajasthan,128,exact_name_candidate,exact_name,REQUIRES_MANUAL_VERIFICATION,HISTORICAL_BOUNDARY_REVIEW_REQUIRED,Exact spelling match; state context and historical boundary equivalence are not established.
Bareilly,Arunachal Pradesh; Assam; Bihar; East Rajasthan; Gujarat; Haryana; Himachal Pradesh; Jammu and Kashmir; Kerala; Madhya Pradesh; Maharashtra; Odisha; Punjab; Rajasthan; Uttar Pradesh; Uttar pradesh; Uttarakhand; West Bengal,Bareilly,Uttar Pradesh,150,exact_name_candidate,exact_name,REQUIRES_MANUAL_VERIFICATION,HISTORICAL_BOUNDARY_REVIEW_REQUIRED,Exact spelling match; state context and historical boundary equivalence are not established.
Bargarh,Andhra Pradesh; Assam; Bihar; Haryana; Madhya Pradesh; Odisha; Rajasthan; Uttar Pradesh; West Bengal,Bargarh,Odisha,370,exact_name_candidate,exact_name,REQUIRES_MANUAL_VERIFICATION,HISTORICAL_BOUNDARY_REVIEW_REQUIRED,Exact spelling match; state context and historical boundary equivalence are not established.
Barmer,Bihar; Gujarat; Haryana; Kerala; Madhya Pradesh; Maharashtra; Odisha; Punjab; Rajasthan; Uttar Pradesh,Barmer,Rajasthan,115,exact_name_candidate,exact_name,REQUIRES_MANUAL_VERIFICATION,HISTORICAL_BOUNDARY_REVIEW_REQUIRED,Exact spelling match; state context and historical boundary equivalence are not established.
Barnala,Arunachal Pradesh; Assam; Delhi; Haryana; Jammu and Kashmir; Madhya Pradesh; Punjab; Rajasthan; Uttar Pradesh; West Bengal,Barnala,Punjab,54,exact_name_candidate,exact_name,REQUIRES_MANUAL_VERIFICATION,HISTORICAL_BOUNDARY_REVIEW_REQUIRED,Exact spelling match; state context and historical boundary equivalence are not established.
Barpeta,Arunachal Pradesh; Assam; Bihar; Jammu and Kashmir; Kerala; Odisha; Punjab; Uttar Pradesh; West Bengal,Barpeta,Assam,303,exact_name_candidate,exact_name,REQUIRES_MANUAL_VERIFICATION,HISTORICAL_BOUNDARY_REVIEW_REQUIRED,Exact spelling match; state context and historical boundary equivalence are not established.
Barwani,Andhra Pradesh; Bihar; Chhattisgarh; Gujarat; Haryana; Madhya Pradesh; Maharashtra; Odisha; Punjab; Rajasthan; Uttar Pradesh; West Bengal,Barwani,Madhya Pradesh,441,exact_name_candidate,exact_name,REQUIRES_MANUAL_VERIFICATION,HISTORICAL_BOUNDARY_REVIEW_REQUIRED,Exact spelling match; state context and historical boundary equivalence are not established.
Bastar,Chhattisgarh; Madhya Pradesh,Bastar,Chhattisgarh,414,exact_name_candidate,exact_name,REQUIRES_MANUAL_VERIFICATION,HISTORICAL_BOUNDARY_REVIEW_REQUIRED,Exact spelling match; state context and historical boundary equivalence are not established.
Basti,Arunachal Pradesh; Assam; Bihar; East Rajasthan; Gujarat; Haryana; Himachal Pradesh; Jammu and Kashmir; Kerala; Madhya Pradesh; Maharashtra; Odisha; Punjab; Rajasthan; Uttar Pradesh; Uttar pradesh; Uttarakhand; West Bengal,Basti,Uttar Pradesh,185,exact_name_candidate,exact_name,REQUIRES_MANUAL_VERIFICATION,HISTORICAL_BOUNDARY_REVIEW_REQUIRED,Exact spelling match; state context and historical boundary equivalence are not established.
Bathinda,Arunachal Pradesh; Assam; Delhi; Haryana; Jammu and Kashmir; Madhya Pradesh; Punjab; Rajasthan; Uttar Pradesh; West Bengal,Bathinda,Punjab,46,exact_name_candidate,exact_name,REQUIRES_MANUAL_VERIFICATION,HISTORICAL_BOUNDARY_REVIEW_REQUIRED,Exact spelling match; state context and historical boundary equivalence are not established.
Beed,Bihar; Gujarat; Madhya Pradesh; Maharashtra; Rajasthan; Telangana; Uttar Pradesh,,,,unmatched,none,UNMATCHED,HISTORICAL_BOUNDARY_REVIEW_REQUIRED,No exact or transparent normalized Census boundary name match.
Beedar,Karnataka; Kerala,,,,unmatched,none,UNMATCHED,HISTORICAL_BOUNDARY_REVIEW_REQUIRED,No exact or transparent normalized Census boundary name match.
Begusarai,Andhra Pradesh; Assam; Bihar; Gujarat; Haryana; Himachal Pradesh; Jharkhand; Kerala; Madhya Pradesh; Maharashtra; Odisha; Rajasthan; Uttar Pradesh; Uttar pradesh; West Bengal,Begusarai,Bihar,222,exact_name_candidate,exact_name,REQUIRES_MANUAL_VERIFICATION,HISTORICAL_BOUNDARY_REVIEW_REQUIRED,Exact spelling match; state context and historical boundary equivalence are not established.
Belagavi,Karnataka; Kerala,,,,unmatched,none,UNMATCHED,HISTORICAL_BOUNDARY_REVIEW_REQUIRED,No exact or transparent normalized Census boundary name match.
Bemetara,Chhattisgarh,,,,unmatched,none,UNMATCHED,HISTORICAL_BOUNDARY_REVIEW_REQUIRED,No exact or transparent normalized Census boundary name match.
Bengaluru Rural,Karnataka; Kerala,,,,unmatched,none,UNMATCHED,HISTORICAL_BOUNDARY_REVIEW_REQUIRED,No exact or transparent normalized Census boundary name match.
Bengaluru Urban,Karnataka; Kerala,,,,unmatched,none,UNMATCHED,HISTORICAL_BOUNDARY_REVIEW_REQUIRED,No exact or transparent normalized Census boundary name match.
Betul,Andhra Pradesh; Bihar; Chhattisgarh; Gujarat; Haryana; Madhya Pradesh; Maharashtra; Odisha; Punjab; Rajasthan; Uttar Pradesh; West Bengal,Betul,Madhya Pradesh,447,exact_name_candidate,exact_name,REQUIRES_MANUAL_VERIFICATION,HISTORICAL_BOUNDARY_REVIEW_REQUIRED,Exact spelling match; state context and historical boundary equivalence are not established.
Bhadohi,Arunachal Pradesh; Assam; Bihar; East Rajasthan; Gujarat; Haryana; Himachal Pradesh; Jammu and Kashmir; Kerala; Madhya Pradesh; Maharashtra; Odisha; Punjab; Rajasthan; Uttar Pradesh; Uttar pradesh; West Bengal,,,,unmatched,none,UNMATCHED,HISTORICAL_BOUNDARY_REVIEW_REQUIRED,No exact or transparent normalized Census boundary name match.
Bhadradri Bhadradri Kothagudem,Telangana,,,,unmatched,none,UNMATCHED,HISTORICAL_BOUNDARY_REVIEW_REQUIRED,No exact or transparent normalized Census boundary name match.
Bhadradri Bhadradri Kothagudem Bhadradri Kothagudem,Andhra Pradesh; Maharashtra; Telangana,,,,unmatched,none,UNMATCHED,HISTORICAL_BOUNDARY_REVIEW_REQUIRED,No exact or transparent normalized Census boundary name match.
Bhadradri Bhadradri Kothagudem kothagudem,Telangana,,,,unmatched,none,UNMATCHED,HISTORICAL_BOUNDARY_REVIEW_REQUIRED,No exact or transparent normalized Census boundary name match.
Bhadradri Kothagudem,Telangana,,,,unmatched,none,UNMATCHED,HISTORICAL_BOUNDARY_REVIEW_REQUIRED,No exact or transparent normalized Census boundary name match.
Bhadrak,Andhra Pradesh; Assam; Bihar; Haryana; Madhya Pradesh; Odisha; Rajasthan; Uttar Pradesh; West Bengal,Bhadrak,Odisha,378,exact_name_candidate,exact_name,REQUIRES_MANUAL_VERIFICATION,HISTORICAL_BOUNDARY_REVIEW_REQUIRED,Exact spelling match; state context and historical boundary equivalence are not established.
Bhagalpur,Andhra Pradesh; Assam; Bihar; Gujarat; Haryana; Himachal Pradesh; Jharkhand; Kerala; Madhya Pradesh; Maharashtra; Odisha; Rajasthan; Uttar Pradesh; Uttar pradesh; West Bengal,Bhagalpur,Bihar,224,exact_name_candidate,exact_name,REQUIRES_MANUAL_VERIFICATION,HISTORICAL_BOUNDARY_REVIEW_REQUIRED,Exact spelling match; state context and historical boundary equivalence are not established.
Bhandara,Bihar; Gujarat; Madhya Pradesh; Maharashtra; Rajasthan; Telangana; Uttar Pradesh,Bhandara,Maharashtra,506,exact_name_candidate,exact_name,REQUIRES_MANUAL_VERIFICATION,HISTORICAL_BOUNDARY_REVIEW_REQUIRED,Exact spelling match; state context and historical boundary equivalence are not established.
Bhandara Chandrapur,Maharashtra,,,,unmatched,none,UNMATCHED,HISTORICAL_BOUNDARY_REVIEW_REQUIRED,No exact or transparent normalized Census boundary name match.
Bharatpur,Bihar; Gujarat; Haryana; Kerala; Madhya Pradesh; Maharashtra; Odisha; Punjab; Rajasthan; Uttar Pradesh,Bharatpur,Rajasthan,105,exact_name_candidate,exact_name,REQUIRES_MANUAL_VERIFICATION,HISTORICAL_BOUNDARY_REVIEW_REQUIRED,Exact spelling match; state context and historical boundary equivalence are not established.
Bharuch,Bihar; Gujarat; Madhya Pradesh; Maharashtra; Rajasthan; Uttar Pradesh,Bharuch,Gujarat,488,exact_name_candidate,exact_name,REQUIRES_MANUAL_VERIFICATION,HISTORICAL_BOUNDARY_REVIEW_REQUIRED,Exact spelling match; state context and historical boundary equivalence are not established.
Bhavnagar,Bihar; Gujarat; Madhya Pradesh; Maharashtra; Rajasthan; Uttar Pradesh,Bhavnagar,Gujarat,481,exact_name_candidate,exact_name,REQUIRES_MANUAL_VERIFICATION,HISTORICAL_BOUNDARY_REVIEW_REQUIRED,Exact spelling match; state context and historical boundary equivalence are not established.
Bhilwara,Bihar; Gujarat; Haryana; Kerala; Madhya Pradesh; Maharashtra; Odisha; Punjab; Rajasthan; Uttar Pradesh,Bhilwara,Rajasthan,122,exact_name_candidate,exact_name,REQUIRES_MANUAL_VERIFICATION,HISTORICAL_BOUNDARY_REVIEW_REQUIRED,Exact spelling match; state context and historical boundary equivalence are not established.
Bhind,Andhra Pradesh; Bihar; Gujarat; Haryana; Madhya Pradesh; Maharashtra; Odisha; Punjab; Rajasthan; Uttar Pradesh; West Bengal,Bhind,Madhya Pradesh,420,exact_name_candidate,exact_name,REQUIRES_MANUAL_VERIFICATION,HISTORICAL_BOUNDARY_REVIEW_REQUIRED,Exact spelling match; state context and historical boundary equivalence are not established.
Bhiwani,Bihar; Haryana; Kerala; Madhya Pradesh; Odisha; Punjab; Rajasthan; Uttar Pradesh; West Bengal,Bhiwani,Haryana,81,exact_name_candidate,exact_name,REQUIRES_MANUAL_VERIFICATION,HISTORICAL_BOUNDARY_REVIEW_REQUIRED,Exact spelling match; state context and historical boundary equivalence are not established.
Bhojpur,Andhra Pradesh; Assam; Bihar; Gujarat; Haryana; Himachal Pradesh; Jharkhand; Kerala; Madhya Pradesh; Maharashtra; Odisha; Rajasthan; Uttar Pradesh; Uttar pradesh; West Bengal,Bhojpur,Bihar,231,exact_name_candidate,exact_name,REQUIRES_MANUAL_VERIFICATION,HISTORICAL_BOUNDARY_REVIEW_REQUIRED,Exact spelling match; state context and historical boundary equivalence are not established.
Bhopal,Andhra Pradesh; Bihar; Chhattisgarh; Gujarat; Haryana; Madhya Pradesh; Maharashtra; Odisha; Punjab; Rajasthan; Uttar Pradesh; West Bengal,Bhopal,Madhya Pradesh,444,exact_name_candidate,exact_name,REQUIRES_MANUAL_VERIFICATION,HISTORICAL_BOUNDARY_REVIEW_REQUIRED,Exact spelling match; state context and historical boundary equivalence are not established.
Bhubaneshwar,Odisha,,,,unmatched,none,UNMATCHED,HISTORICAL_BOUNDARY_REVIEW_REQUIRED,No exact or transparent normalized Census boundary name match.
Bijapur,Chhattisgarh; Karnataka,Bijapur,Chhattisgarh,417,exact_name_candidate,exact_name,REQUIRES_MANUAL_VERIFICATION,HISTORICAL_BOUNDARY_REVIEW_REQUIRED,Exact spelling match; state context and historical boundary equivalence are not established.
Bijapur,Chhattisgarh; Karnataka,Bijapur,Karnataka,557,exact_name_candidate,exact_name,REQUIRES_MANUAL_VERIFICATION,HISTORICAL_BOUNDARY_REVIEW_REQUIRED,Exact spelling match; state context and historical boundary equivalence are not established.
Bijapur Surendranagar,Karnataka,,,,unmatched,none,UNMATCHED,HISTORICAL_BOUNDARY_REVIEW_REQUIRED,No exact or transparent normalized Census boundary name match.
Bijnor,Arunachal Pradesh; Assam; Bihar; East Rajasthan; Gujarat; Haryana; Himachal Pradesh; Jammu and Kashmir; Kerala; Madhya Pradesh; Maharashtra; Odisha; Punjab; Rajasthan; Uttar Pradesh; Uttar pradesh; West Bengal,Bijnor,Uttar Pradesh,134,exact_name_candidate,exact_name,REQUIRES_MANUAL_VERIFICATION,HISTORICAL_BOUNDARY_REVIEW_REQUIRED,Exact spelling match; state context and historical boundary equivalence are not established.
Bikaner,Bihar; Gujarat; Haryana; Kerala; Madhya Pradesh; Maharashtra; Odisha; Punjab; Rajasthan; Uttar Pradesh,Bikaner,Rajasthan,101,exact_name_candidate,exact_name,REQUIRES_MANUAL_VERIFICATION,HISTORICAL_BOUNDARY_REVIEW_REQUIRED,Exact spelling match; state context and historical boundary equivalence are not established.
Bilaspur,Chhattisgarh; Himachal Pradesh; Madhya Pradesh; Rajasthan; Uttar Pradesh,Bilaspur,Chhattisgarh,406,exact_name_candidate,exact_name,REQUIRES_MANUAL_VERIFICATION,HISTORICAL_BOUNDARY_REVIEW_REQUIRED,Exact spelling match; state context and historical boundary equivalence are not established.
Bilaspur,Chhattisgarh; Himachal Pradesh; Madhya Pradesh; Rajasthan; Uttar Pradesh,Bilaspur,Himachal Pradesh,30,exact_name_candidate,exact_name,REQUIRES_MANUAL_VERIFICATION,HISTORICAL_BOUNDARY_REVIEW_REQUIRED,Exact spelling match; state context and historical boundary equivalence are not established.
Birbhum,Andhra Pradesh; Assam; Bihar; Haryana; Himachal Pradesh; Kerala; Madhya Pradesh; Odisha; Punjab; Uttar Pradesh; Uttar pradesh; West Bengal,Birbhum,West Bengal,334,exact_name_candidate,exact_name,REQUIRES_MANUAL_VERIFICATION,HISTORICAL_BOUNDARY_REVIEW_REQUIRED,Exact spelling match; state context and historical boundary equivalence are not established.
Bishnupur,Manipur,Bishnupur,Manipur,275,exact_name_candidate,exact_name,REQUIRES_MANUAL_VERIFICATION,HISTORICAL_BOUNDARY_REVIEW_REQUIRED,Exact spelling match; state context and historical boundary equivalence are not established.
Biswanath,Arunachal Pradesh; Assam; Bihar; Jammu and Kashmir; Kerala; Odisha; Punjab; Uttar Pradesh; West Bengal,,,,unmatched,none,UNMATCHED,HISTORICAL_BOUNDARY_REVIEW_REQUIRED,No exact or transparent normalized Census boundary name match.
Bokaro,Jharkhand,Bokaro,Jharkhand,355,exact_name_candidate,exact_name,REQUIRES_MANUAL_VERIFICATION,HISTORICAL_BOUNDARY_REVIEW_REQUIRED,Exact spelling match; state context and historical boundary equivalence are not established.
Bongaigaon,Arunachal Pradesh; Assam; Bihar; Jammu and Kashmir; Kerala; Odisha; Punjab; Uttar Pradesh; West Bengal,Bongaigaon,Assam,319,exact_name_candidate,exact_name,REQUIRES_MANUAL_VERIFICATION,HISTORICAL_BOUNDARY_REVIEW_REQUIRED,Exact spelling match; state context and historical boundary equivalence are not established.
Botad,Bihar; Gujarat; Madhya Pradesh; Maharashtra; Rajasthan; Uttar Pradesh,,,,unmatched,none,UNMATCHED,HISTORICAL_BOUNDARY_REVIEW_REQUIRED,No exact or transparent normalized Census boundary name match.
Boudh,Andhra Pradesh; Assam; Bihar; Haryana; Madhya Pradesh; Odisha; Rajasthan; Uttar Pradesh; West Bengal,,,,unmatched,none,UNMATCHED,HISTORICAL_BOUNDARY_REVIEW_REQUIRED,No exact or transparent normalized Census boundary name match.
Budaun,Arunachal Pradesh; Assam; Bihar; East Rajasthan; Gujarat; Haryana; Himachal Pradesh; Jammu and Kashmir; Kerala; Madhya Pradesh; Maharashtra; Odisha; Punjab; Rajasthan; Uttar Pradesh; Uttar pradesh; Uttarakhand; West Bengal,Budaun,Uttar Pradesh,149,exact_name_candidate,exact_name,REQUIRES_MANUAL_VERIFICATION,HISTORICAL_BOUNDARY_REVIEW_REQUIRED,Exact spelling match; state context and historical boundary equivalence are not established.
Budgam,Arunachal Pradesh; Assam; Delhi; Jammu & Kashmir; Jammu and Kashmir; Punjab; Uttar Pradesh,,,,unmatched,none,UNMATCHED,HISTORICAL_BOUNDARY_REVIEW_REQUIRED,No exact or transparent normalized Census boundary name match.
Bulandshahr,Arunachal Pradesh; Assam; Bihar; East Rajasthan; Gujarat; Haryana; Himachal Pradesh; Jammu and Kashmir; Kerala; Madhya Pradesh; Maharashtra; Odisha; Punjab; Rajasthan; Uttar Pradesh; Uttar pradesh; Uttarakhand; West Bengal,Bulandshahr,Uttar Pradesh,142,exact_name_candidate,exact_name,REQUIRES_MANUAL_VERIFICATION,HISTORICAL_BOUNDARY_REVIEW_REQUIRED,Exact spelling match; state context and historical boundary equivalence are not established.
Buldhana,Bihar; Gujarat; Madhya Pradesh; Maharashtra; Rajasthan; Telangana; Uttar Pradesh,,,,unmatched,none,UNMATCHED,HISTORICAL_BOUNDARY_REVIEW_REQUIRED,No exact or transparent normalized Census boundary name match.
Bundi,Bihar; Gujarat; Haryana; Kerala; Madhya Pradesh; Maharashtra; Odisha; Punjab; Rajasthan; Uttar Pradesh,Bundi,Rajasthan,121,exact_name_candidate,exact_name,REQUIRES_MANUAL_VERIFICATION,HISTORICAL_BOUNDARY_REVIEW_REQUIRED,Exact spelling match; state context and historical boundary equivalence are not established.
Burhanpur,Andhra Pradesh; Bihar; Chhattisgarh; Gujarat; Haryana; Madhya Pradesh; Maharashtra; Odisha; Punjab; Rajasthan; Uttar Pradesh; West Bengal,Burhanpur,Madhya Pradesh,467,exact_name_candidate,exact_name,REQUIRES_MANUAL_VERIFICATION,HISTORICAL_BOUNDARY_REVIEW_REQUIRED,Exact spelling match; state context and historical boundary equivalence are not established.
Buxar,Andhra Pradesh; Assam; Bihar; Gujarat; Haryana; Himachal Pradesh; Jharkhand; Kerala; Madhya Pradesh; Maharashtra; Odisha; Rajasthan; Uttar Pradesh; Uttar pradesh; West Bengal,Buxar,Bihar,232,exact_name_candidate,exact_name,REQUIRES_MANUAL_VERIFICATION,HISTORICAL_BOUNDARY_REVIEW_REQUIRED,Exact spelling match; state context and historical boundary equivalence are not established.
Cachar,Arunachal Pradesh; Assam; Bihar; Jammu and Kashmir; Kerala; Manipur; Odisha; Punjab; Tripura; Uttar Pradesh; West Bengal,Cachar,Assam,316,exact_name_candidate,exact_name,REQUIRES_MANUAL_VERIFICATION,HISTORICAL_BOUNDARY_REVIEW_REQUIRED,Exact spelling match; state context and historical boundary equivalence are not established.
Central,Delhi; Jammu and Kashmir; Punjab,Central,NCT of Delhi,95,exact_name_candidate,exact_name,REQUIRES_MANUAL_VERIFICATION,HISTORICAL_BOUNDARY_REVIEW_REQUIRED,Exact spelling match; state context and historical boundary equivalence are not established.
Central Part of Uttar Kashi Pradesh,Uttar Pradesh,,,,unmatched,none,UNMATCHED,HISTORICAL_BOUNDARY_REVIEW_REQUIRED,No exact or transparent normalized Census boundary name match.
Chamarajanagara,Karnataka,,,,unmatched,none,UNMATCHED,HISTORICAL_BOUNDARY_REVIEW_REQUIRED,No exact or transparent normalized Census boundary name match.
Chamarajanagaraa,Karnataka; Kerala,,,,unmatched,none,UNMATCHED,HISTORICAL_BOUNDARY_REVIEW_REQUIRED,No exact or transparent normalized Census boundary name match.
Chamarajanagaraa Chikkaballapura,Karnataka,,,,unmatched,none,UNMATCHED,HISTORICAL_BOUNDARY_REVIEW_REQUIRED,No exact or transparent normalized Census boundary name match.
Chamarajanagaraa Chitradurga,Karnataka,,,,unmatched,none,UNMATCHED,HISTORICAL_BOUNDARY_REVIEW_REQUIRED,No exact or transparent normalized Census boundary name match.
Chamarajanagaraa Davangere,Karnataka,,,,unmatched,none,UNMATCHED,HISTORICAL_BOUNDARY_REVIEW_REQUIRED,No exact or transparent normalized Census boundary name match.
Chamarajanagaraa Gadag,Karnataka,,,,unmatched,none,UNMATCHED,HISTORICAL_BOUNDARY_REVIEW_REQUIRED,No exact or transparent normalized Census boundary name match.
Chamarajanagaraa Hassan,Karnataka,,,,unmatched,none,UNMATCHED,HISTORICAL_BOUNDARY_REVIEW_REQUIRED,No exact or transparent normalized Census boundary name match.
Chamarajanagaraa Kalaburagi,Karnataka,,,,unmatched,none,UNMATCHED,HISTORICAL_BOUNDARY_REVIEW_REQUIRED,No exact or transparent normalized Census boundary name match.
Chamba,Himachal Pradesh; Uttar Pradesh,Chamba,Himachal Pradesh,23,exact_name_candidate,exact_name,REQUIRES_MANUAL_VERIFICATION,HISTORICAL_BOUNDARY_REVIEW_REQUIRED,Exact spelling match; state context and historical boundary equivalence are not established.
Chamoli,Uttar Pradesh; Uttarakhand,Chamoli,Uttarakhand,57,exact_name_candidate,exact_name,REQUIRES_MANUAL_VERIFICATION,HISTORICAL_BOUNDARY_REVIEW_REQUIRED,Exact spelling match; state context and historical boundary equivalence are not established.
Champawat,Uttar Pradesh; Uttarakhand,Champawat,Uttarakhand,65,exact_name_candidate,exact_name,REQUIRES_MANUAL_VERIFICATION,HISTORICAL_BOUNDARY_REVIEW_REQUIRED,Exact spelling match; state context and historical boundary equivalence are not established.
Champhai,Mizoram,Champhai,Mizoram,284,exact_name_candidate,exact_name,REQUIRES_MANUAL_VERIFICATION,HISTORICAL_BOUNDARY_REVIEW_REQUIRED,Exact spelling match; state context and historical boundary equivalence are not established.
Chandauli,Arunachal Pradesh; Assam; Bihar; East Rajasthan; Gujarat; Haryana; Himachal Pradesh; Jammu and Kashmir; Kerala; Madhya Pradesh; Maharashtra; Odisha; Punjab; Rajasthan; Uttar Pradesh; Uttar pradesh; West Bengal,Chandauli,Uttar Pradesh,196,exact_name_candidate,exact_name,REQUIRES_MANUAL_VERIFICATION,HISTORICAL_BOUNDARY_REVIEW_REQUIRED,Exact spelling match; state context and historical boundary equivalence are not established.
Chandel,Manipur,Chandel,Manipur,280,exact_name_candidate,exact_name,REQUIRES_MANUAL_VERIFICATION,HISTORICAL_BOUNDARY_REVIEW_REQUIRED,Exact spelling match; state context and historical boundary equivalence are not established.
Chandigarh,Chandigarh; Punjab,Chandigarh,Chandigarh,55,exact_name_candidate,exact_name,REQUIRES_MANUAL_VERIFICATION,HISTORICAL_BOUNDARY_REVIEW_REQUIRED,Exact spelling match; state context and historical boundary equivalence are not established.
Chandrapur,Bihar; Gujarat; Madhya Pradesh; Maharashtra; Rajasthan; Telangana; Uttar Pradesh,Chandrapur,Maharashtra,509,exact_name_candidate,exact_name,REQUIRES_MANUAL_VERIFICATION,HISTORICAL_BOUNDARY_REVIEW_REQUIRED,Exact spelling match; state context and historical boundary equivalence are not established.
Changlang,Arunachal Pradesh; Assam; Jammu and Kashmir; Punjab; Uttar Pradesh,Changlang,Arunanchal Pradesh,253,exact_name_candidate,exact_name,REQUIRES_MANUAL_VERIFICATION,HISTORICAL_BOUNDARY_REVIEW_REQUIRED,Exact spelling match; state context and historical boundary equivalence are not established.
Charaideo,Arunachal Pradesh; Assam; Bihar; Jammu and Kashmir; Kerala; Odisha; Punjab; Uttar Pradesh; West Bengal,,,,unmatched,none,UNMATCHED,HISTORICAL_BOUNDARY_REVIEW_REQUIRED,No exact or transparent normalized Census boundary name match.
Charki Dadri,Bihar; Haryana; Kerala; Madhya Pradesh; Odisha; Punjab; Rajasthan; Uttar Pradesh; West Bengal,,,,unmatched,none,UNMATCHED,HISTORICAL_BOUNDARY_REVIEW_REQUIRED,No exact or transparent normalized Census boundary name match.
Chatra,Jharkhand,Chatra,Jharkhand,347,exact_name_candidate,exact_name,REQUIRES_MANUAL_VERIFICATION,HISTORICAL_BOUNDARY_REVIEW_REQUIRED,Exact spelling match; state context and historical boundary equivalence are not established.
Chengalpattu,Tamil Nadu,,,,unmatched,none,UNMATCHED,HISTORICAL_BOUNDARY_REVIEW_REQUIRED,No exact or transparent normalized Census boundary name match.
Chennai,Madras; Tamil Nadu,Chennai,Tamil Nadu,603,exact_name_candidate,exact_name,REQUIRES_MANUAL_VERIFICATION,HISTORICAL_BOUNDARY_REVIEW_REQUIRED,Exact spelling match; state context and historical boundary equivalence are not established.
Chhatarpur,Andhra Pradesh; Bihar; Gujarat; Haryana; Madhya Pradesh; Maharashtra; Odisha; Punjab; Rajasthan; Uttar Pradesh; West Bengal,Chhatarpur,Madhya Pradesh,425,exact_name_candidate,exact_name,REQUIRES_MANUAL_VERIFICATION,HISTORICAL_BOUNDARY_REVIEW_REQUIRED,Exact spelling match; state context and historical boundary equivalence are not established.
Chhatisgarh,Chhattisgarh; Madhya Pradesh,,,,unmatched,none,UNMATCHED,HISTORICAL_BOUNDARY_REVIEW_REQUIRED,No exact or transparent normalized Census boundary name match.
Chhindwara,Andhra Pradesh; Bihar; Chhattisgarh; Gujarat; Haryana; Madhya Pradesh; Maharashtra; Odisha; Punjab; Rajasthan; Uttar Pradesh; West Bengal,Chhindwara,Madhya Pradesh,455,exact_name_candidate,exact_name,REQUIRES_MANUAL_VERIFICATION,HISTORICAL_BOUNDARY_REVIEW_REQUIRED,Exact spelling match; state context and historical boundary equivalence are not established.
Chikkaballapura,Karnataka; Kerala,Chikkaballapura,Karnataka,582,exact_name_candidate,exact_name,REQUIRES_MANUAL_VERIFICATION,HISTORICAL_BOUNDARY_REVIEW_REQUIRED,Exact spelling match; state context and historical boundary equivalence are not established.
Chikkamagaluru,Karnataka; Kerala,,,,unmatched,none,UNMATCHED,HISTORICAL_BOUNDARY_REVIEW_REQUIRED,No exact or transparent normalized Census boundary name match.
Chikodi,Karnataka,,,,unmatched,none,UNMATCHED,HISTORICAL_BOUNDARY_REVIEW_REQUIRED,No exact or transparent normalized Census boundary name match.
Chirang,Arunachal Pradesh; Assam; Bihar; Jammu and Kashmir; Kerala; Odisha; Punjab; Uttar Pradesh; West Bengal,Chirang,Assam,320,exact_name_candidate,exact_name,REQUIRES_MANUAL_VERIFICATION,HISTORICAL_BOUNDARY_REVIEW_REQUIRED,Exact spelling match; state context and historical boundary equivalence are not established.
Chitradurga,Karnataka; Kerala,Chitradurga,Karnataka,566,exact_name_candidate,exact_name,REQUIRES_MANUAL_VERIFICATION,HISTORICAL_BOUNDARY_REVIEW_REQUIRED,Exact spelling match; state context and historical boundary equivalence are not established.
Chitrakoot,Arunachal Pradesh; Assam; Bihar; East Rajasthan; Gujarat; Haryana; Himachal Pradesh; Jammu and Kashmir; Kerala; Madhya Pradesh; Maharashtra; Odisha; Punjab; Rajasthan; Uttar Pradesh; Uttar pradesh; West Bengal,Chitrakoot,Uttar Pradesh,171,exact_name_candidate,exact_name,REQUIRES_MANUAL_VERIFICATION,HISTORICAL_BOUNDARY_REVIEW_REQUIRED,Exact spelling match; state context and historical boundary equivalence are not established.
Chittoor,Andhra Pradesh; Madhya Pradesh,Chittoor,Andhra Pradesh,554,exact_name_candidate,exact_name,REQUIRES_MANUAL_VERIFICATION,HISTORICAL_BOUNDARY_REVIEW_REQUIRED,Exact spelling match; state context and historical boundary equivalence are not established.
Chittorgarh,Bihar; Gujarat; Haryana; Kerala; Madhya Pradesh; Maharashtra; Odisha; Punjab; Rajasthan; Uttar Pradesh,,,,unmatched,none,UNMATCHED,HISTORICAL_BOUNDARY_REVIEW_REQUIRED,No exact or transparent normalized Census boundary name match.
Chota Udaipur,Bihar; Gujarat; Madhya Pradesh; Maharashtra; Rajasthan; Uttar Pradesh,,,,unmatched,none,UNMATCHED,HISTORICAL_BOUNDARY_REVIEW_REQUIRED,No exact or transparent normalized Census boundary name match.
Chumanung,Jammu and Kashmir,,,,unmatched,none,UNMATCHED,HISTORICAL_BOUNDARY_REVIEW_REQUIRED,No exact or transparent normalized Census boundary name match.
Churachandpur,Manipur,Churachandpur,Manipur,274,exact_name_candidate,exact_name,REQUIRES_MANUAL_VERIFICATION,HISTORICAL_BOUNDARY_REVIEW_REQUIRED,Exact spelling match; state context and historical boundary equivalence are not established.
Churu,Bihar; Gujarat; Haryana; Kerala; Madhya Pradesh; Maharashtra; Odisha; Punjab; Rajasthan; Uttar Pradesh,Churu,Rajasthan,102,exact_name_candidate,exact_name,REQUIRES_MANUAL_VERIFICATION,HISTORICAL_BOUNDARY_REVIEW_REQUIRED,Exact spelling match; state context and historical boundary equivalence are not established.
Coimbatore,Tamil Nadu,Coimbatore,Tamil Nadu,632,exact_name_candidate,exact_name,REQUIRES_MANUAL_VERIFICATION,HISTORICAL_BOUNDARY_REVIEW_REQUIRED,Exact spelling match; state context and historical boundary equivalence are not established.
Cooch Behar,West Bengal,,,,unmatched,none,UNMATCHED,HISTORICAL_BOUNDARY_REVIEW_REQUIRED,No exact or transparent normalized Census boundary name match.
Cuddalore,Tamil Nadu,Cuddalore,Tamil Nadu,617,exact_name_candidate,exact_name,REQUIRES_MANUAL_VERIFICATION,HISTORICAL_BOUNDARY_REVIEW_REQUIRED,Exact spelling match; state context and historical boundary equivalence are not established.
Cuttack,Andhra Pradesh; Assam; Bihar; Haryana; Madhya Pradesh; Odisha; Rajasthan; Uttar Pradesh; West Bengal,Cuttack,Odisha,381,exact_name_candidate,exact_name,REQUIRES_MANUAL_VERIFICATION,HISTORICAL_BOUNDARY_REVIEW_REQUIRED,Exact spelling match; state context and historical boundary equivalence are not established.
Dadra And Nagar Haveli,Dadar&Nagar Haveli; Dadra and Nagar Haveli,,,,unmatched,none,UNMATCHED,HISTORICAL_BOUNDARY_REVIEW_REQUIRED,No exact or transparent normalized Census boundary name match.
Dahod,Bihar; Gujarat; Madhya Pradesh; Maharashtra; Rajasthan; Uttar Pradesh,,,,unmatched,none,UNMATCHED,HISTORICAL_BOUNDARY_REVIEW_REQUIRED,No exact or transparent normalized Census boundary name match.
Dakshin Bastar Dantewada,Chhattisgarh,Dakshin Bastar Dantewada,Chhattisgarh,416,exact_name_candidate,exact_name,REQUIRES_MANUAL_VERIFICATION,HISTORICAL_BOUNDARY_REVIEW_REQUIRED,Exact spelling match; state context and historical boundary equivalence are not established.
Dakshin Dinajpur,Andhra Pradesh; Assam; Bihar; Haryana; Himachal Pradesh; Kerala; Madhya Pradesh; Odisha; Punjab; Uttar Pradesh; Uttar pradesh; West Bengal,Dakshin Dinajpur,West Bengal,331,exact_name_candidate,exact_name,REQUIRES_MANUAL_VERIFICATION,HISTORICAL_BOUNDARY_REVIEW_REQUIRED,Exact spelling match; state context and historical boundary equivalence are not established.
Dakshina Kannada,Andhra Pradesh; Assam; Karnataka; Kerala,Dakshina Kannada,Karnataka,575,exact_name_candidate,exact_name,REQUIRES_MANUAL_VERIFICATION,HISTORICAL_BOUNDARY_REVIEW_REQUIRED,Exact spelling match; state context and historical boundary equivalence are not established.
Damoh,Andhra Pradesh; Bihar; Chhattisgarh; Gujarat; Haryana; Madhya Pradesh; Maharashtra; Odisha; Punjab; Rajasthan; Uttar Pradesh; West Bengal,Damoh,Madhya Pradesh,428,exact_name_candidate,exact_name,REQUIRES_MANUAL_VERIFICATION,HISTORICAL_BOUNDARY_REVIEW_REQUIRED,Exact spelling match; state context and historical boundary equivalence are not established.
Dangs,Bihar; Gujarat; Madhya Pradesh; Maharashtra; Rajasthan; Uttar Pradesh,,,,unmatched,none,UNMATCHED,HISTORICAL_BOUNDARY_REVIEW_REQUIRED,No exact or transparent normalized Census boundary name match.
Darbhanga,Andhra Pradesh; Assam; Bihar; Gujarat; Haryana; Himachal Pradesh; Jharkhand; Kerala; Madhya Pradesh; Maharashtra; Odisha; Rajasthan; Uttar Pradesh; Uttar pradesh; West Bengal,Darbhanga,Bihar,215,exact_name_candidate,exact_name,REQUIRES_MANUAL_VERIFICATION,HISTORICAL_BOUNDARY_REVIEW_REQUIRED,Exact spelling match; state context and historical boundary equivalence are not established.
Darjeeling,Andhra Pradesh; Assam; Bihar; Haryana; Himachal Pradesh; Kerala; Madhya Pradesh; Odisha; Punjab; Uttar Pradesh; Uttar pradesh; West Bengal,,,,unmatched,none,UNMATCHED,HISTORICAL_BOUNDARY_REVIEW_REQUIRED,No exact or transparent normalized Census boundary name match.
Darjeelingm,West Bengal,,,,unmatched,none,UNMATCHED,HISTORICAL_BOUNDARY_REVIEW_REQUIRED,No exact or transparent normalized Census boundary name match.
Darrang,Arunachal Pradesh; Assam; Bihar; Jammu and Kashmir; Kerala; Manipur; Odisha; Punjab; Uttar Pradesh; West Bengal,Darrang,Assam,325,exact_name_candidate,exact_name,REQUIRES_MANUAL_VERIFICATION,HISTORICAL_BOUNDARY_REVIEW_REQUIRED,Exact spelling match; state context and historical boundary equivalence are not established.
Datia,Andhra Pradesh; Bihar; Chhattisgarh; Gujarat; Haryana; Madhya Pradesh; Maharashtra; Odisha; Punjab; Rajasthan; Uttar Pradesh; West Bengal,Datia,Madhya Pradesh,422,exact_name_candidate,exact_name,REQUIRES_MANUAL_VERIFICATION,HISTORICAL_BOUNDARY_REVIEW_REQUIRED,Exact spelling match; state context and historical boundary equivalence are not established.
Dausa,Bihar; Gujarat; Haryana; Kerala; Madhya Pradesh; Maharashtra; Odisha; Punjab; Rajasthan; Uttar Pradesh,Dausa,Rajasthan,109,exact_name_candidate,exact_name,REQUIRES_MANUAL_VERIFICATION,HISTORICAL_BOUNDARY_REVIEW_REQUIRED,Exact spelling match; state context and historical boundary equivalence are not established.
Davangere,Karnataka; Kerala,,,,unmatched,none,UNMATCHED,HISTORICAL_BOUNDARY_REVIEW_REQUIRED,No exact or transparent normalized Census boundary name match.
Davangere����,Karnataka,,,,unmatched,none,UNMATCHED,HISTORICAL_BOUNDARY_REVIEW_REQUIRED,No exact or transparent normalized Census boundary name match.
Dehradun,Uttar Pradesh; Uttarakhand,Dehradun,Uttarakhand,60,exact_name_candidate,exact_name,REQUIRES_MANUAL_VERIFICATION,HISTORICAL_BOUNDARY_REVIEW_REQUIRED,Exact spelling match; state context and historical boundary equivalence are not established.
Deogarh,Andhra Pradesh; Assam; Bihar; Haryana; Madhya Pradesh; Odisha; Rajasthan; Uttar Pradesh; West Bengal,,,,unmatched,none,UNMATCHED,HISTORICAL_BOUNDARY_REVIEW_REQUIRED,No exact or transparent normalized Census boundary name match.
Deoghar,Bihar; Jharkhand,Deoghar,Jharkhand,350,exact_name_candidate,exact_name,REQUIRES_MANUAL_VERIFICATION,HISTORICAL_BOUNDARY_REVIEW_REQUIRED,Exact spelling match; state context and historical boundary equivalence are not established.
Deoria,Arunachal Pradesh; Assam; Bihar; East Rajasthan; Gujarat; Haryana; Himachal Pradesh; Jammu and Kashmir; Kerala; Madhya Pradesh; Maharashtra; Odisha; Punjab; Rajasthan; Uttar Pradesh; Uttar pradesh; Uttarakhand; West Bengal,Deoria,Uttar Pradesh,190,exact_name_candidate,exact_name,REQUIRES_MANUAL_VERIFICATION,HISTORICAL_BOUNDARY_REVIEW_REQUIRED,Exact spelling match; state context and historical boundary equivalence are not established.
Devbhumi Dwarka,Gujarat,,,,unmatched,none,UNMATCHED,HISTORICAL_BOUNDARY_REVIEW_REQUIRED,No exact or transparent normalized Census boundary name match.
Devbhumi Dwarka Dwarka,Bihar; Gujarat; Madhya Pradesh; Maharashtra; Rajasthan; Uttar Pradesh,,,,unmatched,none,UNMATCHED,HISTORICAL_BOUNDARY_REVIEW_REQUIRED,No exact or transparent normalized Census boundary name match.
Dewas,Andhra Pradesh; Bihar; Chhattisgarh; Gujarat; Haryana; Madhya Pradesh; Maharashtra; Odisha; Punjab; Rajasthan; Uttar Pradesh; West Bengal,Dewas,Madhya Pradesh,437,exact_name_candidate,exact_name,REQUIRES_MANUAL_VERIFICATION,HISTORICAL_BOUNDARY_REVIEW_REQUIRED,Exact spelling match; state context and historical boundary equivalence are not established.
Dhalai,Tripura,Dhalai,Tripura,291,exact_name_candidate,exact_name,REQUIRES_MANUAL_VERIFICATION,HISTORICAL_BOUNDARY_REVIEW_REQUIRED,Exact spelling match; state context and historical boundary equivalence are not established.
Dhamtari,Chhattisgarh; Madhya Pradesh,Dhamtari,Chhattisgarh,412,exact_name_candidate,exact_name,REQUIRES_MANUAL_VERIFICATION,HISTORICAL_BOUNDARY_REVIEW_REQUIRED,Exact spelling match; state context and historical boundary equivalence are not established.
Dhanbad,Jharkhand,Dhanbad,Jharkhand,354,exact_name_candidate,exact_name,REQUIRES_MANUAL_VERIFICATION,HISTORICAL_BOUNDARY_REVIEW_REQUIRED,Exact spelling match; state context and historical boundary equivalence are not established.
Dhar,Andhra Pradesh; Bihar; Chhattisgarh; Gujarat; Haryana; Madhya Pradesh; Maharashtra; Odisha; Punjab; Rajasthan; Uttar Pradesh; West Bengal,Dhar,Madhya Pradesh,438,exact_name_candidate,exact_name,REQUIRES_MANUAL_VERIFICATION,HISTORICAL_BOUNDARY_REVIEW_REQUIRED,Exact spelling match; state context and historical boundary equivalence are not established.
Dharashiv,Bihar; Gujarat; Madhya Pradesh; Maharashtra; Rajasthan; Telangana; Uttar Pradesh,,,,unmatched,none,UNMATCHED,HISTORICAL_BOUNDARY_REVIEW_REQUIRED,No exact or transparent normalized Census boundary name match.
Dharmapuri,Tamil Nadu,Dharmapuri,Tamil Nadu,630,exact_name_candidate,exact_name,REQUIRES_MANUAL_VERIFICATION,HISTORICAL_BOUNDARY_REVIEW_REQUIRED,Exact spelling match; state context and historical boundary equivalence are not established.
Dharwad,Karnataka; Kerala,Dharwad,Karnataka,562,exact_name_candidate,exact_name,REQUIRES_MANUAL_VERIFICATION,HISTORICAL_BOUNDARY_REVIEW_REQUIRED,Exact spelling match; state context and historical boundary equivalence are not established.
Dhemaji,Arunachal Pradesh; Assam; Bihar; Jammu and Kashmir; Kerala; Odisha; Punjab; Uttar Pradesh; West Bengal,Dhemaji,Assam,308,exact_name_candidate,exact_name,REQUIRES_MANUAL_VERIFICATION,HISTORICAL_BOUNDARY_REVIEW_REQUIRED,Exact spelling match; state context and historical boundary equivalence are not established.
Dhenkanal,Andhra Pradesh; Assam; Bihar; Haryana; Madhya Pradesh; Odisha; Rajasthan; Uttar Pradesh; West Bengal,Dhenkanal,Odisha,383,exact_name_candidate,exact_name,REQUIRES_MANUAL_VERIFICATION,HISTORICAL_BOUNDARY_REVIEW_REQUIRED,Exact spelling match; state context and historical boundary equivalence are not established.
Dholpur,Bihar; Gujarat; Haryana; Kerala; Madhya Pradesh; Maharashtra; Odisha; Punjab; Rajasthan; Uttar Pradesh,,,,unmatched,none,UNMATCHED,HISTORICAL_BOUNDARY_REVIEW_REQUIRED,No exact or transparent normalized Census boundary name match.
Dhubri,Arunachal Pradesh; Assam; Bihar; Jammu and Kashmir; Kerala; Odisha; Punjab; Uttar Pradesh; West Bengal,Dhubri,Assam,301,exact_name_candidate,exact_name,REQUIRES_MANUAL_VERIFICATION,HISTORICAL_BOUNDARY_REVIEW_REQUIRED,Exact spelling match; state context and historical boundary equivalence are not established.
Dhule,Bihar; Gujarat; Madhya Pradesh; Maharashtra; Rajasthan; Telangana; Uttar Pradesh,Dhule,Maharashtra,498,exact_name_candidate,exact_name,REQUIRES_MANUAL_VERIFICATION,HISTORICAL_BOUNDARY_REVIEW_REQUIRED,Exact spelling match; state context and historical boundary equivalence are not established.
Dibang Valley,Arunachal Pradesh; Assam; Jammu and Kashmir; Punjab; Uttar Pradesh,Dibang Valley,Arunanchal Pradesh,257,exact_name_candidate,exact_name,REQUIRES_MANUAL_VERIFICATION,HISTORICAL_BOUNDARY_REVIEW_REQUIRED,Exact spelling match; state context and historical boundary equivalence are not established.
Dibrugarh,Arunachal Pradesh; Assam; Bihar; Jammu and Kashmir; Kerala; Odisha; Punjab; Uttar Pradesh; West Bengal,Dibrugarh,Assam,310,exact_name_candidate,exact_name,REQUIRES_MANUAL_VERIFICATION,HISTORICAL_BOUNDARY_REVIEW_REQUIRED,Exact spelling match; state context and historical boundary equivalence are not established.
Different parts of Jammu,Jammu and Kashmir,,,,unmatched,none,UNMATCHED,HISTORICAL_BOUNDARY_REVIEW_REQUIRED,No exact or transparent normalized Census boundary name match.
Dima Hasao,Arunachal Pradesh; Assam; Bihar; Jammu and Kashmir; Kerala; Odisha; Punjab; Uttar Pradesh; West Bengal,Dima Hasao,Assam,315,exact_name_candidate,exact_name,REQUIRES_MANUAL_VERIFICATION,HISTORICAL_BOUNDARY_REVIEW_REQUIRED,Exact spelling match; state context and historical boundary equivalence are not established.
Dimapur,Nagaland,Dimapur,Nagaland,265,exact_name_candidate,exact_name,REQUIRES_MANUAL_VERIFICATION,HISTORICAL_BOUNDARY_REVIEW_REQUIRED,Exact spelling match; state context and historical boundary equivalence are not established.
Dindigul,Tamil Nadu,Dindigul,Tamil Nadu,612,exact_name_candidate,exact_name,REQUIRES_MANUAL_VERIFICATION,HISTORICAL_BOUNDARY_REVIEW_REQUIRED,Exact spelling match; state context and historical boundary equivalence are not established.
Dindori,Andhra Pradesh; Bihar; Gujarat; Haryana; Madhya Pradesh; Maharashtra; Odisha; Punjab; Rajasthan; Uttar Pradesh; West Bengal,Dindori,Madhya Pradesh,453,exact_name_candidate,exact_name,REQUIRES_MANUAL_VERIFICATION,HISTORICAL_BOUNDARY_REVIEW_REQUIRED,Exact spelling match; state context and historical boundary equivalence are not established.
Districts of Cauvery delta,Tamil Nadu,,,,unmatched,none,UNMATCHED,HISTORICAL_BOUNDARY_REVIEW_REQUIRED,No exact or transparent normalized Census boundary name match.
Districts of Cauvery delta zone,Tamil Nadu,,,,unmatched,none,UNMATCHED,HISTORICAL_BOUNDARY_REVIEW_REQUIRED,No exact or transparent normalized Census boundary name match.
Doda,Arunachal Pradesh; Assam; Delhi; Jammu & Kashmir; Jammu and Kashmir; Punjab; Uttar Pradesh,Doda,Jammu & Kashmir,16,exact_name_candidate,exact_name,REQUIRES_MANUAL_VERIFICATION,HISTORICAL_BOUNDARY_REVIEW_REQUIRED,Exact spelling match; state context and historical boundary equivalence are not established.
Dumka,Bihar; Jharkhand,Dumka,Jharkhand,362,exact_name_candidate,exact_name,REQUIRES_MANUAL_VERIFICATION,HISTORICAL_BOUNDARY_REVIEW_REQUIRED,Exact spelling match; state context and historical boundary equivalence are not established.
Dungarpur,Bihar; Gujarat; Haryana; Kerala; Madhya Pradesh; Maharashtra; Odisha; Punjab; Rajasthan; Uttar Pradesh,Dungarpur,Rajasthan,124,exact_name_candidate,exact_name,REQUIRES_MANUAL_VERIFICATION,HISTORICAL_BOUNDARY_REVIEW_REQUIRED,Exact spelling match; state context and historical boundary equivalence are not established.
Durg,Chhattisgarh; Madhya Pradesh,Durg,Chhattisgarh,409,exact_name_candidate,exact_name,REQUIRES_MANUAL_VERIFICATION,HISTORICAL_BOUNDARY_REVIEW_REQUIRED,Exact spelling match; state context and historical boundary equivalence are not established.
East,Andhra Pradesh; Arunachal Pradesh; Bihar; Delhi; Jammu and Kashmir; Jharkhand; Punjab; Sikkim,East,NCT of Delhi,93,exact_name_candidate,exact_name,REQUIRES_MANUAL_VERIFICATION,HISTORICAL_BOUNDARY_REVIEW_REQUIRED,Exact spelling match; state context and historical boundary equivalence are not established.
East,Andhra Pradesh; Arunachal Pradesh; Bihar; Delhi; Jammu and Kashmir; Jharkhand; Punjab; Sikkim,East,Sikkim,244,exact_name_candidate,exact_name,REQUIRES_MANUAL_VERIFICATION,HISTORICAL_BOUNDARY_REVIEW_REQUIRED,Exact spelling match; state context and historical boundary equivalence are not established.
East & West Godavari,Andhra Pradesh,,,,unmatched,none,UNMATCHED,HISTORICAL_BOUNDARY_REVIEW_REQUIRED,No exact or transparent normalized Census boundary name match.
East & West Purba Purba Medinipur,West Bengal,,,,unmatched,none,UNMATCHED,HISTORICAL_BOUNDARY_REVIEW_REQUIRED,No exact or transparent normalized Census boundary name match.
East East Jaintia Hills,Meghalaya,,,,unmatched,none,UNMATCHED,HISTORICAL_BOUNDARY_REVIEW_REQUIRED,No exact or transparent normalized Census boundary name match.
East Garo Hills,Meghalaya,East Garo Hills,Meghalaya,294,exact_name_candidate,exact_name,REQUIRES_MANUAL_VERIFICATION,HISTORICAL_BOUNDARY_REVIEW_REQUIRED,Exact spelling match; state context and historical boundary equivalence are not established.
East Godavari,Andhra Pradesh; Madhya Pradesh; Telangana,East Godavari,Andhra Pradesh,545,exact_name_candidate,exact_name,REQUIRES_MANUAL_VERIFICATION,HISTORICAL_BOUNDARY_REVIEW_REQUIRED,Exact spelling match; state context and historical boundary equivalence are not established.
East Jaintia Hills,Meghalaya,,,,unmatched,none,UNMATCHED,HISTORICAL_BOUNDARY_REVIEW_REQUIRED,No exact or transparent normalized Census boundary name match.
East Kameng,Arunachal Pradesh; Assam; Jammu and Kashmir; Punjab; Uttar Pradesh,East Kameng,Arunanchal Pradesh,247,exact_name_candidate,exact_name,REQUIRES_MANUAL_VERIFICATION,HISTORICAL_BOUNDARY_REVIEW_REQUIRED,Exact spelling match; state context and historical boundary equivalence are not established.
East Khasi Hills,Meghalaya,East Khasi Hills,Meghalaya,298,exact_name_candidate,exact_name,REQUIRES_MANUAL_VERIFICATION,HISTORICAL_BOUNDARY_REVIEW_REQUIRED,Exact spelling match; state context and historical boundary equivalence are not established.
East Nimar,Andhra Pradesh; Bihar; Gujarat; Haryana; Madhya Pradesh; Maharashtra; Odisha; Punjab; Rajasthan; Uttar Pradesh; West Bengal,East Nimar,Madhya Pradesh,466,exact_name_candidate,exact_name,REQUIRES_MANUAL_VERIFICATION,HISTORICAL_BOUNDARY_REVIEW_REQUIRED,Exact spelling match; state context and historical boundary equivalence are not established.
East Siang,Arunachal Pradesh; Assam; Jammu and Kashmir; Punjab; Uttar Pradesh,East Siang,Arunanchal Pradesh,251,exact_name_candidate,exact_name,REQUIRES_MANUAL_VERIFICATION,HISTORICAL_BOUNDARY_REVIEW_REQUIRED,Exact spelling match; state context and historical boundary equivalence are not established.
East Uttar Kashi Pradesh,Uttar Pradesh; Uttarakhand,,,,unmatched,none,UNMATCHED,HISTORICAL_BOUNDARY_REVIEW_REQUIRED,No exact or transparent normalized Census boundary name match.
East West Singhbhum,Jharkhand,,,,unmatched,none,UNMATCHED,HISTORICAL_BOUNDARY_REVIEW_REQUIRED,No exact or transparent normalized Census boundary name match.
Entire village,Uttarakhand,,,,unmatched,none,UNMATCHED,HISTORICAL_BOUNDARY_REVIEW_REQUIRED,No exact or transparent normalized Census boundary name match.
Ernakulam,Bihar; Haryana; Karnataka; Kerala; Rajasthan; Uttar Pradesh,Ernakulam,Kerala,595,exact_name_candidate,exact_name,REQUIRES_MANUAL_VERIFICATION,HISTORICAL_BOUNDARY_REVIEW_REQUIRED,Exact spelling match; state context and historical boundary equivalence are not established.
Ernakulam Kannur,Kerala,,,,unmatched,none,UNMATCHED,HISTORICAL_BOUNDARY_REVIEW_REQUIRED,No exact or transparent normalized Census boundary name match.
Ernakulam ant Thiruvananthapuram,Kerala,,,,unmatched,none,UNMATCHED,HISTORICAL_BOUNDARY_REVIEW_REQUIRED,No exact or transparent normalized Census boundary name match.
Erode,Tamil Nadu,Erode,Tamil Nadu,610,exact_name_candidate,exact_name,REQUIRES_MANUAL_VERIFICATION,HISTORICAL_BOUNDARY_REVIEW_REQUIRED,Exact spelling match; state context and historical boundary equivalence are not established.
Etah,Arunachal Pradesh; Assam; Bihar; East Rajasthan; Gujarat; Haryana; Himachal Pradesh; Jammu and Kashmir; Kerala; Madhya Pradesh; Maharashtra; Odisha; Punjab; Rajasthan; Uttar Pradesh; Uttar pradesh; Uttarakhand; West Bengal,Etah,Uttar Pradesh,201,exact_name_candidate,exact_name,REQUIRES_MANUAL_VERIFICATION,HISTORICAL_BOUNDARY_REVIEW_REQUIRED,Exact spelling match; state context and historical boundary equivalence are not established.
Etawah,Arunachal Pradesh; Assam; Bihar; East Rajasthan; Gujarat; Haryana; Himachal Pradesh; Jammu and Kashmir; Kerala; Madhya Pradesh; Maharashtra; Odisha; Punjab; Rajasthan; Uttar Pradesh; Uttar pradesh; Uttarakhand; West Bengal,Etawah,Uttar Pradesh,161,exact_name_candidate,exact_name,REQUIRES_MANUAL_VERIFICATION,HISTORICAL_BOUNDARY_REVIEW_REQUIRED,Exact spelling match; state context and historical boundary equivalence are not established.
Faridabad,Bihar; Haryana; Kerala; Madhya Pradesh; Odisha; Punjab; Rajasthan; Uttar Pradesh; West Bengal,Faridabad,Haryana,88,exact_name_candidate,exact_name,REQUIRES_MANUAL_VERIFICATION,HISTORICAL_BOUNDARY_REVIEW_REQUIRED,Exact spelling match; state context and historical boundary equivalence are not established.
Faridkot,Arunachal Pradesh; Assam; Delhi; Haryana; Jammu and Kashmir; Madhya Pradesh; Punjab; Rajasthan; Uttar Pradesh; West Bengal,Faridkot,Punjab,45,exact_name_candidate,exact_name,REQUIRES_MANUAL_VERIFICATION,HISTORICAL_BOUNDARY_REVIEW_REQUIRED,Exact spelling match; state context and historical boundary equivalence are not established.
Farrukhabad,Arunachal Pradesh; Assam; Bihar; East Rajasthan; Gujarat; Haryana; Himachal Pradesh; Jammu and Kashmir; Kerala; Madhya Pradesh; Maharashtra; Odisha; Punjab; Rajasthan; Uttar Pradesh; Uttar pradesh; Uttarakhand; West Bengal,Farrukhabad,Uttar Pradesh,159,exact_name_candidate,exact_name,REQUIRES_MANUAL_VERIFICATION,HISTORICAL_BOUNDARY_REVIEW_REQUIRED,Exact spelling match; state context and historical boundary equivalence are not established.
Fatehabad,Bihar; Haryana; Kerala; Madhya Pradesh; Odisha; Punjab; Rajasthan; Uttar Pradesh; West Bengal,Fatehabad,Haryana,78,exact_name_candidate,exact_name,REQUIRES_MANUAL_VERIFICATION,HISTORICAL_BOUNDARY_REVIEW_REQUIRED,Exact spelling match; state context and historical boundary equivalence are not established.
Fatehgarh Sahib,Arunachal Pradesh; Assam; Delhi; Haryana; Jammu and Kashmir; Madhya Pradesh; Punjab; Rajasthan; Uttar Pradesh; West Bengal,Fatehgarh Sahib,Punjab,40,exact_name_candidate,exact_name,REQUIRES_MANUAL_VERIFICATION,HISTORICAL_BOUNDARY_REVIEW_REQUIRED,Exact spelling match; state context and historical boundary equivalence are not established.
Fatehpur,Arunachal Pradesh; Assam; Bihar; East Rajasthan; Gujarat; Haryana; Himachal Pradesh; Jammu and Kashmir; Kerala; Madhya Pradesh; Maharashtra; Odisha; Punjab; Rajasthan; Uttar Pradesh; Uttar pradesh; Uttarakhand; West Bengal,Fatehpur,Uttar Pradesh,172,exact_name_candidate,exact_name,REQUIRES_MANUAL_VERIFICATION,HISTORICAL_BOUNDARY_REVIEW_REQUIRED,Exact spelling match; state context and historical boundary equivalence are not established.
Fazilka,Arunachal Pradesh; Assam; Delhi; Haryana; Jammu and Kashmir; Madhya Pradesh; Punjab; Rajasthan; Uttar Pradesh; West Bengal,,,,unmatched,none,UNMATCHED,HISTORICAL_BOUNDARY_REVIEW_REQUIRED,No exact or transparent normalized Census boundary name match.
Ferozepur,Arunachal Pradesh; Assam; Delhi; Haryana; Jammu and Kashmir; Madhya Pradesh; Punjab; Rajasthan; Uttar Pradesh; West Bengal,,,,unmatched,none,UNMATCHED,HISTORICAL_BOUNDARY_REVIEW_REQUIRED,No exact or transparent normalized Census boundary name match.
Few districts,Maharashtra,,,,unmatched,none,UNMATCHED,HISTORICAL_BOUNDARY_REVIEW_REQUIRED,No exact or transparent normalized Census boundary name match.
Firozabad,Arunachal Pradesh; Assam; Bihar; East Rajasthan; Gujarat; Haryana; Himachal Pradesh; Jammu and Kashmir; Kerala; Madhya Pradesh; Maharashtra; Odisha; Punjab; Rajasthan; Uttar Pradesh; Uttar pradesh; Uttarakhand; West Bengal,Firozabad,Uttar Pradesh,147,exact_name_candidate,exact_name,REQUIRES_MANUAL_VERIFICATION,HISTORICAL_BOUNDARY_REVIEW_REQUIRED,Exact spelling match; state context and historical boundary equivalence are not established.
Gadag,Karnataka; Kerala,Gadag,Karnataka,561,exact_name_candidate,exact_name,REQUIRES_MANUAL_VERIFICATION,HISTORICAL_BOUNDARY_REVIEW_REQUIRED,Exact spelling match; state context and historical boundary equivalence are not established.
Gadchiroli,Bihar; Gujarat; Madhya Pradesh; Maharashtra; Rajasthan; Telangana; Uttar Pradesh,,,,unmatched,none,UNMATCHED,HISTORICAL_BOUNDARY_REVIEW_REQUIRED,No exact or transparent normalized Census boundary name match.
Gadchiroli Yavotmal,Maharashtra,,,,unmatched,none,UNMATCHED,HISTORICAL_BOUNDARY_REVIEW_REQUIRED,No exact or transparent normalized Census boundary name match.
Gajapati,Andhra Pradesh; Assam; Bihar; Haryana; Madhya Pradesh; Odisha; Rajasthan; Uttar Pradesh; West Bengal,Gajapati,Odisha,389,exact_name_candidate,exact_name,REQUIRES_MANUAL_VERIFICATION,HISTORICAL_BOUNDARY_REVIEW_REQUIRED,Exact spelling match; state context and historical boundary equivalence are not established.
Ganderbal,Arunachal Pradesh; Assam; Delhi; Jammu & Kashmir; Jammu and Kashmir; Punjab; Uttar Pradesh,Ganderbal,Jammu & Kashmir,11,exact_name_candidate,exact_name,REQUIRES_MANUAL_VERIFICATION,HISTORICAL_BOUNDARY_REVIEW_REQUIRED,Exact spelling match; state context and historical boundary equivalence are not established.
Gandhinagar,Bihar; Gujarat; Madhya Pradesh; Maharashtra; Rajasthan; Uttar Pradesh,Gandhinagar,Gujarat,473,exact_name_candidate,exact_name,REQUIRES_MANUAL_VERIFICATION,HISTORICAL_BOUNDARY_REVIEW_REQUIRED,Exact spelling match; state context and historical boundary equivalence are not established.
Ganganagar,Bihar; Gujarat; Haryana; Kerala; Madhya Pradesh; Maharashtra; Odisha; Punjab; Rajasthan; Uttar Pradesh,Ganganagar,Rajasthan,99,exact_name_candidate,exact_name,REQUIRES_MANUAL_VERIFICATION,HISTORICAL_BOUNDARY_REVIEW_REQUIRED,Exact spelling match; state context and historical boundary equivalence are not established.
Gangtok,Sikkim,,,,unmatched,none,UNMATCHED,HISTORICAL_BOUNDARY_REVIEW_REQUIRED,No exact or transparent normalized Census boundary name match.
Ganjam,Andhra Pradesh; Assam; Bihar; Haryana; Madhya Pradesh; Odisha; Rajasthan; Uttar Pradesh; West Bengal,Ganjam,Odisha,388,exact_name_candidate,exact_name,REQUIRES_MANUAL_VERIFICATION,HISTORICAL_BOUNDARY_REVIEW_REQUIRED,Exact spelling match; state context and historical boundary equivalence are not established.
Garhwa,Jharkhand,Garhwa,Jharkhand,346,exact_name_candidate,exact_name,REQUIRES_MANUAL_VERIFICATION,HISTORICAL_BOUNDARY_REVIEW_REQUIRED,Exact spelling match; state context and historical boundary equivalence are not established.
Garhwal,Uttar Pradesh; Uttarakhand,Garhwal,Uttarakhand,61,exact_name_candidate,exact_name,REQUIRES_MANUAL_VERIFICATION,HISTORICAL_BOUNDARY_REVIEW_REQUIRED,Exact spelling match; state context and historical boundary equivalence are not established.
Gautam Buddha Nagar,Arunachal Pradesh; Assam; Bihar; East Rajasthan; Gujarat; Haryana; Himachal Pradesh; Jammu and Kashmir; Kerala; Madhya Pradesh; Maharashtra; Odisha; Punjab; Rajasthan; Uttar Pradesh; Uttar pradesh; Uttarakhand; West Bengal,Gautam Buddha Nagar,Uttar Pradesh,141,exact_name_candidate,exact_name,REQUIRES_MANUAL_VERIFICATION,HISTORICAL_BOUNDARY_REVIEW_REQUIRED,Exact spelling match; state context and historical boundary equivalence are not established.
Gaya,Andhra Pradesh; Assam; Bihar; Gujarat; Haryana; Himachal Pradesh; Kerala; Madhya Pradesh; Maharashtra; Odisha; Rajasthan; Uttar Pradesh; Uttar pradesh; West Bengal,Gaya,Bihar,236,exact_name_candidate,exact_name,REQUIRES_MANUAL_VERIFICATION,HISTORICAL_BOUNDARY_REVIEW_REQUIRED,Exact spelling match; state context and historical boundary equivalence are not established.
Ghat area,Maharashtra,,,,unmatched,none,UNMATCHED,HISTORICAL_BOUNDARY_REVIEW_REQUIRED,No exact or transparent normalized Census boundary name match.
Ghaziabad,Arunachal Pradesh; Assam; Bihar; East Rajasthan; Gujarat; Haryana; Himachal Pradesh; Jammu and Kashmir; Kerala; Madhya Pradesh; Maharashtra; Odisha; Punjab; Rajasthan; Uttar Pradesh; Uttar pradesh; Uttarakhand; West Bengal,Ghaziabad,Uttar Pradesh,140,exact_name_candidate,exact_name,REQUIRES_MANUAL_VERIFICATION,HISTORICAL_BOUNDARY_REVIEW_REQUIRED,Exact spelling match; state context and historical boundary equivalence are not established.
Ghazipur,Bihar; Uttar Pradesh,Ghazipur,Uttar Pradesh,195,exact_name_candidate,exact_name,REQUIRES_MANUAL_VERIFICATION,HISTORICAL_BOUNDARY_REVIEW_REQUIRED,Exact spelling match; state context and historical boundary equivalence are not established.
Ghazipurr,Arunachal Pradesh; Assam; Bihar; East Rajasthan; Gujarat; Haryana; Himachal Pradesh; Jammu and Kashmir; Kerala; Madhya Pradesh; Maharashtra; Odisha; Punjab; Rajasthan; Uttar Pradesh; Uttar pradesh; Uttarakhand; West Bengal,,,,unmatched,none,UNMATCHED,HISTORICAL_BOUNDARY_REVIEW_REQUIRED,No exact or transparent normalized Census boundary name match.
Gir Somnath,Bihar; Gujarat; Madhya Pradesh; Maharashtra; Rajasthan; Uttar Pradesh,,,,unmatched,none,UNMATCHED,HISTORICAL_BOUNDARY_REVIEW_REQUIRED,No exact or transparent normalized Census boundary name match.
Giridih,Jharkhand,Giridih,Jharkhand,349,exact_name_candidate,exact_name,REQUIRES_MANUAL_VERIFICATION,HISTORICAL_BOUNDARY_REVIEW_REQUIRED,Exact spelling match; state context and historical boundary equivalence are not established.
Goa,Daman and Diu,,,,unmatched,none,UNMATCHED,HISTORICAL_BOUNDARY_REVIEW_REQUIRED,No exact or transparent normalized Census boundary name match.
Goalpara,Arunachal Pradesh; Assam; Bihar; Jammu and Kashmir; Kerala; Manipur; Odisha; Punjab; Uttar Pradesh; West Bengal,Goalpara,Assam,302,exact_name_candidate,exact_name,REQUIRES_MANUAL_VERIFICATION,HISTORICAL_BOUNDARY_REVIEW_REQUIRED,Exact spelling match; state context and historical boundary equivalence are not established.
Godda,Bihar; Jharkhand,Godda,Jharkhand,351,exact_name_candidate,exact_name,REQUIRES_MANUAL_VERIFICATION,HISTORICAL_BOUNDARY_REVIEW_REQUIRED,Exact spelling match; state context and historical boundary equivalence are not established.
Golaghat,Arunachal Pradesh; Assam; Bihar; Jammu and Kashmir; Kerala; Odisha; Punjab; Uttar Pradesh; West Bengal,Golaghat,Assam,313,exact_name_candidate,exact_name,REQUIRES_MANUAL_VERIFICATION,HISTORICAL_BOUNDARY_REVIEW_REQUIRED,Exact spelling match; state context and historical boundary equivalence are not established.
Gomati,Tripura,,,,unmatched,none,UNMATCHED,HISTORICAL_BOUNDARY_REVIEW_REQUIRED,No exact or transparent normalized Census boundary name match.
Gonda,Arunachal Pradesh; Assam; Bihar; Chhattisgarh; East Rajasthan; Gujarat; Haryana; Himachal Pradesh; Jammu and Kashmir; Kerala; Madhya Pradesh; Maharashtra; Odisha; Punjab; Rajasthan; Uttar Pradesh; Uttar pradesh; Uttarakhand; West Bengal,Gonda,Uttar Pradesh,183,exact_name_candidate,exact_name,REQUIRES_MANUAL_VERIFICATION,HISTORICAL_BOUNDARY_REVIEW_REQUIRED,Exact spelling match; state context and historical boundary equivalence are not established.
Gondia,Bihar; Gujarat; Madhya Pradesh; Maharashtra; Rajasthan; Telangana; Uttar Pradesh,,,,unmatched,none,UNMATCHED,HISTORICAL_BOUNDARY_REVIEW_REQUIRED,No exact or transparent normalized Census boundary name match.
Gopalganj,Andhra Pradesh; Assam; Bihar; Gujarat; Haryana; Himachal Pradesh; Jharkhand; Kerala; Madhya Pradesh; Maharashtra; Odisha; Rajasthan; Uttar Pradesh; Uttar pradesh; West Bengal,Gopalganj,Bihar,217,exact_name_candidate,exact_name,REQUIRES_MANUAL_VERIFICATION,HISTORICAL_BOUNDARY_REVIEW_REQUIRED,Exact spelling match; state context and historical boundary equivalence are not established.
Gorakhpur,Arunachal Pradesh; Assam; Bihar; East Rajasthan; Gujarat; Haryana; Himachal Pradesh; Jammu and Kashmir; Kerala; Madhya Pradesh; Maharashtra; Odisha; Punjab; Rajasthan; Uttar Pradesh; Uttar pradesh; Uttarakhand; West Bengal,Gorakhpur,Uttar Pradesh,188,exact_name_candidate,exact_name,REQUIRES_MANUAL_VERIFICATION,HISTORICAL_BOUNDARY_REVIEW_REQUIRED,Exact spelling match; state context and historical boundary equivalence are not established.
Greater Kolkata area,West Bengal,,,,unmatched,none,UNMATCHED,HISTORICAL_BOUNDARY_REVIEW_REQUIRED,No exact or transparent normalized Census boundary name match.
Gumla,Jharkhand,Gumla,Jharkhand,366,exact_name_candidate,exact_name,REQUIRES_MANUAL_VERIFICATION,HISTORICAL_BOUNDARY_REVIEW_REQUIRED,Exact spelling match; state context and historical boundary equivalence are not established.
Guna,Andhra Pradesh; Bihar; Chhattisgarh; Gujarat; Haryana; Madhya Pradesh; Maharashtra; Odisha; Punjab; Rajasthan; Uttar Pradesh; West Bengal,Guna,Madhya Pradesh,458,exact_name_candidate,exact_name,REQUIRES_MANUAL_VERIFICATION,HISTORICAL_BOUNDARY_REVIEW_REQUIRED,Exact spelling match; state context and historical boundary equivalence are not established.
Guntur,Andhra Pradesh; Madhya Pradesh; Telangana,Guntur,Andhra Pradesh,548,exact_name_candidate,exact_name,REQUIRES_MANUAL_VERIFICATION,HISTORICAL_BOUNDARY_REVIEW_REQUIRED,Exact spelling match; state context and historical boundary equivalence are not established.
Gurdaspur,Arunachal Pradesh; Assam; Delhi; Haryana; Jammu and Kashmir; Madhya Pradesh; Punjab; Rajasthan; Uttar Pradesh; West Bengal,Gurdaspur,Punjab,35,exact_name_candidate,exact_name,REQUIRES_MANUAL_VERIFICATION,HISTORICAL_BOUNDARY_REVIEW_REQUIRED,Exact spelling match; state context and historical boundary equivalence are not established.
Gurugram,Bihar; Haryana; Kerala; Madhya Pradesh; Odisha; Punjab; Rajasthan; Uttar Pradesh; West Bengal,,,,unmatched,none,UNMATCHED,HISTORICAL_BOUNDARY_REVIEW_REQUIRED,No exact or transparent normalized Census boundary name match.
Gwalior,Andhra Pradesh; Bihar; Gujarat; Haryana; Madhya Pradesh; Maharashtra; Odisha; Punjab; Rajasthan; Uttar Pradesh; West Bengal,Gwalior,Madhya Pradesh,421,exact_name_candidate,exact_name,REQUIRES_MANUAL_VERIFICATION,HISTORICAL_BOUNDARY_REVIEW_REQUIRED,Exact spelling match; state context and historical boundary equivalence are not established.
Gyalshing,Sikkim,,,,unmatched,none,UNMATCHED,HISTORICAL_BOUNDARY_REVIEW_REQUIRED,No exact or transparent normalized Census boundary name match.
Hailakandi,Arunachal Pradesh; Assam; Bihar; Jammu and Kashmir; Kerala; Odisha; Punjab; Uttar Pradesh; West Bengal,Hailakandi,Assam,318,exact_name_candidate,exact_name,REQUIRES_MANUAL_VERIFICATION,HISTORICAL_BOUNDARY_REVIEW_REQUIRED,Exact spelling match; state context and historical boundary equivalence are not established.
Hamirpur,Arunachal Pradesh; Assam; Bihar; East Rajasthan; Gujarat; Haryana; Himachal Pradesh; Jammu and Kashmir; Kerala; Madhya Pradesh; Maharashtra; Odisha; Punjab; Rajasthan; Uttar Pradesh; Uttar pradesh; Uttarakhand; West Bengal,Hamirpur,Himachal Pradesh,28,exact_name_candidate,exact_name,REQUIRES_MANUAL_VERIFICATION,HISTORICAL_BOUNDARY_REVIEW_REQUIRED,Exact spelling match; state context and historical boundary equivalence are not established.
Hamirpur,Arunachal Pradesh; Assam; Bihar; East Rajasthan; Gujarat; Haryana; Himachal Pradesh; Jammu and Kashmir; Kerala; Madhya Pradesh; Maharashtra; Odisha; Punjab; Rajasthan; Uttar Pradesh; Uttar pradesh; Uttarakhand; West Bengal,Hamirpur,Uttar Pradesh,168,exact_name_candidate,exact_name,REQUIRES_MANUAL_VERIFICATION,HISTORICAL_BOUNDARY_REVIEW_REQUIRED,Exact spelling match; state context and historical boundary equivalence are not established.
Hanumangarh,Bihar; Gujarat; Haryana; Kerala; Madhya Pradesh; Maharashtra; Odisha; Punjab; Rajasthan; Uttar Pradesh,Hanumangarh,Rajasthan,100,exact_name_candidate,exact_name,REQUIRES_MANUAL_VERIFICATION,HISTORICAL_BOUNDARY_REVIEW_REQUIRED,Exact spelling match; state context and historical boundary equivalence are not established.
Hapur,Arunachal Pradesh; Assam; Bihar; East Rajasthan; Gujarat; Haryana; Himachal Pradesh; Jammu and Kashmir; Kerala; Madhya Pradesh; Maharashtra; Odisha; Punjab; Rajasthan; Uttar Pradesh; Uttar pradesh; Uttarakhand; West Bengal,,,,unmatched,none,UNMATCHED,HISTORICAL_BOUNDARY_REVIEW_REQUIRED,No exact or transparent normalized Census boundary name match.
Harda,Andhra Pradesh; Bihar; Gujarat; Haryana; Madhya Pradesh; Maharashtra; Odisha; Punjab; Rajasthan; Uttar Pradesh; West Bengal,Harda,Madhya Pradesh,448,exact_name_candidate,exact_name,REQUIRES_MANUAL_VERIFICATION,HISTORICAL_BOUNDARY_REVIEW_REQUIRED,Exact spelling match; state context and historical boundary equivalence are not established.
Hardoi,Arunachal Pradesh; Assam; Bihar; East Rajasthan; Gujarat; Haryana; Himachal Pradesh; Jammu and Kashmir; Kerala; Madhya Pradesh; Maharashtra; Odisha; Punjab; Rajasthan; Uttar Pradesh; Uttar pradesh; Uttarakhand; West Bengal,Hardoi,Uttar Pradesh,155,exact_name_candidate,exact_name,REQUIRES_MANUAL_VERIFICATION,HISTORICAL_BOUNDARY_REVIEW_REQUIRED,Exact spelling match; state context and historical boundary equivalence are not established.
Haridwar,Uttar Pradesh; Uttarakhand,,,,unmatched,none,UNMATCHED,HISTORICAL_BOUNDARY_REVIEW_REQUIRED,No exact or transparent normalized Census boundary name match.
Hassan,Karnataka; Kerala,Hassan,Karnataka,574,exact_name_candidate,exact_name,REQUIRES_MANUAL_VERIFICATION,HISTORICAL_BOUNDARY_REVIEW_REQUIRED,Exact spelling match; state context and historical boundary equivalence are not established.
Hathras,Arunachal Pradesh; Assam; Bihar; East Rajasthan; Gujarat; Haryana; Himachal Pradesh; Jammu and Kashmir; Kerala; Madhya Pradesh; Maharashtra; Odisha; Punjab; Rajasthan; Uttar Pradesh; Uttar pradesh; Uttarakhand; West Bengal,,,,unmatched,none,UNMATCHED,HISTORICAL_BOUNDARY_REVIEW_REQUIRED,No exact or transparent normalized Census boundary name match.
Haveri,Karnataka; Kerala,Haveri,Karnataka,564,exact_name_candidate,exact_name,REQUIRES_MANUAL_VERIFICATION,HISTORICAL_BOUNDARY_REVIEW_REQUIRED,Exact spelling match; state context and historical boundary equivalence are not established.
Hazaribagh,Jharkhand,Hazaribagh,Jharkhand,360,exact_name_candidate,exact_name,REQUIRES_MANUAL_VERIFICATION,HISTORICAL_BOUNDARY_REVIEW_REQUIRED,Exact spelling match; state context and historical boundary equivalence are not established.
Heavy rains Hazaribagh,Jharkhand,,,,unmatched,none,UNMATCHED,HISTORICAL_BOUNDARY_REVIEW_REQUIRED,No exact or transparent normalized Census boundary name match.
Hilly areas,Jammu and Kashmir,,,,unmatched,none,UNMATCHED,HISTORICAL_BOUNDARY_REVIEW_REQUIRED,No exact or transparent normalized Census boundary name match.
Hingoli,Bihar; Gujarat; Madhya Pradesh; Maharashtra; Rajasthan; Telangana; Uttar Pradesh,Hingoli,Maharashtra,512,exact_name_candidate,exact_name,REQUIRES_MANUAL_VERIFICATION,HISTORICAL_BOUNDARY_REVIEW_REQUIRED,Exact spelling match; state context and historical boundary equivalence are not established.
Hisar,Bihar; Haryana; Kerala; Madhya Pradesh; Odisha; Punjab; Rajasthan; Uttar Pradesh; West Bengal,Hisar,Haryana,80,exact_name_candidate,exact_name,REQUIRES_MANUAL_VERIFICATION,HISTORICAL_BOUNDARY_REVIEW_REQUIRED,Exact spelling match; state context and historical boundary equivalence are not established.
Hojai,Arunachal Pradesh; Assam; Bihar; Jammu and Kashmir; Kerala; Odisha; Punjab; Uttar Pradesh; West Bengal,,,,unmatched,none,UNMATCHED,HISTORICAL_BOUNDARY_REVIEW_REQUIRED,No exact or transparent normalized Census boundary name match.
Hooghly,Uttar Pradesh; West Bengal,,,,unmatched,none,UNMATCHED,HISTORICAL_BOUNDARY_REVIEW_REQUIRED,No exact or transparent normalized Census boundary name match.
Hoshiarpur,Arunachal Pradesh; Assam; Delhi; Haryana; Jammu and Kashmir; Madhya Pradesh; Punjab; Rajasthan; Uttar Pradesh; West Bengal,Hoshiarpur,Punjab,38,exact_name_candidate,exact_name,REQUIRES_MANUAL_VERIFICATION,HISTORICAL_BOUNDARY_REVIEW_REQUIRED,Exact spelling match; state context and historical boundary equivalence are not established.
Howrah,Uttar Pradesh; West Bengal,,,,unmatched,none,UNMATCHED,HISTORICAL_BOUNDARY_REVIEW_REQUIRED,No exact or transparent normalized Census boundary name match.
Hyderabad,Andhra Pradesh; Karnataka; Maharashtra; Telangana,Hyderabad,Andhra Pradesh,536,exact_name_candidate,exact_name,REQUIRES_MANUAL_VERIFICATION,HISTORICAL_BOUNDARY_REVIEW_REQUIRED,Exact spelling match; state context and historical boundary equivalence are not established.
Hyderabad & Parts of Telangana,Telangana,,,,unmatched,none,UNMATCHED,HISTORICAL_BOUNDARY_REVIEW_REQUIRED,No exact or transparent normalized Census boundary name match.
Idukki,Bihar; Haryana; Karnataka; Kerala; Rajasthan; Uttar Pradesh,Idukki,Kerala,596,exact_name_candidate,exact_name,REQUIRES_MANUAL_VERIFICATION,HISTORICAL_BOUNDARY_REVIEW_REQUIRED,Exact spelling match; state context and historical boundary equivalence are not established.
Imphal East,Manipur,Imphal East,Manipur,278,exact_name_candidate,exact_name,REQUIRES_MANUAL_VERIFICATION,HISTORICAL_BOUNDARY_REVIEW_REQUIRED,Exact spelling match; state context and historical boundary equivalence are not established.
Imphal West,Manipur,Imphal West,Manipur,277,exact_name_candidate,exact_name,REQUIRES_MANUAL_VERIFICATION,HISTORICAL_BOUNDARY_REVIEW_REQUIRED,Exact spelling match; state context and historical boundary equivalence are not established.
Indore,Andhra Pradesh; Bihar; Chhattisgarh; Gujarat; Haryana; Madhya Pradesh; Maharashtra; Odisha; Punjab; Rajasthan; Uttar Pradesh; West Bengal,Indore,Madhya Pradesh,439,exact_name_candidate,exact_name,REQUIRES_MANUAL_VERIFICATION,HISTORICAL_BOUNDARY_REVIEW_REQUIRED,Exact spelling match; state context and historical boundary equivalence are not established.
Itanagar,Arunachal Pradesh,,,,unmatched,none,UNMATCHED,HISTORICAL_BOUNDARY_REVIEW_REQUIRED,No exact or transparent normalized Census boundary name match.
Jabalpur,Andhra Pradesh; Bihar; Chhattisgarh; Gujarat; Haryana; Madhya Pradesh; Maharashtra; Odisha; Punjab; Rajasthan; Uttar Pradesh; West Bengal,Jabalpur,Madhya Pradesh,451,exact_name_candidate,exact_name,REQUIRES_MANUAL_VERIFICATION,HISTORICAL_BOUNDARY_REVIEW_REQUIRED,Exact spelling match; state context and historical boundary equivalence are not established.
Jagatsinghapur,Andhra Pradesh; Assam; Bihar; Haryana; Madhya Pradesh; Odisha; Rajasthan; Uttar Pradesh; West Bengal,Jagatsinghapur,Odisha,380,exact_name_candidate,exact_name,REQUIRES_MANUAL_VERIFICATION,HISTORICAL_BOUNDARY_REVIEW_REQUIRED,Exact spelling match; state context and historical boundary equivalence are not established.
Jagdalpur,Chhattisgarh; Madhya Pradesh,,,,unmatched,none,UNMATCHED,HISTORICAL_BOUNDARY_REVIEW_REQUIRED,No exact or transparent normalized Census boundary name match.
Jagitial,Andhra Pradesh; Maharashtra; Telangana,,,,unmatched,none,UNMATCHED,HISTORICAL_BOUNDARY_REVIEW_REQUIRED,No exact or transparent normalized Census boundary name match.
Jaipur,Bihar; Gujarat; Haryana; Kerala; Madhya Pradesh; Maharashtra; Odisha; Punjab; Rajasthan; Uttar Pradesh,Jaipur,Rajasthan,110,exact_name_candidate,exact_name,REQUIRES_MANUAL_VERIFICATION,HISTORICAL_BOUNDARY_REVIEW_REQUIRED,Exact spelling match; state context and historical boundary equivalence are not established.
Jaisalmer,Bihar; Gujarat; Haryana; Kerala; Madhya Pradesh; Maharashtra; Odisha; Punjab; Rajasthan; Uttar Pradesh,Jaisalmer,Rajasthan,114,exact_name_candidate,exact_name,REQUIRES_MANUAL_VERIFICATION,HISTORICAL_BOUNDARY_REVIEW_REQUIRED,Exact spelling match; state context and historical boundary equivalence are not established.
Jajapur,Andhra Pradesh; Assam; Bihar; Haryana; Madhya Pradesh; Odisha; Rajasthan; Uttar Pradesh; West Bengal,Jajapur,Odisha,382,exact_name_candidate,exact_name,REQUIRES_MANUAL_VERIFICATION,HISTORICAL_BOUNDARY_REVIEW_REQUIRED,Exact spelling match; state context and historical boundary equivalence are not established.
Jalandhar,Arunachal Pradesh; Assam; Delhi; Haryana; Jammu and Kashmir; Madhya Pradesh; Punjab; Rajasthan; Uttar Pradesh; West Bengal,Jalandhar,Punjab,37,exact_name_candidate,exact_name,REQUIRES_MANUAL_VERIFICATION,HISTORICAL_BOUNDARY_REVIEW_REQUIRED,Exact spelling match; state context and historical boundary equivalence are not established.
Jalaun,Arunachal Pradesh; Assam; Bihar; East Rajasthan; Gujarat; Haryana; Himachal Pradesh; Jammu and Kashmir; Kerala; Madhya Pradesh; Maharashtra; Odisha; Punjab; Rajasthan; Uttar Pradesh; Uttar pradesh; West Bengal,Jalaun,Uttar Pradesh,165,exact_name_candidate,exact_name,REQUIRES_MANUAL_VERIFICATION,HISTORICAL_BOUNDARY_REVIEW_REQUIRED,Exact spelling match; state context and historical boundary equivalence are not established.
Jalgaon,Bihar; Gujarat; Madhya Pradesh; Maharashtra; Rajasthan; Telangana; Uttar Pradesh,Jalgaon,Maharashtra,499,exact_name_candidate,exact_name,REQUIRES_MANUAL_VERIFICATION,HISTORICAL_BOUNDARY_REVIEW_REQUIRED,Exact spelling match; state context and historical boundary equivalence are not established.
Jalna,Bihar; Gujarat; Madhya Pradesh; Maharashtra; Rajasthan; Telangana; Uttar Pradesh,Jalna,Maharashtra,514,exact_name_candidate,exact_name,REQUIRES_MANUAL_VERIFICATION,HISTORICAL_BOUNDARY_REVIEW_REQUIRED,Exact spelling match; state context and historical boundary equivalence are not established.
Jalore,Bihar; Gujarat; Haryana; Kerala; Madhya Pradesh; Maharashtra; Odisha; Punjab; Rajasthan; Uttar Pradesh,,,,unmatched,none,UNMATCHED,HISTORICAL_BOUNDARY_REVIEW_REQUIRED,No exact or transparent normalized Census boundary name match.
Jaloree,Rajasthan,,,,unmatched,none,UNMATCHED,HISTORICAL_BOUNDARY_REVIEW_REQUIRED,No exact or transparent normalized Census boundary name match.
Jalpaiguri,Andhra Pradesh; Assam; Bihar; Chhattisgarh; Haryana; Himachal Pradesh; Kerala; Madhya Pradesh; Odisha; Punjab; Uttar Pradesh; Uttar pradesh; West Bengal,Jalpaiguri,West Bengal,328,exact_name_candidate,exact_name,REQUIRES_MANUAL_VERIFICATION,HISTORICAL_BOUNDARY_REVIEW_REQUIRED,Exact spelling match; state context and historical boundary equivalence are not established.
Jammu,Arunachal Pradesh; Assam; Delhi; Jammu & Kashmir; Jammu and Kashmir; Punjab; Uttar Pradesh,Jammu,Jammu & Kashmir,21,exact_name_candidate,exact_name,REQUIRES_MANUAL_VERIFICATION,HISTORICAL_BOUNDARY_REVIEW_REQUIRED,Exact spelling match; state context and historical boundary equivalence are not established.
Jamnagar,Bihar; Gujarat; Madhya Pradesh; Maharashtra; Rajasthan; Uttar Pradesh,Jamnagar,Gujarat,477,exact_name_candidate,exact_name,REQUIRES_MANUAL_VERIFICATION,HISTORICAL_BOUNDARY_REVIEW_REQUIRED,Exact spelling match; state context and historical boundary equivalence are not established.
Jamtara,Bihar; Jharkhand,Jamtara,Jharkhand,363,exact_name_candidate,exact_name,REQUIRES_MANUAL_VERIFICATION,HISTORICAL_BOUNDARY_REVIEW_REQUIRED,Exact spelling match; state context and historical boundary equivalence are not established.
Jamui,Andhra Pradesh; Assam; Bihar; Gujarat; Haryana; Himachal Pradesh; Kerala; Madhya Pradesh; Maharashtra; Odisha; Rajasthan; Uttar Pradesh; Uttar pradesh; West Bengal,Jamui,Bihar,238,exact_name_candidate,exact_name,REQUIRES_MANUAL_VERIFICATION,HISTORICAL_BOUNDARY_REVIEW_REQUIRED,Exact spelling match; state context and historical boundary equivalence are not established.
Jangoan,Andhra Pradesh; Maharashtra; Telangana,,,,unmatched,none,UNMATCHED,HISTORICAL_BOUNDARY_REVIEW_REQUIRED,No exact or transparent normalized Census boundary name match.
Janjgir-Champa,Chhattisgarh,Janjgir-champa,Chhattisgarh,405,normalized_requires_verification,normalized_name,REQUIRES_MANUAL_VERIFICATION,HISTORICAL_BOUNDARY_REVIEW_REQUIRED,Case/punctuation normalization only; no fuzzy matching; state context and historical equivalence require review.
Jashpur,Chhattisgarh; Madhya Pradesh,Jashpur,Chhattisgarh,402,exact_name_candidate,exact_name,REQUIRES_MANUAL_VERIFICATION,HISTORICAL_BOUNDARY_REVIEW_REQUIRED,Exact spelling match; state context and historical boundary equivalence are not established.
Jaunpur,Arunachal Pradesh; Assam; Bihar; East Rajasthan; Gujarat; Haryana; Himachal Pradesh; Jammu and Kashmir; Kerala; Madhya Pradesh; Maharashtra; Odisha; Punjab; Rajasthan; Uttar Pradesh; Uttar pradesh; Uttarakhand; West Bengal,Jaunpur,Uttar Pradesh,194,exact_name_candidate,exact_name,REQUIRES_MANUAL_VERIFICATION,HISTORICAL_BOUNDARY_REVIEW_REQUIRED,Exact spelling match; state context and historical boundary equivalence are not established.
Jawad,Chhattisgarh; Madhya Pradesh,,,,unmatched,none,UNMATCHED,HISTORICAL_BOUNDARY_REVIEW_REQUIRED,No exact or transparent normalized Census boundary name match.
Jayashankar Bhupalapally,Andhra Pradesh; Maharashtra; Telangana,,,,unmatched,none,UNMATCHED,HISTORICAL_BOUNDARY_REVIEW_REQUIRED,No exact or transparent normalized Census boundary name match.
Jehanabad,Andhra Pradesh; Assam; Bihar; Gujarat; Haryana; Himachal Pradesh; Kerala; Madhya Pradesh; Maharashtra; Odisha; Rajasthan; Uttar Pradesh; Uttar pradesh; West Bengal,Jehanabad,Bihar,239,exact_name_candidate,exact_name,REQUIRES_MANUAL_VERIFICATION,HISTORICAL_BOUNDARY_REVIEW_REQUIRED,Exact spelling match; state context and historical boundary equivalence are not established.
Jhabua,Andhra Pradesh; Bihar; Chhattisgarh; Gujarat; Haryana; Madhya Pradesh; Maharashtra; Odisha; Punjab; Rajasthan; Uttar Pradesh; West Bengal,Jhabua,Madhya Pradesh,464,exact_name_candidate,exact_name,REQUIRES_MANUAL_VERIFICATION,HISTORICAL_BOUNDARY_REVIEW_REQUIRED,Exact spelling match; state context and historical boundary equivalence are not established.
Jhajjar,Bihar; Haryana; Kerala; Madhya Pradesh; Odisha; Punjab; Rajasthan; Uttar Pradesh; West Bengal,Jhajjar,Haryana,83,exact_name_candidate,exact_name,REQUIRES_MANUAL_VERIFICATION,HISTORICAL_BOUNDARY_REVIEW_REQUIRED,Exact spelling match; state context and historical boundary equivalence are not established.
Jhalawar,Bihar; Gujarat; Haryana; Kerala; Madhya Pradesh; Maharashtra; Odisha; Punjab; Rajasthan; Uttar Pradesh,Jhalawar,Rajasthan,129,exact_name_candidate,exact_name,REQUIRES_MANUAL_VERIFICATION,HISTORICAL_BOUNDARY_REVIEW_REQUIRED,Exact spelling match; state context and historical boundary equivalence are not established.
Jhansi,Arunachal Pradesh; Assam; Bihar; East Rajasthan; Gujarat; Haryana; Himachal Pradesh; Jammu and Kashmir; Kerala; Madhya Pradesh; Maharashtra; Odisha; Punjab; Rajasthan; Uttar Pradesh; Uttar pradesh; West Bengal,Jhansi,Uttar Pradesh,166,exact_name_candidate,exact_name,REQUIRES_MANUAL_VERIFICATION,HISTORICAL_BOUNDARY_REVIEW_REQUIRED,Exact spelling match; state context and historical boundary equivalence are not established.
Jharsuguda,Andhra Pradesh; Assam; Bihar; Haryana; Madhya Pradesh; Odisha; Rajasthan; Uttar Pradesh; West Bengal,Jharsuguda,Odisha,371,exact_name_candidate,exact_name,REQUIRES_MANUAL_VERIFICATION,HISTORICAL_BOUNDARY_REVIEW_REQUIRED,Exact spelling match; state context and historical boundary equivalence are not established.
Jhelum,Jammu and Kashmir,,,,unmatched,none,UNMATCHED,HISTORICAL_BOUNDARY_REVIEW_REQUIRED,No exact or transparent normalized Census boundary name match.
Jhunjhunu,Bihar; Gujarat; Haryana; Madhya Pradesh; Maharashtra; Odisha; Punjab; Rajasthan; Uttar Pradesh,,,,unmatched,none,UNMATCHED,HISTORICAL_BOUNDARY_REVIEW_REQUIRED,No exact or transparent normalized Census boundary name match.
Jhunjhunun,Bihar; Haryana; Kerala; Rajasthan; Uttar Pradesh,Jhunjhunun,Rajasthan,103,exact_name_candidate,exact_name,REQUIRES_MANUAL_VERIFICATION,HISTORICAL_BOUNDARY_REVIEW_REQUIRED,Exact spelling match; state context and historical boundary equivalence are not established.
Jind,Bihar; Haryana; Kerala; Madhya Pradesh; Odisha; Punjab; Rajasthan; Uttar Pradesh; West Bengal,Jind,Haryana,77,exact_name_candidate,exact_name,REQUIRES_MANUAL_VERIFICATION,HISTORICAL_BOUNDARY_REVIEW_REQUIRED,Exact spelling match; state context and historical boundary equivalence are not established.
Jiribam,Manipur,,,,unmatched,none,UNMATCHED,HISTORICAL_BOUNDARY_REVIEW_REQUIRED,No exact or transparent normalized Census boundary name match.
Jodhpur,Bihar; Gujarat; Haryana; Kerala; Madhya Pradesh; Maharashtra; Odisha; Punjab; Rajasthan; Uttar Pradesh,Jodhpur,Rajasthan,113,exact_name_candidate,exact_name,REQUIRES_MANUAL_VERIFICATION,HISTORICAL_BOUNDARY_REVIEW_REQUIRED,Exact spelling match; state context and historical boundary equivalence are not established.
Jogulamba Gadwal,Andhra Pradesh; Maharashtra; Telangana,,,,unmatched,none,UNMATCHED,HISTORICAL_BOUNDARY_REVIEW_REQUIRED,No exact or transparent normalized Census boundary name match.
Jorhat,Arunachal Pradesh; Assam; Bihar; Jammu and Kashmir; Kerala; Odisha; Punjab; Uttar Pradesh; West Bengal,Jorhat,Assam,312,exact_name_candidate,exact_name,REQUIRES_MANUAL_VERIFICATION,HISTORICAL_BOUNDARY_REVIEW_REQUIRED,Exact spelling match; state context and historical boundary equivalence are not established.
Junagadh,Bihar; Gujarat; Madhya Pradesh; Maharashtra; Rajasthan; Uttar Pradesh,Junagadh,Gujarat,479,exact_name_candidate,exact_name,REQUIRES_MANUAL_VERIFICATION,HISTORICAL_BOUNDARY_REVIEW_REQUIRED,Exact spelling match; state context and historical boundary equivalence are not established.
Kabeerdham,Chhattisgarh,Kabeerdham,Chhattisgarh,407,exact_name_candidate,exact_name,REQUIRES_MANUAL_VERIFICATION,HISTORICAL_BOUNDARY_REVIEW_REQUIRED,Exact spelling match; state context and historical boundary equivalence are not established.
Kachchh,Bihar; Gujarat; Madhya Pradesh; Maharashtra; Rajasthan; Uttar Pradesh,Kachchh,Gujarat,468,exact_name_candidate,exact_name,REQUIRES_MANUAL_VERIFICATION,HISTORICAL_BOUNDARY_REVIEW_REQUIRED,Exact spelling match; state context and historical boundary equivalence are not established.
Kaimur (Bhabua),Andhra Pradesh; Assam; Bihar; Gujarat; Haryana; Himachal Pradesh; Kerala; Madhya Pradesh; Maharashtra; Odisha; Rajasthan; Uttar Pradesh; Uttar pradesh; West Bengal,Kaimur (bhabua),Bihar,233,normalized_requires_verification,normalized_name,REQUIRES_MANUAL_VERIFICATION,HISTORICAL_BOUNDARY_REVIEW_REQUIRED,Case/punctuation normalization only; no fuzzy matching; state context and historical equivalence require review.
Kaithal,Bihar; Haryana; Kerala; Madhya Pradesh; Odisha; Punjab; Rajasthan; Uttar Pradesh; West Bengal,Kaithal,Haryana,73,exact_name_candidate,exact_name,REQUIRES_MANUAL_VERIFICATION,HISTORICAL_BOUNDARY_REVIEW_REQUIRED,Exact spelling match; state context and historical boundary equivalence are not established.
Kakching,Manipur,,,,unmatched,none,UNMATCHED,HISTORICAL_BOUNDARY_REVIEW_REQUIRED,No exact or transparent normalized Census boundary name match.
Kalaburagi,Karnataka; Kerala,,,,unmatched,none,UNMATCHED,HISTORICAL_BOUNDARY_REVIEW_REQUIRED,No exact or transparent normalized Census boundary name match.
Kalahandi,Andhra Pradesh; Assam; Bihar; Haryana; Madhya Pradesh; Odisha; Rajasthan; Uttar Pradesh; West Bengal,Kalahandi,Odisha,395,exact_name_candidate,exact_name,REQUIRES_MANUAL_VERIFICATION,HISTORICAL_BOUNDARY_REVIEW_REQUIRED,Exact spelling match; state context and historical boundary equivalence are not established.
Kalimpong,West Bengal,,,,unmatched,none,UNMATCHED,HISTORICAL_BOUNDARY_REVIEW_REQUIRED,No exact or transparent normalized Census boundary name match.
Kallakurichi,Tamil Nadu,,,,unmatched,none,UNMATCHED,HISTORICAL_BOUNDARY_REVIEW_REQUIRED,No exact or transparent normalized Census boundary name match.
Kamareddy,Andhra Pradesh; Maharashtra; Telangana,,,,unmatched,none,UNMATCHED,HISTORICAL_BOUNDARY_REVIEW_REQUIRED,No exact or transparent normalized Census boundary name match.
Kamjong,Manipur,,,,unmatched,none,UNMATCHED,HISTORICAL_BOUNDARY_REVIEW_REQUIRED,No exact or transparent normalized Census boundary name match.
Kamle,Arunachal Pradesh; Assam; Jammu and Kashmir; Punjab; Uttar Pradesh,,,,unmatched,none,UNMATCHED,HISTORICAL_BOUNDARY_REVIEW_REQUIRED,No exact or transparent normalized Census boundary name match.
Kamrup,Arunachal Pradesh; Assam; Bihar; Jammu and Kashmir; Kerala; Manipur; Odisha; Punjab; Uttar Pradesh; West Bengal,Kamrup,Assam,321,exact_name_candidate,exact_name,REQUIRES_MANUAL_VERIFICATION,HISTORICAL_BOUNDARY_REVIEW_REQUIRED,Exact spelling match; state context and historical boundary equivalence are not established.
Kamrup Metro,Arunachal Pradesh; Assam; Bihar; Jammu and Kashmir; Kerala; Odisha; Punjab; Uttar Pradesh; West Bengal,,,,unmatched,none,UNMATCHED,HISTORICAL_BOUNDARY_REVIEW_REQUIRED,No exact or transparent normalized Census boundary name match.
Kancheepuram,Tamil Nadu,Kancheepuram,Tamil Nadu,604,exact_name_candidate,exact_name,REQUIRES_MANUAL_VERIFICATION,HISTORICAL_BOUNDARY_REVIEW_REQUIRED,Exact spelling match; state context and historical boundary equivalence are not established.
Kandhamal,Andhra Pradesh; Assam; Bihar; Haryana; Madhya Pradesh; Odisha; Rajasthan; Uttar Pradesh; West Bengal,Kandhamal,Odisha,390,exact_name_candidate,exact_name,REQUIRES_MANUAL_VERIFICATION,HISTORICAL_BOUNDARY_REVIEW_REQUIRED,Exact spelling match; state context and historical boundary equivalence are not established.
Kangpokpi,Manipur,,,,unmatched,none,UNMATCHED,HISTORICAL_BOUNDARY_REVIEW_REQUIRED,No exact or transparent normalized Census boundary name match.
Kangra,Haryana; Himachal Pradesh; Uttar Pradesh,Kangra,Himachal Pradesh,24,exact_name_candidate,exact_name,REQUIRES_MANUAL_VERIFICATION,HISTORICAL_BOUNDARY_REVIEW_REQUIRED,Exact spelling match; state context and historical boundary equivalence are not established.
Kannauj,Arunachal Pradesh; Assam; Bihar; East Rajasthan; Gujarat; Haryana; Himachal Pradesh; Jammu and Kashmir; Kerala; Madhya Pradesh; Maharashtra; Odisha; Punjab; Rajasthan; Uttar Pradesh; Uttar pradesh; West Bengal,Kannauj,Uttar Pradesh,160,exact_name_candidate,exact_name,REQUIRES_MANUAL_VERIFICATION,HISTORICAL_BOUNDARY_REVIEW_REQUIRED,Exact spelling match; state context and historical boundary equivalence are not established.
Kanniyakumari,Tamil Nadu,Kanniyakumari,Tamil Nadu,629,exact_name_candidate,exact_name,REQUIRES_MANUAL_VERIFICATION,HISTORICAL_BOUNDARY_REVIEW_REQUIRED,Exact spelling match; state context and historical boundary equivalence are not established.
Kanniyakumariumari,Tamil Nadu,,,,unmatched,none,UNMATCHED,HISTORICAL_BOUNDARY_REVIEW_REQUIRED,No exact or transparent normalized Census boundary name match.
Kannur,Bihar; Haryana; Karnataka; Kerala; Rajasthan; Uttar Pradesh,Kannur,Kerala,589,exact_name_candidate,exact_name,REQUIRES_MANUAL_VERIFICATION,HISTORICAL_BOUNDARY_REVIEW_REQUIRED,Exact spelling match; state context and historical boundary equivalence are not established.
Kanpur Nagar,Rajasthan,Kanpur Nagar,Uttar Pradesh,164,exact_name_candidate,exact_name,REQUIRES_MANUAL_VERIFICATION,HISTORICAL_BOUNDARY_REVIEW_REQUIRED,Exact spelling match; state context and historical boundary equivalence are not established.
Kanpur nagar,Uttar Pradesh,Kanpur Nagar,Uttar Pradesh,164,normalized_requires_verification,normalized_name,REQUIRES_MANUAL_VERIFICATION,HISTORICAL_BOUNDARY_REVIEW_REQUIRED,Case/punctuation normalization only; no fuzzy matching; state context and historical equivalence require review.
Kanpur nagar Dehat,Arunachal Pradesh; Assam; Bihar; East Rajasthan; Gujarat; Haryana; Himachal Pradesh; Jammu and Kashmir; Kerala; Madhya Pradesh; Maharashtra; Odisha; Punjab; Rajasthan; Uttar Pradesh; Uttar pradesh; Uttarakhand; West Bengal,,,,unmatched,none,UNMATCHED,HISTORICAL_BOUNDARY_REVIEW_REQUIRED,No exact or transparent normalized Census boundary name match.
Kanpur nagar Nagar,Arunachal Pradesh; Assam; Bihar; East Rajasthan; Gujarat; Haryana; Himachal Pradesh; Jammu and Kashmir; Kerala; Madhya Pradesh; Maharashtra; Odisha; Punjab; Rajasthan; Uttar Pradesh; Uttar pradesh; Uttarakhand; West Bengal,,,,unmatched,none,UNMATCHED,HISTORICAL_BOUNDARY_REVIEW_REQUIRED,No exact or transparent normalized Census boundary name match.
Kanpur nagar-Dehat,Uttar Pradesh,,,,unmatched,none,UNMATCHED,HISTORICAL_BOUNDARY_REVIEW_REQUIRED,No exact or transparent normalized Census boundary name match.
Kapurthala,Arunachal Pradesh; Assam; Delhi; Haryana; Jammu and Kashmir; Madhya Pradesh; Punjab; Rajasthan; Uttar Pradesh; West Bengal,Kapurthala,Punjab,36,exact_name_candidate,exact_name,REQUIRES_MANUAL_VERIFICATION,HISTORICAL_BOUNDARY_REVIEW_REQUIRED,Exact spelling match; state context and historical boundary equivalence are not established.
Karaikal,Puducherry; Tamil Nadu,Karaikal,Puducherry,637,exact_name_candidate,exact_name,REQUIRES_MANUAL_VERIFICATION,HISTORICAL_BOUNDARY_REVIEW_REQUIRED,Exact spelling match; state context and historical boundary equivalence are not established.
Karauli,Bihar; Gujarat; Haryana; Kerala; Madhya Pradesh; Maharashtra; Odisha; Punjab; Rajasthan; Uttar Pradesh,Karauli,Rajasthan,107,exact_name_candidate,exact_name,REQUIRES_MANUAL_VERIFICATION,HISTORICAL_BOUNDARY_REVIEW_REQUIRED,Exact spelling match; state context and historical boundary equivalence are not established.
Karbi Anglong,Arunachal Pradesh; Assam; Bihar; Jammu and Kashmir; Kerala; Odisha; Punjab; Uttar Pradesh; West Bengal,Karbi Anglong,Assam,314,exact_name_candidate,exact_name,REQUIRES_MANUAL_VERIFICATION,HISTORICAL_BOUNDARY_REVIEW_REQUIRED,Exact spelling match; state context and historical boundary equivalence are not established.
Kargil,Jammu and Kashmir; Ladakh,Kargil,Jammu & Kashmir,4,exact_name_candidate,exact_name,REQUIRES_MANUAL_VERIFICATION,HISTORICAL_BOUNDARY_REVIEW_REQUIRED,Exact spelling match; state context and historical boundary equivalence are not established.
Karimganj,Arunachal Pradesh; Assam; Bihar; Jammu and Kashmir; Kerala; Manipur; Odisha; Punjab; Tripura; Uttar Pradesh; West Bengal,Karimganj,Assam,317,exact_name_candidate,exact_name,REQUIRES_MANUAL_VERIFICATION,HISTORICAL_BOUNDARY_REVIEW_REQUIRED,Exact spelling match; state context and historical boundary equivalence are not established.
Karimnagar,Andhra Pradesh; Maharashtra; Telangana,Karimnagar,Andhra Pradesh,534,exact_name_candidate,exact_name,REQUIRES_MANUAL_VERIFICATION,HISTORICAL_BOUNDARY_REVIEW_REQUIRED,Exact spelling match; state context and historical boundary equivalence are not established.
Karnal,Bihar; Haryana; Kerala; Madhya Pradesh; Odisha; Punjab; Rajasthan; Uttar Pradesh; West Bengal,Karnal,Haryana,74,exact_name_candidate,exact_name,REQUIRES_MANUAL_VERIFICATION,HISTORICAL_BOUNDARY_REVIEW_REQUIRED,Exact spelling match; state context and historical boundary equivalence are not established.
Karur,Tamil Nadu,Karur,Tamil Nadu,613,exact_name_candidate,exact_name,REQUIRES_MANUAL_VERIFICATION,HISTORICAL_BOUNDARY_REVIEW_REQUIRED,Exact spelling match; state context and historical boundary equivalence are not established.
Kasaragod,Bihar; Haryana; Karnataka; Kerala; Rajasthan; Uttar Pradesh,Kasaragod,Kerala,588,exact_name_candidate,exact_name,REQUIRES_MANUAL_VERIFICATION,HISTORICAL_BOUNDARY_REVIEW_REQUIRED,Exact spelling match; state context and historical boundary equivalence are not established.
Kasganj,Arunachal Pradesh; Assam; Bihar; East Rajasthan; Gujarat; Haryana; Himachal Pradesh; Jammu and Kashmir; Kerala; Madhya Pradesh; Maharashtra; Odisha; Punjab; Rajasthan; Uttar Pradesh; Uttar pradesh; Uttarakhand; West Bengal,,,,unmatched,none,UNMATCHED,HISTORICAL_BOUNDARY_REVIEW_REQUIRED,No exact or transparent normalized Census boundary name match.
Kashmir,Jammu and Kashmir,,,,unmatched,none,UNMATCHED,HISTORICAL_BOUNDARY_REVIEW_REQUIRED,No exact or transparent normalized Census boundary name match.
Kashmir Valley,Jammu and Kashmir,,,,unmatched,none,UNMATCHED,HISTORICAL_BOUNDARY_REVIEW_REQUIRED,No exact or transparent normalized Census boundary name match.
Kashmir valley,Jammu and Kashmir,,,,unmatched,none,UNMATCHED,HISTORICAL_BOUNDARY_REVIEW_REQUIRED,No exact or transparent normalized Census boundary name match.
Kathua,Arunachal Pradesh; Assam; Delhi; Jammu & Kashmir; Jammu and Kashmir; Punjab; Uttar Pradesh,Kathua,Jammu & Kashmir,7,exact_name_candidate,exact_name,REQUIRES_MANUAL_VERIFICATION,HISTORICAL_BOUNDARY_REVIEW_REQUIRED,Exact spelling match; state context and historical boundary equivalence are not established.
Katihar,Andhra Pradesh; Assam; Bihar; Gujarat; Haryana; Himachal Pradesh; Jharkhand; Kerala; Madhya Pradesh; Maharashtra; Odisha; Rajasthan; Uttar Pradesh; Uttar pradesh; West Bengal,Katihar,Bihar,212,exact_name_candidate,exact_name,REQUIRES_MANUAL_VERIFICATION,HISTORICAL_BOUNDARY_REVIEW_REQUIRED,Exact spelling match; state context and historical boundary equivalence are not established.
Katni,Andhra Pradesh; Bihar; Gujarat; Haryana; Madhya Pradesh; Maharashtra; Odisha; Punjab; Rajasthan; Uttar Pradesh; West Bengal,Katni,Madhya Pradesh,450,exact_name_candidate,exact_name,REQUIRES_MANUAL_VERIFICATION,HISTORICAL_BOUNDARY_REVIEW_REQUIRED,Exact spelling match; state context and historical boundary equivalence are not established.
Kaushambi,Arunachal Pradesh; Assam; Bihar; East Rajasthan; Gujarat; Haryana; Himachal Pradesh; Jammu and Kashmir; Kerala; Madhya Pradesh; Maharashtra; Odisha; Punjab; Rajasthan; Uttar Pradesh; Uttar pradesh; West Bengal,Kaushambi,Uttar Pradesh,174,exact_name_candidate,exact_name,REQUIRES_MANUAL_VERIFICATION,HISTORICAL_BOUNDARY_REVIEW_REQUIRED,Exact spelling match; state context and historical boundary equivalence are not established.
Kendrapara,Andhra Pradesh; Assam; Bihar; Haryana; Madhya Pradesh; Odisha; Rajasthan; Uttar Pradesh; West Bengal,Kendrapara,Odisha,379,exact_name_candidate,exact_name,REQUIRES_MANUAL_VERIFICATION,HISTORICAL_BOUNDARY_REVIEW_REQUIRED,Exact spelling match; state context and historical boundary equivalence are not established.
Kendujhar,Andhra Pradesh; Assam; Bihar; Haryana; Madhya Pradesh; Odisha; Rajasthan; Uttar Pradesh; West Bengal,Kendujhar,Odisha,375,exact_name_candidate,exact_name,REQUIRES_MANUAL_VERIFICATION,HISTORICAL_BOUNDARY_REVIEW_REQUIRED,Exact spelling match; state context and historical boundary equivalence are not established.
Khagaria,Andhra Pradesh; Assam; Bihar; Gujarat; Haryana; Himachal Pradesh; Jharkhand; Kerala; Madhya Pradesh; Maharashtra; Odisha; Rajasthan; Uttar Pradesh; Uttar pradesh; West Bengal,Khagaria,Bihar,223,exact_name_candidate,exact_name,REQUIRES_MANUAL_VERIFICATION,HISTORICAL_BOUNDARY_REVIEW_REQUIRED,Exact spelling match; state context and historical boundary equivalence are not established.
Khammam,Andhra Pradesh; Maharashtra; Telangana,Khammam,Andhra Pradesh,541,exact_name_candidate,exact_name,REQUIRES_MANUAL_VERIFICATION,HISTORICAL_BOUNDARY_REVIEW_REQUIRED,Exact spelling match; state context and historical boundary equivalence are not established.
Khargone (Khargone (West Nimar)),Andhra Pradesh; Bihar; Chhattisgarh; Gujarat; Haryana; Madhya Pradesh; Maharashtra; Odisha; Punjab; Rajasthan; Uttar Pradesh; West Bengal,,,,unmatched,none,UNMATCHED,HISTORICAL_BOUNDARY_REVIEW_REQUIRED,No exact or transparent normalized Census boundary name match.
Kheda,Bihar; Gujarat; Madhya Pradesh; Maharashtra; Rajasthan; Uttar Pradesh,Kheda,Gujarat,483,exact_name_candidate,exact_name,REQUIRES_MANUAL_VERIFICATION,HISTORICAL_BOUNDARY_REVIEW_REQUIRED,Exact spelling match; state context and historical boundary equivalence are not established.
Kheri,Arunachal Pradesh; Assam; Bihar; East Rajasthan; Gujarat; Haryana; Himachal Pradesh; Jammu and Kashmir; Kerala; Madhya Pradesh; Maharashtra; Odisha; Punjab; Rajasthan; Uttar Pradesh; Uttar pradesh; Uttarakhand; West Bengal,Kheri,Uttar Pradesh,153,exact_name_candidate,exact_name,REQUIRES_MANUAL_VERIFICATION,HISTORICAL_BOUNDARY_REVIEW_REQUIRED,Exact spelling match; state context and historical boundary equivalence are not established.
Khordha,Andhra Pradesh; Assam; Bihar; Haryana; Madhya Pradesh; Odisha; Rajasthan; Uttar Pradesh; West Bengal,Khordha,Odisha,386,exact_name_candidate,exact_name,REQUIRES_MANUAL_VERIFICATION,HISTORICAL_BOUNDARY_REVIEW_REQUIRED,Exact spelling match; state context and historical boundary equivalence are not established.
Khowai,Tripura,,,,unmatched,none,UNMATCHED,HISTORICAL_BOUNDARY_REVIEW_REQUIRED,No exact or transparent normalized Census boundary name match.
Khunti,Jharkhand,Khunti,Jharkhand,365,exact_name_candidate,exact_name,REQUIRES_MANUAL_VERIFICATION,HISTORICAL_BOUNDARY_REVIEW_REQUIRED,Exact spelling match; state context and historical boundary equivalence are not established.
Khurja,Uttar Pradesh,,,,unmatched,none,UNMATCHED,HISTORICAL_BOUNDARY_REVIEW_REQUIRED,No exact or transparent normalized Census boundary name match.
Kinnaur,Himachal Pradesh; Uttar Pradesh,Kinnaur,Himachal Pradesh,34,exact_name_candidate,exact_name,REQUIRES_MANUAL_VERIFICATION,HISTORICAL_BOUNDARY_REVIEW_REQUIRED,Exact spelling match; state context and historical boundary equivalence are not established.
Kiphire,Nagaland,Kiphire,Nagaland,269,exact_name_candidate,exact_name,REQUIRES_MANUAL_VERIFICATION,HISTORICAL_BOUNDARY_REVIEW_REQUIRED,Exact spelling match; state context and historical boundary equivalence are not established.
Kishanganj,Andhra Pradesh; Assam; Bihar; Gujarat; Haryana; Himachal Pradesh; Jharkhand; Kerala; Madhya Pradesh; Maharashtra; Odisha; Rajasthan; Uttar Pradesh; Uttar pradesh; West Bengal,Kishanganj,Bihar,210,exact_name_candidate,exact_name,REQUIRES_MANUAL_VERIFICATION,HISTORICAL_BOUNDARY_REVIEW_REQUIRED,Exact spelling match; state context and historical boundary equivalence are not established.
Kishtwar,Arunachal Pradesh; Assam; Delhi; Jammu & Kashmir; Jammu and Kashmir; Punjab; Uttar Pradesh,Kishtwar,Jammu & Kashmir,18,exact_name_candidate,exact_name,REQUIRES_MANUAL_VERIFICATION,HISTORICAL_BOUNDARY_REVIEW_REQUIRED,Exact spelling match; state context and historical boundary equivalence are not established.
Kochi,Kerala,,,,unmatched,none,UNMATCHED,HISTORICAL_BOUNDARY_REVIEW_REQUIRED,No exact or transparent normalized Census boundary name match.
Kodagu,Karnataka; Kerala,Kodagu,Karnataka,576,exact_name_candidate,exact_name,REQUIRES_MANUAL_VERIFICATION,HISTORICAL_BOUNDARY_REVIEW_REQUIRED,Exact spelling match; state context and historical boundary equivalence are not established.
Koderma,Jharkhand,,,,unmatched,none,UNMATCHED,HISTORICAL_BOUNDARY_REVIEW_REQUIRED,No exact or transparent normalized Census boundary name match.
Kohima,Nagaland,Kohima,Nagaland,270,exact_name_candidate,exact_name,REQUIRES_MANUAL_VERIFICATION,HISTORICAL_BOUNDARY_REVIEW_REQUIRED,Exact spelling match; state context and historical boundary equivalence are not established.
Kokrajhar,Arunachal Pradesh; Assam; Bihar; Jammu and Kashmir; Kerala; Odisha; Punjab; Uttar Pradesh; West Bengal,Kokrajhar,Assam,300,exact_name_candidate,exact_name,REQUIRES_MANUAL_VERIFICATION,HISTORICAL_BOUNDARY_REVIEW_REQUIRED,Exact spelling match; state context and historical boundary equivalence are not established.
Kokrajhar Darrang,Assam,,,,unmatched,none,UNMATCHED,HISTORICAL_BOUNDARY_REVIEW_REQUIRED,No exact or transparent normalized Census boundary name match.
Kolar,Karnataka; Kerala,Kolar,Karnataka,581,exact_name_candidate,exact_name,REQUIRES_MANUAL_VERIFICATION,HISTORICAL_BOUNDARY_REVIEW_REQUIRED,Exact spelling match; state context and historical boundary equivalence are not established.
Kolasib,Mizoram,Kolasib,Mizoram,282,exact_name_candidate,exact_name,REQUIRES_MANUAL_VERIFICATION,HISTORICAL_BOUNDARY_REVIEW_REQUIRED,Exact spelling match; state context and historical boundary equivalence are not established.
Kolhapur,Bihar; Gujarat; Madhya Pradesh; Maharashtra; Rajasthan; Telangana; Uttar Pradesh,Kolhapur,Maharashtra,530,exact_name_candidate,exact_name,REQUIRES_MANUAL_VERIFICATION,HISTORICAL_BOUNDARY_REVIEW_REQUIRED,Exact spelling match; state context and historical boundary equivalence are not established.
Kolkata,Uttar Pradesh; West Bengal,Kolkata,West Bengal,342,exact_name_candidate,exact_name,REQUIRES_MANUAL_VERIFICATION,HISTORICAL_BOUNDARY_REVIEW_REQUIRED,Exact spelling match; state context and historical boundary equivalence are not established.
Kollam,Bihar; Haryana; Karnataka; Kerala; Rajasthan; Uttar Pradesh,Kollam,Kerala,600,exact_name_candidate,exact_name,REQUIRES_MANUAL_VERIFICATION,HISTORICAL_BOUNDARY_REVIEW_REQUIRED,Exact spelling match; state context and historical boundary equivalence are not established.
Kollam Kozhikode,Kerala,,,,unmatched,none,UNMATCHED,HISTORICAL_BOUNDARY_REVIEW_REQUIRED,No exact or transparent normalized Census boundary name match.
Koppal,Karnataka; Kerala,Koppal,Karnataka,560,exact_name_candidate,exact_name,REQUIRES_MANUAL_VERIFICATION,HISTORICAL_BOUNDARY_REVIEW_REQUIRED,Exact spelling match; state context and historical boundary equivalence are not established.
Koraput,Andhra Pradesh; Assam; Bihar; Haryana; Madhya Pradesh; Odisha; Rajasthan; Uttar Pradesh; West Bengal,Koraput,Odisha,398,exact_name_candidate,exact_name,REQUIRES_MANUAL_VERIFICATION,HISTORICAL_BOUNDARY_REVIEW_REQUIRED,Exact spelling match; state context and historical boundary equivalence are not established.
Korba,Chhattisgarh,Korba,Chhattisgarh,404,exact_name_candidate,exact_name,REQUIRES_MANUAL_VERIFICATION,HISTORICAL_BOUNDARY_REVIEW_REQUIRED,Exact spelling match; state context and historical boundary equivalence are not established.
Korea,Chhattisgarh,,,,unmatched,none,UNMATCHED,HISTORICAL_BOUNDARY_REVIEW_REQUIRED,No exact or transparent normalized Census boundary name match.
Kota,Bihar; Gujarat; Haryana; Kerala; Madhya Pradesh; Maharashtra; Odisha; Punjab; Rajasthan; Uttar Pradesh,Kota,Rajasthan,127,exact_name_candidate,exact_name,REQUIRES_MANUAL_VERIFICATION,HISTORICAL_BOUNDARY_REVIEW_REQUIRED,Exact spelling match; state context and historical boundary equivalence are not established.
Kottayam,Bihar; Haryana; Karnataka; Kerala; Rajasthan; Uttar Pradesh,Kottayam,Kerala,597,exact_name_candidate,exact_name,REQUIRES_MANUAL_VERIFICATION,HISTORICAL_BOUNDARY_REVIEW_REQUIRED,Exact spelling match; state context and historical boundary equivalence are not established.
Kozhikode,Bihar; Haryana; Karnataka; Kerala; Rajasthan; Uttar Pradesh,Kozhikode,Kerala,591,exact_name_candidate,exact_name,REQUIRES_MANUAL_VERIFICATION,HISTORICAL_BOUNDARY_REVIEW_REQUIRED,Exact spelling match; state context and historical boundary equivalence are not established.
Kra Daadi,Arunachal Pradesh; Assam; Jammu and Kashmir; Punjab; Uttar Pradesh,,,,unmatched,none,UNMATCHED,HISTORICAL_BOUNDARY_REVIEW_REQUIRED,No exact or transparent normalized Census boundary name match.
Krishna,Andhra Pradesh; Karnataka; Madhya Pradesh; Telangana,Krishna,Andhra Pradesh,547,exact_name_candidate,exact_name,REQUIRES_MANUAL_VERIFICATION,HISTORICAL_BOUNDARY_REVIEW_REQUIRED,Exact spelling match; state context and historical boundary equivalence are not established.
Krishnagiri,Tamil Nadu,Krishnagiri,Tamil Nadu,631,exact_name_candidate,exact_name,REQUIRES_MANUAL_VERIFICATION,HISTORICAL_BOUNDARY_REVIEW_REQUIRED,Exact spelling match; state context and historical boundary equivalence are not established.
Kulgam,Arunachal Pradesh; Assam; Delhi; Jammu & Kashmir; Jammu and Kashmir; Punjab; Uttar Pradesh,Kulgam,Jammu & Kashmir,15,exact_name_candidate,exact_name,REQUIRES_MANUAL_VERIFICATION,HISTORICAL_BOUNDARY_REVIEW_REQUIRED,Exact spelling match; state context and historical boundary equivalence are not established.
Kullu,Himachal Pradesh; Uttar Pradesh,Kullu,Himachal Pradesh,26,exact_name_candidate,exact_name,REQUIRES_MANUAL_VERIFICATION,HISTORICAL_BOUNDARY_REVIEW_REQUIRED,Exact spelling match; state context and historical boundary equivalence are not established.
Kumuram Bheem Asifabad,Andhra Pradesh; Maharashtra; Telangana,,,,unmatched,none,UNMATCHED,HISTORICAL_BOUNDARY_REVIEW_REQUIRED,No exact or transparent normalized Census boundary name match.
Kupwara,Arunachal Pradesh; Assam; Delhi; Jammu & Kashmir; Jammu and Kashmir; Punjab; Uttar Pradesh,Kupwara,Jammu & Kashmir,1,exact_name_candidate,exact_name,REQUIRES_MANUAL_VERIFICATION,HISTORICAL_BOUNDARY_REVIEW_REQUIRED,Exact spelling match; state context and historical boundary equivalence are not established.
Kurnool,Andhra Pradesh; Madhya Pradesh,Kurnool,Andhra Pradesh,552,exact_name_candidate,exact_name,REQUIRES_MANUAL_VERIFICATION,HISTORICAL_BOUNDARY_REVIEW_REQUIRED,Exact spelling match; state context and historical boundary equivalence are not established.
Kurukshetra,Bihar; Haryana; Kerala; Madhya Pradesh; Odisha; Punjab; Rajasthan; Uttar Pradesh; West Bengal,Kurukshetra,Haryana,72,exact_name_candidate,exact_name,REQUIRES_MANUAL_VERIFICATION,HISTORICAL_BOUNDARY_REVIEW_REQUIRED,Exact spelling match; state context and historical boundary equivalence are not established.
Kurung Kumey,Arunachal Pradesh; Assam; Jammu and Kashmir; Punjab; Uttar Pradesh,Kurung Kumey,Arunanchal Pradesh,256,exact_name_candidate,exact_name,REQUIRES_MANUAL_VERIFICATION,HISTORICAL_BOUNDARY_REVIEW_REQUIRED,Exact spelling match; state context and historical boundary equivalence are not established.
Kushinagar,Arunachal Pradesh; Assam; Bihar; East Rajasthan; Gujarat; Haryana; Himachal Pradesh; Jammu and Kashmir; Kerala; Madhya Pradesh; Maharashtra; Odisha; Punjab; Rajasthan; Uttar Pradesh; Uttar pradesh; West Bengal,Kushinagar,Uttar Pradesh,189,exact_name_candidate,exact_name,REQUIRES_MANUAL_VERIFICATION,HISTORICAL_BOUNDARY_REVIEW_REQUIRED,Exact spelling match; state context and historical boundary equivalence are not established.
Lahul And Spiti,Himachal Pradesh; Uttar Pradesh,,,,unmatched,none,UNMATCHED,HISTORICAL_BOUNDARY_REVIEW_REQUIRED,No exact or transparent normalized Census boundary name match.
Lakhimpur,Arunachal Pradesh; Assam; Bihar; Jammu and Kashmir; Kerala; Manipur; Odisha; Punjab; Uttar Pradesh; West Bengal,Lakhimpur,Assam,307,exact_name_candidate,exact_name,REQUIRES_MANUAL_VERIFICATION,HISTORICAL_BOUNDARY_REVIEW_REQUIRED,Exact spelling match; state context and historical boundary equivalence are not established.
Lakhisarai,Andhra Pradesh; Assam; Bihar; Gujarat; Haryana; Himachal Pradesh; Kerala; Madhya Pradesh; Maharashtra; Odisha; Rajasthan; Uttar Pradesh; Uttar pradesh; West Bengal,Lakhisarai,Bihar,227,exact_name_candidate,exact_name,REQUIRES_MANUAL_VERIFICATION,HISTORICAL_BOUNDARY_REVIEW_REQUIRED,Exact spelling match; state context and historical boundary equivalence are not established.
Lalitpur,Arunachal Pradesh; Assam; Bihar; East Rajasthan; Gujarat; Haryana; Himachal Pradesh; Jammu and Kashmir; Kerala; Madhya Pradesh; Maharashtra; Odisha; Punjab; Rajasthan; Uttar Pradesh; Uttar pradesh; West Bengal,Lalitpur,Uttar Pradesh,167,exact_name_candidate,exact_name,REQUIRES_MANUAL_VERIFICATION,HISTORICAL_BOUNDARY_REVIEW_REQUIRED,Exact spelling match; state context and historical boundary equivalence are not established.
Latehar,Jharkhand,Latehar,Jharkhand,359,exact_name_candidate,exact_name,REQUIRES_MANUAL_VERIFICATION,HISTORICAL_BOUNDARY_REVIEW_REQUIRED,Exact spelling match; state context and historical boundary equivalence are not established.
Latur,Bihar; Gujarat; Madhya Pradesh; Maharashtra; Rajasthan; Telangana; Uttar Pradesh,Latur,Maharashtra,524,exact_name_candidate,exact_name,REQUIRES_MANUAL_VERIFICATION,HISTORICAL_BOUNDARY_REVIEW_REQUIRED,Exact spelling match; state context and historical boundary equivalence are not established.
Lawngtlai,Mizoram,,,,unmatched,none,UNMATCHED,HISTORICAL_BOUNDARY_REVIEW_REQUIRED,No exact or transparent normalized Census boundary name match.
Leh ladakh,Jammu & Kashmir; Jammu and Kashmir; Ladakh,Leh (ladakh),Jammu & Kashmir,3,normalized_requires_verification,normalized_name,REQUIRES_MANUAL_VERIFICATION,HISTORICAL_BOUNDARY_REVIEW_REQUIRED,Case/punctuation normalization only; no fuzzy matching; state context and historical equivalence require review.
Leparada,Arunachal Pradesh; Assam; Jammu and Kashmir; Punjab; Uttar Pradesh,,,,unmatched,none,UNMATCHED,HISTORICAL_BOUNDARY_REVIEW_REQUIRED,No exact or transparent normalized Census boundary name match.
Lohardaga,Jharkhand,Lohardaga,Jharkhand,356,exact_name_candidate,exact_name,REQUIRES_MANUAL_VERIFICATION,HISTORICAL_BOUNDARY_REVIEW_REQUIRED,Exact spelling match; state context and historical boundary equivalence are not established.
Lohit,Arunachal Pradesh; Assam; Jammu and Kashmir; Punjab; Uttar Pradesh,Lohit,Arunanchal Pradesh,259,exact_name_candidate,exact_name,REQUIRES_MANUAL_VERIFICATION,HISTORICAL_BOUNDARY_REVIEW_REQUIRED,Exact spelling match; state context and historical boundary equivalence are not established.
Longding,Arunachal Pradesh; Assam; Jammu and Kashmir; Punjab; Uttar Pradesh,,,,unmatched,none,UNMATCHED,HISTORICAL_BOUNDARY_REVIEW_REQUIRED,No exact or transparent normalized Census boundary name match.
Longleng,Nagaland,Longleng,Nagaland,268,exact_name_candidate,exact_name,REQUIRES_MANUAL_VERIFICATION,HISTORICAL_BOUNDARY_REVIEW_REQUIRED,Exact spelling match; state context and historical boundary equivalence are not established.
Lower Dibang Valley,Arunachal Pradesh; Assam; Jammu and Kashmir; Punjab; Uttar Pradesh,Lower Dibang Valley,Arunanchal Pradesh,258,exact_name_candidate,exact_name,REQUIRES_MANUAL_VERIFICATION,HISTORICAL_BOUNDARY_REVIEW_REQUIRED,Exact spelling match; state context and historical boundary equivalence are not established.
Lower Lower Subansiri,Arunachal Pradesh; Assam; Jammu and Kashmir; Punjab; Uttar Pradesh,,,,unmatched,none,UNMATCHED,HISTORICAL_BOUNDARY_REVIEW_REQUIRED,No exact or transparent normalized Census boundary name match.
Lower Siang,Arunachal Pradesh; Assam; Jammu and Kashmir; Punjab; Uttar Pradesh,,,,unmatched,none,UNMATCHED,HISTORICAL_BOUNDARY_REVIEW_REQUIRED,No exact or transparent normalized Census boundary name match.
Lower Subansiri,Arunachal Pradesh,Lower Subansiri,Arunanchal Pradesh,255,exact_name_candidate,exact_name,REQUIRES_MANUAL_VERIFICATION,HISTORICAL_BOUNDARY_REVIEW_REQUIRED,Exact spelling match; state context and historical boundary equivalence are not established.
Lucknow,Arunachal Pradesh; Assam; Bihar; East Rajasthan; Gujarat; Haryana; Himachal Pradesh; Jammu and Kashmir; Kerala; Madhya Pradesh; Maharashtra; Odisha; Punjab; Rajasthan; Uttar Pradesh; Uttar pradesh; Uttarakhand; West Bengal,Lucknow,Uttar Pradesh,157,exact_name_candidate,exact_name,REQUIRES_MANUAL_VERIFICATION,HISTORICAL_BOUNDARY_REVIEW_REQUIRED,Exact spelling match; state context and historical boundary equivalence are not established.
Ludhiana,Arunachal Pradesh; Assam; Delhi; Haryana; Jammu and Kashmir; Madhya Pradesh; Punjab; Rajasthan; Uttar Pradesh; West Bengal,Ludhiana,Punjab,41,exact_name_candidate,exact_name,REQUIRES_MANUAL_VERIFICATION,HISTORICAL_BOUNDARY_REVIEW_REQUIRED,Exact spelling match; state context and historical boundary equivalence are not established.
Lunglei,Mizoram,Lunglei,Mizoram,286,exact_name_candidate,exact_name,REQUIRES_MANUAL_VERIFICATION,HISTORICAL_BOUNDARY_REVIEW_REQUIRED,Exact spelling match; state context and historical boundary equivalence are not established.
Madhepura,Andhra Pradesh; Assam; Bihar; Gujarat; Haryana; Himachal Pradesh; Jharkhand; Kerala; Madhya Pradesh; Maharashtra; Odisha; Rajasthan; Uttar Pradesh; Uttar pradesh; West Bengal,Madhepura,Bihar,213,exact_name_candidate,exact_name,REQUIRES_MANUAL_VERIFICATION,HISTORICAL_BOUNDARY_REVIEW_REQUIRED,Exact spelling match; state context and historical boundary equivalence are not established.
Madhubani,Andhra Pradesh; Assam; Bihar; Gujarat; Haryana; Himachal Pradesh; Jharkhand; Kerala; Madhya Pradesh; Maharashtra; Odisha; Rajasthan; Uttar Pradesh; Uttar pradesh; West Bengal,Madhubani,Bihar,207,exact_name_candidate,exact_name,REQUIRES_MANUAL_VERIFICATION,HISTORICAL_BOUNDARY_REVIEW_REQUIRED,Exact spelling match; state context and historical boundary equivalence are not established.
Madurai,Tamil Nadu,Madurai,Tamil Nadu,623,exact_name_candidate,exact_name,REQUIRES_MANUAL_VERIFICATION,HISTORICAL_BOUNDARY_REVIEW_REQUIRED,Exact spelling match; state context and historical boundary equivalence are not established.
Mahabubabad,Andhra Pradesh; Maharashtra; Telangana,,,,unmatched,none,UNMATCHED,HISTORICAL_BOUNDARY_REVIEW_REQUIRED,No exact or transparent normalized Census boundary name match.
Mahabubnagar,Andhra Pradesh; Maharashtra; Telangana,,,,unmatched,none,UNMATCHED,HISTORICAL_BOUNDARY_REVIEW_REQUIRED,No exact or transparent normalized Census boundary name match.
Mahasamund,Chhattisgarh,Mahasamund,Chhattisgarh,411,exact_name_candidate,exact_name,REQUIRES_MANUAL_VERIFICATION,HISTORICAL_BOUNDARY_REVIEW_REQUIRED,Exact spelling match; state context and historical boundary equivalence are not established.
Mahe,Puducherry,Mahe,Puducherry,636,exact_name_candidate,exact_name,REQUIRES_MANUAL_VERIFICATION,HISTORICAL_BOUNDARY_REVIEW_REQUIRED,Exact spelling match; state context and historical boundary equivalence are not established.
Mahendragarh,Bihar; Haryana; Kerala; Madhya Pradesh; Odisha; Punjab; Rajasthan; Uttar Pradesh; West Bengal,Mahendragarh,Haryana,84,exact_name_candidate,exact_name,REQUIRES_MANUAL_VERIFICATION,HISTORICAL_BOUNDARY_REVIEW_REQUIRED,Exact spelling match; state context and historical boundary equivalence are not established.
Mahesana,Bihar; Gujarat; Madhya Pradesh; Maharashtra; Rajasthan; Uttar Pradesh,Mahesana,Gujarat,471,exact_name_candidate,exact_name,REQUIRES_MANUAL_VERIFICATION,HISTORICAL_BOUNDARY_REVIEW_REQUIRED,Exact spelling match; state context and historical boundary equivalence are not established.
Mahisagar,Bihar; Gujarat; Madhya Pradesh; Maharashtra; Rajasthan; Uttar Pradesh,,,,unmatched,none,UNMATCHED,HISTORICAL_BOUNDARY_REVIEW_REQUIRED,No exact or transparent normalized Census boundary name match.
Mahoba,Arunachal Pradesh; Assam; Bihar; East Rajasthan; Gujarat; Haryana; Himachal Pradesh; Jammu and Kashmir; Kerala; Madhya Pradesh; Maharashtra; Odisha; Punjab; Rajasthan; Uttar Pradesh; Uttar pradesh; West Bengal,Mahoba,Uttar Pradesh,169,exact_name_candidate,exact_name,REQUIRES_MANUAL_VERIFICATION,HISTORICAL_BOUNDARY_REVIEW_REQUIRED,Exact spelling match; state context and historical boundary equivalence are not established.
Mahrajganj,Arunachal Pradesh; Assam; Bihar; East Rajasthan; Gujarat; Haryana; Himachal Pradesh; Jammu and Kashmir; Kerala; Madhya Pradesh; Maharashtra; Odisha; Punjab; Rajasthan; Uttar Pradesh; Uttar pradesh; West Bengal,,,,unmatched,none,UNMATCHED,HISTORICAL_BOUNDARY_REVIEW_REQUIRED,No exact or transparent normalized Census boundary name match.
Mainpuri,Arunachal Pradesh; Assam; Bihar; East Rajasthan; Gujarat; Haryana; Himachal Pradesh; Jammu and Kashmir; Kerala; Madhya Pradesh; Maharashtra; Odisha; Punjab; Rajasthan; Uttar Pradesh; Uttar pradesh; Uttarakhand; West Bengal,Mainpuri,Uttar Pradesh,148,exact_name_candidate,exact_name,REQUIRES_MANUAL_VERIFICATION,HISTORICAL_BOUNDARY_REVIEW_REQUIRED,Exact spelling match; state context and historical boundary equivalence are not established.
Majuli,Arunachal Pradesh; Assam; Bihar; Jammu and Kashmir; Kerala; Odisha; Punjab; Uttar Pradesh; West Bengal,,,,unmatched,none,UNMATCHED,HISTORICAL_BOUNDARY_REVIEW_REQUIRED,No exact or transparent normalized Census boundary name match.
Malappuram,Bihar; Haryana; Karnataka; Kerala; Rajasthan; Uttar Pradesh,Malappuram,Kerala,592,exact_name_candidate,exact_name,REQUIRES_MANUAL_VERIFICATION,HISTORICAL_BOUNDARY_REVIEW_REQUIRED,Exact spelling match; state context and historical boundary equivalence are not established.
Malda,Madhya Pradesh; Uttar Pradesh; West Bengal,,,,unmatched,none,UNMATCHED,HISTORICAL_BOUNDARY_REVIEW_REQUIRED,No exact or transparent normalized Census boundary name match.
Maldah,Andhra Pradesh; Assam; Bihar; Haryana; Himachal Pradesh; Kerala; Madhya Pradesh; Odisha; Punjab; Uttar Pradesh; Uttar pradesh; West Bengal,Maldah,West Bengal,332,exact_name_candidate,exact_name,REQUIRES_MANUAL_VERIFICATION,HISTORICAL_BOUNDARY_REVIEW_REQUIRED,Exact spelling match; state context and historical boundary equivalence are not established.
Malikkeri,Kerala,,,,unmatched,none,UNMATCHED,HISTORICAL_BOUNDARY_REVIEW_REQUIRED,No exact or transparent normalized Census boundary name match.
Malkangiri,Andhra Pradesh; Assam; Bihar; Haryana; Madhya Pradesh; Odisha; Rajasthan; Uttar Pradesh; West Bengal,Malkangiri,Odisha,399,exact_name_candidate,exact_name,REQUIRES_MANUAL_VERIFICATION,HISTORICAL_BOUNDARY_REVIEW_REQUIRED,Exact spelling match; state context and historical boundary equivalence are not established.
Mamit,Mizoram,Mamit,Mizoram,281,exact_name_candidate,exact_name,REQUIRES_MANUAL_VERIFICATION,HISTORICAL_BOUNDARY_REVIEW_REQUIRED,Exact spelling match; state context and historical boundary equivalence are not established.
Manali,Himachal Pradesh,,,,unmatched,none,UNMATCHED,HISTORICAL_BOUNDARY_REVIEW_REQUIRED,No exact or transparent normalized Census boundary name match.
Mancachar,Assam,,,,unmatched,none,UNMATCHED,HISTORICAL_BOUNDARY_REVIEW_REQUIRED,No exact or transparent normalized Census boundary name match.
Mancherial,Andhra Pradesh; Maharashtra; Telangana,,,,unmatched,none,UNMATCHED,HISTORICAL_BOUNDARY_REVIEW_REQUIRED,No exact or transparent normalized Census boundary name match.
Mandi,Himachal Pradesh; Uttar Pradesh,Mandi,Himachal Pradesh,27,exact_name_candidate,exact_name,REQUIRES_MANUAL_VERIFICATION,HISTORICAL_BOUNDARY_REVIEW_REQUIRED,Exact spelling match; state context and historical boundary equivalence are not established.
Mandla,Andhra Pradesh; Bihar; Chhattisgarh; Gujarat; Haryana; Madhya Pradesh; Maharashtra; Odisha; Punjab; Rajasthan; Uttar Pradesh; West Bengal,Mandla,Madhya Pradesh,454,exact_name_candidate,exact_name,REQUIRES_MANUAL_VERIFICATION,HISTORICAL_BOUNDARY_REVIEW_REQUIRED,Exact spelling match; state context and historical boundary equivalence are not established.
Mandsaur,Andhra Pradesh; Bihar; Chhattisgarh; Gujarat; Haryana; Madhya Pradesh; Maharashtra; Odisha; Punjab; Rajasthan; Uttar Pradesh; West Bengal,Mandsaur,Madhya Pradesh,433,exact_name_candidate,exact_name,REQUIRES_MANUAL_VERIFICATION,HISTORICAL_BOUNDARY_REVIEW_REQUIRED,Exact spelling match; state context and historical boundary equivalence are not established.
Mandya,Karnataka; Kerala,Mandya,Karnataka,573,exact_name_candidate,exact_name,REQUIRES_MANUAL_VERIFICATION,HISTORICAL_BOUNDARY_REVIEW_REQUIRED,Exact spelling match; state context and historical boundary equivalence are not established.
Mangalbari,West Bengal,,,,unmatched,none,UNMATCHED,HISTORICAL_BOUNDARY_REVIEW_REQUIRED,No exact or transparent normalized Census boundary name match.
Mangalore,Karnataka,,,,unmatched,none,UNMATCHED,HISTORICAL_BOUNDARY_REVIEW_REQUIRED,No exact or transparent normalized Census boundary name match.
Mangan,Sikkim,,,,unmatched,none,UNMATCHED,HISTORICAL_BOUNDARY_REVIEW_REQUIRED,No exact or transparent normalized Census boundary name match.
Mansa,Arunachal Pradesh; Assam; Delhi; Haryana; Jammu and Kashmir; Madhya Pradesh; Punjab; Rajasthan; Uttar Pradesh; West Bengal,Mansa,Punjab,47,exact_name_candidate,exact_name,REQUIRES_MANUAL_VERIFICATION,HISTORICAL_BOUNDARY_REVIEW_REQUIRED,Exact spelling match; state context and historical boundary equivalence are not established.
Many districts of South Bengal,West Bengal,,,,unmatched,none,UNMATCHED,HISTORICAL_BOUNDARY_REVIEW_REQUIRED,No exact or transparent normalized Census boundary name match.
Many districts of Tamil Nadu.,Tamil Nadu,,,,unmatched,none,UNMATCHED,HISTORICAL_BOUNDARY_REVIEW_REQUIRED,No exact or transparent normalized Census boundary name match.
Many districts of Uttar Kashi Pradesh,Uttar Pradesh,,,,unmatched,none,UNMATCHED,HISTORICAL_BOUNDARY_REVIEW_REQUIRED,No exact or transparent normalized Census boundary name match.
Many parts,Arunachal Pradesh; Chhattisgarh; Gujarat; Madhya Pradesh; Punjab; Tamil Nadu; Uttar Pradesh,,,,unmatched,none,UNMATCHED,HISTORICAL_BOUNDARY_REVIEW_REQUIRED,No exact or transparent normalized Census boundary name match.
Many parts of Tamil Nadu.,Tamil Nadu,,,,unmatched,none,UNMATCHED,HISTORICAL_BOUNDARY_REVIEW_REQUIRED,No exact or transparent normalized Census boundary name match.
Many parts of the State,Odisha; Punjab,,,,unmatched,none,UNMATCHED,HISTORICAL_BOUNDARY_REVIEW_REQUIRED,No exact or transparent normalized Census boundary name match.
Marathwada,Maharashtra,,,,unmatched,none,UNMATCHED,HISTORICAL_BOUNDARY_REVIEW_REQUIRED,No exact or transparent normalized Census boundary name match.
Marigaon,Arunachal Pradesh; Assam; Bihar; Jammu and Kashmir; Kerala; Odisha; Punjab; Uttar Pradesh; West Bengal,Marigaon,Assam,304,exact_name_candidate,exact_name,REQUIRES_MANUAL_VERIFICATION,HISTORICAL_BOUNDARY_REVIEW_REQUIRED,Exact spelling match; state context and historical boundary equivalence are not established.
Mathura,Arunachal Pradesh; Assam; Bihar; East Rajasthan; Gujarat; Haryana; Himachal Pradesh; Jammu and Kashmir; Kerala; Madhya Pradesh; Maharashtra; Odisha; Punjab; Rajasthan; Uttar Pradesh; Uttar pradesh; Uttarakhand; West Bengal,Mathura,Uttar Pradesh,145,exact_name_candidate,exact_name,REQUIRES_MANUAL_VERIFICATION,HISTORICAL_BOUNDARY_REVIEW_REQUIRED,Exact spelling match; state context and historical boundary equivalence are not established.
Mau,Arunachal Pradesh; Assam; Bihar; East Rajasthan; Gujarat; Haryana; Himachal Pradesh; Jammu and Kashmir; Kerala; Madhya Pradesh; Maharashtra; Odisha; Punjab; Rajasthan; Uttar Pradesh; Uttar pradesh; West Bengal,Mau,Uttar Pradesh,192,exact_name_candidate,exact_name,REQUIRES_MANUAL_VERIFICATION,HISTORICAL_BOUNDARY_REVIEW_REQUIRED,Exact spelling match; state context and historical boundary equivalence are not established.
Mayurbhanj,Andhra Pradesh; Assam; Bihar; Haryana; Madhya Pradesh; Odisha; Rajasthan; Uttar Pradesh; West Bengal,Mayurbhanj,Odisha,376,exact_name_candidate,exact_name,REQUIRES_MANUAL_VERIFICATION,HISTORICAL_BOUNDARY_REVIEW_REQUIRED,Exact spelling match; state context and historical boundary equivalence are not established.
Medak,Andhra Pradesh; Maharashtra; Telangana,Medak,Andhra Pradesh,535,exact_name_candidate,exact_name,REQUIRES_MANUAL_VERIFICATION,HISTORICAL_BOUNDARY_REVIEW_REQUIRED,Exact spelling match; state context and historical boundary equivalence are not established.
Medchal Malkajgiri,Andhra Pradesh; Maharashtra; Telangana,,,,unmatched,none,UNMATCHED,HISTORICAL_BOUNDARY_REVIEW_REQUIRED,No exact or transparent normalized Census boundary name match.
Meerut,Arunachal Pradesh; Assam; Bihar; East Rajasthan; Gujarat; Haryana; Himachal Pradesh; Jammu and Kashmir; Kerala; Madhya Pradesh; Maharashtra; Odisha; Punjab; Rajasthan; Uttar Pradesh; Uttar pradesh; West Bengal,Meerut,Uttar Pradesh,138,exact_name_candidate,exact_name,REQUIRES_MANUAL_VERIFICATION,HISTORICAL_BOUNDARY_REVIEW_REQUIRED,Exact spelling match; state context and historical boundary equivalence are not established.
Mirpur,Arunachal Pradesh; Assam; Delhi; Jammu and Kashmir; Punjab; Uttar Pradesh,,,,unmatched,none,UNMATCHED,HISTORICAL_BOUNDARY_REVIEW_REQUIRED,No exact or transparent normalized Census boundary name match.
Mirzapur,Arunachal Pradesh; Assam; Bihar; East Rajasthan; Gujarat; Haryana; Himachal Pradesh; Jammu and Kashmir; Kerala; Madhya Pradesh; Maharashtra; Odisha; Punjab; Rajasthan; Uttar Pradesh; Uttar pradesh; Uttarakhand; West Bengal,Mirzapur,Uttar Pradesh,199,exact_name_candidate,exact_name,REQUIRES_MANUAL_VERIFICATION,HISTORICAL_BOUNDARY_REVIEW_REQUIRED,Exact spelling match; state context and historical boundary equivalence are not established.
Moga,Arunachal Pradesh; Assam; Delhi; Haryana; Jammu and Kashmir; Madhya Pradesh; Punjab; Rajasthan; Uttar Pradesh; West Bengal,Moga,Punjab,42,exact_name_candidate,exact_name,REQUIRES_MANUAL_VERIFICATION,HISTORICAL_BOUNDARY_REVIEW_REQUIRED,Exact spelling match; state context and historical boundary equivalence are not established.
Mokokchung,Nagaland,Mokokchung,Nagaland,262,exact_name_candidate,exact_name,REQUIRES_MANUAL_VERIFICATION,HISTORICAL_BOUNDARY_REVIEW_REQUIRED,Exact spelling match; state context and historical boundary equivalence are not established.
Mon,Nagaland,Mon,Nagaland,261,exact_name_candidate,exact_name,REQUIRES_MANUAL_VERIFICATION,HISTORICAL_BOUNDARY_REVIEW_REQUIRED,Exact spelling match; state context and historical boundary equivalence are not established.
Moradabad,Arunachal Pradesh; Assam; Bihar; East Rajasthan; Gujarat; Haryana; Himachal Pradesh; Jammu and Kashmir; Kerala; Madhya Pradesh; Maharashtra; Odisha; Punjab; Rajasthan; Uttar Pradesh; Uttar pradesh; Uttarakhand; West Bengal,Moradabad,Uttar Pradesh,135,exact_name_candidate,exact_name,REQUIRES_MANUAL_VERIFICATION,HISTORICAL_BOUNDARY_REVIEW_REQUIRED,Exact spelling match; state context and historical boundary equivalence are not established.
Morbi,Bihar; Gujarat; Madhya Pradesh; Maharashtra; Rajasthan; Uttar Pradesh,,,,unmatched,none,UNMATCHED,HISTORICAL_BOUNDARY_REVIEW_REQUIRED,No exact or transparent normalized Census boundary name match.
Morena,Andhra Pradesh; Bihar; Gujarat; Haryana; Madhya Pradesh; Maharashtra; Odisha; Punjab; Rajasthan; Uttar Pradesh; West Bengal,Morena,Madhya Pradesh,419,exact_name_candidate,exact_name,REQUIRES_MANUAL_VERIFICATION,HISTORICAL_BOUNDARY_REVIEW_REQUIRED,Exact spelling match; state context and historical boundary equivalence are not established.
Most Upper Lower Subansiri,Arunachal Pradesh,,,,unmatched,none,UNMATCHED,HISTORICAL_BOUNDARY_REVIEW_REQUIRED,No exact or transparent normalized Census boundary name match.
Most of the districts,Andhra Pradesh; Gujarat,,,,unmatched,none,UNMATCHED,HISTORICAL_BOUNDARY_REVIEW_REQUIRED,No exact or transparent normalized Census boundary name match.
Most parts,Uttar Pradesh,,,,unmatched,none,UNMATCHED,HISTORICAL_BOUNDARY_REVIEW_REQUIRED,No exact or transparent normalized Census boundary name match.
Mudigere,Karnataka,,,,unmatched,none,UNMATCHED,HISTORICAL_BOUNDARY_REVIEW_REQUIRED,No exact or transparent normalized Census boundary name match.
Mulugu,Andhra Pradesh; Maharashtra; Telangana,,,,unmatched,none,UNMATCHED,HISTORICAL_BOUNDARY_REVIEW_REQUIRED,No exact or transparent normalized Census boundary name match.
Mumbai,Bihar; Gujarat; Madhya Pradesh; Maharashtra; Rajasthan; Telangana; Uttar Pradesh,Mumbai,Maharashtra,519,exact_name_candidate,exact_name,REQUIRES_MANUAL_VERIFICATION,HISTORICAL_BOUNDARY_REVIEW_REQUIRED,Exact spelling match; state context and historical boundary equivalence are not established.
Mumbai (Colaba),Maharashtra,,,,unmatched,none,UNMATCHED,HISTORICAL_BOUNDARY_REVIEW_REQUIRED,No exact or transparent normalized Census boundary name match.
Mumbai Suburban,Bihar; Gujarat; Madhya Pradesh; Maharashtra; Rajasthan; Telangana; Uttar Pradesh,Mumbai Suburban,Maharashtra,518,exact_name_candidate,exact_name,REQUIRES_MANUAL_VERIFICATION,HISTORICAL_BOUNDARY_REVIEW_REQUIRED,Exact spelling match; state context and historical boundary equivalence are not established.
Mungeli,Chhattisgarh,,,,unmatched,none,UNMATCHED,HISTORICAL_BOUNDARY_REVIEW_REQUIRED,No exact or transparent normalized Census boundary name match.
Munger,Andhra Pradesh; Assam; Bihar; Gujarat; Haryana; Himachal Pradesh; Jharkhand; Kerala; Madhya Pradesh; Maharashtra; Odisha; Rajasthan; Uttar Pradesh; Uttar pradesh; West Bengal,Munger,Bihar,226,exact_name_candidate,exact_name,REQUIRES_MANUAL_VERIFICATION,HISTORICAL_BOUNDARY_REVIEW_REQUIRED,Exact spelling match; state context and historical boundary equivalence are not established.
Murshidabad,Andhra Pradesh; Assam; Bihar; Haryana; Himachal Pradesh; Kerala; Madhya Pradesh; Odisha; Punjab; Uttar Pradesh; Uttar pradesh; West Bengal,Murshidabad,West Bengal,333,exact_name_candidate,exact_name,REQUIRES_MANUAL_VERIFICATION,HISTORICAL_BOUNDARY_REVIEW_REQUIRED,Exact spelling match; state context and historical boundary equivalence are not established.
Muzaffarabad,Arunachal Pradesh; Assam; Delhi; Jammu and Kashmir; Punjab; Uttar Pradesh,,,,unmatched,none,UNMATCHED,HISTORICAL_BOUNDARY_REVIEW_REQUIRED,No exact or transparent normalized Census boundary name match.
Muzaffarnagar,Arunachal Pradesh; Assam; Bihar; East Rajasthan; Gujarat; Haryana; Himachal Pradesh; Jammu and Kashmir; Kerala; Madhya Pradesh; Maharashtra; Odisha; Punjab; Rajasthan; Uttar Pradesh; Uttar pradesh; Uttarakhand; West Bengal,Muzaffarnagar,Uttar Pradesh,133,exact_name_candidate,exact_name,REQUIRES_MANUAL_VERIFICATION,HISTORICAL_BOUNDARY_REVIEW_REQUIRED,Exact spelling match; state context and historical boundary equivalence are not established.
Muzaffarpur,Andhra Pradesh; Assam; Bihar; Gujarat; Haryana; Himachal Pradesh; Jharkhand; Kerala; Madhya Pradesh; Maharashtra; Odisha; Rajasthan; Uttar Pradesh; Uttar pradesh; West Bengal,Muzaffarpur,Bihar,216,exact_name_candidate,exact_name,REQUIRES_MANUAL_VERIFICATION,HISTORICAL_BOUNDARY_REVIEW_REQUIRED,Exact spelling match; state context and historical boundary equivalence are not established.
Mysuru,Karnataka; Kerala,,,,unmatched,none,UNMATCHED,HISTORICAL_BOUNDARY_REVIEW_REQUIRED,No exact or transparent normalized Census boundary name match.
Nabarangpur,Odisha,,,,unmatched,none,UNMATCHED,HISTORICAL_BOUNDARY_REVIEW_REQUIRED,No exact or transparent normalized Census boundary name match.
Nadia,Andhra Pradesh; Assam; Bihar; Haryana; Himachal Pradesh; Kerala; Madhya Pradesh; Odisha; Punjab; Uttar Pradesh; Uttar pradesh; West Bengal,Nadia,West Bengal,336,exact_name_candidate,exact_name,REQUIRES_MANUAL_VERIFICATION,HISTORICAL_BOUNDARY_REVIEW_REQUIRED,Exact spelling match; state context and historical boundary equivalence are not established.
Nagaon,Arunachal Pradesh; Assam; Bihar; Jammu and Kashmir; Kerala; Odisha; Punjab; Uttar Pradesh; West Bengal,Nagaon,Assam,305,exact_name_candidate,exact_name,REQUIRES_MANUAL_VERIFICATION,HISTORICAL_BOUNDARY_REVIEW_REQUIRED,Exact spelling match; state context and historical boundary equivalence are not established.
Nagapattinam,Tamil Nadu,,,,unmatched,none,UNMATCHED,HISTORICAL_BOUNDARY_REVIEW_REQUIRED,No exact or transparent normalized Census boundary name match.
Nagarkoil,Tamil Nadu,,,,unmatched,none,UNMATCHED,HISTORICAL_BOUNDARY_REVIEW_REQUIRED,No exact or transparent normalized Census boundary name match.
Nagarkurnool,Andhra Pradesh; Maharashtra; Telangana,,,,unmatched,none,UNMATCHED,HISTORICAL_BOUNDARY_REVIEW_REQUIRED,No exact or transparent normalized Census boundary name match.
Nagaur,Bihar; Gujarat; Haryana; Kerala; Madhya Pradesh; Maharashtra; Odisha; Punjab; Rajasthan; Uttar Pradesh,Nagaur,Rajasthan,112,exact_name_candidate,exact_name,REQUIRES_MANUAL_VERIFICATION,HISTORICAL_BOUNDARY_REVIEW_REQUIRED,Exact spelling match; state context and historical boundary equivalence are not established.
Nagpur,Andhra Pradesh; Assam; Bihar; Gujarat; Haryana; Madhya Pradesh; Maharashtra; Odisha; Rajasthan; Telangana; Uttar Pradesh; West Bengal,Nagpur,Maharashtra,505,exact_name_candidate,exact_name,REQUIRES_MANUAL_VERIFICATION,HISTORICAL_BOUNDARY_REVIEW_REQUIRED,Exact spelling match; state context and historical boundary equivalence are not established.
Nainital,Himachal Pradesh; Uttar Pradesh; Uttarakhand,Nainital,Uttarakhand,66,exact_name_candidate,exact_name,REQUIRES_MANUAL_VERIFICATION,HISTORICAL_BOUNDARY_REVIEW_REQUIRED,Exact spelling match; state context and historical boundary equivalence are not established.
Nalanda,Andhra Pradesh; Assam; Bihar; Gujarat; Haryana; Himachal Pradesh; Kerala; Madhya Pradesh; Maharashtra; Odisha; Rajasthan; Uttar Pradesh; Uttar pradesh; West Bengal,Nalanda,Bihar,229,exact_name_candidate,exact_name,REQUIRES_MANUAL_VERIFICATION,HISTORICAL_BOUNDARY_REVIEW_REQUIRED,Exact spelling match; state context and historical boundary equivalence are not established.
Nalbari,Arunachal Pradesh; Assam; Bihar; Jammu and Kashmir; Kerala; Odisha; Punjab; Uttar Pradesh; West Bengal,Nalbari,Assam,323,exact_name_candidate,exact_name,REQUIRES_MANUAL_VERIFICATION,HISTORICAL_BOUNDARY_REVIEW_REQUIRED,Exact spelling match; state context and historical boundary equivalence are not established.
Nalgonda,Andhra Pradesh; Maharashtra; Telangana,Nalgonda,Andhra Pradesh,539,exact_name_candidate,exact_name,REQUIRES_MANUAL_VERIFICATION,HISTORICAL_BOUNDARY_REVIEW_REQUIRED,Exact spelling match; state context and historical boundary equivalence are not established.
Namakkal,Tamil Nadu,Namakkal,Tamil Nadu,609,exact_name_candidate,exact_name,REQUIRES_MANUAL_VERIFICATION,HISTORICAL_BOUNDARY_REVIEW_REQUIRED,Exact spelling match; state context and historical boundary equivalence are not established.
Namchi,Sikkim,,,,unmatched,none,UNMATCHED,HISTORICAL_BOUNDARY_REVIEW_REQUIRED,No exact or transparent normalized Census boundary name match.
Namsai,Arunachal Pradesh; Assam; Jammu and Kashmir; Punjab; Uttar Pradesh,,,,unmatched,none,UNMATCHED,HISTORICAL_BOUNDARY_REVIEW_REQUIRED,No exact or transparent normalized Census boundary name match.
Nanded,Bihar; Gujarat; Madhya Pradesh; Maharashtra; Rajasthan; Telangana; Uttar Pradesh,Nanded,Maharashtra,511,exact_name_candidate,exact_name,REQUIRES_MANUAL_VERIFICATION,HISTORICAL_BOUNDARY_REVIEW_REQUIRED,Exact spelling match; state context and historical boundary equivalence are not established.
Nandurbar,Bihar; Gujarat; Madhya Pradesh; Maharashtra; Rajasthan; Telangana; Uttar Pradesh,Nandurbar,Maharashtra,497,exact_name_candidate,exact_name,REQUIRES_MANUAL_VERIFICATION,HISTORICAL_BOUNDARY_REVIEW_REQUIRED,Exact spelling match; state context and historical boundary equivalence are not established.
Narayanpet,Andhra Pradesh; Maharashtra; Telangana,,,,unmatched,none,UNMATCHED,HISTORICAL_BOUNDARY_REVIEW_REQUIRED,No exact or transparent normalized Census boundary name match.
Narayanpur,Chhattisgarh,Narayanpur,Chhattisgarh,415,exact_name_candidate,exact_name,REQUIRES_MANUAL_VERIFICATION,HISTORICAL_BOUNDARY_REVIEW_REQUIRED,Exact spelling match; state context and historical boundary equivalence are not established.
Narmada,Bihar; Gujarat; Madhya Pradesh; Maharashtra; Rajasthan; Uttar Pradesh,Narmada,Gujarat,487,exact_name_candidate,exact_name,REQUIRES_MANUAL_VERIFICATION,HISTORICAL_BOUNDARY_REVIEW_REQUIRED,Exact spelling match; state context and historical boundary equivalence are not established.
Narmadapuram,Andhra Pradesh; Bihar; Chhattisgarh; Gujarat; Haryana; Madhya Pradesh; Maharashtra; Odisha; Punjab; Rajasthan; Uttar Pradesh; West Bengal,,,,unmatched,none,UNMATCHED,HISTORICAL_BOUNDARY_REVIEW_REQUIRED,No exact or transparent normalized Census boundary name match.
Narsimhapur,Andhra Pradesh; Bihar; Gujarat; Haryana; Madhya Pradesh; Maharashtra; Odisha; Punjab; Rajasthan; Uttar Pradesh; West Bengal,Narsimhapur,Madhya Pradesh,452,exact_name_candidate,exact_name,REQUIRES_MANUAL_VERIFICATION,HISTORICAL_BOUNDARY_REVIEW_REQUIRED,Exact spelling match; state context and historical boundary equivalence are not established.
Nashik,Bihar; Gujarat; Madhya Pradesh; Maharashtra; Rajasthan; Telangana; Uttar Pradesh,Nashik,Maharashtra,516,exact_name_candidate,exact_name,REQUIRES_MANUAL_VERIFICATION,HISTORICAL_BOUNDARY_REVIEW_REQUIRED,Exact spelling match; state context and historical boundary equivalence are not established.
Navsari,Bihar; Gujarat; Madhya Pradesh; Maharashtra; Rajasthan; Uttar Pradesh,Navsari,Gujarat,490,exact_name_candidate,exact_name,REQUIRES_MANUAL_VERIFICATION,HISTORICAL_BOUNDARY_REVIEW_REQUIRED,Exact spelling match; state context and historical boundary equivalence are not established.
Nawada,Andhra Pradesh; Assam; Bihar; Gujarat; Haryana; Himachal Pradesh; Kerala; Madhya Pradesh; Maharashtra; Odisha; Rajasthan; Uttar Pradesh; Uttar pradesh; West Bengal,Nawada,Bihar,237,exact_name_candidate,exact_name,REQUIRES_MANUAL_VERIFICATION,HISTORICAL_BOUNDARY_REVIEW_REQUIRED,Exact spelling match; state context and historical boundary equivalence are not established.
Nayagarh,Andhra Pradesh; Assam; Bihar; Haryana; Madhya Pradesh; Odisha; Rajasthan; Uttar Pradesh; West Bengal,Nayagarh,Odisha,385,exact_name_candidate,exact_name,REQUIRES_MANUAL_VERIFICATION,HISTORICAL_BOUNDARY_REVIEW_REQUIRED,Exact spelling match; state context and historical boundary equivalence are not established.
Neemuch,Andhra Pradesh; Bihar; Chhattisgarh; Gujarat; Haryana; Madhya Pradesh; Maharashtra; Odisha; Punjab; Rajasthan; Uttar Pradesh; West Bengal,Neemuch,Madhya Pradesh,432,exact_name_candidate,exact_name,REQUIRES_MANUAL_VERIFICATION,HISTORICAL_BOUNDARY_REVIEW_REQUIRED,Exact spelling match; state context and historical boundary equivalence are not established.
New Delhi,Delhi; New Delhi,New Delhi,NCT of Delhi,94,exact_name_candidate,exact_name,REQUIRES_MANUAL_VERIFICATION,HISTORICAL_BOUNDARY_REVIEW_REQUIRED,Exact spelling match; state context and historical boundary equivalence are not established.
New New Delhi,Delhi; Jammu and Kashmir; Punjab,,,,unmatched,none,UNMATCHED,HISTORICAL_BOUNDARY_REVIEW_REQUIRED,No exact or transparent normalized Census boundary name match.
Nirmal,Andhra Pradesh; Maharashtra; Telangana,,,,unmatched,none,UNMATCHED,HISTORICAL_BOUNDARY_REVIEW_REQUIRED,No exact or transparent normalized Census boundary name match.
Niwari,Andhra Pradesh; Bihar; Gujarat; Haryana; Madhya Pradesh; Maharashtra; Odisha; Punjab; Rajasthan; Uttar Pradesh; West Bengal,,,,unmatched,none,UNMATCHED,HISTORICAL_BOUNDARY_REVIEW_REQUIRED,No exact or transparent normalized Census boundary name match.
Nizamabad,Andhra Pradesh; Maharashtra; Telangana,Nizamabad,Andhra Pradesh,533,exact_name_candidate,exact_name,REQUIRES_MANUAL_VERIFICATION,HISTORICAL_BOUNDARY_REVIEW_REQUIRED,Exact spelling match; state context and historical boundary equivalence are not established.
Noney,Manipur,,,,unmatched,none,UNMATCHED,HISTORICAL_BOUNDARY_REVIEW_REQUIRED,No exact or transparent normalized Census boundary name match.
North,Delhi; Jammu and Kashmir; Punjab; West Bengal,North,NCT of Delhi,91,exact_name_candidate,exact_name,REQUIRES_MANUAL_VERIFICATION,HISTORICAL_BOUNDARY_REVIEW_REQUIRED,Exact spelling match; state context and historical boundary equivalence are not established.
North,Delhi; Jammu and Kashmir; Punjab; West Bengal,North,Sikkim,241,exact_name_candidate,exact_name,REQUIRES_MANUAL_VERIFICATION,HISTORICAL_BOUNDARY_REVIEW_REQUIRED,Exact spelling match; state context and historical boundary equivalence are not established.
North 24 Parganas,Andhra Pradesh; Assam; Bihar; Haryana; Himachal Pradesh; Kerala; Madhya Pradesh; Odisha; Punjab; Uttar Pradesh; Uttar pradesh; West Bengal,North 24 Parganas,West Bengal,337,exact_name_candidate,exact_name,REQUIRES_MANUAL_VERIFICATION,HISTORICAL_BOUNDARY_REVIEW_REQUIRED,Exact spelling match; state context and historical boundary equivalence are not established.
North And Middle Andaman,Andaman & Nicobar Islands,,,,unmatched,none,UNMATCHED,HISTORICAL_BOUNDARY_REVIEW_REQUIRED,No exact or transparent normalized Census boundary name match.
North Bengal,West Bengal,,,,unmatched,none,UNMATCHED,HISTORICAL_BOUNDARY_REVIEW_REQUIRED,No exact or transparent normalized Census boundary name match.
North East,Delhi; Jammu and Kashmir; Punjab,North East,NCT of Delhi,92,exact_name_candidate,exact_name,REQUIRES_MANUAL_VERIFICATION,HISTORICAL_BOUNDARY_REVIEW_REQUIRED,Exact spelling match; state context and historical boundary equivalence are not established.
North Garo Hills,Meghalaya,,,,unmatched,none,UNMATCHED,HISTORICAL_BOUNDARY_REVIEW_REQUIRED,No exact or transparent normalized Census boundary name match.
North Goa,Daman; Daman and Diu; Diu; Goa,North Goa,Goa,585,exact_name_candidate,exact_name,REQUIRES_MANUAL_VERIFICATION,HISTORICAL_BOUNDARY_REVIEW_REQUIRED,Exact spelling match; state context and historical boundary equivalence are not established.
North Tripura,Arunachal Pradesh; Assam; Manipur; Tripura,North Tripura,Tripura,292,exact_name_candidate,exact_name,REQUIRES_MANUAL_VERIFICATION,HISTORICAL_BOUNDARY_REVIEW_REQUIRED,Exact spelling match; state context and historical boundary equivalence are not established.
North West,Delhi; Jammu and Kashmir; Punjab,North West,NCT of Delhi,90,exact_name_candidate,exact_name,REQUIRES_MANUAL_VERIFICATION,HISTORICAL_BOUNDARY_REVIEW_REQUIRED,Exact spelling match; state context and historical boundary equivalence are not established.
North west,Delhi,North West,NCT of Delhi,90,normalized_requires_verification,normalized_name,REQUIRES_MANUAL_VERIFICATION,HISTORICAL_BOUNDARY_REVIEW_REQUIRED,Case/punctuation normalization only; no fuzzy matching; state context and historical equivalence require review.
North westduar,West Bengal,,,,unmatched,none,UNMATCHED,HISTORICAL_BOUNDARY_REVIEW_REQUIRED,No exact or transparent normalized Census boundary name match.
North westdusar,West Bengal,,,,unmatched,none,UNMATCHED,HISTORICAL_BOUNDARY_REVIEW_REQUIRED,No exact or transparent normalized Census boundary name match.
Northern parts,Gujarat; West Bengal,,,,unmatched,none,UNMATCHED,HISTORICAL_BOUNDARY_REVIEW_REQUIRED,No exact or transparent normalized Census boundary name match.
Ntr,Andhra Pradesh,,,,unmatched,none,UNMATCHED,HISTORICAL_BOUNDARY_REVIEW_REQUIRED,No exact or transparent normalized Census boundary name match.
Nuapada,Andhra Pradesh; Assam; Bihar; Haryana; Madhya Pradesh; Odisha; Rajasthan; Uttar Pradesh; West Bengal,Nuapada,Odisha,394,exact_name_candidate,exact_name,REQUIRES_MANUAL_VERIFICATION,HISTORICAL_BOUNDARY_REVIEW_REQUIRED,Exact spelling match; state context and historical boundary equivalence are not established.
Nuh,Bihar; Haryana; Kerala; Madhya Pradesh; Odisha; Punjab; Rajasthan; Uttar Pradesh; West Bengal,,,,unmatched,none,UNMATCHED,HISTORICAL_BOUNDARY_REVIEW_REQUIRED,No exact or transparent normalized Census boundary name match.
Pak,Arunachal Pradesh,,,,unmatched,none,UNMATCHED,HISTORICAL_BOUNDARY_REVIEW_REQUIRED,No exact or transparent normalized Census boundary name match.
Pakke Kessang,Arunachal Pradesh; Assam; Jammu and Kashmir; Punjab; Uttar Pradesh,,,,unmatched,none,UNMATCHED,HISTORICAL_BOUNDARY_REVIEW_REQUIRED,No exact or transparent normalized Census boundary name match.
Pakur,Bihar; Jharkhand,Pakur,Jharkhand,353,exact_name_candidate,exact_name,REQUIRES_MANUAL_VERIFICATION,HISTORICAL_BOUNDARY_REVIEW_REQUIRED,Exact spelling match; state context and historical boundary equivalence are not established.
Palakkad,Bihar; Haryana; Karnataka; Kerala; Rajasthan; Uttar Pradesh,Palakkad,Kerala,593,exact_name_candidate,exact_name,REQUIRES_MANUAL_VERIFICATION,HISTORICAL_BOUNDARY_REVIEW_REQUIRED,Exact spelling match; state context and historical boundary equivalence are not established.
Palampur,Gujarat,,,,unmatched,none,UNMATCHED,HISTORICAL_BOUNDARY_REVIEW_REQUIRED,No exact or transparent normalized Census boundary name match.
Palamu,Bihar; Jharkhand,Palamu,Jharkhand,358,exact_name_candidate,exact_name,REQUIRES_MANUAL_VERIFICATION,HISTORICAL_BOUNDARY_REVIEW_REQUIRED,Exact spelling match; state context and historical boundary equivalence are not established.
Palghar,Bihar; Gujarat; Madhya Pradesh; Maharashtra; Rajasthan; Telangana; Uttar Pradesh,,,,unmatched,none,UNMATCHED,HISTORICAL_BOUNDARY_REVIEW_REQUIRED,No exact or transparent normalized Census boundary name match.
Pali,Bihar; Gujarat; Haryana; Kerala; Madhya Pradesh; Maharashtra; Odisha; Punjab; Rajasthan; Uttar Pradesh,Pali,Rajasthan,118,exact_name_candidate,exact_name,REQUIRES_MANUAL_VERIFICATION,HISTORICAL_BOUNDARY_REVIEW_REQUIRED,Exact spelling match; state context and historical boundary equivalence are not established.
Palnadu,Andhra Pradesh,,,,unmatched,none,UNMATCHED,HISTORICAL_BOUNDARY_REVIEW_REQUIRED,No exact or transparent normalized Census boundary name match.
Palwal,Bihar; Haryana; Kerala; Madhya Pradesh; Odisha; Punjab; Rajasthan; Uttar Pradesh; West Bengal,Palwal,Haryana,89,exact_name_candidate,exact_name,REQUIRES_MANUAL_VERIFICATION,HISTORICAL_BOUNDARY_REVIEW_REQUIRED,Exact spelling match; state context and historical boundary equivalence are not established.
Panch Mahals,Bihar; Gujarat; Madhya Pradesh; Maharashtra; Rajasthan; Uttar Pradesh,Panch Mahals,Gujarat,484,exact_name_candidate,exact_name,REQUIRES_MANUAL_VERIFICATION,HISTORICAL_BOUNDARY_REVIEW_REQUIRED,Exact spelling match; state context and historical boundary equivalence are not established.
Panchkula,Bihar; Haryana; Kerala; Madhya Pradesh; Odisha; Punjab; Rajasthan; Uttar Pradesh; West Bengal,Panchkula,Haryana,69,exact_name_candidate,exact_name,REQUIRES_MANUAL_VERIFICATION,HISTORICAL_BOUNDARY_REVIEW_REQUIRED,Exact spelling match; state context and historical boundary equivalence are not established.
Panipat,Bihar; Haryana; Kerala; Madhya Pradesh; Odisha; Punjab; Rajasthan; Uttar Pradesh; West Bengal,Panipat,Haryana,75,exact_name_candidate,exact_name,REQUIRES_MANUAL_VERIFICATION,HISTORICAL_BOUNDARY_REVIEW_REQUIRED,Exact spelling match; state context and historical boundary equivalence are not established.
Panna,Andhra Pradesh; Bihar; Gujarat; Haryana; Madhya Pradesh; Maharashtra; Odisha; Punjab; Rajasthan; Uttar Pradesh; West Bengal,Panna,Madhya Pradesh,426,exact_name_candidate,exact_name,REQUIRES_MANUAL_VERIFICATION,HISTORICAL_BOUNDARY_REVIEW_REQUIRED,Exact spelling match; state context and historical boundary equivalence are not established.
Papum Pare,Andhra Pradesh; Arunachal Pradesh; Assam; Jammu and Kashmir; Punjab; Uttar Pradesh,Papum Pare,Arunanchal Pradesh,248,exact_name_candidate,exact_name,REQUIRES_MANUAL_VERIFICATION,HISTORICAL_BOUNDARY_REVIEW_REQUIRED,Exact spelling match; state context and historical boundary equivalence are not established.
Parbhani,Bihar; Gujarat; Madhya Pradesh; Maharashtra; Rajasthan; Telangana; Uttar Pradesh,Parbhani,Maharashtra,513,exact_name_candidate,exact_name,REQUIRES_MANUAL_VERIFICATION,HISTORICAL_BOUNDARY_REVIEW_REQUIRED,Exact spelling match; state context and historical boundary equivalence are not established.
Parts of Andhra Pradesh,Andhra Pradesh,,,,unmatched,none,UNMATCHED,HISTORICAL_BOUNDARY_REVIEW_REQUIRED,No exact or transparent normalized Census boundary name match.
Parts of Himachal Pradesh,Himachal Pradesh,,,,unmatched,none,UNMATCHED,HISTORICAL_BOUNDARY_REVIEW_REQUIRED,No exact or transparent normalized Census boundary name match.
Parts of Jammu,Jammu and Kashmir,,,,unmatched,none,UNMATCHED,HISTORICAL_BOUNDARY_REVIEW_REQUIRED,No exact or transparent normalized Census boundary name match.
Parts of Jharkhand,Jharkhand,,,,unmatched,none,UNMATCHED,HISTORICAL_BOUNDARY_REVIEW_REQUIRED,No exact or transparent normalized Census boundary name match.
Parts of Karnataka,Karnataka,,,,unmatched,none,UNMATCHED,HISTORICAL_BOUNDARY_REVIEW_REQUIRED,No exact or transparent normalized Census boundary name match.
Parts of Lahul & Spitti,Himachal Pradesh,,,,unmatched,none,UNMATCHED,HISTORICAL_BOUNDARY_REVIEW_REQUIRED,No exact or transparent normalized Census boundary name match.
Parts of Maharashtra,Maharashtra,,,,unmatched,none,UNMATCHED,HISTORICAL_BOUNDARY_REVIEW_REQUIRED,No exact or transparent normalized Census boundary name match.
Parts of Meghalaya,Meghalaya,,,,unmatched,none,UNMATCHED,HISTORICAL_BOUNDARY_REVIEW_REQUIRED,No exact or transparent normalized Census boundary name match.
Parts of Nagaland,Nagaland,,,,unmatched,none,UNMATCHED,HISTORICAL_BOUNDARY_REVIEW_REQUIRED,No exact or transparent normalized Census boundary name match.
Parts of Orissa,Odisha,,,,unmatched,none,UNMATCHED,HISTORICAL_BOUNDARY_REVIEW_REQUIRED,No exact or transparent normalized Census boundary name match.
Parts of Rajasthan,Rajasthan,,,,unmatched,none,UNMATCHED,HISTORICAL_BOUNDARY_REVIEW_REQUIRED,No exact or transparent normalized Census boundary name match.
Parts of Sikkim,Sikkim,,,,unmatched,none,UNMATCHED,HISTORICAL_BOUNDARY_REVIEW_REQUIRED,No exact or transparent normalized Census boundary name match.
Parts of Telangana,Telangana,,,,unmatched,none,UNMATCHED,HISTORICAL_BOUNDARY_REVIEW_REQUIRED,No exact or transparent normalized Census boundary name match.
Parts of Uttar Kashiakhand,Uttarakhand,,,,unmatched,none,UNMATCHED,HISTORICAL_BOUNDARY_REVIEW_REQUIRED,No exact or transparent normalized Census boundary name match.
Parts of Uttar Pradesh,Uttar Pradesh,,,,unmatched,none,UNMATCHED,HISTORICAL_BOUNDARY_REVIEW_REQUIRED,No exact or transparent normalized Census boundary name match.
Parts of West Bengal,West Bengal,,,,unmatched,none,UNMATCHED,HISTORICAL_BOUNDARY_REVIEW_REQUIRED,No exact or transparent normalized Census boundary name match.
Paschim Medinipur,West Bengal,,,,unmatched,none,UNMATCHED,HISTORICAL_BOUNDARY_REVIEW_REQUIRED,No exact or transparent normalized Census boundary name match.
Paschim Purba Bardhaman,Bihar; West Bengal,,,,unmatched,none,UNMATCHED,HISTORICAL_BOUNDARY_REVIEW_REQUIRED,No exact or transparent normalized Census boundary name match.
Paschim Purba Medinipur,Bihar; West Bengal,,,,unmatched,none,UNMATCHED,HISTORICAL_BOUNDARY_REVIEW_REQUIRED,No exact or transparent normalized Census boundary name match.
Pashchim Champaran,Andhra Pradesh; Assam; Bihar; Gujarat; Haryana; Himachal Pradesh; Jharkhand; Kerala; Madhya Pradesh; Maharashtra; Odisha; Rajasthan; Uttar Pradesh; Uttar pradesh; West Bengal,Pashchim Champaran,Bihar,203,exact_name_candidate,exact_name,REQUIRES_MANUAL_VERIFICATION,HISTORICAL_BOUNDARY_REVIEW_REQUIRED,Exact spelling match; state context and historical boundary equivalence are not established.
Pashchimi West Singhbhum,Bihar; Jharkhand,,,,unmatched,none,UNMATCHED,HISTORICAL_BOUNDARY_REVIEW_REQUIRED,No exact or transparent normalized Census boundary name match.
Patan,Bihar; Gujarat; Madhya Pradesh; Maharashtra; Rajasthan; Uttar Pradesh,Patan,Gujarat,470,exact_name_candidate,exact_name,REQUIRES_MANUAL_VERIFICATION,HISTORICAL_BOUNDARY_REVIEW_REQUIRED,Exact spelling match; state context and historical boundary equivalence are not established.
Pathanamthitta,Bihar; Haryana; Karnataka; Kerala; Rajasthan; Uttar Pradesh,Pathanamthitta,Kerala,599,exact_name_candidate,exact_name,REQUIRES_MANUAL_VERIFICATION,HISTORICAL_BOUNDARY_REVIEW_REQUIRED,Exact spelling match; state context and historical boundary equivalence are not established.
Pathankot,Arunachal Pradesh; Assam; Delhi; Haryana; Jammu and Kashmir; Madhya Pradesh; Punjab; Rajasthan; Uttar Pradesh; West Bengal,,,,unmatched,none,UNMATCHED,HISTORICAL_BOUNDARY_REVIEW_REQUIRED,No exact or transparent normalized Census boundary name match.
Patiala,Arunachal Pradesh; Assam; Delhi; Haryana; Jammu and Kashmir; Madhya Pradesh; Punjab; Rajasthan; Uttar Pradesh; West Bengal,Patiala,Punjab,48,exact_name_candidate,exact_name,REQUIRES_MANUAL_VERIFICATION,HISTORICAL_BOUNDARY_REVIEW_REQUIRED,Exact spelling match; state context and historical boundary equivalence are not established.
Patna,Andhra Pradesh; Assam; Bihar; Gujarat; Haryana; Himachal Pradesh; Kerala; Madhya Pradesh; Maharashtra; Odisha; Rajasthan; Uttar Pradesh; Uttar pradesh; West Bengal,Patna,Bihar,230,exact_name_candidate,exact_name,REQUIRES_MANUAL_VERIFICATION,HISTORICAL_BOUNDARY_REVIEW_REQUIRED,Exact spelling match; state context and historical boundary equivalence are not established.
Peddapalli,Andhra Pradesh; Maharashtra; Telangana,,,,unmatched,none,UNMATCHED,HISTORICAL_BOUNDARY_REVIEW_REQUIRED,No exact or transparent normalized Census boundary name match.
Perambalur,Tamil Nadu,Perambalur,Tamil Nadu,615,exact_name_candidate,exact_name,REQUIRES_MANUAL_VERIFICATION,HISTORICAL_BOUNDARY_REVIEW_REQUIRED,Exact spelling match; state context and historical boundary equivalence are not established.
Peren,Nagaland,Peren,Nagaland,271,exact_name_candidate,exact_name,REQUIRES_MANUAL_VERIFICATION,HISTORICAL_BOUNDARY_REVIEW_REQUIRED,Exact spelling match; state context and historical boundary equivalence are not established.
Phek,Nagaland,Phek,Nagaland,266,exact_name_candidate,exact_name,REQUIRES_MANUAL_VERIFICATION,HISTORICAL_BOUNDARY_REVIEW_REQUIRED,Exact spelling match; state context and historical boundary equivalence are not established.
Pherzawl,Manipur,,,,unmatched,none,UNMATCHED,HISTORICAL_BOUNDARY_REVIEW_REQUIRED,No exact or transparent normalized Census boundary name match.
Pilibhit,Arunachal Pradesh; Assam; Bihar; East Rajasthan; Gujarat; Haryana; Himachal Pradesh; Jammu and Kashmir; Kerala; Madhya Pradesh; Maharashtra; Odisha; Punjab; Rajasthan; Uttar Pradesh; Uttar pradesh; Uttarakhand; West Bengal,Pilibhit,Uttar Pradesh,151,exact_name_candidate,exact_name,REQUIRES_MANUAL_VERIFICATION,HISTORICAL_BOUNDARY_REVIEW_REQUIRED,Exact spelling match; state context and historical boundary equivalence are not established.
Pithoragarh,Himachal Pradesh; Uttar Pradesh; Uttarakhand,Pithoragarh,Uttarakhand,62,exact_name_candidate,exact_name,REQUIRES_MANUAL_VERIFICATION,HISTORICAL_BOUNDARY_REVIEW_REQUIRED,Exact spelling match; state context and historical boundary equivalence are not established.
Pondicherry,Puducherry,,,,unmatched,none,UNMATCHED,HISTORICAL_BOUNDARY_REVIEW_REQUIRED,No exact or transparent normalized Census boundary name match.
Poonch,Arunachal Pradesh; Assam; Delhi; Jammu & Kashmir; Jammu and Kashmir; Punjab; Uttar Pradesh,,,,unmatched,none,UNMATCHED,HISTORICAL_BOUNDARY_REVIEW_REQUIRED,No exact or transparent normalized Census boundary name match.
Porbandar,Bihar; Gujarat; Madhya Pradesh; Maharashtra; Rajasthan; Uttar Pradesh,Porbandar,Gujarat,478,exact_name_candidate,exact_name,REQUIRES_MANUAL_VERIFICATION,HISTORICAL_BOUNDARY_REVIEW_REQUIRED,Exact spelling match; state context and historical boundary equivalence are not established.
Prakasam,Andhra Pradesh; Madhya Pradesh,Prakasam,Andhra Pradesh,549,exact_name_candidate,exact_name,REQUIRES_MANUAL_VERIFICATION,HISTORICAL_BOUNDARY_REVIEW_REQUIRED,Exact spelling match; state context and historical boundary equivalence are not established.
Pratapgarh,Arunachal Pradesh; Assam; Bihar; East Rajasthan; Gujarat; Haryana; Himachal Pradesh; Jammu and Kashmir; Kerala; Madhya Pradesh; Maharashtra; Odisha; Punjab; Rajasthan; Uttar Pradesh; Uttar pradesh; Uttarakhand; West Bengal,Pratapgarh,Rajasthan,131,exact_name_candidate,exact_name,REQUIRES_MANUAL_VERIFICATION,HISTORICAL_BOUNDARY_REVIEW_REQUIRED,Exact spelling match; state context and historical boundary equivalence are not established.
Pratapgarh,Arunachal Pradesh; Assam; Bihar; East Rajasthan; Gujarat; Haryana; Himachal Pradesh; Jammu and Kashmir; Kerala; Madhya Pradesh; Maharashtra; Odisha; Punjab; Rajasthan; Uttar Pradesh; Uttar pradesh; Uttarakhand; West Bengal,Pratapgarh,Uttar Pradesh,173,exact_name_candidate,exact_name,REQUIRES_MANUAL_VERIFICATION,HISTORICAL_BOUNDARY_REVIEW_REQUIRED,Exact spelling match; state context and historical boundary equivalence are not established.
Prayagraj,Arunachal Pradesh; Assam; Bihar; East Rajasthan; Gujarat; Haryana; Himachal Pradesh; Jammu and Kashmir; Kerala; Madhya Pradesh; Maharashtra; Odisha; Punjab; Rajasthan; Uttar Pradesh; Uttar pradesh; Uttarakhand; West Bengal,,,,unmatched,none,UNMATCHED,HISTORICAL_BOUNDARY_REVIEW_REQUIRED,No exact or transparent normalized Census boundary name match.
Pudukkottai,Tamil Nadu,Pudukkottai,Tamil Nadu,621,exact_name_candidate,exact_name,REQUIRES_MANUAL_VERIFICATION,HISTORICAL_BOUNDARY_REVIEW_REQUIRED,Exact spelling match; state context and historical boundary equivalence are not established.
Pulwama,Arunachal Pradesh; Assam; Delhi; Jammu & Kashmir; Jammu and Kashmir; Punjab; Uttar Pradesh,Pulwama,Jammu & Kashmir,12,exact_name_candidate,exact_name,REQUIRES_MANUAL_VERIFICATION,HISTORICAL_BOUNDARY_REVIEW_REQUIRED,Exact spelling match; state context and historical boundary equivalence are not established.
Pune,Bihar; Gujarat; Madhya Pradesh; Maharashtra; Rajasthan; Telangana; Uttar Pradesh,Pune,Maharashtra,521,exact_name_candidate,exact_name,REQUIRES_MANUAL_VERIFICATION,HISTORICAL_BOUNDARY_REVIEW_REQUIRED,Exact spelling match; state context and historical boundary equivalence are not established.
Purba Bardhaman,West Bengal,,,,unmatched,none,UNMATCHED,HISTORICAL_BOUNDARY_REVIEW_REQUIRED,No exact or transparent normalized Census boundary name match.
Purba Medinipur,West Bengal,Purba Medinipur,West Bengal,345,exact_name_candidate,exact_name,REQUIRES_MANUAL_VERIFICATION,HISTORICAL_BOUNDARY_REVIEW_REQUIRED,Exact spelling match; state context and historical boundary equivalence are not established.
Purba Purba Bardhaman,Andhra Pradesh; Assam; Bihar; Haryana; Himachal Pradesh; Kerala; Madhya Pradesh; Odisha; Punjab; Uttar Pradesh; Uttar pradesh; West Bengal,,,,unmatched,none,UNMATCHED,HISTORICAL_BOUNDARY_REVIEW_REQUIRED,No exact or transparent normalized Census boundary name match.
Purba Purba Medinipur,Bihar; Odisha; Uttar Pradesh; West Bengal,,,,unmatched,none,UNMATCHED,HISTORICAL_BOUNDARY_REVIEW_REQUIRED,No exact or transparent normalized Census boundary name match.
Purba bardhaman,West Bengal,,,,unmatched,none,UNMATCHED,HISTORICAL_BOUNDARY_REVIEW_REQUIRED,No exact or transparent normalized Census boundary name match.
Purbi Champaran,Andhra Pradesh; Assam; Bihar; Gujarat; Haryana; Himachal Pradesh; Jharkhand; Kerala; Madhya Pradesh; Maharashtra; Odisha; Rajasthan; Uttar Pradesh; Uttar pradesh; West Bengal,,,,unmatched,none,UNMATCHED,HISTORICAL_BOUNDARY_REVIEW_REQUIRED,No exact or transparent normalized Census boundary name match.
Purbi West Singhbhum,Bihar; Jharkhand,,,,unmatched,none,UNMATCHED,HISTORICAL_BOUNDARY_REVIEW_REQUIRED,No exact or transparent normalized Census boundary name match.
Puri,Andhra Pradesh; Assam; Bihar; Haryana; Madhya Pradesh; Odisha; Rajasthan; Uttar Pradesh; West Bengal,Puri,Odisha,387,exact_name_candidate,exact_name,REQUIRES_MANUAL_VERIFICATION,HISTORICAL_BOUNDARY_REVIEW_REQUIRED,Exact spelling match; state context and historical boundary equivalence are not established.
Purnia,Andhra Pradesh; Assam; Bihar; Gujarat; Haryana; Himachal Pradesh; Jharkhand; Kerala; Madhya Pradesh; Maharashtra; Odisha; Rajasthan; Uttar Pradesh; Uttar pradesh; West Bengal,Purnia,Bihar,211,exact_name_candidate,exact_name,REQUIRES_MANUAL_VERIFICATION,HISTORICAL_BOUNDARY_REVIEW_REQUIRED,Exact spelling match; state context and historical boundary equivalence are not established.
Purulia,Andhra Pradesh; Assam; Bihar; Haryana; Himachal Pradesh; Kerala; Madhya Pradesh; Odisha; Punjab; Uttar Pradesh; Uttar pradesh; West Bengal,,,,unmatched,none,UNMATCHED,HISTORICAL_BOUNDARY_REVIEW_REQUIRED,No exact or transparent normalized Census boundary name match.
Rae Bareli,Arunachal Pradesh; Assam; Bihar; East Rajasthan; Gujarat; Haryana; Himachal Pradesh; Jammu and Kashmir; Kerala; Madhya Pradesh; Maharashtra; Odisha; Punjab; Rajasthan; Uttar Pradesh; Uttar pradesh; Uttarakhand; West Bengal,Rae Bareli,Uttar Pradesh,158,exact_name_candidate,exact_name,REQUIRES_MANUAL_VERIFICATION,HISTORICAL_BOUNDARY_REVIEW_REQUIRED,Exact spelling match; state context and historical boundary equivalence are not established.
Raichur,Karnataka; Kerala,Raichur,Karnataka,559,exact_name_candidate,exact_name,REQUIRES_MANUAL_VERIFICATION,HISTORICAL_BOUNDARY_REVIEW_REQUIRED,Exact spelling match; state context and historical boundary equivalence are not established.
Raigad,Maharashtra,,,,unmatched,none,UNMATCHED,HISTORICAL_BOUNDARY_REVIEW_REQUIRED,No exact or transparent normalized Census boundary name match.
Raigarh,Bihar; Chhattisgarh; Gujarat; Madhya Pradesh; Maharashtra; Rajasthan; Telangana; Uttar Pradesh,Raigarh,Chhattisgarh,403,exact_name_candidate,exact_name,REQUIRES_MANUAL_VERIFICATION,HISTORICAL_BOUNDARY_REVIEW_REQUIRED,Exact spelling match; state context and historical boundary equivalence are not established.
Raigarh,Bihar; Chhattisgarh; Gujarat; Madhya Pradesh; Maharashtra; Rajasthan; Telangana; Uttar Pradesh,Raigarh,Maharashtra,520,exact_name_candidate,exact_name,REQUIRES_MANUAL_VERIFICATION,HISTORICAL_BOUNDARY_REVIEW_REQUIRED,Exact spelling match; state context and historical boundary equivalence are not established.
Raipur,Chhattisgarh; Madhya Pradesh,Raipur,Chhattisgarh,410,exact_name_candidate,exact_name,REQUIRES_MANUAL_VERIFICATION,HISTORICAL_BOUNDARY_REVIEW_REQUIRED,Exact spelling match; state context and historical boundary equivalence are not established.
Raisen,Andhra Pradesh; Bihar; Gujarat; Haryana; Madhya Pradesh; Maharashtra; Odisha; Punjab; Rajasthan; Uttar Pradesh; West Bengal,Raisen,Madhya Pradesh,446,exact_name_candidate,exact_name,REQUIRES_MANUAL_VERIFICATION,HISTORICAL_BOUNDARY_REVIEW_REQUIRED,Exact spelling match; state context and historical boundary equivalence are not established.
Rajanna Sircilla,Andhra Pradesh; Maharashtra; Telangana,,,,unmatched,none,UNMATCHED,HISTORICAL_BOUNDARY_REVIEW_REQUIRED,No exact or transparent normalized Census boundary name match.
Rajgarh,Andhra Pradesh; Bihar; Chhattisgarh; Gujarat; Haryana; Madhya Pradesh; Maharashtra; Odisha; Punjab; Rajasthan; Uttar Pradesh; West Bengal,Rajgarh,Madhya Pradesh,442,exact_name_candidate,exact_name,REQUIRES_MANUAL_VERIFICATION,HISTORICAL_BOUNDARY_REVIEW_REQUIRED,Exact spelling match; state context and historical boundary equivalence are not established.
Rajkot,Bihar; Gujarat; Madhya Pradesh; Maharashtra; Rajasthan; Uttar Pradesh,Rajkot,Gujarat,476,exact_name_candidate,exact_name,REQUIRES_MANUAL_VERIFICATION,HISTORICAL_BOUNDARY_REVIEW_REQUIRED,Exact spelling match; state context and historical boundary equivalence are not established.
Rajnandgaon,Chhattisgarh; Madhya Pradesh,Rajnandgaon,Chhattisgarh,408,exact_name_candidate,exact_name,REQUIRES_MANUAL_VERIFICATION,HISTORICAL_BOUNDARY_REVIEW_REQUIRED,Exact spelling match; state context and historical boundary equivalence are not established.
Rajouri,Arunachal Pradesh; Assam; Delhi; Jammu & Kashmir; Jammu and Kashmir; Punjab; Uttar Pradesh,Rajouri,Jammu & Kashmir,6,exact_name_candidate,exact_name,REQUIRES_MANUAL_VERIFICATION,HISTORICAL_BOUNDARY_REVIEW_REQUIRED,Exact spelling match; state context and historical boundary equivalence are not established.
Rajsamand,Bihar; Gujarat; Haryana; Kerala; Madhya Pradesh; Maharashtra; Odisha; Punjab; Rajasthan; Uttar Pradesh,Rajsamand,Rajasthan,123,exact_name_candidate,exact_name,REQUIRES_MANUAL_VERIFICATION,HISTORICAL_BOUNDARY_REVIEW_REQUIRED,Exact spelling match; state context and historical boundary equivalence are not established.
Ramagiri,Maharashtra,,,,unmatched,none,UNMATCHED,HISTORICAL_BOUNDARY_REVIEW_REQUIRED,No exact or transparent normalized Census boundary name match.
Ramanagara,Karnataka; Kerala,Ramanagara,Karnataka,584,exact_name_candidate,exact_name,REQUIRES_MANUAL_VERIFICATION,HISTORICAL_BOUNDARY_REVIEW_REQUIRED,Exact spelling match; state context and historical boundary equivalence are not established.
Ramanathapuram,Tamil Nadu,Ramanathapuram,Tamil Nadu,626,exact_name_candidate,exact_name,REQUIRES_MANUAL_VERIFICATION,HISTORICAL_BOUNDARY_REVIEW_REQUIRED,Exact spelling match; state context and historical boundary equivalence are not established.
Ramban,Arunachal Pradesh; Assam; Delhi; Jammu & Kashmir; Jammu and Kashmir; Punjab; Uttar Pradesh,Ramban,Jammu & Kashmir,17,exact_name_candidate,exact_name,REQUIRES_MANUAL_VERIFICATION,HISTORICAL_BOUNDARY_REVIEW_REQUIRED,Exact spelling match; state context and historical boundary equivalence are not established.
Ramgarh,Jharkhand; Rajasthan,Ramgarh,Jharkhand,361,exact_name_candidate,exact_name,REQUIRES_MANUAL_VERIFICATION,HISTORICAL_BOUNDARY_REVIEW_REQUIRED,Exact spelling match; state context and historical boundary equivalence are not established.
Rampur,Arunachal Pradesh; Assam; Bihar; East Rajasthan; Gujarat; Haryana; Himachal Pradesh; Jammu and Kashmir; Kerala; Madhya Pradesh; Maharashtra; Odisha; Punjab; Rajasthan; Uttar Pradesh; Uttar pradesh; Uttarakhand; West Bengal,Rampur,Uttar Pradesh,136,exact_name_candidate,exact_name,REQUIRES_MANUAL_VERIFICATION,HISTORICAL_BOUNDARY_REVIEW_REQUIRED,Exact spelling match; state context and historical boundary equivalence are not established.
Ranchi,Bihar; Jharkhand,Ranchi,Jharkhand,364,exact_name_candidate,exact_name,REQUIRES_MANUAL_VERIFICATION,HISTORICAL_BOUNDARY_REVIEW_REQUIRED,Exact spelling match; state context and historical boundary equivalence are not established.
Ranga Reddy,Andhra Pradesh; Maharashtra; Telangana,Rangareddy,Andhra Pradesh,537,normalized_requires_verification,normalized_name,REQUIRES_MANUAL_VERIFICATION,HISTORICAL_BOUNDARY_REVIEW_REQUIRED,Case/punctuation normalization only; no fuzzy matching; state context and historical equivalence require review.
Ranipet,Tamil Nadu,,,,unmatched,none,UNMATCHED,HISTORICAL_BOUNDARY_REVIEW_REQUIRED,No exact or transparent normalized Census boundary name match.
Ratlam,Andhra Pradesh; Bihar; Chhattisgarh; Gujarat; Haryana; Madhya Pradesh; Maharashtra; Odisha; Punjab; Rajasthan; Uttar Pradesh; West Bengal,Ratlam,Madhya Pradesh,434,exact_name_candidate,exact_name,REQUIRES_MANUAL_VERIFICATION,HISTORICAL_BOUNDARY_REVIEW_REQUIRED,Exact spelling match; state context and historical boundary equivalence are not established.
Ratnagiri,Bihar; Gujarat; Madhya Pradesh; Maharashtra; Rajasthan; Telangana; Uttar Pradesh,Ratnagiri,Maharashtra,528,exact_name_candidate,exact_name,REQUIRES_MANUAL_VERIFICATION,HISTORICAL_BOUNDARY_REVIEW_REQUIRED,Exact spelling match; state context and historical boundary equivalence are not established.
Rayagada,Andhra Pradesh; Assam; Bihar; Haryana; Madhya Pradesh; Odisha; Rajasthan; Uttar Pradesh; West Bengal,Rayagada,Odisha,396,exact_name_candidate,exact_name,REQUIRES_MANUAL_VERIFICATION,HISTORICAL_BOUNDARY_REVIEW_REQUIRED,Exact spelling match; state context and historical boundary equivalence are not established.
Reasi,Arunachal Pradesh; Assam; Delhi; Jammu & Kashmir; Jammu and Kashmir; Punjab; Uttar Pradesh,Reasi,Jammu & Kashmir,20,exact_name_candidate,exact_name,REQUIRES_MANUAL_VERIFICATION,HISTORICAL_BOUNDARY_REVIEW_REQUIRED,Exact spelling match; state context and historical boundary equivalence are not established.
Rewa,Andhra Pradesh; Bihar; Gujarat; Haryana; Madhya Pradesh; Maharashtra; Odisha; Punjab; Rajasthan; Uttar Pradesh; West Bengal,Rewa,Madhya Pradesh,430,exact_name_candidate,exact_name,REQUIRES_MANUAL_VERIFICATION,HISTORICAL_BOUNDARY_REVIEW_REQUIRED,Exact spelling match; state context and historical boundary equivalence are not established.
Rewari,Bihar; Haryana; Kerala; Madhya Pradesh; Odisha; Punjab; Rajasthan; Uttar Pradesh; West Bengal,Rewari,Haryana,85,exact_name_candidate,exact_name,REQUIRES_MANUAL_VERIFICATION,HISTORICAL_BOUNDARY_REVIEW_REQUIRED,Exact spelling match; state context and historical boundary equivalence are not established.
Ri Bhoi,Meghalaya,Ri Bhoi,Meghalaya,297,exact_name_candidate,exact_name,REQUIRES_MANUAL_VERIFICATION,HISTORICAL_BOUNDARY_REVIEW_REQUIRED,Exact spelling match; state context and historical boundary equivalence are not established.
Rohtak,Bihar; Haryana; Kerala; Madhya Pradesh; Odisha; Punjab; Rajasthan; Uttar Pradesh; West Bengal,Rohtak,Haryana,82,exact_name_candidate,exact_name,REQUIRES_MANUAL_VERIFICATION,HISTORICAL_BOUNDARY_REVIEW_REQUIRED,Exact spelling match; state context and historical boundary equivalence are not established.
Rohtas,Andhra Pradesh; Assam; Bihar; Gujarat; Haryana; Himachal Pradesh; Kerala; Madhya Pradesh; Maharashtra; Odisha; Rajasthan; Uttar Pradesh; Uttar pradesh; West Bengal,Rohtas,Bihar,234,exact_name_candidate,exact_name,REQUIRES_MANUAL_VERIFICATION,HISTORICAL_BOUNDARY_REVIEW_REQUIRED,Exact spelling match; state context and historical boundary equivalence are not established.
Rudra Prayag,Uttar Pradesh; Uttarakhand,Rudraprayag,Uttarakhand,58,normalized_requires_verification,normalized_name,REQUIRES_MANUAL_VERIFICATION,HISTORICAL_BOUNDARY_REVIEW_REQUIRED,Case/punctuation normalization only; no fuzzy matching; state context and historical equivalence require review.
Rugi,Karnataka,,,,unmatched,none,UNMATCHED,HISTORICAL_BOUNDARY_REVIEW_REQUIRED,No exact or transparent normalized Census boundary name match.
Rupnagar,Arunachal Pradesh; Assam; Delhi; Haryana; Jammu and Kashmir; Madhya Pradesh; Punjab; Rajasthan; Uttar Pradesh; West Bengal,Rupnagar,Punjab,51,exact_name_candidate,exact_name,REQUIRES_MANUAL_VERIFICATION,HISTORICAL_BOUNDARY_REVIEW_REQUIRED,Exact spelling match; state context and historical boundary equivalence are not established.
Rural,Karnataka,,,,unmatched,none,UNMATCHED,HISTORICAL_BOUNDARY_REVIEW_REQUIRED,No exact or transparent normalized Census boundary name match.
S.A.S Nagar,Delhi; Jammu and Kashmir; Punjab,,,,unmatched,none,UNMATCHED,HISTORICAL_BOUNDARY_REVIEW_REQUIRED,No exact or transparent normalized Census boundary name match.
S.A.S Nagar*,Arunachal Pradesh; Assam; Haryana; Jammu and Kashmir; Madhya Pradesh; Punjab; Rajasthan; Uttar Pradesh; West Bengal,,,,unmatched,none,UNMATCHED,HISTORICAL_BOUNDARY_REVIEW_REQUIRED,No exact or transparent normalized Census boundary name match.
SShrawasti,Arunachal Pradesh; Assam; Bihar; East Rajasthan; Gujarat; Haryana; Himachal Pradesh; Jammu and Kashmir; Kerala; Madhya Pradesh; Maharashtra; Odisha; Punjab; Rajasthan; Uttar Pradesh; Uttar pradesh; West Bengal,,,,unmatched,none,UNMATCHED,HISTORICAL_BOUNDARY_REVIEW_REQUIRED,No exact or transparent normalized Census boundary name match.
SShrawasti & Parts of East U.P.,Uttar Pradesh,,,,unmatched,none,UNMATCHED,HISTORICAL_BOUNDARY_REVIEW_REQUIRED,No exact or transparent normalized Census boundary name match.
Sabar Kantha,Bihar; Gujarat; Madhya Pradesh; Maharashtra; Rajasthan; Uttar Pradesh,Sabar Kantha,Gujarat,472,exact_name_candidate,exact_name,REQUIRES_MANUAL_VERIFICATION,HISTORICAL_BOUNDARY_REVIEW_REQUIRED,Exact spelling match; state context and historical boundary equivalence are not established.
Sagar,Andhra Pradesh; Bihar; Chhattisgarh; Gujarat; Haryana; Madhya Pradesh; Maharashtra; Odisha; Punjab; Rajasthan; Uttar Pradesh; West Bengal,Sagar,Madhya Pradesh,427,exact_name_candidate,exact_name,REQUIRES_MANUAL_VERIFICATION,HISTORICAL_BOUNDARY_REVIEW_REQUIRED,Exact spelling match; state context and historical boundary equivalence are not established.
Saharanpur,Arunachal Pradesh; Assam; Bihar; East Rajasthan; Gujarat; Haryana; Himachal Pradesh; Jammu and Kashmir; Kerala; Madhya Pradesh; Maharashtra; Odisha; Punjab; Rajasthan; Uttar Pradesh; Uttar pradesh; Uttarakhand; West Bengal,Saharanpur,Uttar Pradesh,132,exact_name_candidate,exact_name,REQUIRES_MANUAL_VERIFICATION,HISTORICAL_BOUNDARY_REVIEW_REQUIRED,Exact spelling match; state context and historical boundary equivalence are not established.
Saharsa,Andhra Pradesh; Assam; Bihar; Gujarat; Haryana; Himachal Pradesh; Jharkhand; Kerala; Madhya Pradesh; Maharashtra; Odisha; Rajasthan; Uttar Pradesh; Uttar pradesh; West Bengal,Saharsa,Bihar,214,exact_name_candidate,exact_name,REQUIRES_MANUAL_VERIFICATION,HISTORICAL_BOUNDARY_REVIEW_REQUIRED,Exact spelling match; state context and historical boundary equivalence are not established.
Sahebganj,Bihar; Jharkhand,,,,unmatched,none,UNMATCHED,HISTORICAL_BOUNDARY_REVIEW_REQUIRED,No exact or transparent normalized Census boundary name match.
Salem,Tamil Nadu,Salem,Tamil Nadu,608,exact_name_candidate,exact_name,REQUIRES_MANUAL_VERIFICATION,HISTORICAL_BOUNDARY_REVIEW_REQUIRED,Exact spelling match; state context and historical boundary equivalence are not established.
Samastipur,Andhra Pradesh; Assam; Bihar; Gujarat; Haryana; Himachal Pradesh; Jharkhand; Kerala; Madhya Pradesh; Maharashtra; Odisha; Rajasthan; Uttar Pradesh; Uttar pradesh; West Bengal,Samastipur,Bihar,221,exact_name_candidate,exact_name,REQUIRES_MANUAL_VERIFICATION,HISTORICAL_BOUNDARY_REVIEW_REQUIRED,Exact spelling match; state context and historical boundary equivalence are not established.
Samba,Arunachal Pradesh; Assam; Delhi; Jammu & Kashmir; Jammu and Kashmir; Punjab; Uttar Pradesh,Samba,Jammu & Kashmir,22,exact_name_candidate,exact_name,REQUIRES_MANUAL_VERIFICATION,HISTORICAL_BOUNDARY_REVIEW_REQUIRED,Exact spelling match; state context and historical boundary equivalence are not established.
Sambalpur,Andhra Pradesh; Assam; Bihar; Haryana; Madhya Pradesh; Odisha; Rajasthan; Uttar Pradesh; West Bengal,Sambalpur,Odisha,372,exact_name_candidate,exact_name,REQUIRES_MANUAL_VERIFICATION,HISTORICAL_BOUNDARY_REVIEW_REQUIRED,Exact spelling match; state context and historical boundary equivalence are not established.
Sambhal,Arunachal Pradesh; Assam; Bihar; East Rajasthan; Gujarat; Haryana; Himachal Pradesh; Jammu and Kashmir; Kerala; Madhya Pradesh; Maharashtra; Odisha; Punjab; Rajasthan; Uttar Pradesh; Uttar pradesh; Uttarakhand; West Bengal,,,,unmatched,none,UNMATCHED,HISTORICAL_BOUNDARY_REVIEW_REQUIRED,No exact or transparent normalized Census boundary name match.
Sangareddy,Andhra Pradesh; Maharashtra; Telangana,,,,unmatched,none,UNMATCHED,HISTORICAL_BOUNDARY_REVIEW_REQUIRED,No exact or transparent normalized Census boundary name match.
Sangli,Bihar; Gujarat; Madhya Pradesh; Maharashtra; Rajasthan; Telangana; Uttar Pradesh,Sangli,Maharashtra,531,exact_name_candidate,exact_name,REQUIRES_MANUAL_VERIFICATION,HISTORICAL_BOUNDARY_REVIEW_REQUIRED,Exact spelling match; state context and historical boundary equivalence are not established.
Sangrur,Arunachal Pradesh; Assam; Delhi; Haryana; Jammu and Kashmir; Madhya Pradesh; Punjab; Rajasthan; Uttar Pradesh; West Bengal,Sangrur,Punjab,53,exact_name_candidate,exact_name,REQUIRES_MANUAL_VERIFICATION,HISTORICAL_BOUNDARY_REVIEW_REQUIRED,Exact spelling match; state context and historical boundary equivalence are not established.
Sant Kabir Nagar,Arunachal Pradesh; Assam; Bihar; East Rajasthan; Gujarat; Haryana; Himachal Pradesh; Jammu and Kashmir; Kerala; Madhya Pradesh; Maharashtra; Odisha; Punjab; Rajasthan; Uttar Pradesh; Uttar pradesh; West Bengal,Sant Kabir Nagar,Uttar Pradesh,186,exact_name_candidate,exact_name,REQUIRES_MANUAL_VERIFICATION,HISTORICAL_BOUNDARY_REVIEW_REQUIRED,Exact spelling match; state context and historical boundary equivalence are not established.
Santal Pargan,Bihar,,,,unmatched,none,UNMATCHED,HISTORICAL_BOUNDARY_REVIEW_REQUIRED,No exact or transparent normalized Census boundary name match.
Saraikela Kharsawan,Jharkhand,Saraikela-kharsawan,Jharkhand,369,normalized_requires_verification,normalized_name,REQUIRES_MANUAL_VERIFICATION,HISTORICAL_BOUNDARY_REVIEW_REQUIRED,Case/punctuation normalization only; no fuzzy matching; state context and historical equivalence require review.
Saran,Andhra Pradesh; Assam; Bihar; Gujarat; Haryana; Himachal Pradesh; Jharkhand; Kerala; Madhya Pradesh; Maharashtra; Odisha; Rajasthan; Uttar Pradesh; Uttar pradesh; West Bengal,,,,unmatched,none,UNMATCHED,HISTORICAL_BOUNDARY_REVIEW_REQUIRED,No exact or transparent normalized Census boundary name match.
Satara,Bihar; Gujarat; Madhya Pradesh; Maharashtra; Rajasthan; Telangana; Uttar Pradesh,Satara,Maharashtra,527,exact_name_candidate,exact_name,REQUIRES_MANUAL_VERIFICATION,HISTORICAL_BOUNDARY_REVIEW_REQUIRED,Exact spelling match; state context and historical boundary equivalence are not established.
Satna,Andhra Pradesh; Bihar; Gujarat; Haryana; Madhya Pradesh; Maharashtra; Odisha; Punjab; Rajasthan; Uttar Pradesh; West Bengal,Satna,Madhya Pradesh,429,exact_name_candidate,exact_name,REQUIRES_MANUAL_VERIFICATION,HISTORICAL_BOUNDARY_REVIEW_REQUIRED,Exact spelling match; state context and historical boundary equivalence are not established.
Sawai Madhopur,Bihar; Gujarat; Haryana; Kerala; Madhya Pradesh; Maharashtra; Odisha; Punjab; Rajasthan; Uttar Pradesh,Sawai Madhopur,Rajasthan,108,exact_name_candidate,exact_name,REQUIRES_MANUAL_VERIFICATION,HISTORICAL_BOUNDARY_REVIEW_REQUIRED,Exact spelling match; state context and historical boundary equivalence are not established.
Sehore,Andhra Pradesh; Bihar; Chhattisgarh; Gujarat; Haryana; Madhya Pradesh; Maharashtra; Odisha; Punjab; Rajasthan; Uttar Pradesh; West Bengal,Sehore,Madhya Pradesh,445,exact_name_candidate,exact_name,REQUIRES_MANUAL_VERIFICATION,HISTORICAL_BOUNDARY_REVIEW_REQUIRED,Exact spelling match; state context and historical boundary equivalence are not established.
Senapati,Manipur,Senapati,Manipur,272,exact_name_candidate,exact_name,REQUIRES_MANUAL_VERIFICATION,HISTORICAL_BOUNDARY_REVIEW_REQUIRED,Exact spelling match; state context and historical boundary equivalence are not established.
Seoni,Andhra Pradesh; Bihar; Chhattisgarh; Gujarat; Haryana; Madhya Pradesh; Maharashtra; Odisha; Punjab; Rajasthan; Uttar Pradesh; West Bengal,Seoni,Madhya Pradesh,456,exact_name_candidate,exact_name,REQUIRES_MANUAL_VERIFICATION,HISTORICAL_BOUNDARY_REVIEW_REQUIRED,Exact spelling match; state context and historical boundary equivalence are not established.
Sepahijala,Tripura,,,,unmatched,none,UNMATCHED,HISTORICAL_BOUNDARY_REVIEW_REQUIRED,No exact or transparent normalized Census boundary name match.
Serchhip,Mizoram,Serchhip,Mizoram,285,exact_name_candidate,exact_name,REQUIRES_MANUAL_VERIFICATION,HISTORICAL_BOUNDARY_REVIEW_REQUIRED,Exact spelling match; state context and historical boundary equivalence are not established.
Shahdara,Delhi; Jammu and Kashmir; Punjab,,,,unmatched,none,UNMATCHED,HISTORICAL_BOUNDARY_REVIEW_REQUIRED,No exact or transparent normalized Census boundary name match.
Shahdol,Andhra Pradesh; Bihar; Gujarat; Haryana; Madhya Pradesh; Maharashtra; Odisha; Punjab; Rajasthan; Uttar Pradesh; West Bengal,Shahdol,Madhya Pradesh,460,exact_name_candidate,exact_name,REQUIRES_MANUAL_VERIFICATION,HISTORICAL_BOUNDARY_REVIEW_REQUIRED,Exact spelling match; state context and historical boundary equivalence are not established.
Shahid Bhagat Singh Nagar,Arunachal Pradesh; Assam; Delhi; Haryana; Jammu and Kashmir; Madhya Pradesh; Punjab; Rajasthan; Uttar Pradesh; West Bengal,Shahid Bhagat Singh Nagar,Punjab,39,exact_name_candidate,exact_name,REQUIRES_MANUAL_VERIFICATION,HISTORICAL_BOUNDARY_REVIEW_REQUIRED,Exact spelling match; state context and historical boundary equivalence are not established.
Shahjahanpur,Arunachal Pradesh; Assam; Bihar; East Rajasthan; Gujarat; Haryana; Himachal Pradesh; Jammu and Kashmir; Kerala; Madhya Pradesh; Maharashtra; Odisha; Punjab; Rajasthan; Uttar Pradesh; Uttar pradesh; Uttarakhand; West Bengal,Shahjahanpur,Uttar Pradesh,152,exact_name_candidate,exact_name,REQUIRES_MANUAL_VERIFICATION,HISTORICAL_BOUNDARY_REVIEW_REQUIRED,Exact spelling match; state context and historical boundary equivalence are not established.
Shajapur,Andhra Pradesh; Bihar; Chhattisgarh; Gujarat; Haryana; Madhya Pradesh; Maharashtra; Odisha; Punjab; Rajasthan; Uttar Pradesh; West Bengal,Shajapur,Madhya Pradesh,436,exact_name_candidate,exact_name,REQUIRES_MANUAL_VERIFICATION,HISTORICAL_BOUNDARY_REVIEW_REQUIRED,Exact spelling match; state context and historical boundary equivalence are not established.
Shamli,Arunachal Pradesh; Assam; Bihar; East Rajasthan; Gujarat; Haryana; Himachal Pradesh; Jammu and Kashmir; Kerala; Madhya Pradesh; Maharashtra; Odisha; Punjab; Rajasthan; Uttar Pradesh; Uttar pradesh; Uttarakhand; West Bengal,,,,unmatched,none,UNMATCHED,HISTORICAL_BOUNDARY_REVIEW_REQUIRED,No exact or transparent normalized Census boundary name match.
Sheikhpura,Andhra Pradesh; Assam; Bihar; Gujarat; Haryana; Himachal Pradesh; Kerala; Madhya Pradesh; Maharashtra; Odisha; Rajasthan; Uttar Pradesh; Uttar pradesh; West Bengal,Sheikhpura,Bihar,228,exact_name_candidate,exact_name,REQUIRES_MANUAL_VERIFICATION,HISTORICAL_BOUNDARY_REVIEW_REQUIRED,Exact spelling match; state context and historical boundary equivalence are not established.
Sheohar,Andhra Pradesh; Assam; Bihar; Gujarat; Haryana; Himachal Pradesh; Jharkhand; Kerala; Madhya Pradesh; Maharashtra; Odisha; Rajasthan; Uttar Pradesh; Uttar pradesh; West Bengal,Sheohar,Bihar,205,exact_name_candidate,exact_name,REQUIRES_MANUAL_VERIFICATION,HISTORICAL_BOUNDARY_REVIEW_REQUIRED,Exact spelling match; state context and historical boundary equivalence are not established.
Sheopur,Andhra Pradesh; Bihar; Gujarat; Haryana; Madhya Pradesh; Maharashtra; Odisha; Punjab; Rajasthan; Uttar Pradesh; West Bengal,Sheopur,Madhya Pradesh,418,exact_name_candidate,exact_name,REQUIRES_MANUAL_VERIFICATION,HISTORICAL_BOUNDARY_REVIEW_REQUIRED,Exact spelling match; state context and historical boundary equivalence are not established.
Shi Yomi,Arunachal Pradesh; Assam; Jammu and Kashmir; Punjab; Uttar Pradesh,,,,unmatched,none,UNMATCHED,HISTORICAL_BOUNDARY_REVIEW_REQUIRED,No exact or transparent normalized Census boundary name match.
Shimla,Bihar; Himachal Pradesh; Uttar Pradesh; West Bengal,Shimla,Himachal Pradesh,33,exact_name_candidate,exact_name,REQUIRES_MANUAL_VERIFICATION,HISTORICAL_BOUNDARY_REVIEW_REQUIRED,Exact spelling match; state context and historical boundary equivalence are not established.
Shivamogga,Karnataka; Kerala,,,,unmatched,none,UNMATCHED,HISTORICAL_BOUNDARY_REVIEW_REQUIRED,No exact or transparent normalized Census boundary name match.
Shivpuri,Andhra Pradesh; Bihar; Chhattisgarh; Gujarat; Haryana; Madhya Pradesh; Maharashtra; Odisha; Punjab; Rajasthan; Uttar Pradesh; West Bengal,Shivpuri,Madhya Pradesh,423,exact_name_candidate,exact_name,REQUIRES_MANUAL_VERIFICATION,HISTORICAL_BOUNDARY_REVIEW_REQUIRED,Exact spelling match; state context and historical boundary equivalence are not established.
Shopian,Arunachal Pradesh; Assam; Delhi; Jammu & Kashmir; Jammu and Kashmir; Punjab; Uttar Pradesh,,,,unmatched,none,UNMATCHED,HISTORICAL_BOUNDARY_REVIEW_REQUIRED,No exact or transparent normalized Census boundary name match.
Shrawasti,Uttar Pradesh,Shrawasti,Uttar Pradesh,181,exact_name_candidate,exact_name,REQUIRES_MANUAL_VERIFICATION,HISTORICAL_BOUNDARY_REVIEW_REQUIRED,Exact spelling match; state context and historical boundary equivalence are not established.
Siaha,Mizoram,,,,unmatched,none,UNMATCHED,HISTORICAL_BOUNDARY_REVIEW_REQUIRED,No exact or transparent normalized Census boundary name match.
Siang,Arunachal Pradesh; Assam; Jammu and Kashmir; Meghalaya; Punjab; Uttar Pradesh,,,,unmatched,none,UNMATCHED,HISTORICAL_BOUNDARY_REVIEW_REQUIRED,No exact or transparent normalized Census boundary name match.
Siddharthnagar,Arunachal Pradesh; Assam; Bihar; East Rajasthan; Gujarat; Haryana; Himachal Pradesh; Jammu and Kashmir; Kerala; Madhya Pradesh; Maharashtra; Odisha; Punjab; Rajasthan; Uttar Pradesh; Uttar pradesh; West Bengal,Siddharth Nagar,Uttar Pradesh,184,normalized_requires_verification,normalized_name,REQUIRES_MANUAL_VERIFICATION,HISTORICAL_BOUNDARY_REVIEW_REQUIRED,Case/punctuation normalization only; no fuzzy matching; state context and historical equivalence require review.
Siddipet,Andhra Pradesh; Maharashtra; Telangana,,,,unmatched,none,UNMATCHED,HISTORICAL_BOUNDARY_REVIEW_REQUIRED,No exact or transparent normalized Census boundary name match.
Sidhi,Andhra Pradesh; Bihar; Gujarat; Haryana; Madhya Pradesh; Maharashtra; Odisha; Punjab; Rajasthan; Uttar Pradesh; West Bengal,Sidhi,Madhya Pradesh,462,exact_name_candidate,exact_name,REQUIRES_MANUAL_VERIFICATION,HISTORICAL_BOUNDARY_REVIEW_REQUIRED,Exact spelling match; state context and historical boundary equivalence are not established.
Sikar,Bihar; Gujarat; Haryana; Kerala; Madhya Pradesh; Maharashtra; Odisha; Punjab; Rajasthan; Uttar Pradesh,Sikar,Rajasthan,111,exact_name_candidate,exact_name,REQUIRES_MANUAL_VERIFICATION,HISTORICAL_BOUNDARY_REVIEW_REQUIRED,Exact spelling match; state context and historical boundary equivalence are not established.
Silchar,Arunachal Pradesh; Assam; Manipur; Tripura,,,,unmatched,none,UNMATCHED,HISTORICAL_BOUNDARY_REVIEW_REQUIRED,No exact or transparent normalized Census boundary name match.
Siliguri,West Bengal,,,,unmatched,none,UNMATCHED,HISTORICAL_BOUNDARY_REVIEW_REQUIRED,No exact or transparent normalized Census boundary name match.
Simdega,Jharkhand,Simdega,Jharkhand,367,exact_name_candidate,exact_name,REQUIRES_MANUAL_VERIFICATION,HISTORICAL_BOUNDARY_REVIEW_REQUIRED,Exact spelling match; state context and historical boundary equivalence are not established.
Sindhudurg,Bihar; Gujarat; Madhya Pradesh; Maharashtra; Rajasthan; Telangana; Uttar Pradesh,Sindhudurg,Maharashtra,529,exact_name_candidate,exact_name,REQUIRES_MANUAL_VERIFICATION,HISTORICAL_BOUNDARY_REVIEW_REQUIRED,Exact spelling match; state context and historical boundary equivalence are not established.
Singrauli,Andhra Pradesh; Bihar; Gujarat; Haryana; Madhya Pradesh; Maharashtra; Odisha; Punjab; Rajasthan; Uttar Pradesh; West Bengal,Singrauli,Madhya Pradesh,463,exact_name_candidate,exact_name,REQUIRES_MANUAL_VERIFICATION,HISTORICAL_BOUNDARY_REVIEW_REQUIRED,Exact spelling match; state context and historical boundary equivalence are not established.
Sirmaur,Himachal Pradesh; Uttar Pradesh,Sirmaur,Himachal Pradesh,32,exact_name_candidate,exact_name,REQUIRES_MANUAL_VERIFICATION,HISTORICAL_BOUNDARY_REVIEW_REQUIRED,Exact spelling match; state context and historical boundary equivalence are not established.
Sirohi,Bihar; Gujarat; Haryana; Kerala; Madhya Pradesh; Maharashtra; Odisha; Punjab; Rajasthan; Uttar Pradesh,Sirohi,Rajasthan,117,exact_name_candidate,exact_name,REQUIRES_MANUAL_VERIFICATION,HISTORICAL_BOUNDARY_REVIEW_REQUIRED,Exact spelling match; state context and historical boundary equivalence are not established.
Sirsa,Bihar; Haryana; Kerala; Madhya Pradesh; Odisha; Punjab; Rajasthan; Uttar Pradesh; West Bengal,Sirsa,Haryana,79,exact_name_candidate,exact_name,REQUIRES_MANUAL_VERIFICATION,HISTORICAL_BOUNDARY_REVIEW_REQUIRED,Exact spelling match; state context and historical boundary equivalence are not established.
Sitamarhi,Andhra Pradesh; Assam; Bihar; Gujarat; Haryana; Himachal Pradesh; Jharkhand; Kerala; Madhya Pradesh; Maharashtra; Odisha; Rajasthan; Uttar Pradesh; Uttar pradesh; West Bengal,Sitamarhi,Bihar,206,exact_name_candidate,exact_name,REQUIRES_MANUAL_VERIFICATION,HISTORICAL_BOUNDARY_REVIEW_REQUIRED,Exact spelling match; state context and historical boundary equivalence are not established.
Sitapur,Arunachal Pradesh; Assam; Bihar; East Rajasthan; Gujarat; Haryana; Himachal Pradesh; Jammu and Kashmir; Kerala; Madhya Pradesh; Maharashtra; Odisha; Punjab; Rajasthan; Uttar Pradesh; Uttar pradesh; Uttarakhand; West Bengal,Sitapur,Uttar Pradesh,154,exact_name_candidate,exact_name,REQUIRES_MANUAL_VERIFICATION,HISTORICAL_BOUNDARY_REVIEW_REQUIRED,Exact spelling match; state context and historical boundary equivalence are not established.
Sivaganga,Tamil Nadu,Sivaganga,Tamil Nadu,622,exact_name_candidate,exact_name,REQUIRES_MANUAL_VERIFICATION,HISTORICAL_BOUNDARY_REVIEW_REQUIRED,Exact spelling match; state context and historical boundary equivalence are not established.
Sivasagar,Arunachal Pradesh; Assam; Bihar; Jammu and Kashmir; Kerala; Manipur; Odisha; Punjab; Uttar Pradesh; West Bengal,Sivasagar,Assam,311,exact_name_candidate,exact_name,REQUIRES_MANUAL_VERIFICATION,HISTORICAL_BOUNDARY_REVIEW_REQUIRED,Exact spelling match; state context and historical boundary equivalence are not established.
Sivasagar amd Sonitpur,Assam,,,,unmatched,none,UNMATCHED,HISTORICAL_BOUNDARY_REVIEW_REQUIRED,No exact or transparent normalized Census boundary name match.
Siwan,Andhra Pradesh; Assam; Bihar; Gujarat; Haryana; Himachal Pradesh; Jharkhand; Kerala; Madhya Pradesh; Maharashtra; Odisha; Rajasthan; Uttar Pradesh; Uttar pradesh; West Bengal,Siwan,Bihar,218,exact_name_candidate,exact_name,REQUIRES_MANUAL_VERIFICATION,HISTORICAL_BOUNDARY_REVIEW_REQUIRED,Exact spelling match; state context and historical boundary equivalence are not established.
Solan,Himachal Pradesh; Uttar Pradesh,Solan,Himachal Pradesh,31,exact_name_candidate,exact_name,REQUIRES_MANUAL_VERIFICATION,HISTORICAL_BOUNDARY_REVIEW_REQUIRED,Exact spelling match; state context and historical boundary equivalence are not established.
Solapur,Bihar; Gujarat; Madhya Pradesh; Maharashtra; Rajasthan; Telangana; Uttar Pradesh,Solapur,Maharashtra,526,exact_name_candidate,exact_name,REQUIRES_MANUAL_VERIFICATION,HISTORICAL_BOUNDARY_REVIEW_REQUIRED,Exact spelling match; state context and historical boundary equivalence are not established.
Some districts of Punjab,Punjab,,,,unmatched,none,UNMATCHED,HISTORICAL_BOUNDARY_REVIEW_REQUIRED,No exact or transparent normalized Census boundary name match.
Some parts,Andhra Pradesh; Goa; Gujarat; Haryana; Nagaland; Rajasthan,,,,unmatched,none,UNMATCHED,HISTORICAL_BOUNDARY_REVIEW_REQUIRED,No exact or transparent normalized Census boundary name match.
Sonbhadra,Arunachal Pradesh; Assam; Bihar; East Rajasthan; Gujarat; Haryana; Himachal Pradesh; Jammu and Kashmir; Kerala; Madhya Pradesh; Maharashtra; Odisha; Punjab; Rajasthan; Uttar Pradesh; Uttar pradesh; West Bengal,Sonbhadra,Uttar Pradesh,200,exact_name_candidate,exact_name,REQUIRES_MANUAL_VERIFICATION,HISTORICAL_BOUNDARY_REVIEW_REQUIRED,Exact spelling match; state context and historical boundary equivalence are not established.
Sonipat,Bihar; Haryana; Kerala; Madhya Pradesh; Odisha; Punjab; Rajasthan; Uttar Pradesh; West Bengal,Sonipat,Haryana,76,exact_name_candidate,exact_name,REQUIRES_MANUAL_VERIFICATION,HISTORICAL_BOUNDARY_REVIEW_REQUIRED,Exact spelling match; state context and historical boundary equivalence are not established.
Sonitpur,Arunachal Pradesh; Assam; Bihar; Jammu and Kashmir; Kerala; Odisha; Punjab; Uttar Pradesh; West Bengal,Sonitpur,Assam,306,exact_name_candidate,exact_name,REQUIRES_MANUAL_VERIFICATION,HISTORICAL_BOUNDARY_REVIEW_REQUIRED,Exact spelling match; state context and historical boundary equivalence are not established.
South,Delhi; Jammu and Kashmir; Punjab,South,NCT of Delhi,98,exact_name_candidate,exact_name,REQUIRES_MANUAL_VERIFICATION,HISTORICAL_BOUNDARY_REVIEW_REQUIRED,Exact spelling match; state context and historical boundary equivalence are not established.
South,Delhi; Jammu and Kashmir; Punjab,South,Sikkim,243,exact_name_candidate,exact_name,REQUIRES_MANUAL_VERIFICATION,HISTORICAL_BOUNDARY_REVIEW_REQUIRED,Exact spelling match; state context and historical boundary equivalence are not established.
South 24 Parganas,Assam; Bihar; Haryana; Himachal Pradesh; Kerala; Madhya Pradesh; Odisha; Punjab; Uttar Pradesh; Uttar pradesh; West Bengal,South 24 Parganas,West Bengal,343,exact_name_candidate,exact_name,REQUIRES_MANUAL_VERIFICATION,HISTORICAL_BOUNDARY_REVIEW_REQUIRED,Exact spelling match; state context and historical boundary equivalence are not established.
South 24 Parganas*,Andhra Pradesh; Assam; Bihar; Odisha; West Bengal,South 24 Parganas,West Bengal,343,normalized_requires_verification,normalized_name,REQUIRES_MANUAL_VERIFICATION,HISTORICAL_BOUNDARY_REVIEW_REQUIRED,Case/punctuation normalization only; no fuzzy matching; state context and historical equivalence require review.
South Andamans,Andaman & Nicobar Islands,,,,unmatched,none,UNMATCHED,HISTORICAL_BOUNDARY_REVIEW_REQUIRED,No exact or transparent normalized Census boundary name match.
South Assam,Assam,,,,unmatched,none,UNMATCHED,HISTORICAL_BOUNDARY_REVIEW_REQUIRED,No exact or transparent normalized Census boundary name match.
South East,Delhi; Jammu and Kashmir; Punjab,,,,unmatched,none,UNMATCHED,HISTORICAL_BOUNDARY_REVIEW_REQUIRED,No exact or transparent normalized Census boundary name match.
South Garo Hills,Meghalaya,South Garo Hills,Meghalaya,295,exact_name_candidate,exact_name,REQUIRES_MANUAL_VERIFICATION,HISTORICAL_BOUNDARY_REVIEW_REQUIRED,Exact spelling match; state context and historical boundary equivalence are not established.
South Goa,Goa,South Goa,Goa,586,exact_name_candidate,exact_name,REQUIRES_MANUAL_VERIFICATION,HISTORICAL_BOUNDARY_REVIEW_REQUIRED,Exact spelling match; state context and historical boundary equivalence are not established.
South Gujarat,Maharashtra,,,,unmatched,none,UNMATCHED,HISTORICAL_BOUNDARY_REVIEW_REQUIRED,No exact or transparent normalized Census boundary name match.
South Kashmir,Jammu and Kashmir,,,,unmatched,none,UNMATCHED,HISTORICAL_BOUNDARY_REVIEW_REQUIRED,No exact or transparent normalized Census boundary name match.
South Salmara Mancachar,Arunachal Pradesh; Assam; Bihar; Jammu and Kashmir; Kerala; Odisha; Punjab; Uttar Pradesh; West Bengal,,,,unmatched,none,UNMATCHED,HISTORICAL_BOUNDARY_REVIEW_REQUIRED,No exact or transparent normalized Census boundary name match.
South Salmara Mancachar - Mankachar,Assam,,,,unmatched,none,UNMATCHED,HISTORICAL_BOUNDARY_REVIEW_REQUIRED,No exact or transparent normalized Census boundary name match.
South Salmara Mancachar- Mankachar,Assam,,,,unmatched,none,UNMATCHED,HISTORICAL_BOUNDARY_REVIEW_REQUIRED,No exact or transparent normalized Census boundary name match.
South Tripura,Tamil Nadu; Tripura,South Tripura,Tripura,290,exact_name_candidate,exact_name,REQUIRES_MANUAL_VERIFICATION,HISTORICAL_BOUNDARY_REVIEW_REQUIRED,Exact spelling match; state context and historical boundary equivalence are not established.
South West,Delhi; Jammu and Kashmir; Punjab,South West,NCT of Delhi,97,exact_name_candidate,exact_name,REQUIRES_MANUAL_VERIFICATION,HISTORICAL_BOUNDARY_REVIEW_REQUIRED,Exact spelling match; state context and historical boundary equivalence are not established.
South West Garo Hills,Meghalaya,,,,unmatched,none,UNMATCHED,HISTORICAL_BOUNDARY_REVIEW_REQUIRED,No exact or transparent normalized Census boundary name match.
South West Khasi Hills,Meghalaya,,,,unmatched,none,UNMATCHED,HISTORICAL_BOUNDARY_REVIEW_REQUIRED,No exact or transparent normalized Census boundary name match.
Southern parts,Kerala; West Bengal,,,,unmatched,none,UNMATCHED,HISTORICAL_BOUNDARY_REVIEW_REQUIRED,No exact or transparent normalized Census boundary name match.
Sri Muktsar Sahib,Punjab,,,,unmatched,none,UNMATCHED,HISTORICAL_BOUNDARY_REVIEW_REQUIRED,No exact or transparent normalized Census boundary name match.
Sri Potti Sriramulu Nellore,Andhra Pradesh; Madhya Pradesh,Sri Potti Sriramulu Nellore,Andhra Pradesh,550,exact_name_candidate,exact_name,REQUIRES_MANUAL_VERIFICATION,HISTORICAL_BOUNDARY_REVIEW_REQUIRED,Exact spelling match; state context and historical boundary equivalence are not established.
Sri Sri Muktsar Sahib Sahib,Arunachal Pradesh; Assam; Delhi; Haryana; Jammu and Kashmir; Madhya Pradesh; Punjab; Rajasthan; Uttar Pradesh; West Bengal,,,,unmatched,none,UNMATCHED,HISTORICAL_BOUNDARY_REVIEW_REQUIRED,No exact or transparent normalized Census boundary name match.
Srikakulam,Andhra Pradesh; Karnataka; Madhya Pradesh,Srikakulam,Andhra Pradesh,542,exact_name_candidate,exact_name,REQUIRES_MANUAL_VERIFICATION,HISTORICAL_BOUNDARY_REVIEW_REQUIRED,Exact spelling match; state context and historical boundary equivalence are not established.
Srinagar,Arunachal Pradesh; Assam; Delhi; Jammu & Kashmir; Jammu and Kashmir; Punjab; Uttar Pradesh,Srinagar,Jammu & Kashmir,10,exact_name_candidate,exact_name,REQUIRES_MANUAL_VERIFICATION,HISTORICAL_BOUNDARY_REVIEW_REQUIRED,Exact spelling match; state context and historical boundary equivalence are not established.
Subarnapur,Andhra Pradesh; Assam; Bihar; Haryana; Madhya Pradesh; Odisha; Rajasthan; Uttar Pradesh; West Bengal,Subarnapur,Odisha,392,exact_name_candidate,exact_name,REQUIRES_MANUAL_VERIFICATION,HISTORICAL_BOUNDARY_REVIEW_REQUIRED,Exact spelling match; state context and historical boundary equivalence are not established.
Suburbans,Madras,,,,unmatched,none,UNMATCHED,HISTORICAL_BOUNDARY_REVIEW_REQUIRED,No exact or transparent normalized Census boundary name match.
Sukma,Chhattisgarh,,,,unmatched,none,UNMATCHED,HISTORICAL_BOUNDARY_REVIEW_REQUIRED,No exact or transparent normalized Census boundary name match.
Sultanpur,Arunachal Pradesh; Assam; Bihar; East Rajasthan; Gujarat; Haryana; Himachal Pradesh; Jammu and Kashmir; Kerala; Madhya Pradesh; Maharashtra; Odisha; Punjab; Rajasthan; Uttar Pradesh; Uttar pradesh; Uttarakhand; West Bengal,Sultanpur,Uttar Pradesh,179,exact_name_candidate,exact_name,REQUIRES_MANUAL_VERIFICATION,HISTORICAL_BOUNDARY_REVIEW_REQUIRED,Exact spelling match; state context and historical boundary equivalence are not established.
Sundargarh,Andhra Pradesh; Assam; Bihar; Haryana; Madhya Pradesh; Odisha; Rajasthan; Uttar Pradesh; West Bengal,Sundargarh,Odisha,374,exact_name_candidate,exact_name,REQUIRES_MANUAL_VERIFICATION,HISTORICAL_BOUNDARY_REVIEW_REQUIRED,Exact spelling match; state context and historical boundary equivalence are not established.
Supaul,Andhra Pradesh; Assam; Bihar; Gujarat; Haryana; Himachal Pradesh; Jharkhand; Kerala; Madhya Pradesh; Maharashtra; Odisha; Rajasthan; Uttar Pradesh; Uttar pradesh; West Bengal,Supaul,Bihar,208,exact_name_candidate,exact_name,REQUIRES_MANUAL_VERIFICATION,HISTORICAL_BOUNDARY_REVIEW_REQUIRED,Exact spelling match; state context and historical boundary equivalence are not established.
Surat,Bihar; Gujarat; Madhya Pradesh; Maharashtra; Rajasthan; Uttar Pradesh,Surat,Gujarat,492,exact_name_candidate,exact_name,REQUIRES_MANUAL_VERIFICATION,HISTORICAL_BOUNDARY_REVIEW_REQUIRED,Exact spelling match; state context and historical boundary equivalence are not established.
Surendranagar,Bihar; Gujarat; Karnataka; Madhya Pradesh; Maharashtra; Rajasthan; Uttar Pradesh,Surendranagar,Gujarat,475,exact_name_candidate,exact_name,REQUIRES_MANUAL_VERIFICATION,HISTORICAL_BOUNDARY_REVIEW_REQUIRED,Exact spelling match; state context and historical boundary equivalence are not established.
Surguja,Chhattisgarh,Surguja,Chhattisgarh,401,exact_name_candidate,exact_name,REQUIRES_MANUAL_VERIFICATION,HISTORICAL_BOUNDARY_REVIEW_REQUIRED,Exact spelling match; state context and historical boundary equivalence are not established.
Suryapet,Andhra Pradesh; Maharashtra; Telangana,,,,unmatched,none,UNMATCHED,HISTORICAL_BOUNDARY_REVIEW_REQUIRED,No exact or transparent normalized Census boundary name match.
Tamenglong,Manipur,Tamenglong,Manipur,273,exact_name_candidate,exact_name,REQUIRES_MANUAL_VERIFICATION,HISTORICAL_BOUNDARY_REVIEW_REQUIRED,Exact spelling match; state context and historical boundary equivalence are not established.
Tapi,Bihar; Gujarat; Madhya Pradesh; Maharashtra; Rajasthan; Uttar Pradesh,Tapi,Gujarat,493,exact_name_candidate,exact_name,REQUIRES_MANUAL_VERIFICATION,HISTORICAL_BOUNDARY_REVIEW_REQUIRED,Exact spelling match; state context and historical boundary equivalence are not established.
Tarn Taran,Arunachal Pradesh; Assam; Delhi; Haryana; Jammu and Kashmir; Madhya Pradesh; Punjab; Rajasthan; Uttar Pradesh; West Bengal,Tarn Taran,Punjab,50,exact_name_candidate,exact_name,REQUIRES_MANUAL_VERIFICATION,HISTORICAL_BOUNDARY_REVIEW_REQUIRED,Exact spelling match; state context and historical boundary equivalence are not established.
Tawang,Arunachal Pradesh; Assam; Jammu and Kashmir; Punjab; Uttar Pradesh,Tawang,Arunanchal Pradesh,245,exact_name_candidate,exact_name,REQUIRES_MANUAL_VERIFICATION,HISTORICAL_BOUNDARY_REVIEW_REQUIRED,Exact spelling match; state context and historical boundary equivalence are not established.
Tehri Garhwal,Uttar Pradesh; Uttarakhand,Tehri Garhwal,Uttarakhand,59,exact_name_candidate,exact_name,REQUIRES_MANUAL_VERIFICATION,HISTORICAL_BOUNDARY_REVIEW_REQUIRED,Exact spelling match; state context and historical boundary equivalence are not established.
Tengnoupal,Manipur,,,,unmatched,none,UNMATCHED,HISTORICAL_BOUNDARY_REVIEW_REQUIRED,No exact or transparent normalized Census boundary name match.
Tenkasi,Tamil Nadu,,,,unmatched,none,UNMATCHED,HISTORICAL_BOUNDARY_REVIEW_REQUIRED,No exact or transparent normalized Census boundary name match.
Thane,Bihar; Gujarat; Madhya Pradesh; Maharashtra; Rajasthan; Telangana; Uttar Pradesh,Thane,Maharashtra,517,exact_name_candidate,exact_name,REQUIRES_MANUAL_VERIFICATION,HISTORICAL_BOUNDARY_REVIEW_REQUIRED,Exact spelling match; state context and historical boundary equivalence are not established.
Thanjavur,Tamil Nadu,Thanjavur,Tamil Nadu,620,exact_name_candidate,exact_name,REQUIRES_MANUAL_VERIFICATION,HISTORICAL_BOUNDARY_REVIEW_REQUIRED,Exact spelling match; state context and historical boundary equivalence are not established.
The Dangs,Gujarat,The Dangs,Gujarat,489,exact_name_candidate,exact_name,REQUIRES_MANUAL_VERIFICATION,HISTORICAL_BOUNDARY_REVIEW_REQUIRED,Exact spelling match; state context and historical boundary equivalence are not established.
The Nilgiris,Tamil Nadu,The Nilgiris,Tamil Nadu,611,exact_name_candidate,exact_name,REQUIRES_MANUAL_VERIFICATION,HISTORICAL_BOUNDARY_REVIEW_REQUIRED,Exact spelling match; state context and historical boundary equivalence are not established.
Theni,Tamil Nadu,Theni,Tamil Nadu,624,exact_name_candidate,exact_name,REQUIRES_MANUAL_VERIFICATION,HISTORICAL_BOUNDARY_REVIEW_REQUIRED,Exact spelling match; state context and historical boundary equivalence are not established.
Thiruvallur,Tamil Nadu,Thiruvallur,Tamil Nadu,602,exact_name_candidate,exact_name,REQUIRES_MANUAL_VERIFICATION,HISTORICAL_BOUNDARY_REVIEW_REQUIRED,Exact spelling match; state context and historical boundary equivalence are not established.
Thiruvananthapuram,Bihar; Haryana; Karnataka; Kerala; Rajasthan; Uttar Pradesh,Thiruvananthapuram,Kerala,601,exact_name_candidate,exact_name,REQUIRES_MANUAL_VERIFICATION,HISTORICAL_BOUNDARY_REVIEW_REQUIRED,Exact spelling match; state context and historical boundary equivalence are not established.
Thiruvarur,Tamil Nadu,Thiruvarur,Tamil Nadu,619,exact_name_candidate,exact_name,REQUIRES_MANUAL_VERIFICATION,HISTORICAL_BOUNDARY_REVIEW_REQUIRED,Exact spelling match; state context and historical boundary equivalence are not established.
Thoothukkudi,Tamil Nadu,Thoothukkudi,Tamil Nadu,627,exact_name_candidate,exact_name,REQUIRES_MANUAL_VERIFICATION,HISTORICAL_BOUNDARY_REVIEW_REQUIRED,Exact spelling match; state context and historical boundary equivalence are not established.
Thoubal,Manipur,Thoubal,Manipur,276,exact_name_candidate,exact_name,REQUIRES_MANUAL_VERIFICATION,HISTORICAL_BOUNDARY_REVIEW_REQUIRED,Exact spelling match; state context and historical boundary equivalence are not established.
Thrissur,Bihar; Haryana; Karnataka; Kerala; Rajasthan; Uttar Pradesh,Thrissur,Kerala,594,exact_name_candidate,exact_name,REQUIRES_MANUAL_VERIFICATION,HISTORICAL_BOUNDARY_REVIEW_REQUIRED,Exact spelling match; state context and historical boundary equivalence are not established.
Tikamgarh,Andhra Pradesh; Bihar; Gujarat; Haryana; Madhya Pradesh; Maharashtra; Odisha; Punjab; Rajasthan; Uttar Pradesh; West Bengal,Tikamgarh,Madhya Pradesh,424,exact_name_candidate,exact_name,REQUIRES_MANUAL_VERIFICATION,HISTORICAL_BOUNDARY_REVIEW_REQUIRED,Exact spelling match; state context and historical boundary equivalence are not established.
Tinsukia,Arunachal Pradesh; Assam; Bihar; Jammu and Kashmir; Kerala; Odisha; Punjab; Uttar Pradesh; West Bengal,Tinsukia,Assam,309,exact_name_candidate,exact_name,REQUIRES_MANUAL_VERIFICATION,HISTORICAL_BOUNDARY_REVIEW_REQUIRED,Exact spelling match; state context and historical boundary equivalence are not established.
Tirap,Arunachal Pradesh; Assam; Jammu and Kashmir; Punjab; Uttar Pradesh,Tirap,Arunanchal Pradesh,254,exact_name_candidate,exact_name,REQUIRES_MANUAL_VERIFICATION,HISTORICAL_BOUNDARY_REVIEW_REQUIRED,Exact spelling match; state context and historical boundary equivalence are not established.
Tiruchirappalli,Tamil Nadu,Tiruchirappalli,Tamil Nadu,614,exact_name_candidate,exact_name,REQUIRES_MANUAL_VERIFICATION,HISTORICAL_BOUNDARY_REVIEW_REQUIRED,Exact spelling match; state context and historical boundary equivalence are not established.
Tirunelveli,Tamil Nadu,Tirunelveli,Tamil Nadu,628,exact_name_candidate,exact_name,REQUIRES_MANUAL_VERIFICATION,HISTORICAL_BOUNDARY_REVIEW_REQUIRED,Exact spelling match; state context and historical boundary equivalence are not established.
Tirupathur,Tamil Nadu,,,,unmatched,none,UNMATCHED,HISTORICAL_BOUNDARY_REVIEW_REQUIRED,No exact or transparent normalized Census boundary name match.
Tiruppur,Tamil Nadu,Tiruppur,Tamil Nadu,633,exact_name_candidate,exact_name,REQUIRES_MANUAL_VERIFICATION,HISTORICAL_BOUNDARY_REVIEW_REQUIRED,Exact spelling match; state context and historical boundary equivalence are not established.
Tiruvannamalai,Tamil Nadu,Tiruvannamalai,Tamil Nadu,606,exact_name_candidate,exact_name,REQUIRES_MANUAL_VERIFICATION,HISTORICAL_BOUNDARY_REVIEW_REQUIRED,Exact spelling match; state context and historical boundary equivalence are not established.
Tonk,Bihar; Gujarat; Haryana; Kerala; Madhya Pradesh; Maharashtra; Odisha; Punjab; Rajasthan; Uttar Pradesh,Tonk,Rajasthan,120,exact_name_candidate,exact_name,REQUIRES_MANUAL_VERIFICATION,HISTORICAL_BOUNDARY_REVIEW_REQUIRED,Exact spelling match; state context and historical boundary equivalence are not established.
Tripura,Tripura,,,,unmatched,none,UNMATCHED,HISTORICAL_BOUNDARY_REVIEW_REQUIRED,No exact or transparent normalized Census boundary name match.
Tuensang,Nagaland,Tuensang,Nagaland,267,exact_name_candidate,exact_name,REQUIRES_MANUAL_VERIFICATION,HISTORICAL_BOUNDARY_REVIEW_REQUIRED,Exact spelling match; state context and historical boundary equivalence are not established.
Tumakuru,Karnataka; Kerala,,,,unmatched,none,UNMATCHED,HISTORICAL_BOUNDARY_REVIEW_REQUIRED,No exact or transparent normalized Census boundary name match.
Udaipur,Bihar; Gujarat; Haryana; Kerala; Madhya Pradesh; Maharashtra; Odisha; Punjab; Rajasthan; Uttar Pradesh,Udaipur,Rajasthan,130,exact_name_candidate,exact_name,REQUIRES_MANUAL_VERIFICATION,HISTORICAL_BOUNDARY_REVIEW_REQUIRED,Exact spelling match; state context and historical boundary equivalence are not established.
Udaiur,Gujarat,,,,unmatched,none,UNMATCHED,HISTORICAL_BOUNDARY_REVIEW_REQUIRED,No exact or transparent normalized Census boundary name match.
Udalguri,Arunachal Pradesh; Assam; Bihar; Jammu and Kashmir; Kerala; Odisha; Punjab; Uttar Pradesh; West Bengal,Udalguri,Assam,326,exact_name_candidate,exact_name,REQUIRES_MANUAL_VERIFICATION,HISTORICAL_BOUNDARY_REVIEW_REQUIRED,Exact spelling match; state context and historical boundary equivalence are not established.
Udam Singh Nagar,Uttar Pradesh; Uttarakhand,,,,unmatched,none,UNMATCHED,HISTORICAL_BOUNDARY_REVIEW_REQUIRED,No exact or transparent normalized Census boundary name match.
Udhampur,Arunachal Pradesh; Assam; Delhi; Jammu & Kashmir; Jammu and Kashmir; Punjab; Uttar Pradesh,Udhampur,Jammu & Kashmir,19,exact_name_candidate,exact_name,REQUIRES_MANUAL_VERIFICATION,HISTORICAL_BOUNDARY_REVIEW_REQUIRED,Exact spelling match; state context and historical boundary equivalence are not established.
Udupi,Karnataka; Kerala,Udupi,Karnataka,569,exact_name_candidate,exact_name,REQUIRES_MANUAL_VERIFICATION,HISTORICAL_BOUNDARY_REVIEW_REQUIRED,Exact spelling match; state context and historical boundary equivalence are not established.
Ujjain,Andhra Pradesh; Bihar; Chhattisgarh; Gujarat; Haryana; Madhya Pradesh; Maharashtra; Odisha; Punjab; Rajasthan; Uttar Pradesh; West Bengal,Ujjain,Madhya Pradesh,435,exact_name_candidate,exact_name,REQUIRES_MANUAL_VERIFICATION,HISTORICAL_BOUNDARY_REVIEW_REQUIRED,Exact spelling match; state context and historical boundary equivalence are not established.
Ukhrul,Manipur,Ukhrul,Manipur,279,exact_name_candidate,exact_name,REQUIRES_MANUAL_VERIFICATION,HISTORICAL_BOUNDARY_REVIEW_REQUIRED,Exact spelling match; state context and historical boundary equivalence are not established.
Umaria,Andhra Pradesh; Bihar; Gujarat; Haryana; Madhya Pradesh; Maharashtra; Odisha; Punjab; Rajasthan; Uttar Pradesh; West Bengal,Umaria,Madhya Pradesh,431,exact_name_candidate,exact_name,REQUIRES_MANUAL_VERIFICATION,HISTORICAL_BOUNDARY_REVIEW_REQUIRED,Exact spelling match; state context and historical boundary equivalence are not established.
Una,Himachal Pradesh; Uttar Pradesh,Una,Himachal Pradesh,29,exact_name_candidate,exact_name,REQUIRES_MANUAL_VERIFICATION,HISTORICAL_BOUNDARY_REVIEW_REQUIRED,Exact spelling match; state context and historical boundary equivalence are not established.
Unakoti,Tripura,,,,unmatched,none,UNMATCHED,HISTORICAL_BOUNDARY_REVIEW_REQUIRED,No exact or transparent normalized Census boundary name match.
Unnao,Arunachal Pradesh; Assam; Bihar; East Rajasthan; Gujarat; Haryana; Himachal Pradesh; Jammu and Kashmir; Kerala; Madhya Pradesh; Maharashtra; Odisha; Punjab; Rajasthan; Uttar Pradesh; Uttar pradesh; Uttarakhand; West Bengal,Unnao,Uttar Pradesh,156,exact_name_candidate,exact_name,REQUIRES_MANUAL_VERIFICATION,HISTORICAL_BOUNDARY_REVIEW_REQUIRED,Exact spelling match; state context and historical boundary equivalence are not established.
Upper Lower Subansiri,Arunachal Pradesh; Assam; Jammu and Kashmir; Punjab; Uttar Pradesh,,,,unmatched,none,UNMATCHED,HISTORICAL_BOUNDARY_REVIEW_REQUIRED,No exact or transparent normalized Census boundary name match.
Upper Siang,Arunachal Pradesh; Assam; Jammu and Kashmir; Punjab; Uttar Pradesh,Upper Siang,Arunanchal Pradesh,252,exact_name_candidate,exact_name,REQUIRES_MANUAL_VERIFICATION,HISTORICAL_BOUNDARY_REVIEW_REQUIRED,Exact spelling match; state context and historical boundary equivalence are not established.
Urban,Karnataka,,,,unmatched,none,UNMATCHED,HISTORICAL_BOUNDARY_REVIEW_REQUIRED,No exact or transparent normalized Census boundary name match.
Uttar Kashi,Karnataka; West Bengal,Uttarkashi,Uttarakhand,56,normalized_requires_verification,normalized_name,REQUIRES_MANUAL_VERIFICATION,HISTORICAL_BOUNDARY_REVIEW_REQUIRED,Case/punctuation normalization only; no fuzzy matching; state context and historical equivalence require review.
Uttar Kashi Bastar Kanker,Chhattisgarh; Madhya Pradesh,,,,unmatched,none,UNMATCHED,HISTORICAL_BOUNDARY_REVIEW_REQUIRED,No exact or transparent normalized Census boundary name match.
Uttar Kashi Dinajpur,West Bengal,,,,unmatched,none,UNMATCHED,HISTORICAL_BOUNDARY_REVIEW_REQUIRED,No exact or transparent normalized Census boundary name match.
Uttar Kashi Kashi,Uttar Pradesh; Uttarakhand,,,,unmatched,none,UNMATCHED,HISTORICAL_BOUNDARY_REVIEW_REQUIRED,No exact or transparent normalized Census boundary name match.
Uttar Kashia,Karnataka,,,,unmatched,none,UNMATCHED,HISTORICAL_BOUNDARY_REVIEW_REQUIRED,No exact or transparent normalized Census boundary name match.
Uttar Kashia Kannada,Karnataka; Kerala,,,,unmatched,none,UNMATCHED,HISTORICAL_BOUNDARY_REVIEW_REQUIRED,No exact or transparent normalized Census boundary name match.
Vadodara,Bihar; Gujarat; Madhya Pradesh; Maharashtra; Rajasthan; Uttar Pradesh,Vadodara,Gujarat,486,exact_name_candidate,exact_name,REQUIRES_MANUAL_VERIFICATION,HISTORICAL_BOUNDARY_REVIEW_REQUIRED,Exact spelling match; state context and historical boundary equivalence are not established.
Vaishali,Andhra Pradesh; Assam; Bihar; Gujarat; Haryana; Himachal Pradesh; Jharkhand; Kerala; Madhya Pradesh; Maharashtra; Odisha; Rajasthan; Uttar Pradesh; Uttar pradesh; West Bengal,Vaishali,Bihar,220,exact_name_candidate,exact_name,REQUIRES_MANUAL_VERIFICATION,HISTORICAL_BOUNDARY_REVIEW_REQUIRED,Exact spelling match; state context and historical boundary equivalence are not established.
Valsad,Bihar; Dadra and Nagar Haveli; Gujarat; Madhya Pradesh; Maharashtra; Rajasthan; Uttar Pradesh,Valsad,Gujarat,491,exact_name_candidate,exact_name,REQUIRES_MANUAL_VERIFICATION,HISTORICAL_BOUNDARY_REVIEW_REQUIRED,Exact spelling match; state context and historical boundary equivalence are not established.
Varanasi,Arunachal Pradesh; Assam; Bihar; East Rajasthan; Gujarat; Haryana; Himachal Pradesh; Jammu and Kashmir; Kerala; Madhya Pradesh; Maharashtra; Odisha; Punjab; Rajasthan; Uttar Pradesh; Uttar pradesh; Uttarakhand; West Bengal,Varanasi,Uttar Pradesh,197,exact_name_candidate,exact_name,REQUIRES_MANUAL_VERIFICATION,HISTORICAL_BOUNDARY_REVIEW_REQUIRED,Exact spelling match; state context and historical boundary equivalence are not established.
Vellore,Tamil Nadu,Vellore,Tamil Nadu,605,exact_name_candidate,exact_name,REQUIRES_MANUAL_VERIFICATION,HISTORICAL_BOUNDARY_REVIEW_REQUIRED,Exact spelling match; state context and historical boundary equivalence are not established.
Vidisha,Andhra Pradesh; Bihar; Chhattisgarh; Gujarat; Haryana; Madhya Pradesh; Maharashtra; Odisha; Punjab; Rajasthan; Uttar Pradesh; West Bengal,Vidisha,Madhya Pradesh,443,exact_name_candidate,exact_name,REQUIRES_MANUAL_VERIFICATION,HISTORICAL_BOUNDARY_REVIEW_REQUIRED,Exact spelling match; state context and historical boundary equivalence are not established.
Vijayapura,Karnataka; Kerala,,,,unmatched,none,UNMATCHED,HISTORICAL_BOUNDARY_REVIEW_REQUIRED,No exact or transparent normalized Census boundary name match.
Vikarabad,Andhra Pradesh; Maharashtra; Telangana,,,,unmatched,none,UNMATCHED,HISTORICAL_BOUNDARY_REVIEW_REQUIRED,No exact or transparent normalized Census boundary name match.
Viluppuram,Tamil Nadu,Viluppuram,Tamil Nadu,607,exact_name_candidate,exact_name,REQUIRES_MANUAL_VERIFICATION,HISTORICAL_BOUNDARY_REVIEW_REQUIRED,Exact spelling match; state context and historical boundary equivalence are not established.
Virudhunagar,Tamil Nadu,,,,unmatched,none,UNMATCHED,HISTORICAL_BOUNDARY_REVIEW_REQUIRED,No exact or transparent normalized Census boundary name match.
Visakhapatnam,Andhra Pradesh; Madhya Pradesh,Visakhapatnam,Andhra Pradesh,544,exact_name_candidate,exact_name,REQUIRES_MANUAL_VERIFICATION,HISTORICAL_BOUNDARY_REVIEW_REQUIRED,Exact spelling match; state context and historical boundary equivalence are not established.
Vizianagaram,Andhra Pradesh; Madhya Pradesh,Vizianagaram,Andhra Pradesh,543,exact_name_candidate,exact_name,REQUIRES_MANUAL_VERIFICATION,HISTORICAL_BOUNDARY_REVIEW_REQUIRED,Exact spelling match; state context and historical boundary equivalence are not established.
Wanaparthy,Andhra Pradesh; Maharashtra; Telangana,,,,unmatched,none,UNMATCHED,HISTORICAL_BOUNDARY_REVIEW_REQUIRED,No exact or transparent normalized Census boundary name match.
Warangal,Andhra Pradesh; Maharashtra; Telangana,Warangal,Andhra Pradesh,540,exact_name_candidate,exact_name,REQUIRES_MANUAL_VERIFICATION,HISTORICAL_BOUNDARY_REVIEW_REQUIRED,Exact spelling match; state context and historical boundary equivalence are not established.
Wardha,Bihar; Gujarat; Madhya Pradesh; Maharashtra; Rajasthan; Telangana; Uttar Pradesh,Wardha,Maharashtra,504,exact_name_candidate,exact_name,REQUIRES_MANUAL_VERIFICATION,HISTORICAL_BOUNDARY_REVIEW_REQUIRED,Exact spelling match; state context and historical boundary equivalence are not established.
Washim,Bihar; Gujarat; Madhya Pradesh; Maharashtra; Rajasthan; Telangana; Uttar Pradesh,Washim,Maharashtra,502,exact_name_candidate,exact_name,REQUIRES_MANUAL_VERIFICATION,HISTORICAL_BOUNDARY_REVIEW_REQUIRED,Exact spelling match; state context and historical boundary equivalence are not established.
Wayanad,Bihar; Haryana; Karnataka; Kerala; Rajasthan; Uttar Pradesh,Wayanad,Kerala,590,exact_name_candidate,exact_name,REQUIRES_MANUAL_VERIFICATION,HISTORICAL_BOUNDARY_REVIEW_REQUIRED,Exact spelling match; state context and historical boundary equivalence are not established.
West,Delhi; Jammu and Kashmir; Punjab,West,NCT of Delhi,96,exact_name_candidate,exact_name,REQUIRES_MANUAL_VERIFICATION,HISTORICAL_BOUNDARY_REVIEW_REQUIRED,Exact spelling match; state context and historical boundary equivalence are not established.
West,Delhi; Jammu and Kashmir; Punjab,West,Sikkim,242,exact_name_candidate,exact_name,REQUIRES_MANUAL_VERIFICATION,HISTORICAL_BOUNDARY_REVIEW_REQUIRED,Exact spelling match; state context and historical boundary equivalence are not established.
West East Jaintia Hills,Meghalaya,,,,unmatched,none,UNMATCHED,HISTORICAL_BOUNDARY_REVIEW_REQUIRED,No exact or transparent normalized Census boundary name match.
West Garo Hills,Meghalaya,West Garo Hills,Meghalaya,293,exact_name_candidate,exact_name,REQUIRES_MANUAL_VERIFICATION,HISTORICAL_BOUNDARY_REVIEW_REQUIRED,Exact spelling match; state context and historical boundary equivalence are not established.
West Godavari,Andhra Pradesh; Madhya Pradesh,West Godavari,Andhra Pradesh,546,exact_name_candidate,exact_name,REQUIRES_MANUAL_VERIFICATION,HISTORICAL_BOUNDARY_REVIEW_REQUIRED,Exact spelling match; state context and historical boundary equivalence are not established.
West Kameng,Arunachal Pradesh; Assam; Jammu and Kashmir; Punjab; Uttar Pradesh,West Kameng,Arunanchal Pradesh,246,exact_name_candidate,exact_name,REQUIRES_MANUAL_VERIFICATION,HISTORICAL_BOUNDARY_REVIEW_REQUIRED,Exact spelling match; state context and historical boundary equivalence are not established.
West Karbi Anglong,Arunachal Pradesh; Assam; Bihar; Jammu and Kashmir; Kerala; Odisha; Punjab; Uttar Pradesh; West Bengal,,,,unmatched,none,UNMATCHED,HISTORICAL_BOUNDARY_REVIEW_REQUIRED,No exact or transparent normalized Census boundary name match.
West Khasi Hills,Meghalaya,West Khasi Hills,Meghalaya,296,exact_name_candidate,exact_name,REQUIRES_MANUAL_VERIFICATION,HISTORICAL_BOUNDARY_REVIEW_REQUIRED,Exact spelling match; state context and historical boundary equivalence are not established.
West Madhya Pradesh,Chhattisgarh; Madhya Pradesh,,,,unmatched,none,UNMATCHED,HISTORICAL_BOUNDARY_REVIEW_REQUIRED,No exact or transparent normalized Census boundary name match.
West Siang,Arunachal Pradesh; Assam; Jammu and Kashmir; Punjab; Uttar Pradesh,West Siang,Arunanchal Pradesh,250,exact_name_candidate,exact_name,REQUIRES_MANUAL_VERIFICATION,HISTORICAL_BOUNDARY_REVIEW_REQUIRED,Exact spelling match; state context and historical boundary equivalence are not established.
West Singhbhum,Bihar,,,,unmatched,none,UNMATCHED,HISTORICAL_BOUNDARY_REVIEW_REQUIRED,No exact or transparent normalized Census boundary name match.
West Tripura,Tripura,West Tripura,Tripura,289,exact_name_candidate,exact_name,REQUIRES_MANUAL_VERIFICATION,HISTORICAL_BOUNDARY_REVIEW_REQUIRED,Exact spelling match; state context and historical boundary equivalence are not established.
Wokha,Nagaland,Wokha,Nagaland,264,exact_name_candidate,exact_name,REQUIRES_MANUAL_VERIFICATION,HISTORICAL_BOUNDARY_REVIEW_REQUIRED,Exact spelling match; state context and historical boundary equivalence are not established.
Y.S.R.,Andhra Pradesh; Madhya Pradesh; Telangana,Y.s.r.,Andhra Pradesh,551,normalized_requires_verification,normalized_name,REQUIRES_MANUAL_VERIFICATION,HISTORICAL_BOUNDARY_REVIEW_REQUIRED,Case/punctuation normalization only; no fuzzy matching; state context and historical equivalence require review.
Yadadri Bhuvanagiri,Telangana,,,,unmatched,none,UNMATCHED,HISTORICAL_BOUNDARY_REVIEW_REQUIRED,No exact or transparent normalized Census boundary name match.
Yadadri Yadadri Bhuvanagiri,Telangana,,,,unmatched,none,UNMATCHED,HISTORICAL_BOUNDARY_REVIEW_REQUIRED,No exact or transparent normalized Census boundary name match.
Yadadri Yadadri Bhuvanagiri Yadadri Bhuvanagiri,Andhra Pradesh; Maharashtra; Telangana,,,,unmatched,none,UNMATCHED,HISTORICAL_BOUNDARY_REVIEW_REQUIRED,No exact or transparent normalized Census boundary name match.
Yadgir,Karnataka; Kerala,Yadgir,Karnataka,580,exact_name_candidate,exact_name,REQUIRES_MANUAL_VERIFICATION,HISTORICAL_BOUNDARY_REVIEW_REQUIRED,Exact spelling match; state context and historical boundary equivalence are not established.
Yamunanagar,Bihar; Haryana; Kerala; Madhya Pradesh; Odisha; Punjab; Rajasthan; Uttar Pradesh; West Bengal,Yamunanagar,Haryana,71,exact_name_candidate,exact_name,REQUIRES_MANUAL_VERIFICATION,HISTORICAL_BOUNDARY_REVIEW_REQUIRED,Exact spelling match; state context and historical boundary equivalence are not established.
Yanam,Puducherry,Yanam,Puducherry,634,exact_name_candidate,exact_name,REQUIRES_MANUAL_VERIFICATION,HISTORICAL_BOUNDARY_REVIEW_REQUIRED,Exact spelling match; state context and historical boundary equivalence are not established.
Yavatmal,Bihar; Gujarat; Madhya Pradesh; Maharashtra; Rajasthan; Telangana; Uttar Pradesh,Yavatmal,Maharashtra,510,exact_name_candidate,exact_name,REQUIRES_MANUAL_VERIFICATION,HISTORICAL_BOUNDARY_REVIEW_REQUIRED,Exact spelling match; state context and historical boundary equivalence are not established.
Zunheboto,Nagaland,Zunheboto,Nagaland,263,exact_name_candidate,exact_name,REQUIRES_MANUAL_VERIFICATION,HISTORICAL_BOUNDARY_REVIEW_REQUIRED,Exact spelling match; state context and historical boundary equivalence are not established.
adjoining areas,Himachal Pradesh,,,,unmatched,none,UNMATCHED,HISTORICAL_BOUNDARY_REVIEW_REQUIRED,No exact or transparent normalized Census boundary name match.
coastal districts of Andhra Pradesh,Andhra Pradesh,,,,unmatched,none,UNMATCHED,HISTORICAL_BOUNDARY_REVIEW_REQUIRED,No exact or transparent normalized Census boundary name match.
howrah,West Bengal,,,,unmatched,none,UNMATCHED,HISTORICAL_BOUNDARY_REVIEW_REQUIRED,No exact or transparent normalized Census boundary name match.
nalgonda,Andhra Pradesh,Nalgonda,Andhra Pradesh,539,normalized_requires_verification,normalized_name,REQUIRES_MANUAL_VERIFICATION,HISTORICAL_BOUNDARY_REVIEW_REQUIRED,Case/punctuation normalization only; no fuzzy matching; state context and historical equivalence require review.
neighborhood,Chhattisgarh,,,,unmatched,none,UNMATCHED,HISTORICAL_BOUNDARY_REVIEW_REQUIRED,No exact or transparent normalized Census boundary name match.
neighbourhood,West Bengal,,,,unmatched,none,UNMATCHED,HISTORICAL_BOUNDARY_REVIEW_REQUIRED,No exact or transparent normalized Census boundary name match.
several other district (Andhra Pradesh),Andhra Pradesh,,,,unmatched,none,UNMATCHED,HISTORICAL_BOUNDARY_REVIEW_REQUIRED,No exact or transparent normalized Census boundary name match.
,,Ahmadabad,Gujarat,474,unmatched,none,UNMATCHED,HISTORICAL_BOUNDARY_REVIEW_REQUIRED,Boundary district has no exact or transparent normalized IFI district token.
,,Ahmadnagar,Maharashtra,522,unmatched,none,UNMATCHED,HISTORICAL_BOUNDARY_REVIEW_REQUIRED,Boundary district has no exact or transparent normalized IFI district token.
,,Allahabad,Uttar Pradesh,175,unmatched,none,UNMATCHED,HISTORICAL_BOUNDARY_REVIEW_REQUIRED,Boundary district has no exact or transparent normalized IFI district token.
,,Anantapur,Andhra Pradesh,553,unmatched,none,UNMATCHED,HISTORICAL_BOUNDARY_REVIEW_REQUIRED,Boundary district has no exact or transparent normalized IFI district token.
,,Badgam,Jammu & Kashmir,2,unmatched,none,UNMATCHED,HISTORICAL_BOUNDARY_REVIEW_REQUIRED,Boundary district has no exact or transparent normalized IFI district token.
,,Bagalkot,Karnataka,556,unmatched,none,UNMATCHED,HISTORICAL_BOUNDARY_REVIEW_REQUIRED,Boundary district has no exact or transparent normalized IFI district token.
,,Bandipore,Jammu & Kashmir,9,unmatched,none,UNMATCHED,HISTORICAL_BOUNDARY_REVIEW_REQUIRED,Boundary district has no exact or transparent normalized IFI district token.
,,Bangalore Rural,Karnataka,583,unmatched,none,UNMATCHED,HISTORICAL_BOUNDARY_REVIEW_REQUIRED,Boundary district has no exact or transparent normalized IFI district token.
,,Bangalore,Karnataka,572,unmatched,none,UNMATCHED,HISTORICAL_BOUNDARY_REVIEW_REQUIRED,Boundary district has no exact or transparent normalized IFI district token.
,,Baramula,Jammu & Kashmir,8,unmatched,none,UNMATCHED,HISTORICAL_BOUNDARY_REVIEW_REQUIRED,Boundary district has no exact or transparent normalized IFI district token.
,,Barddhaman,West Bengal,335,unmatched,none,UNMATCHED,HISTORICAL_BOUNDARY_REVIEW_REQUIRED,Boundary district has no exact or transparent normalized IFI district token.
,,Bauda,Odisha,391,unmatched,none,UNMATCHED,HISTORICAL_BOUNDARY_REVIEW_REQUIRED,Boundary district has no exact or transparent normalized IFI district token.
,,Belgaum,Karnataka,555,unmatched,none,UNMATCHED,HISTORICAL_BOUNDARY_REVIEW_REQUIRED,Boundary district has no exact or transparent normalized IFI district token.
,,Bellary,Karnataka,565,unmatched,none,UNMATCHED,HISTORICAL_BOUNDARY_REVIEW_REQUIRED,Boundary district has no exact or transparent normalized IFI district token.
,,Bid,Maharashtra,523,unmatched,none,UNMATCHED,HISTORICAL_BOUNDARY_REVIEW_REQUIRED,Boundary district has no exact or transparent normalized IFI district token.
,,Bidar,Karnataka,558,unmatched,none,UNMATCHED,HISTORICAL_BOUNDARY_REVIEW_REQUIRED,Boundary district has no exact or transparent normalized IFI district token.
,,Buldana,Maharashtra,500,unmatched,none,UNMATCHED,HISTORICAL_BOUNDARY_REVIEW_REQUIRED,Boundary district has no exact or transparent normalized IFI district token.
,,Chamrajnagar,Karnataka,578,unmatched,none,UNMATCHED,HISTORICAL_BOUNDARY_REVIEW_REQUIRED,Boundary district has no exact or transparent normalized IFI district token.
,,Chikmagalur,Karnataka,570,unmatched,none,UNMATCHED,HISTORICAL_BOUNDARY_REVIEW_REQUIRED,Boundary district has no exact or transparent normalized IFI district token.
,,Chittaurgarh,Rajasthan,126,unmatched,none,UNMATCHED,HISTORICAL_BOUNDARY_REVIEW_REQUIRED,Boundary district has no exact or transparent normalized IFI district token.
,,Dadra & Nagar Haveli,Dadara & Nagar Havelli,496,unmatched,none,UNMATCHED,HISTORICAL_BOUNDARY_REVIEW_REQUIRED,Boundary district has no exact or transparent normalized IFI district token.
,,Daman,Daman & Diu,495,unmatched,none,UNMATCHED,HISTORICAL_BOUNDARY_REVIEW_REQUIRED,Boundary district has no exact or transparent normalized IFI district token.
,,Darjiling,West Bengal,327,unmatched,none,UNMATCHED,HISTORICAL_BOUNDARY_REVIEW_REQUIRED,Boundary district has no exact or transparent normalized IFI district token.
,,Data Not Available,Jammu & Kashmir,0,unmatched,none,UNMATCHED,HISTORICAL_BOUNDARY_REVIEW_REQUIRED,Boundary district has no exact or transparent normalized IFI district token.
,,Davanagere,Karnataka,567,unmatched,none,UNMATCHED,HISTORICAL_BOUNDARY_REVIEW_REQUIRED,Boundary district has no exact or transparent normalized IFI district token.
,,Debagarh,Odisha,373,unmatched,none,UNMATCHED,HISTORICAL_BOUNDARY_REVIEW_REQUIRED,Boundary district has no exact or transparent normalized IFI district token.
,,Dhaulpur,Rajasthan,106,unmatched,none,UNMATCHED,HISTORICAL_BOUNDARY_REVIEW_REQUIRED,Boundary district has no exact or transparent normalized IFI district token.
,,Diu,Daman & Diu,494,unmatched,none,UNMATCHED,HISTORICAL_BOUNDARY_REVIEW_REQUIRED,Boundary district has no exact or transparent normalized IFI district token.
,,Dohad,Gujarat,485,unmatched,none,UNMATCHED,HISTORICAL_BOUNDARY_REVIEW_REQUIRED,Boundary district has no exact or transparent normalized IFI district token.
,,Faizabad,Uttar Pradesh,177,unmatched,none,UNMATCHED,HISTORICAL_BOUNDARY_REVIEW_REQUIRED,Boundary district has no exact or transparent normalized IFI district token.
,,Firozpur,Punjab,43,unmatched,none,UNMATCHED,HISTORICAL_BOUNDARY_REVIEW_REQUIRED,Boundary district has no exact or transparent normalized IFI district token.
,,Garhchiroli,Maharashtra,508,unmatched,none,UNMATCHED,HISTORICAL_BOUNDARY_REVIEW_REQUIRED,Boundary district has no exact or transparent normalized IFI district token.
,,Gondiya,Maharashtra,507,unmatched,none,UNMATCHED,HISTORICAL_BOUNDARY_REVIEW_REQUIRED,Boundary district has no exact or transparent normalized IFI district token.
,,Gulbarga,Karnataka,579,unmatched,none,UNMATCHED,HISTORICAL_BOUNDARY_REVIEW_REQUIRED,Boundary district has no exact or transparent normalized IFI district token.
,,Gurgaon,Haryana,86,unmatched,none,UNMATCHED,HISTORICAL_BOUNDARY_REVIEW_REQUIRED,Boundary district has no exact or transparent normalized IFI district token.
,,Haora,West Bengal,341,unmatched,none,UNMATCHED,HISTORICAL_BOUNDARY_REVIEW_REQUIRED,Boundary district has no exact or transparent normalized IFI district token.
,,Hardwar,Uttarakhand,68,unmatched,none,UNMATCHED,HISTORICAL_BOUNDARY_REVIEW_REQUIRED,Boundary district has no exact or transparent normalized IFI district token.
,,Mahamaya Nagar,Uttar Pradesh,144,unmatched,none,UNMATCHED,HISTORICAL_BOUNDARY_REVIEW_REQUIRED,Boundary district has no exact or transparent normalized IFI district token.
,,Hoshangabad,Madhya Pradesh,449,unmatched,none,UNMATCHED,HISTORICAL_BOUNDARY_REVIEW_REQUIRED,Boundary district has no exact or transparent normalized IFI district token.
,,Hugli,West Bengal,338,unmatched,none,UNMATCHED,HISTORICAL_BOUNDARY_REVIEW_REQUIRED,Boundary district has no exact or transparent normalized IFI district token.
,,Jaintia Hills,Meghalaya,299,unmatched,none,UNMATCHED,HISTORICAL_BOUNDARY_REVIEW_REQUIRED,Boundary district has no exact or transparent normalized IFI district token.
,,Jalor,Rajasthan,116,unmatched,none,UNMATCHED,HISTORICAL_BOUNDARY_REVIEW_REQUIRED,Boundary district has no exact or transparent normalized IFI district token.
,,Jyotiba Phule Nagar,Uttar Pradesh,137,unmatched,none,UNMATCHED,HISTORICAL_BOUNDARY_REVIEW_REQUIRED,Boundary district has no exact or transparent normalized IFI district token.
,,Kamrup Metropolitan,Assam,322,unmatched,none,UNMATCHED,HISTORICAL_BOUNDARY_REVIEW_REQUIRED,Boundary district has no exact or transparent normalized IFI district token.
,,Uttar Bastar Kanker,Chhattisgarh,413,unmatched,none,UNMATCHED,HISTORICAL_BOUNDARY_REVIEW_REQUIRED,Boundary district has no exact or transparent normalized IFI district token.
,,Kanpur Dehat,Uttar Pradesh,163,unmatched,none,UNMATCHED,HISTORICAL_BOUNDARY_REVIEW_REQUIRED,Boundary district has no exact or transparent normalized IFI district token.
,,Kansiram Nagar,Uttar Pradesh,202,unmatched,none,UNMATCHED,HISTORICAL_BOUNDARY_REVIEW_REQUIRED,Boundary district has no exact or transparent normalized IFI district token.
,,Koch Bihar,West Bengal,329,unmatched,none,UNMATCHED,HISTORICAL_BOUNDARY_REVIEW_REQUIRED,Boundary district has no exact or transparent normalized IFI district token.
,,Kodarma,Jharkhand,348,unmatched,none,UNMATCHED,HISTORICAL_BOUNDARY_REVIEW_REQUIRED,Boundary district has no exact or transparent normalized IFI district token.
,,Koriya,Chhattisgarh,400,unmatched,none,UNMATCHED,HISTORICAL_BOUNDARY_REVIEW_REQUIRED,Boundary district has no exact or transparent normalized IFI district token.
,,Lahul & Spiti,Himachal Pradesh,25,unmatched,none,UNMATCHED,HISTORICAL_BOUNDARY_REVIEW_REQUIRED,Boundary district has no exact or transparent normalized IFI district token.
,,Lawangtlai,Mizoram,287,unmatched,none,UNMATCHED,HISTORICAL_BOUNDARY_REVIEW_REQUIRED,Boundary district has no exact or transparent normalized IFI district token.
,,Maharajganj,Uttar Pradesh,187,unmatched,none,UNMATCHED,HISTORICAL_BOUNDARY_REVIEW_REQUIRED,Boundary district has no exact or transparent normalized IFI district token.
,,Mahbubnagar,Andhra Pradesh,538,unmatched,none,UNMATCHED,HISTORICAL_BOUNDARY_REVIEW_REQUIRED,Boundary district has no exact or transparent normalized IFI district token.
,,Mewat,Haryana,87,unmatched,none,UNMATCHED,HISTORICAL_BOUNDARY_REVIEW_REQUIRED,Boundary district has no exact or transparent normalized IFI district token.
,,Muktsar,Punjab,44,unmatched,none,UNMATCHED,HISTORICAL_BOUNDARY_REVIEW_REQUIRED,Boundary district has no exact or transparent normalized IFI district token.
,,Mysore,Karnataka,577,unmatched,none,UNMATCHED,HISTORICAL_BOUNDARY_REVIEW_REQUIRED,Boundary district has no exact or transparent normalized IFI district token.
,,Nabarangapur,Odisha,397,unmatched,none,UNMATCHED,HISTORICAL_BOUNDARY_REVIEW_REQUIRED,Boundary district has no exact or transparent normalized IFI district token.
,,Osmanabad,Maharashtra,525,unmatched,none,UNMATCHED,HISTORICAL_BOUNDARY_REVIEW_REQUIRED,Boundary district has no exact or transparent normalized IFI district token.
,,Pashchim Medinipur,West Bengal,344,unmatched,none,UNMATCHED,HISTORICAL_BOUNDARY_REVIEW_REQUIRED,Boundary district has no exact or transparent normalized IFI district token.
,,Pashchimi Singhbhum,Jharkhand,368,unmatched,none,UNMATCHED,HISTORICAL_BOUNDARY_REVIEW_REQUIRED,Boundary district has no exact or transparent normalized IFI district token.
,,Punch,Jammu & Kashmir,5,unmatched,none,UNMATCHED,HISTORICAL_BOUNDARY_REVIEW_REQUIRED,Boundary district has no exact or transparent normalized IFI district token.
,,Purba Champaran,Bihar,204,unmatched,none,UNMATCHED,HISTORICAL_BOUNDARY_REVIEW_REQUIRED,Boundary district has no exact or transparent normalized IFI district token.
,,Purbi Singhbhum,Jharkhand,357,unmatched,none,UNMATCHED,HISTORICAL_BOUNDARY_REVIEW_REQUIRED,Boundary district has no exact or transparent normalized IFI district token.
,,Puruliya,West Bengal,340,unmatched,none,UNMATCHED,HISTORICAL_BOUNDARY_REVIEW_REQUIRED,Boundary district has no exact or transparent normalized IFI district token.
,,Sahibganj,Jharkhand,352,unmatched,none,UNMATCHED,HISTORICAL_BOUNDARY_REVIEW_REQUIRED,Boundary district has no exact or transparent normalized IFI district token.
,,Sahibzada Ajit Singh Nagar,Punjab,52,unmatched,none,UNMATCHED,HISTORICAL_BOUNDARY_REVIEW_REQUIRED,Boundary district has no exact or transparent normalized IFI district token.
,,Saiha,Mizoram,288,unmatched,none,UNMATCHED,HISTORICAL_BOUNDARY_REVIEW_REQUIRED,Boundary district has no exact or transparent normalized IFI district token.
,,Sant Ravi Das Nagar(bhadohi),Uttar Pradesh,198,unmatched,none,UNMATCHED,HISTORICAL_BOUNDARY_REVIEW_REQUIRED,Boundary district has no exact or transparent normalized IFI district token.
,,Saran (chhapra),Bihar,219,unmatched,none,UNMATCHED,HISTORICAL_BOUNDARY_REVIEW_REQUIRED,Boundary district has no exact or transparent normalized IFI district token.
,,Shimoga,Karnataka,568,unmatched,none,UNMATCHED,HISTORICAL_BOUNDARY_REVIEW_REQUIRED,Boundary district has no exact or transparent normalized IFI district token.
,,Shupiyan,Jammu & Kashmir,13,unmatched,none,UNMATCHED,HISTORICAL_BOUNDARY_REVIEW_REQUIRED,Boundary district has no exact or transparent normalized IFI district token.
,,Tumkur,Karnataka,571,unmatched,none,UNMATCHED,HISTORICAL_BOUNDARY_REVIEW_REQUIRED,Boundary district has no exact or transparent normalized IFI district token.
,,Udham Singh Nagar,Uttarakhand,67,unmatched,none,UNMATCHED,HISTORICAL_BOUNDARY_REVIEW_REQUIRED,Boundary district has no exact or transparent normalized IFI district token.
,,Upper Subansiri,Arunanchal Pradesh,249,unmatched,none,UNMATCHED,HISTORICAL_BOUNDARY_REVIEW_REQUIRED,Boundary district has no exact or transparent normalized IFI district token.
,,Uttar Dinajpur,West Bengal,330,unmatched,none,UNMATCHED,HISTORICAL_BOUNDARY_REVIEW_REQUIRED,Boundary district has no exact or transparent normalized IFI district token.
,,Uttara Kannada,Karnataka,563,unmatched,none,UNMATCHED,HISTORICAL_BOUNDARY_REVIEW_REQUIRED,Boundary district has no exact or transparent normalized IFI district token.
,,Virudunagar,Tamil Nadu,625,unmatched,none,UNMATCHED,HISTORICAL_BOUNDARY_REVIEW_REQUIRED,Boundary district has no exact or transparent normalized IFI district token.
,,West Nimar,Madhya Pradesh,440,unmatched,none,UNMATCHED,HISTORICAL_BOUNDARY_REVIEW_REQUIRED,Boundary district has no exact or transparent normalized IFI district token.
,,Nagappattinam,Tamil Nadu,618,unmatched,none,UNMATCHED,HISTORICAL_BOUNDARY_REVIEW_REQUIRED,Boundary district has no exact or transparent normalized IFI district token.
,,Puducherry,Puducherry,635,unmatched,none,UNMATCHED,HISTORICAL_BOUNDARY_REVIEW_REQUIRED,Boundary district has no exact or transparent normalized IFI district token.
,,Nicobar,Andaman & Nicobar Island,638,unmatched,none,UNMATCHED,HISTORICAL_BOUNDARY_REVIEW_REQUIRED,Boundary district has no exact or transparent normalized IFI district token.
,,South Andaman,Andaman & Nicobar Island,640,unmatched,none,UNMATCHED,HISTORICAL_BOUNDARY_REVIEW_REQUIRED,Boundary district has no exact or transparent normalized IFI district token.
,,North & Middle Andaman,Andaman & Nicobar Island,639,unmatched,none,UNMATCHED,HISTORICAL_BOUNDARY_REVIEW_REQUIRED,Boundary district has no exact or transparent normalized IFI district token.
,,Lakshadweep,Lakshadweep,587,unmatched,none,UNMATCHED,HISTORICAL_BOUNDARY_REVIEW_REQUIRED,Boundary district has no exact or transparent normalized IFI district token.
