ifi_district_name,ifi_state_context,lgd_state_code,lgd_state_name,lgd_district_code,lgd_district_name,census_2001_code,census_2011_code,census_boundary_district_name,census_boundary_state,censuscode,match_method,verification_status,historical_limitation,notes_reason
& Parts of Himachal Pradesh,Himachal Pradesh,,,,,,,,,,none,UNMATCHED_TO_LGD,HISTORICAL_REVIEW_REQUIRED,No exact or normalized LGD district/state candidate.
& Parts of Uttar Pradesh,Uttar Pradesh,,,,,,,,,,none,UNMATCHED_TO_LGD,HISTORICAL_REVIEW_REQUIRED,No exact or normalized LGD district/state candidate.
& various parts of Nagaland,Nagaland,,,,,,,,,,none,UNMATCHED_TO_LGD,HISTORICAL_REVIEW_REQUIRED,No exact or normalized LGD district/state candidate.
11 districts,Odisha,,,,,,,,,,none,UNMATCHED_TO_LGD,HISTORICAL_REVIEW_REQUIRED,No exact or normalized LGD district/state candidate.
14 districts,Odisha,,,,,,,,,,none,UNMATCHED_TO_LGD,HISTORICAL_REVIEW_REQUIRED,No exact or normalized LGD district/state candidate.
14 districts of Assam,Assam,,,,,,,,,,none,UNMATCHED_TO_LGD,HISTORICAL_REVIEW_REQUIRED,No exact or normalized LGD district/state candidate.
19 districts of Orissa,Odisha,,,,,,,,,,none,UNMATCHED_TO_LGD,HISTORICAL_REVIEW_REQUIRED,No exact or normalized LGD district/state candidate.
21 districts of Assam,Assam,,,,,,,,,,none,UNMATCHED_TO_LGD,HISTORICAL_REVIEW_REQUIRED,No exact or normalized LGD district/state candidate.
26 districts of Rajasthan,Rajasthan,,,,,,,,,,none,UNMATCHED_TO_LGD,HISTORICAL_REVIEW_REQUIRED,No exact or normalized LGD district/state candidate.
29 districts affected,Uttar Pradesh,,,,,,,,,,none,UNMATCHED_TO_LGD,HISTORICAL_REVIEW_REQUIRED,No exact or normalized LGD district/state candidate.
3 out of 8 districts,Manipur,,,,,,,,,,none,UNMATCHED_TO_LGD,HISTORICAL_REVIEW_REQUIRED,No exact or normalized LGD district/state candidate.
6 districts,Arunachal Pradesh,,,,,,,,,,none,UNMATCHED_TO_LGD,HISTORICAL_REVIEW_REQUIRED,No exact or normalized LGD district/state candidate.
Adilabad,Andhra Pradesh; Maharashtra; Telangana,36,Telangana,501,Adilabad,1,532,Adilabad,Andhra Pradesh,532,exact_district_name,CANDIDATE_REQUIRES_VERIFICATION,HISTORICAL_REVIEW_REQUIRED,Exact LGD district name; observed IFI state context is retained separately because the IFI field can be multi-value and historical equivalence is unresolved. Observed IFI state context includes LGD state name. LGD/Census candidate by name; codes are not assumed equivalent.
Agar-Malwa,Andhra Pradesh; Bihar; Chhattisgarh; Gujarat; Haryana; Madhya Pradesh; Maharashtra; Odisha; Punjab; Rajasthan; Uttar Pradesh; West Bengal,23,Madhya Pradesh,667,Agar-Malwa,0,0,,,,exact_district_name,CANDIDATE_REQUIRES_VERIFICATION,HISTORICAL_REVIEW_REQUIRED,Exact LGD district name; observed IFI state context is retained separately because the IFI field can be multi-value and historical equivalence is unresolved. Observed IFI state context includes LGD state name. LGD district has no exact Census boundary pair.
Agra,Arunachal Pradesh; Assam; Bihar; East Rajasthan; Gujarat; Haryana; Himachal Pradesh; Jammu and Kashmir; Kerala; Madhya Pradesh; Maharashtra; Odisha; Punjab; Rajasthan; Uttar Pradesh; Uttar pradesh; Uttarakhand; West Bengal,9,Uttar Pradesh,118,Agra,15,146,Agra,Uttar Pradesh,146,exact_district_name,CANDIDATE_REQUIRES_VERIFICATION,HISTORICAL_REVIEW_REQUIRED,Exact LGD district name; observed IFI state context is retained separately because the IFI field can be multi-value and historical equivalence is unresolved. Observed IFI state context includes LGD state name. LGD/Census candidate by name; codes are not assumed equivalent.
Ahmedabad,Bihar; Gujarat; Madhya Pradesh; Maharashtra; Rajasthan; Uttar Pradesh,24,Gujarat,438,Ahmedabad,7,474,,,,exact_district_name,CANDIDATE_REQUIRES_VERIFICATION,HISTORICAL_REVIEW_REQUIRED,Exact LGD district name; observed IFI state context is retained separately because the IFI field can be multi-value and historical equivalence is unresolved. Observed IFI state context includes LGD state name. LGD district has no exact Census boundary pair.
Ahmednagar,Bihar; Gujarat; Madhya Pradesh; Maharashtra; Rajasthan; Telangana; Uttar Pradesh,,,,,,,,,,none,UNMATCHED_TO_LGD,HISTORICAL_REVIEW_REQUIRED,No exact or normalized LGD district/state candidate.
Aizawl,Mizoram,15,Mizoram,261,Aizawl,3,283,Aizawl,Mizoram,283,exact_district_name,CANDIDATE_REQUIRES_VERIFICATION,HISTORICAL_REVIEW_REQUIRED,Exact LGD district name; observed IFI state context is retained separately because the IFI field can be multi-value and historical equivalence is unresolved. Observed IFI state context includes LGD state name. LGD/Census candidate by name; codes are not assumed equivalent.
Ajmer,Bihar; Gujarat; Haryana; Kerala; Madhya Pradesh; Maharashtra; Odisha; Punjab; Rajasthan; Uttar Pradesh,8,Rajasthan,86,Ajmer,21,119,Ajmer,Rajasthan,119,exact_district_name,CANDIDATE_REQUIRES_VERIFICATION,HISTORICAL_REVIEW_REQUIRED,Exact LGD district name; observed IFI state context is retained separately because the IFI field can be multi-value and historical equivalence is unresolved. Observed IFI state context includes LGD state name. LGD/Census candidate by name; codes are not assumed equivalent.
Akharpur,Uttar Pradesh,,,,,,,,,,none,UNMATCHED_TO_LGD,HISTORICAL_REVIEW_REQUIRED,No exact or normalized LGD district/state candidate.
Akola,Bihar; Gujarat; Madhya Pradesh; Maharashtra; Rajasthan; Telangana; Uttar Pradesh,27,Maharashtra,467,Akola,5,501,Akola,Maharashtra,501,exact_district_name,CANDIDATE_REQUIRES_VERIFICATION,HISTORICAL_REVIEW_REQUIRED,Exact LGD district name; observed IFI state context is retained separately because the IFI field can be multi-value and historical equivalence is unresolved. Observed IFI state context includes LGD state name. LGD/Census candidate by name; codes are not assumed equivalent.
Alappuzha,Bihar; Haryana; Karnataka; Kerala; Rajasthan; Uttar Pradesh,32,Kerala,554,Alappuzha,11,598,Alappuzha,Kerala,598,exact_district_name,CANDIDATE_REQUIRES_VERIFICATION,HISTORICAL_REVIEW_REQUIRED,Exact LGD district name; observed IFI state context is retained separately because the IFI field can be multi-value and historical equivalence is unresolved. Observed IFI state context includes LGD state name. LGD/Census candidate by name; codes are not assumed equivalent.
Aligarh,Arunachal Pradesh; Assam; Bihar; East Rajasthan; Gujarat; Haryana; Himachal Pradesh; Jammu and Kashmir; Kerala; Madhya Pradesh; Maharashtra; Odisha; Punjab; Rajasthan; Uttar Pradesh; Uttar pradesh; Uttarakhand; West Bengal,9,Uttar Pradesh,119,Aligarh,12,143,Aligarh,Uttar Pradesh,143,exact_district_name,CANDIDATE_REQUIRES_VERIFICATION,HISTORICAL_REVIEW_REQUIRED,Exact LGD district name; observed IFI state context is retained separately because the IFI field can be multi-value and historical equivalence is unresolved. Observed IFI state context includes LGD state name. LGD/Census candidate by name; codes are not assumed equivalent.
Alirajpur,Andhra Pradesh; Bihar; Chhattisgarh; Gujarat; Haryana; Madhya Pradesh; Maharashtra; Odisha; Punjab; Rajasthan; Uttar Pradesh; West Bengal,23,Madhya Pradesh,639,Alirajpur,24,465,Alirajpur,Madhya Pradesh,465,exact_district_name,CANDIDATE_REQUIRES_VERIFICATION,HISTORICAL_REVIEW_REQUIRED,Exact LGD district name; observed IFI state context is retained separately because the IFI field can be multi-value and historical equivalence is unresolved. Observed IFI state context includes LGD state name. LGD/Census candidate by name; codes are not assumed equivalent.
Almora,Uttar Pradesh; Uttarakhand,5,Uttarakhand,45,Almora,9,64,Almora,Uttarakhand,64,exact_district_name,CANDIDATE_REQUIRES_VERIFICATION,HISTORICAL_REVIEW_REQUIRED,Exact LGD district name; observed IFI state context is retained separately because the IFI field can be multi-value and historical equivalence is unresolved. Observed IFI state context includes LGD state name. LGD/Census candidate by name; codes are not assumed equivalent.
Alwar,Bihar; Gujarat; Haryana; Kerala; Madhya Pradesh; Maharashtra; Odisha; Punjab; Rajasthan; Uttar Pradesh,8,Rajasthan,87,Alwar,6,104,Alwar,Rajasthan,104,exact_district_name,CANDIDATE_REQUIRES_VERIFICATION,HISTORICAL_REVIEW_REQUIRED,Exact LGD district name; observed IFI state context is retained separately because the IFI field can be multi-value and historical equivalence is unresolved. Observed IFI state context includes LGD state name. LGD/Census candidate by name; codes are not assumed equivalent.
Ambala,Bihar; Haryana; Himachal Pradesh; Kerala; Madhya Pradesh; Odisha; Punjab; Rajasthan; Uttar Pradesh; West Bengal,6,Haryana,58,Ambala,2,70,Ambala,Haryana,70,exact_district_name,CANDIDATE_REQUIRES_VERIFICATION,HISTORICAL_REVIEW_REQUIRED,Exact LGD district name; observed IFI state context is retained separately because the IFI field can be multi-value and historical equivalence is unresolved. Observed IFI state context includes LGD state name. LGD/Census candidate by name; codes are not assumed equivalent.
Ambedkar Nagar,Arunachal Pradesh; Assam; Bihar; East Rajasthan; Gujarat; Haryana; Himachal Pradesh; Jammu and Kashmir; Kerala; Madhya Pradesh; Maharashtra; Odisha; Punjab; Rajasthan; Uttar Pradesh; Uttar pradesh; West Bengal,9,Uttar Pradesh,121,Ambedkar Nagar,48,178,Ambedkar Nagar,Uttar Pradesh,178,exact_district_name,CANDIDATE_REQUIRES_VERIFICATION,HISTORICAL_REVIEW_REQUIRED,Exact LGD district name; observed IFI state context is retained separately because the IFI field can be multi-value and historical equivalence is unresolved. Observed IFI state context includes LGD state name. LGD/Census candidate by name; codes are not assumed equivalent.
Amethi,Arunachal Pradesh; Assam; Bihar; East Rajasthan; Gujarat; Haryana; Himachal Pradesh; Jammu and Kashmir; Kerala; Madhya Pradesh; Maharashtra; Odisha; Punjab; Rajasthan; Uttar Pradesh; Uttar pradesh; West Bengal,9,Uttar Pradesh,640,Amethi,0,0,,,,exact_district_name,CANDIDATE_REQUIRES_VERIFICATION,HISTORICAL_REVIEW_REQUIRED,Exact LGD district name; observed IFI state context is retained separately because the IFI field can be multi-value and historical equivalence is unresolved. Observed IFI state context includes LGD state name. LGD district has no exact Census boundary pair.
Amravati,Bihar; Gujarat; Madhya Pradesh; Maharashtra; Rajasthan; Telangana; Uttar Pradesh,27,Maharashtra,468,Amravati,7,503,Amravati,Maharashtra,503,exact_district_name,CANDIDATE_REQUIRES_VERIFICATION,HISTORICAL_REVIEW_REQUIRED,Exact LGD district name; observed IFI state context is retained separately because the IFI field can be multi-value and historical equivalence is unresolved. Observed IFI state context includes LGD state name. LGD/Census candidate by name; codes are not assumed equivalent.
Amreli,Bihar; Gujarat; Madhya Pradesh; Maharashtra; Rajasthan; Uttar Pradesh,24,Gujarat,439,Amreli,13,480,Amreli,Gujarat,480,exact_district_name,CANDIDATE_REQUIRES_VERIFICATION,HISTORICAL_REVIEW_REQUIRED,Exact LGD district name; observed IFI state context is retained separately because the IFI field can be multi-value and historical equivalence is unresolved. Observed IFI state context includes LGD state name. LGD/Census candidate by name; codes are not assumed equivalent.
Amritsar,Arunachal Pradesh; Assam; Delhi; Haryana; Jammu and Kashmir; Madhya Pradesh; Punjab; Rajasthan; Uttar Pradesh; West Bengal,3,Punjab,27,Amritsar,2,49,Amritsar,Punjab,49,exact_district_name,CANDIDATE_REQUIRES_VERIFICATION,HISTORICAL_REVIEW_REQUIRED,Exact LGD district name; observed IFI state context is retained separately because the IFI field can be multi-value and historical equivalence is unresolved. Observed IFI state context includes LGD state name. LGD/Census candidate by name; codes are not assumed equivalent.
Amroha,Arunachal Pradesh; Assam; Bihar; East Rajasthan; Gujarat; Haryana; Himachal Pradesh; Jammu and Kashmir; Kerala; Madhya Pradesh; Maharashtra; Odisha; Punjab; Rajasthan; Uttar Pradesh; Uttar pradesh; Uttarakhand; West Bengal,9,Uttar Pradesh,154,Amroha,6,137,,,,exact_district_name,CANDIDATE_REQUIRES_VERIFICATION,HISTORICAL_REVIEW_REQUIRED,Exact LGD district name; observed IFI state context is retained separately because the IFI field can be multi-value and historical equivalence is unresolved. Observed IFI state context includes LGD state name. LGD district has no exact Census boundary pair.
Anand,Bihar; Gujarat; Madhya Pradesh; Maharashtra; Rajasthan; Uttar Pradesh,24,Gujarat,440,Anand,15,482,Anand,Gujarat,482,exact_district_name,CANDIDATE_REQUIRES_VERIFICATION,HISTORICAL_REVIEW_REQUIRED,Exact LGD district name; observed IFI state context is retained separately because the IFI field can be multi-value and historical equivalence is unresolved. Observed IFI state context includes LGD state name. LGD/Census candidate by name; codes are not assumed equivalent.
Ananthapuramu,Andhra Pradesh,28,Andhra Pradesh,502,Ananthapuramu,22,553,,,,exact_district_name,CANDIDATE_REQUIRES_VERIFICATION,HISTORICAL_REVIEW_REQUIRED,Exact LGD district name; observed IFI state context is retained separately because the IFI field can be multi-value and historical equivalence is unresolved. Observed IFI state context includes LGD state name. LGD district has no exact Census boundary pair.
Ananthapuramuamu,Andhra Pradesh; Madhya Pradesh; Punjab,,,,,,,,,,none,UNMATCHED_TO_LGD,HISTORICAL_REVIEW_REQUIRED,No exact or normalized LGD district/state candidate.
Anantnag,Arunachal Pradesh; Assam; Delhi; Jammu & Kashmir; Jammu and Kashmir; Punjab; Uttar Pradesh,1,Jammu And Kashmir,1,Anantnag,6,14,Anantnag,Jammu & Kashmir,14,exact_district_name,CANDIDATE_REQUIRES_VERIFICATION,HISTORICAL_REVIEW_REQUIRED,Exact LGD district name; observed IFI state context is retained separately because the IFI field can be multi-value and historical equivalence is unresolved. Observed IFI state context does not uniquely confirm LGD state name; manual review required. LGD/Census candidate by name; codes are not assumed equivalent.
Anjaw,Arunachal Pradesh; Assam; Jammu and Kashmir; Punjab; Uttar Pradesh,12,Arunachal Pradesh,628,Anjaw,0,260,Anjaw,Arunanchal Pradesh,260,exact_district_name,CANDIDATE_REQUIRES_VERIFICATION,HISTORICAL_REVIEW_REQUIRED,Exact LGD district name; observed IFI state context is retained separately because the IFI field can be multi-value and historical equivalence is unresolved. Observed IFI state context includes LGD state name. LGD/Census candidate by name; codes are not assumed equivalent.
Anugul,Andhra Pradesh; Assam; Bihar; Haryana; Madhya Pradesh; Odisha; Rajasthan; Uttar Pradesh; West Bengal,,,,,,,,,,none,UNMATCHED_TO_LGD,HISTORICAL_REVIEW_REQUIRED,No exact or normalized LGD district/state candidate.
Anuppur,Andhra Pradesh; Bihar; Gujarat; Haryana; Madhya Pradesh; Maharashtra; Odisha; Punjab; Rajasthan; Uttar Pradesh; West Bengal,23,Madhya Pradesh,390,Anuppur,16,461,Anuppur,Madhya Pradesh,461,exact_district_name,CANDIDATE_REQUIRES_VERIFICATION,HISTORICAL_REVIEW_REQUIRED,Exact LGD district name; observed IFI state context is retained separately because the IFI field can be multi-value and historical equivalence is unresolved. Observed IFI state context includes LGD state name. LGD/Census candidate by name; codes are not assumed equivalent.
Araria,Andhra Pradesh; Assam; Bihar; Gujarat; Haryana; Himachal Pradesh; Jharkhand; Kerala; Madhya Pradesh; Maharashtra; Odisha; Rajasthan; Uttar Pradesh; Uttar pradesh; West Bengal,10,Bihar,188,Araria,7,209,Araria,Bihar,209,exact_district_name,CANDIDATE_REQUIRES_VERIFICATION,HISTORICAL_REVIEW_REQUIRED,Exact LGD district name; observed IFI state context is retained separately because the IFI field can be multi-value and historical equivalence is unresolved. Observed IFI state context includes LGD state name. LGD/Census candidate by name; codes are not assumed equivalent.
Ariyalur,Tamil Nadu,33,Tamil Nadu,610,Ariyalur,17,616,Ariyalur,Tamil Nadu,616,exact_district_name,CANDIDATE_REQUIRES_VERIFICATION,HISTORICAL_REVIEW_REQUIRED,Exact LGD district name; observed IFI state context is retained separately because the IFI field can be multi-value and historical equivalence is unresolved. Observed IFI state context includes LGD state name. LGD/Census candidate by name; codes are not assumed equivalent.
Arvalli,Bihar; Gujarat; Madhya Pradesh; Maharashtra; Rajasthan; Uttar Pradesh,24,Gujarat,672,Arvalli,0,0,,,,exact_district_name,CANDIDATE_REQUIRES_VERIFICATION,HISTORICAL_REVIEW_REQUIRED,Exact LGD district name; observed IFI state context is retained separately because the IFI field can be multi-value and historical equivalence is unresolved. Observed IFI state context includes LGD state name. LGD district has no exact Census boundary pair.
Arwal,Andhra Pradesh; Assam; Bihar; Gujarat; Haryana; Himachal Pradesh; Kerala; Madhya Pradesh; Maharashtra; Odisha; Rajasthan; Uttar Pradesh; Uttar pradesh; West Bengal,10,Bihar,611,Arwal,33,240,Arwal,Bihar,240,exact_district_name,CANDIDATE_REQUIRES_VERIFICATION,HISTORICAL_REVIEW_REQUIRED,Exact LGD district name; observed IFI state context is retained separately because the IFI field can be multi-value and historical equivalence is unresolved. Observed IFI state context includes LGD state name. LGD/Census candidate by name; codes are not assumed equivalent.
Ashoknagar,Andhra Pradesh; Bihar; Gujarat; Haryana; Madhya Pradesh; Maharashtra; Odisha; Punjab; Rajasthan; Uttar Pradesh; West Bengal,23,Madhya Pradesh,391,Ashoknagar,46,459,Ashoknagar,Madhya Pradesh,459,exact_district_name,CANDIDATE_REQUIRES_VERIFICATION,HISTORICAL_REVIEW_REQUIRED,Exact LGD district name; observed IFI state context is retained separately because the IFI field can be multi-value and historical equivalence is unresolved. Observed IFI state context includes LGD state name. LGD/Census candidate by name; codes are not assumed equivalent.
Auraiya,Arunachal Pradesh; Assam; Bihar; East Rajasthan; Gujarat; Haryana; Himachal Pradesh; Jammu and Kashmir; Kerala; Madhya Pradesh; Maharashtra; Odisha; Punjab; Rajasthan; Uttar Pradesh; Uttar pradesh; Uttarakhand; West Bengal,9,Uttar Pradesh,122,Auraiya,32,162,Auraiya,Uttar Pradesh,162,exact_district_name,CANDIDATE_REQUIRES_VERIFICATION,HISTORICAL_REVIEW_REQUIRED,Exact LGD district name; observed IFI state context is retained separately because the IFI field can be multi-value and historical equivalence is unresolved. Observed IFI state context includes LGD state name. LGD/Census candidate by name; codes are not assumed equivalent.
Aurangabad,Andhra Pradesh; Assam; Bihar; Gujarat; Haryana; Himachal Pradesh; Kerala; Madhya Pradesh; Maharashtra; Odisha; Rajasthan; Telangana; Uttar Pradesh; Uttar pradesh; West Bengal,10,Bihar,189,Aurangabad,34,235,Aurangabad,Bihar,235,exact_district_name,CANDIDATE_REQUIRES_VERIFICATION,HISTORICAL_REVIEW_REQUIRED,Exact LGD district name; observed IFI state context is retained separately because the IFI field can be multi-value and historical equivalence is unresolved. Observed IFI state context includes LGD state name. LGD/Census candidate by name; codes are not assumed equivalent.
Ayodhya,Arunachal Pradesh; Assam; Bihar; East Rajasthan; Gujarat; Haryana; Himachal Pradesh; Jammu and Kashmir; Kerala; Madhya Pradesh; Maharashtra; Odisha; Punjab; Rajasthan; Uttar Pradesh; Uttar pradesh; Uttarakhand; West Bengal,9,Uttar Pradesh,140,Ayodhya,47,177,,,,exact_district_name,CANDIDATE_REQUIRES_VERIFICATION,HISTORICAL_REVIEW_REQUIRED,Exact LGD district name; observed IFI state context is retained separately because the IFI field can be multi-value and historical equivalence is unresolved. Observed IFI state context includes LGD state name. LGD district has no exact Census boundary pair.
Azamgarh,Arunachal Pradesh; Assam; Bihar; East Rajasthan; Gujarat; Haryana; Himachal Pradesh; Jammu and Kashmir; Kerala; Madhya Pradesh; Maharashtra; Odisha; Punjab; Rajasthan; Uttar Pradesh; Uttar pradesh; Uttarakhand; West Bengal,9,Uttar Pradesh,123,Azamgarh,61,191,Azamgarh,Uttar Pradesh,191,exact_district_name,CANDIDATE_REQUIRES_VERIFICATION,HISTORICAL_REVIEW_REQUIRED,Exact LGD district name; observed IFI state context is retained separately because the IFI field can be multi-value and historical equivalence is unresolved. Observed IFI state context includes LGD state name. LGD/Census candidate by name; codes are not assumed equivalent.
Bagalkote,Karnataka,29,Karnataka,524,Bagalkote,2,556,,,,exact_district_name,CANDIDATE_REQUIRES_VERIFICATION,HISTORICAL_REVIEW_REQUIRED,Exact LGD district name; observed IFI state context is retained separately because the IFI field can be multi-value and historical equivalence is unresolved. Observed IFI state context includes LGD state name. LGD district has no exact Census boundary pair.
Bagalkotee,Karnataka; Kerala,,,,,,,,,,none,UNMATCHED_TO_LGD,HISTORICAL_REVIEW_REQUIRED,No exact or normalized LGD district/state candidate.
Bagalkotee Ballari,Karnataka,,,,,,,,,,none,UNMATCHED_TO_LGD,HISTORICAL_REVIEW_REQUIRED,No exact or normalized LGD district/state candidate.
Bagalkotee Belagavi,Karnataka,,,,,,,,,,none,UNMATCHED_TO_LGD,HISTORICAL_REVIEW_REQUIRED,No exact or normalized LGD district/state candidate.
Bagalkotee Bengaluru Urban,Karnataka,,,,,,,,,,none,UNMATCHED_TO_LGD,HISTORICAL_REVIEW_REQUIRED,No exact or normalized LGD district/state candidate.
Bagalkotee Udupi,Karnataka,,,,,,,,,,none,UNMATCHED_TO_LGD,HISTORICAL_REVIEW_REQUIRED,No exact or normalized LGD district/state candidate.
BagalkoteeBijapur,Karnataka,,,,,,,,,,none,UNMATCHED_TO_LGD,HISTORICAL_REVIEW_REQUIRED,No exact or normalized LGD district/state candidate.
Bageshwar,Uttar Pradesh; Uttarakhand,5,Uttarakhand,46,Bageshwar,8,63,Bageshwar,Uttarakhand,63,exact_district_name,CANDIDATE_REQUIRES_VERIFICATION,HISTORICAL_REVIEW_REQUIRED,Exact LGD district name; observed IFI state context is retained separately because the IFI field can be multi-value and historical equivalence is unresolved. Observed IFI state context includes LGD state name. LGD/Census candidate by name; codes are not assumed equivalent.
Baghpat,Arunachal Pradesh; Assam; Bihar; East Rajasthan; Gujarat; Haryana; Himachal Pradesh; Jammu and Kashmir; Kerala; Madhya Pradesh; Maharashtra; Odisha; Punjab; Rajasthan; Uttar Pradesh; Uttar pradesh; Uttarakhand; West Bengal,9,Uttar Pradesh,124,Baghpat,8,139,Baghpat,Uttar Pradesh,139,exact_district_name,CANDIDATE_REQUIRES_VERIFICATION,HISTORICAL_REVIEW_REQUIRED,Exact LGD district name; observed IFI state context is retained separately because the IFI field can be multi-value and historical equivalence is unresolved. Observed IFI state context includes LGD state name. LGD/Census candidate by name; codes are not assumed equivalent.
Bahraich,Arunachal Pradesh; Assam; Bihar; East Rajasthan; Gujarat; Haryana; Himachal Pradesh; Jammu and Kashmir; Kerala; Madhya Pradesh; Maharashtra; Odisha; Punjab; Rajasthan; Uttar Pradesh; Uttar pradesh; Uttarakhand; West Bengal,9,Uttar Pradesh,125,Bahraich,50,180,Bahraich,Uttar Pradesh,180,exact_district_name,CANDIDATE_REQUIRES_VERIFICATION,HISTORICAL_REVIEW_REQUIRED,Exact LGD district name; observed IFI state context is retained separately because the IFI field can be multi-value and historical equivalence is unresolved. Observed IFI state context includes LGD state name. LGD/Census candidate by name; codes are not assumed equivalent.
Baksa,Arunachal Pradesh; Assam; Bihar; Jammu and Kashmir; Kerala; Odisha; Punjab; Uttar Pradesh; West Bengal,18,Assam,616,Baksa,0,324,Baksa,Assam,324,exact_district_name,CANDIDATE_REQUIRES_VERIFICATION,HISTORICAL_REVIEW_REQUIRED,Exact LGD district name; observed IFI state context is retained separately because the IFI field can be multi-value and historical equivalence is unresolved. Observed IFI state context includes LGD state name. LGD/Census candidate by name; codes are not assumed equivalent.
Balaghat,Andhra Pradesh; Bihar; Chhattisgarh; Gujarat; Haryana; Madhya Pradesh; Maharashtra; Odisha; Punjab; Rajasthan; Uttar Pradesh; West Bengal,23,Madhya Pradesh,392,Balaghat,45,457,Balaghat,Madhya Pradesh,457,exact_district_name,CANDIDATE_REQUIRES_VERIFICATION,HISTORICAL_REVIEW_REQUIRED,Exact LGD district name; observed IFI state context is retained separately because the IFI field can be multi-value and historical equivalence is unresolved. Observed IFI state context includes LGD state name. LGD/Census candidate by name; codes are not assumed equivalent.
Balangir,Andhra Pradesh; Assam; Bihar; Haryana; Madhya Pradesh; Odisha; Rajasthan; Uttar Pradesh; West Bengal,21,Odisha,345,Balangir,24,393,Balangir,Odisha,393,exact_district_name,CANDIDATE_REQUIRES_VERIFICATION,HISTORICAL_REVIEW_REQUIRED,Exact LGD district name; observed IFI state context is retained separately because the IFI field can be multi-value and historical equivalence is unresolved. Observed IFI state context includes LGD state name. LGD/Census candidate by name; codes are not assumed equivalent.
Baleshwar,Andhra Pradesh; Assam; Bihar; Haryana; Madhya Pradesh; Odisha; Rajasthan; Uttar Pradesh; West Bengal,21,Odisha,346,Baleshwar,8,377,Baleshwar,Odisha,377,exact_district_name,CANDIDATE_REQUIRES_VERIFICATION,HISTORICAL_REVIEW_REQUIRED,Exact LGD district name; observed IFI state context is retained separately because the IFI field can be multi-value and historical equivalence is unresolved. Observed IFI state context includes LGD state name. LGD/Census candidate by name; codes are not assumed equivalent.
Ballari,Karnataka; Kerala,29,Karnataka,528,Ballari,12,565,,,,exact_district_name,CANDIDATE_REQUIRES_VERIFICATION,HISTORICAL_REVIEW_REQUIRED,Exact LGD district name; observed IFI state context is retained separately because the IFI field can be multi-value and historical equivalence is unresolved. Observed IFI state context includes LGD state name. LGD district has no exact Census boundary pair.
Ballia,Arunachal Pradesh; Assam; Bihar; East Rajasthan; Gujarat; Haryana; Himachal Pradesh; Jammu and Kashmir; Kerala; Madhya Pradesh; Maharashtra; Odisha; Punjab; Rajasthan; Uttar Pradesh; Uttar pradesh; Uttarakhand; West Bengal,9,Uttar Pradesh,126,Ballia,63,193,Ballia,Uttar Pradesh,193,exact_district_name,CANDIDATE_REQUIRES_VERIFICATION,HISTORICAL_REVIEW_REQUIRED,Exact LGD district name; observed IFI state context is retained separately because the IFI field can be multi-value and historical equivalence is unresolved. Observed IFI state context includes LGD state name. LGD/Census candidate by name; codes are not assumed equivalent.
Balod,Chhattisgarh,22,Chhattisgarh,646,Balod,0,0,,,,exact_district_name,CANDIDATE_REQUIRES_VERIFICATION,HISTORICAL_REVIEW_REQUIRED,Exact LGD district name; observed IFI state context is retained separately because the IFI field can be multi-value and historical equivalence is unresolved. Observed IFI state context includes LGD state name. LGD district has no exact Census boundary pair.
Balodabazar-Bhatapara,Chhattisgarh,22,Chhattisgarh,644,Balodabazar-Bhatapara,0,0,,,,exact_district_name,CANDIDATE_REQUIRES_VERIFICATION,HISTORICAL_REVIEW_REQUIRED,Exact LGD district name; observed IFI state context is retained separately because the IFI field can be multi-value and historical equivalence is unresolved. Observed IFI state context includes LGD state name. LGD district has no exact Census boundary pair.
Balrampur,Arunachal Pradesh; Assam; Bihar; Chhattisgarh; East Rajasthan; Gujarat; Haryana; Himachal Pradesh; Jammu and Kashmir; Kerala; Madhya Pradesh; Maharashtra; Odisha; Punjab; Rajasthan; Uttar Pradesh; Uttar pradesh; West Bengal,9,Uttar Pradesh,127,Balrampur,52,182,Balrampur,Uttar Pradesh,182,exact_district_name,CANDIDATE_REQUIRES_VERIFICATION,HISTORICAL_REVIEW_REQUIRED,Exact LGD district name; observed IFI state context is retained separately because the IFI field can be multi-value and historical equivalence is unresolved. Observed IFI state context includes LGD state name. LGD/Census candidate by name; codes are not assumed equivalent.
Banas Kantha,Bihar; Gujarat; Madhya Pradesh; Maharashtra; Rajasthan; Uttar Pradesh,24,Gujarat,441,Banas Kantha,2,469,Banas Kantha,Gujarat,469,exact_district_name,CANDIDATE_REQUIRES_VERIFICATION,HISTORICAL_REVIEW_REQUIRED,Exact LGD district name; observed IFI state context is retained separately because the IFI field can be multi-value and historical equivalence is unresolved. Observed IFI state context includes LGD state name. LGD/Census candidate by name; codes are not assumed equivalent.
Banda,Arunachal Pradesh; Assam; Bihar; East Rajasthan; Gujarat; Haryana; Himachal Pradesh; Jammu and Kashmir; Kerala; Madhya Pradesh; Maharashtra; Odisha; Punjab; Rajasthan; Uttar Pradesh; Uttar pradesh; Uttarakhand; West Bengal,9,Uttar Pradesh,128,Banda,40,170,Banda,Uttar Pradesh,170,exact_district_name,CANDIDATE_REQUIRES_VERIFICATION,HISTORICAL_REVIEW_REQUIRED,Exact LGD district name; observed IFI state context is retained separately because the IFI field can be multi-value and historical equivalence is unresolved. Observed IFI state context includes LGD state name. LGD/Census candidate by name; codes are not assumed equivalent.
Bandipora,Arunachal Pradesh; Assam; Delhi; Jammu & Kashmir; Jammu and Kashmir; Punjab; Uttar Pradesh,1,Jammu And Kashmir,623,Bandipora,0,9,,,,exact_district_name,CANDIDATE_REQUIRES_VERIFICATION,HISTORICAL_REVIEW_REQUIRED,Exact LGD district name; observed IFI state context is retained separately because the IFI field can be multi-value and historical equivalence is unresolved. Observed IFI state context does not uniquely confirm LGD state name; manual review required. LGD district has no exact Census boundary pair.
Banka,Andhra Pradesh; Assam; Bihar; Gujarat; Haryana; Himachal Pradesh; Kerala; Madhya Pradesh; Maharashtra; Odisha; Rajasthan; Uttar Pradesh; Uttar pradesh; West Bengal,10,Bihar,190,Banka,23,225,Banka,Bihar,225,exact_district_name,CANDIDATE_REQUIRES_VERIFICATION,HISTORICAL_REVIEW_REQUIRED,Exact LGD district name; observed IFI state context is retained separately because the IFI field can be multi-value and historical equivalence is unresolved. Observed IFI state context includes LGD state name. LGD/Census candidate by name; codes are not assumed equivalent.
Bankura,Andhra Pradesh; Assam; Bihar; Haryana; Himachal Pradesh; Kerala; Madhya Pradesh; Odisha; Punjab; Uttar Pradesh; Uttar pradesh; West Bengal,19,West Bengal,305,Bankura,13,339,Bankura,West Bengal,339,exact_district_name,CANDIDATE_REQUIRES_VERIFICATION,HISTORICAL_REVIEW_REQUIRED,Exact LGD district name; observed IFI state context is retained separately because the IFI field can be multi-value and historical equivalence is unresolved. Observed IFI state context includes LGD state name. LGD/Census candidate by name; codes are not assumed equivalent.
Banswara,Bihar; Gujarat; Haryana; Kerala; Madhya Pradesh; Maharashtra; Odisha; Punjab; Rajasthan; Uttar Pradesh,8,Rajasthan,88,Banswara,28,125,Banswara,Rajasthan,125,exact_district_name,CANDIDATE_REQUIRES_VERIFICATION,HISTORICAL_REVIEW_REQUIRED,Exact LGD district name; observed IFI state context is retained separately because the IFI field can be multi-value and historical equivalence is unresolved. Observed IFI state context includes LGD state name. LGD/Census candidate by name; codes are not assumed equivalent.
Bara Banki,Arunachal Pradesh; Assam; Bihar; East Rajasthan; Gujarat; Haryana; Himachal Pradesh; Jammu and Kashmir; Kerala; Madhya Pradesh; Maharashtra; Odisha; Punjab; Rajasthan; Uttar Pradesh; Uttar pradesh; Uttarakhand; West Bengal,9,Uttar Pradesh,129,Bara Banki,46,176,Bara Banki,Uttar Pradesh,176,exact_district_name,CANDIDATE_REQUIRES_VERIFICATION,HISTORICAL_REVIEW_REQUIRED,Exact LGD district name; observed IFI state context is retained separately because the IFI field can be multi-value and historical equivalence is unresolved. Observed IFI state context includes LGD state name. LGD/Census candidate by name; codes are not assumed equivalent.
Baramulla,Arunachal Pradesh; Assam; Delhi; Jammu & Kashmir; Jammu and Kashmir; Punjab; Uttar Pradesh,1,Jammu And Kashmir,3,Baramulla,2,8,,,,exact_district_name,CANDIDATE_REQUIRES_VERIFICATION,HISTORICAL_REVIEW_REQUIRED,Exact LGD district name; observed IFI state context is retained separately because the IFI field can be multi-value and historical equivalence is unresolved. Observed IFI state context does not uniquely confirm LGD state name; manual review required. LGD district has no exact Census boundary pair.
Baran,Bihar; Gujarat; Haryana; Kerala; Madhya Pradesh; Maharashtra; Odisha; Punjab; Rajasthan; Uttar Pradesh,8,Rajasthan,89,Baran,31,128,Baran,Rajasthan,128,exact_district_name,CANDIDATE_REQUIRES_VERIFICATION,HISTORICAL_REVIEW_REQUIRED,Exact LGD district name; observed IFI state context is retained separately because the IFI field can be multi-value and historical equivalence is unresolved. Observed IFI state context includes LGD state name. LGD/Census candidate by name; codes are not assumed equivalent.
Bareilly,Arunachal Pradesh; Assam; Bihar; East Rajasthan; Gujarat; Haryana; Himachal Pradesh; Jammu and Kashmir; Kerala; Madhya Pradesh; Maharashtra; Odisha; Punjab; Rajasthan; Uttar Pradesh; Uttar pradesh; Uttarakhand; West Bengal,9,Uttar Pradesh,130,Bareilly,20,150,Bareilly,Uttar Pradesh,150,exact_district_name,CANDIDATE_REQUIRES_VERIFICATION,HISTORICAL_REVIEW_REQUIRED,Exact LGD district name; observed IFI state context is retained separately because the IFI field can be multi-value and historical equivalence is unresolved. Observed IFI state context includes LGD state name. LGD/Census candidate by name; codes are not assumed equivalent.
Bargarh,Andhra Pradesh; Assam; Bihar; Haryana; Madhya Pradesh; Odisha; Rajasthan; Uttar Pradesh; West Bengal,,,,,,,,,,none,UNMATCHED_TO_LGD,HISTORICAL_REVIEW_REQUIRED,No exact or normalized LGD district/state candidate.
Barmer,Bihar; Gujarat; Haryana; Kerala; Madhya Pradesh; Maharashtra; Odisha; Punjab; Rajasthan; Uttar Pradesh,8,Rajasthan,90,Barmer,17,115,Barmer,Rajasthan,115,exact_district_name,CANDIDATE_REQUIRES_VERIFICATION,HISTORICAL_REVIEW_REQUIRED,Exact LGD district name; observed IFI state context is retained separately because the IFI field can be multi-value and historical equivalence is unresolved. Observed IFI state context includes LGD state name. LGD/Census candidate by name; codes are not assumed equivalent.
Barnala,Arunachal Pradesh; Assam; Delhi; Haryana; Jammu and Kashmir; Madhya Pradesh; Punjab; Rajasthan; Uttar Pradesh; West Bengal,3,Punjab,605,Barnala,0,54,Barnala,Punjab,54,exact_district_name,CANDIDATE_REQUIRES_VERIFICATION,HISTORICAL_REVIEW_REQUIRED,Exact LGD district name; observed IFI state context is retained separately because the IFI field can be multi-value and historical equivalence is unresolved. Observed IFI state context includes LGD state name. LGD/Census candidate by name; codes are not assumed equivalent.
Barpeta,Arunachal Pradesh; Assam; Bihar; Jammu and Kashmir; Kerala; Odisha; Punjab; Uttar Pradesh; West Bengal,18,Assam,280,Barpeta,5,303,Barpeta,Assam,303,exact_district_name,CANDIDATE_REQUIRES_VERIFICATION,HISTORICAL_REVIEW_REQUIRED,Exact LGD district name; observed IFI state context is retained separately because the IFI field can be multi-value and historical equivalence is unresolved. Observed IFI state context includes LGD state name. LGD/Census candidate by name; codes are not assumed equivalent.
Barwani,Andhra Pradesh; Bihar; Chhattisgarh; Gujarat; Haryana; Madhya Pradesh; Maharashtra; Odisha; Punjab; Rajasthan; Uttar Pradesh; West Bengal,23,Madhya Pradesh,393,Barwani,28,441,Barwani,Madhya Pradesh,441,exact_district_name,CANDIDATE_REQUIRES_VERIFICATION,HISTORICAL_REVIEW_REQUIRED,Exact LGD district name; observed IFI state context is retained separately because the IFI field can be multi-value and historical equivalence is unresolved. Observed IFI state context includes LGD state name. LGD/Census candidate by name; codes are not assumed equivalent.
Bastar,Chhattisgarh; Madhya Pradesh,22,Chhattisgarh,374,Bastar,15,414,Bastar,Chhattisgarh,414,exact_district_name,CANDIDATE_REQUIRES_VERIFICATION,HISTORICAL_REVIEW_REQUIRED,Exact LGD district name; observed IFI state context is retained separately because the IFI field can be multi-value and historical equivalence is unresolved. Observed IFI state context includes LGD state name. LGD/Census candidate by name; codes are not assumed equivalent.
Basti,Arunachal Pradesh; Assam; Bihar; East Rajasthan; Gujarat; Haryana; Himachal Pradesh; Jammu and Kashmir; Kerala; Madhya Pradesh; Maharashtra; Odisha; Punjab; Rajasthan; Uttar Pradesh; Uttar pradesh; Uttarakhand; West Bengal,9,Uttar Pradesh,131,Basti,55,185,Basti,Uttar Pradesh,185,exact_district_name,CANDIDATE_REQUIRES_VERIFICATION,HISTORICAL_REVIEW_REQUIRED,Exact LGD district name; observed IFI state context is retained separately because the IFI field can be multi-value and historical equivalence is unresolved. Observed IFI state context includes LGD state name. LGD/Census candidate by name; codes are not assumed equivalent.
Bathinda,Arunachal Pradesh; Assam; Delhi; Haryana; Jammu and Kashmir; Madhya Pradesh; Punjab; Rajasthan; Uttar Pradesh; West Bengal,3,Punjab,28,Bathinda,14,46,Bathinda,Punjab,46,exact_district_name,CANDIDATE_REQUIRES_VERIFICATION,HISTORICAL_REVIEW_REQUIRED,Exact LGD district name; observed IFI state context is retained separately because the IFI field can be multi-value and historical equivalence is unresolved. Observed IFI state context includes LGD state name. LGD/Census candidate by name; codes are not assumed equivalent.
Beed,Bihar; Gujarat; Madhya Pradesh; Maharashtra; Rajasthan; Telangana; Uttar Pradesh,27,Maharashtra,470,Beed,27,523,,,,exact_district_name,CANDIDATE_REQUIRES_VERIFICATION,HISTORICAL_REVIEW_REQUIRED,Exact LGD district name; observed IFI state context is retained separately because the IFI field can be multi-value and historical equivalence is unresolved. Observed IFI state context includes LGD state name. LGD district has no exact Census boundary pair.
Beedar,Karnataka; Kerala,,,,,,,,,,none,UNMATCHED_TO_LGD,HISTORICAL_REVIEW_REQUIRED,No exact or normalized LGD district/state candidate.
Begusarai,Andhra Pradesh; Assam; Bihar; Gujarat; Haryana; Himachal Pradesh; Jharkhand; Kerala; Madhya Pradesh; Maharashtra; Odisha; Rajasthan; Uttar Pradesh; Uttar pradesh; West Bengal,10,Bihar,191,Begusarai,20,222,Begusarai,Bihar,222,exact_district_name,CANDIDATE_REQUIRES_VERIFICATION,HISTORICAL_REVIEW_REQUIRED,Exact LGD district name; observed IFI state context is retained separately because the IFI field can be multi-value and historical equivalence is unresolved. Observed IFI state context includes LGD state name. LGD/Census candidate by name; codes are not assumed equivalent.
Belagavi,Karnataka; Kerala,29,Karnataka,527,Belagavi,1,555,,,,exact_district_name,CANDIDATE_REQUIRES_VERIFICATION,HISTORICAL_REVIEW_REQUIRED,Exact LGD district name; observed IFI state context is retained separately because the IFI field can be multi-value and historical equivalence is unresolved. Observed IFI state context includes LGD state name. LGD district has no exact Census boundary pair.
Bemetara,Chhattisgarh,22,Chhattisgarh,650,Bemetara,0,0,,,,exact_district_name,CANDIDATE_REQUIRES_VERIFICATION,HISTORICAL_REVIEW_REQUIRED,Exact LGD district name; observed IFI state context is retained separately because the IFI field can be multi-value and historical equivalence is unresolved. Observed IFI state context includes LGD state name. LGD district has no exact Census boundary pair.
Bengaluru Rural,Karnataka; Kerala,29,Karnataka,526,Bengaluru Rural,21,583,,,,exact_district_name,CANDIDATE_REQUIRES_VERIFICATION,HISTORICAL_REVIEW_REQUIRED,Exact LGD district name; observed IFI state context is retained separately because the IFI field can be multi-value and historical equivalence is unresolved. Observed IFI state context includes LGD state name. LGD district has no exact Census boundary pair.
Bengaluru Urban,Karnataka; Kerala,29,Karnataka,525,Bengaluru Urban,20,572,,,,exact_district_name,CANDIDATE_REQUIRES_VERIFICATION,HISTORICAL_REVIEW_REQUIRED,Exact LGD district name; observed IFI state context is retained separately because the IFI field can be multi-value and historical equivalence is unresolved. Observed IFI state context includes LGD state name. LGD district has no exact Census boundary pair.
Betul,Andhra Pradesh; Bihar; Chhattisgarh; Gujarat; Haryana; Madhya Pradesh; Maharashtra; Odisha; Punjab; Rajasthan; Uttar Pradesh; West Bengal,23,Madhya Pradesh,394,Betul,35,447,Betul,Madhya Pradesh,447,exact_district_name,CANDIDATE_REQUIRES_VERIFICATION,HISTORICAL_REVIEW_REQUIRED,Exact LGD district name; observed IFI state context is retained separately because the IFI field can be multi-value and historical equivalence is unresolved. Observed IFI state context includes LGD state name. LGD/Census candidate by name; codes are not assumed equivalent.
Bhadohi,Arunachal Pradesh; Assam; Bihar; East Rajasthan; Gujarat; Haryana; Himachal Pradesh; Jammu and Kashmir; Kerala; Madhya Pradesh; Maharashtra; Odisha; Punjab; Rajasthan; Uttar Pradesh; Uttar pradesh; West Bengal,9,Uttar Pradesh,179,Bhadohi,68,198,,,,exact_district_name,CANDIDATE_REQUIRES_VERIFICATION,HISTORICAL_REVIEW_REQUIRED,Exact LGD district name; observed IFI state context is retained separately because the IFI field can be multi-value and historical equivalence is unresolved. Observed IFI state context includes LGD state name. LGD district has no exact Census boundary pair.
Bhadradri Bhadradri Kothagudem,Telangana,,,,,,,,,,none,UNMATCHED_TO_LGD,HISTORICAL_REVIEW_REQUIRED,No exact or normalized LGD district/state candidate.
Bhadradri Bhadradri Kothagudem Bhadradri Kothagudem,Andhra Pradesh; Maharashtra; Telangana,,,,,,,,,,none,UNMATCHED_TO_LGD,HISTORICAL_REVIEW_REQUIRED,No exact or normalized LGD district/state candidate.
Bhadradri Bhadradri Kothagudem kothagudem,Telangana,,,,,,,,,,none,UNMATCHED_TO_LGD,HISTORICAL_REVIEW_REQUIRED,No exact or normalized LGD district/state candidate.
Bhadradri Kothagudem,Telangana,36,Telangana,690,Bhadradri Kothagudem,0,0,,,,exact_district_name,CANDIDATE_REQUIRES_VERIFICATION,HISTORICAL_REVIEW_REQUIRED,Exact LGD district name; observed IFI state context is retained separately because the IFI field can be multi-value and historical equivalence is unresolved. Observed IFI state context includes LGD state name. LGD district has no exact Census boundary pair.
Bhadrak,Andhra Pradesh; Assam; Bihar; Haryana; Madhya Pradesh; Odisha; Rajasthan; Uttar Pradesh; West Bengal,21,Odisha,348,Bhadrak,9,378,Bhadrak,Odisha,378,exact_district_name,CANDIDATE_REQUIRES_VERIFICATION,HISTORICAL_REVIEW_REQUIRED,Exact LGD district name; observed IFI state context is retained separately because the IFI field can be multi-value and historical equivalence is unresolved. Observed IFI state context includes LGD state name. LGD/Census candidate by name; codes are not assumed equivalent.
Bhagalpur,Andhra Pradesh; Assam; Bihar; Gujarat; Haryana; Himachal Pradesh; Jharkhand; Kerala; Madhya Pradesh; Maharashtra; Odisha; Rajasthan; Uttar Pradesh; Uttar pradesh; West Bengal,10,Bihar,192,Bhagalpur,22,224,Bhagalpur,Bihar,224,exact_district_name,CANDIDATE_REQUIRES_VERIFICATION,HISTORICAL_REVIEW_REQUIRED,Exact LGD district name; observed IFI state context is retained separately because the IFI field can be multi-value and historical equivalence is unresolved. Observed IFI state context includes LGD state name. LGD/Census candidate by name; codes are not assumed equivalent.
Bhandara,Bihar; Gujarat; Madhya Pradesh; Maharashtra; Rajasthan; Telangana; Uttar Pradesh,27,Maharashtra,471,Bhandara,10,506,Bhandara,Maharashtra,506,exact_district_name,CANDIDATE_REQUIRES_VERIFICATION,HISTORICAL_REVIEW_REQUIRED,Exact LGD district name; observed IFI state context is retained separately because the IFI field can be multi-value and historical equivalence is unresolved. Observed IFI state context includes LGD state name. LGD/Census candidate by name; codes are not assumed equivalent.
Bhandara Chandrapur,Maharashtra,,,,,,,,,,none,UNMATCHED_TO_LGD,HISTORICAL_REVIEW_REQUIRED,No exact or normalized LGD district/state candidate.
Bharatpur,Bihar; Gujarat; Haryana; Kerala; Madhya Pradesh; Maharashtra; Odisha; Punjab; Rajasthan; Uttar Pradesh,8,Rajasthan,91,Bharatpur,7,105,Bharatpur,Rajasthan,105,exact_district_name,CANDIDATE_REQUIRES_VERIFICATION,HISTORICAL_REVIEW_REQUIRED,Exact LGD district name; observed IFI state context is retained separately because the IFI field can be multi-value and historical equivalence is unresolved. Observed IFI state context includes LGD state name. LGD/Census candidate by name; codes are not assumed equivalent.
Bharuch,Bihar; Gujarat; Madhya Pradesh; Maharashtra; Rajasthan; Uttar Pradesh,24,Gujarat,442,Bharuch,21,488,Bharuch,Gujarat,488,exact_district_name,CANDIDATE_REQUIRES_VERIFICATION,HISTORICAL_REVIEW_REQUIRED,Exact LGD district name; observed IFI state context is retained separately because the IFI field can be multi-value and historical equivalence is unresolved. Observed IFI state context includes LGD state name. LGD/Census candidate by name; codes are not assumed equivalent.
Bhavnagar,Bihar; Gujarat; Madhya Pradesh; Maharashtra; Rajasthan; Uttar Pradesh,24,Gujarat,443,Bhavnagar,14,481,Bhavnagar,Gujarat,481,exact_district_name,CANDIDATE_REQUIRES_VERIFICATION,HISTORICAL_REVIEW_REQUIRED,Exact LGD district name; observed IFI state context is retained separately because the IFI field can be multi-value and historical equivalence is unresolved. Observed IFI state context includes LGD state name. LGD/Census candidate by name; codes are not assumed equivalent.
Bhilwara,Bihar; Gujarat; Haryana; Kerala; Madhya Pradesh; Maharashtra; Odisha; Punjab; Rajasthan; Uttar Pradesh,8,Rajasthan,92,Bhilwara,24,122,Bhilwara,Rajasthan,122,exact_district_name,CANDIDATE_REQUIRES_VERIFICATION,HISTORICAL_REVIEW_REQUIRED,Exact LGD district name; observed IFI state context is retained separately because the IFI field can be multi-value and historical equivalence is unresolved. Observed IFI state context includes LGD state name. LGD/Census candidate by name; codes are not assumed equivalent.
Bhind,Andhra Pradesh; Bihar; Gujarat; Haryana; Madhya Pradesh; Maharashtra; Odisha; Punjab; Rajasthan; Uttar Pradesh; West Bengal,23,Madhya Pradesh,395,Bhind,3,420,Bhind,Madhya Pradesh,420,exact_district_name,CANDIDATE_REQUIRES_VERIFICATION,HISTORICAL_REVIEW_REQUIRED,Exact LGD district name; observed IFI state context is retained separately because the IFI field can be multi-value and historical equivalence is unresolved. Observed IFI state context includes LGD state name. LGD/Census candidate by name; codes are not assumed equivalent.
Bhiwani,Bihar; Haryana; Kerala; Madhya Pradesh; Odisha; Punjab; Rajasthan; Uttar Pradesh; West Bengal,6,Haryana,59,Bhiwani,13,81,Bhiwani,Haryana,81,exact_district_name,CANDIDATE_REQUIRES_VERIFICATION,HISTORICAL_REVIEW_REQUIRED,Exact LGD district name; observed IFI state context is retained separately because the IFI field can be multi-value and historical equivalence is unresolved. Observed IFI state context includes LGD state name. LGD/Census candidate by name; codes are not assumed equivalent.
Bhojpur,Andhra Pradesh; Assam; Bihar; Gujarat; Haryana; Himachal Pradesh; Jharkhand; Kerala; Madhya Pradesh; Maharashtra; Odisha; Rajasthan; Uttar Pradesh; Uttar pradesh; West Bengal,10,Bihar,193,Bhojpur,29,231,Bhojpur,Bihar,231,exact_district_name,CANDIDATE_REQUIRES_VERIFICATION,HISTORICAL_REVIEW_REQUIRED,Exact LGD district name; observed IFI state context is retained separately because the IFI field can be multi-value and historical equivalence is unresolved. Observed IFI state context includes LGD state name. LGD/Census candidate by name; codes are not assumed equivalent.
Bhopal,Andhra Pradesh; Bihar; Chhattisgarh; Gujarat; Haryana; Madhya Pradesh; Maharashtra; Odisha; Punjab; Rajasthan; Uttar Pradesh; West Bengal,23,Madhya Pradesh,396,Bhopal,32,444,Bhopal,Madhya Pradesh,444,exact_district_name,CANDIDATE_REQUIRES_VERIFICATION,HISTORICAL_REVIEW_REQUIRED,Exact LGD district name; observed IFI state context is retained separately because the IFI field can be multi-value and historical equivalence is unresolved. Observed IFI state context includes LGD state name. LGD/Census candidate by name; codes are not assumed equivalent.
Bhubaneshwar,Odisha,,,,,,,,,,none,UNMATCHED_TO_LGD,HISTORICAL_REVIEW_REQUIRED,No exact or normalized LGD district/state candidate.
Bijapur,Chhattisgarh; Karnataka,22,Chhattisgarh,636,Bijapur,16,417,Bijapur,Chhattisgarh,417,exact_district_name,CANDIDATE_REQUIRES_VERIFICATION,HISTORICAL_REVIEW_REQUIRED,Exact LGD district name; observed IFI state context is retained separately because the IFI field can be multi-value and historical equivalence is unresolved. Observed IFI state context includes LGD state name. LGD/Census candidate by name; codes are not assumed equivalent.
Bijapur Surendranagar,Karnataka,,,,,,,,,,none,UNMATCHED_TO_LGD,HISTORICAL_REVIEW_REQUIRED,No exact or normalized LGD district/state candidate.
Bijnor,Arunachal Pradesh; Assam; Bihar; East Rajasthan; Gujarat; Haryana; Himachal Pradesh; Jammu and Kashmir; Kerala; Madhya Pradesh; Maharashtra; Odisha; Punjab; Rajasthan; Uttar Pradesh; Uttar pradesh; West Bengal,9,Uttar Pradesh,132,Bijnor,3,134,Bijnor,Uttar Pradesh,134,exact_district_name,CANDIDATE_REQUIRES_VERIFICATION,HISTORICAL_REVIEW_REQUIRED,Exact LGD district name; observed IFI state context is retained separately because the IFI field can be multi-value and historical equivalence is unresolved. Observed IFI state context includes LGD state name. LGD/Census candidate by name; codes are not assumed equivalent.
Bikaner,Bihar; Gujarat; Haryana; Kerala; Madhya Pradesh; Maharashtra; Odisha; Punjab; Rajasthan; Uttar Pradesh,8,Rajasthan,93,Bikaner,3,101,Bikaner,Rajasthan,101,exact_district_name,CANDIDATE_REQUIRES_VERIFICATION,HISTORICAL_REVIEW_REQUIRED,Exact LGD district name; observed IFI state context is retained separately because the IFI field can be multi-value and historical equivalence is unresolved. Observed IFI state context includes LGD state name. LGD/Census candidate by name; codes are not assumed equivalent.
Bilaspur,Chhattisgarh; Himachal Pradesh; Madhya Pradesh; Rajasthan; Uttar Pradesh,22,Chhattisgarh,375,Bilaspur,7,406,Bilaspur,Chhattisgarh,406,exact_district_name,CANDIDATE_REQUIRES_VERIFICATION,HISTORICAL_REVIEW_REQUIRED,Exact LGD district name; observed IFI state context is retained separately because the IFI field can be multi-value and historical equivalence is unresolved. Observed IFI state context includes LGD state name. LGD/Census candidate by name; codes are not assumed equivalent.
Bilaspur,Chhattisgarh; Himachal Pradesh; Madhya Pradesh; Rajasthan; Uttar Pradesh,2,Himachal Pradesh,15,Bilaspur,8,30,Bilaspur,Himachal Pradesh,30,exact_district_name,CANDIDATE_REQUIRES_VERIFICATION,HISTORICAL_REVIEW_REQUIRED,Exact LGD district name; observed IFI state context is retained separately because the IFI field can be multi-value and historical equivalence is unresolved. Observed IFI state context includes LGD state name. LGD/Census candidate by name; codes are not assumed equivalent.
Birbhum,Andhra Pradesh; Assam; Bihar; Haryana; Himachal Pradesh; Kerala; Madhya Pradesh; Odisha; Punjab; Uttar Pradesh; Uttar pradesh; West Bengal,19,West Bengal,307,Birbhum,8,334,Birbhum,West Bengal,334,exact_district_name,CANDIDATE_REQUIRES_VERIFICATION,HISTORICAL_REVIEW_REQUIRED,Exact LGD district name; observed IFI state context is retained separately because the IFI field can be multi-value and historical equivalence is unresolved. Observed IFI state context includes LGD state name. LGD/Census candidate by name; codes are not assumed equivalent.
Bishnupur,Manipur,14,Manipur,252,Bishnupur,4,275,Bishnupur,Manipur,275,exact_district_name,CANDIDATE_REQUIRES_VERIFICATION,HISTORICAL_REVIEW_REQUIRED,Exact LGD district name; observed IFI state context is retained separately because the IFI field can be multi-value and historical equivalence is unresolved. Observed IFI state context includes LGD state name. LGD/Census candidate by name; codes are not assumed equivalent.
Biswanath,Arunachal Pradesh; Assam; Bihar; Jammu and Kashmir; Kerala; Odisha; Punjab; Uttar Pradesh; West Bengal,18,Assam,705,Biswanath,0,0,,,,exact_district_name,CANDIDATE_REQUIRES_VERIFICATION,HISTORICAL_REVIEW_REQUIRED,Exact LGD district name; observed IFI state context is retained separately because the IFI field can be multi-value and historical equivalence is unresolved. Observed IFI state context includes LGD state name. LGD district has no exact Census boundary pair.
Bokaro,Jharkhand,20,Jharkhand,322,Bokaro,13,355,Bokaro,Jharkhand,355,exact_district_name,CANDIDATE_REQUIRES_VERIFICATION,HISTORICAL_REVIEW_REQUIRED,Exact LGD district name; observed IFI state context is retained separately because the IFI field can be multi-value and historical equivalence is unresolved. Observed IFI state context includes LGD state name. LGD/Census candidate by name; codes are not assumed equivalent.
Bongaigaon,Arunachal Pradesh; Assam; Bihar; Jammu and Kashmir; Kerala; Odisha; Punjab; Uttar Pradesh; West Bengal,18,Assam,281,Bongaigaon,4,319,Bongaigaon,Assam,319,exact_district_name,CANDIDATE_REQUIRES_VERIFICATION,HISTORICAL_REVIEW_REQUIRED,Exact LGD district name; observed IFI state context is retained separately because the IFI field can be multi-value and historical equivalence is unresolved. Observed IFI state context includes LGD state name. LGD/Census candidate by name; codes are not assumed equivalent.
Botad,Bihar; Gujarat; Madhya Pradesh; Maharashtra; Rajasthan; Uttar Pradesh,24,Gujarat,676,Botad,0,0,,,,exact_district_name,CANDIDATE_REQUIRES_VERIFICATION,HISTORICAL_REVIEW_REQUIRED,Exact LGD district name; observed IFI state context is retained separately because the IFI field can be multi-value and historical equivalence is unresolved. Observed IFI state context includes LGD state name. LGD district has no exact Census boundary pair.
Boudh,Andhra Pradesh; Assam; Bihar; Haryana; Madhya Pradesh; Odisha; Rajasthan; Uttar Pradesh; West Bengal,21,Odisha,349,Boudh,22,391,,,,exact_district_name,CANDIDATE_REQUIRES_VERIFICATION,HISTORICAL_REVIEW_REQUIRED,Exact LGD district name; observed IFI state context is retained separately because the IFI field can be multi-value and historical equivalence is unresolved. Observed IFI state context includes LGD state name. LGD district has no exact Census boundary pair.
Budaun,Arunachal Pradesh; Assam; Bihar; East Rajasthan; Gujarat; Haryana; Himachal Pradesh; Jammu and Kashmir; Kerala; Madhya Pradesh; Maharashtra; Odisha; Punjab; Rajasthan; Uttar Pradesh; Uttar pradesh; Uttarakhand; West Bengal,9,Uttar Pradesh,133,Budaun,19,149,Budaun,Uttar Pradesh,149,exact_district_name,CANDIDATE_REQUIRES_VERIFICATION,HISTORICAL_REVIEW_REQUIRED,Exact LGD district name; observed IFI state context is retained separately because the IFI field can be multi-value and historical equivalence is unresolved. Observed IFI state context includes LGD state name. LGD/Census candidate by name; codes are not assumed equivalent.
Budgam,Arunachal Pradesh; Assam; Delhi; Jammu & Kashmir; Jammu and Kashmir; Punjab; Uttar Pradesh,1,Jammu And Kashmir,2,Budgam,4,2,,,,exact_district_name,CANDIDATE_REQUIRES_VERIFICATION,HISTORICAL_REVIEW_REQUIRED,Exact LGD district name; observed IFI state context is retained separately because the IFI field can be multi-value and historical equivalence is unresolved. Observed IFI state context does not uniquely confirm LGD state name; manual review required. LGD district has no exact Census boundary pair.
Bulandshahr,Arunachal Pradesh; Assam; Bihar; East Rajasthan; Gujarat; Haryana; Himachal Pradesh; Jammu and Kashmir; Kerala; Madhya Pradesh; Maharashtra; Odisha; Punjab; Rajasthan; Uttar Pradesh; Uttar pradesh; Uttarakhand; West Bengal,9,Uttar Pradesh,134,Bulandshahr,11,142,Bulandshahr,Uttar Pradesh,142,exact_district_name,CANDIDATE_REQUIRES_VERIFICATION,HISTORICAL_REVIEW_REQUIRED,Exact LGD district name; observed IFI state context is retained separately because the IFI field can be multi-value and historical equivalence is unresolved. Observed IFI state context includes LGD state name. LGD/Census candidate by name; codes are not assumed equivalent.
Buldhana,Bihar; Gujarat; Madhya Pradesh; Maharashtra; Rajasthan; Telangana; Uttar Pradesh,27,Maharashtra,472,Buldhana,4,500,,,,exact_district_name,CANDIDATE_REQUIRES_VERIFICATION,HISTORICAL_REVIEW_REQUIRED,Exact LGD district name; observed IFI state context is retained separately because the IFI field can be multi-value and historical equivalence is unresolved. Observed IFI state context includes LGD state name. LGD district has no exact Census boundary pair.
Bundi,Bihar; Gujarat; Haryana; Kerala; Madhya Pradesh; Maharashtra; Odisha; Punjab; Rajasthan; Uttar Pradesh,8,Rajasthan,94,Bundi,23,121,Bundi,Rajasthan,121,exact_district_name,CANDIDATE_REQUIRES_VERIFICATION,HISTORICAL_REVIEW_REQUIRED,Exact LGD district name; observed IFI state context is retained separately because the IFI field can be multi-value and historical equivalence is unresolved. Observed IFI state context includes LGD state name. LGD/Census candidate by name; codes are not assumed equivalent.
Burhanpur,Andhra Pradesh; Bihar; Chhattisgarh; Gujarat; Haryana; Madhya Pradesh; Maharashtra; Odisha; Punjab; Rajasthan; Uttar Pradesh; West Bengal,23,Madhya Pradesh,397,Burhanpur,29,467,Burhanpur,Madhya Pradesh,467,exact_district_name,CANDIDATE_REQUIRES_VERIFICATION,HISTORICAL_REVIEW_REQUIRED,Exact LGD district name; observed IFI state context is retained separately because the IFI field can be multi-value and historical equivalence is unresolved. Observed IFI state context includes LGD state name. LGD/Census candidate by name; codes are not assumed equivalent.
Buxar,Andhra Pradesh; Assam; Bihar; Gujarat; Haryana; Himachal Pradesh; Jharkhand; Kerala; Madhya Pradesh; Maharashtra; Odisha; Rajasthan; Uttar Pradesh; Uttar pradesh; West Bengal,10,Bihar,194,Buxar,30,232,Buxar,Bihar,232,exact_district_name,CANDIDATE_REQUIRES_VERIFICATION,HISTORICAL_REVIEW_REQUIRED,Exact LGD district name; observed IFI state context is retained separately because the IFI field can be multi-value and historical equivalence is unresolved. Observed IFI state context includes LGD state name. LGD/Census candidate by name; codes are not assumed equivalent.
Cachar,Arunachal Pradesh; Assam; Bihar; Jammu and Kashmir; Kerala; Manipur; Odisha; Punjab; Tripura; Uttar Pradesh; West Bengal,18,Assam,282,Cachar,21,316,Cachar,Assam,316,exact_district_name,CANDIDATE_REQUIRES_VERIFICATION,HISTORICAL_REVIEW_REQUIRED,Exact LGD district name; observed IFI state context is retained separately because the IFI field can be multi-value and historical equivalence is unresolved. Observed IFI state context includes LGD state name. LGD/Census candidate by name; codes are not assumed equivalent.
Central,Delhi; Jammu and Kashmir; Punjab,7,Delhi,77,Central,6,95,Central,NCT of Delhi,95,exact_district_name,CANDIDATE_REQUIRES_VERIFICATION,HISTORICAL_REVIEW_REQUIRED,Exact LGD district name; observed IFI state context is retained separately because the IFI field can be multi-value and historical equivalence is unresolved. Observed IFI state context includes LGD state name. LGD/Census candidate by name; codes are not assumed equivalent.
Central Part of Uttar Kashi Pradesh,Uttar Pradesh,,,,,,,,,,none,UNMATCHED_TO_LGD,HISTORICAL_REVIEW_REQUIRED,No exact or normalized LGD district/state candidate.
Chamarajanagara,Karnataka,,,,,,,,,,none,UNMATCHED_TO_LGD,HISTORICAL_REVIEW_REQUIRED,No exact or normalized LGD district/state candidate.
Chamarajanagaraa,Karnataka; Kerala,,,,,,,,,,none,UNMATCHED_TO_LGD,HISTORICAL_REVIEW_REQUIRED,No exact or normalized LGD district/state candidate.
Chamarajanagaraa Chikkaballapura,Karnataka,,,,,,,,,,none,UNMATCHED_TO_LGD,HISTORICAL_REVIEW_REQUIRED,No exact or normalized LGD district/state candidate.
Chamarajanagaraa Chitradurga,Karnataka,,,,,,,,,,none,UNMATCHED_TO_LGD,HISTORICAL_REVIEW_REQUIRED,No exact or normalized LGD district/state candidate.
Chamarajanagaraa Davangere,Karnataka,,,,,,,,,,none,UNMATCHED_TO_LGD,HISTORICAL_REVIEW_REQUIRED,No exact or normalized LGD district/state candidate.
Chamarajanagaraa Gadag,Karnataka,,,,,,,,,,none,UNMATCHED_TO_LGD,HISTORICAL_REVIEW_REQUIRED,No exact or normalized LGD district/state candidate.
Chamarajanagaraa Hassan,Karnataka,,,,,,,,,,none,UNMATCHED_TO_LGD,HISTORICAL_REVIEW_REQUIRED,No exact or normalized LGD district/state candidate.
Chamarajanagaraa Kalaburagi,Karnataka,,,,,,,,,,none,UNMATCHED_TO_LGD,HISTORICAL_REVIEW_REQUIRED,No exact or normalized LGD district/state candidate.
Chamba,Himachal Pradesh; Uttar Pradesh,2,Himachal Pradesh,16,Chamba,1,23,Chamba,Himachal Pradesh,23,exact_district_name,CANDIDATE_REQUIRES_VERIFICATION,HISTORICAL_REVIEW_REQUIRED,Exact LGD district name; observed IFI state context is retained separately because the IFI field can be multi-value and historical equivalence is unresolved. Observed IFI state context includes LGD state name. LGD/Census candidate by name; codes are not assumed equivalent.
Chamoli,Uttar Pradesh; Uttarakhand,5,Uttarakhand,47,Chamoli,2,57,Chamoli,Uttarakhand,57,exact_district_name,CANDIDATE_REQUIRES_VERIFICATION,HISTORICAL_REVIEW_REQUIRED,Exact LGD district name; observed IFI state context is retained separately because the IFI field can be multi-value and historical equivalence is unresolved. Observed IFI state context includes LGD state name. LGD/Census candidate by name; codes are not assumed equivalent.
Champawat,Uttar Pradesh; Uttarakhand,5,Uttarakhand,48,Champawat,10,65,Champawat,Uttarakhand,65,exact_district_name,CANDIDATE_REQUIRES_VERIFICATION,HISTORICAL_REVIEW_REQUIRED,Exact LGD district name; observed IFI state context is retained separately because the IFI field can be multi-value and historical equivalence is unresolved. Observed IFI state context includes LGD state name. LGD/Census candidate by name; codes are not assumed equivalent.
Champhai,Mizoram,15,Mizoram,262,Champhai,4,284,Champhai,Mizoram,284,exact_district_name,CANDIDATE_REQUIRES_VERIFICATION,HISTORICAL_REVIEW_REQUIRED,Exact LGD district name; observed IFI state context is retained separately because the IFI field can be multi-value and historical equivalence is unresolved. Observed IFI state context includes LGD state name. LGD/Census candidate by name; codes are not assumed equivalent.
Chandauli,Arunachal Pradesh; Assam; Bihar; East Rajasthan; Gujarat; Haryana; Himachal Pradesh; Jammu and Kashmir; Kerala; Madhya Pradesh; Maharashtra; Odisha; Punjab; Rajasthan; Uttar Pradesh; Uttar pradesh; West Bengal,9,Uttar Pradesh,135,Chandauli,66,196,Chandauli,Uttar Pradesh,196,exact_district_name,CANDIDATE_REQUIRES_VERIFICATION,HISTORICAL_REVIEW_REQUIRED,Exact LGD district name; observed IFI state context is retained separately because the IFI field can be multi-value and historical equivalence is unresolved. Observed IFI state context includes LGD state name. LGD/Census candidate by name; codes are not assumed equivalent.
Chandel,Manipur,14,Manipur,253,Chandel,9,280,Chandel,Manipur,280,exact_district_name,CANDIDATE_REQUIRES_VERIFICATION,HISTORICAL_REVIEW_REQUIRED,Exact LGD district name; observed IFI state context is retained separately because the IFI field can be multi-value and historical equivalence is unresolved. Observed IFI state context includes LGD state name. LGD/Census candidate by name; codes are not assumed equivalent.
Chandigarh,Chandigarh; Punjab,4,Chandigarh,44,Chandigarh,1,55,Chandigarh,Chandigarh,55,exact_district_name,CANDIDATE_REQUIRES_VERIFICATION,HISTORICAL_REVIEW_REQUIRED,Exact LGD district name; observed IFI state context is retained separately because the IFI field can be multi-value and historical equivalence is unresolved. Observed IFI state context includes LGD state name. LGD/Census candidate by name; codes are not assumed equivalent.
Chandrapur,Bihar; Gujarat; Madhya Pradesh; Maharashtra; Rajasthan; Telangana; Uttar Pradesh,27,Maharashtra,473,Chandrapur,13,509,Chandrapur,Maharashtra,509,exact_district_name,CANDIDATE_REQUIRES_VERIFICATION,HISTORICAL_REVIEW_REQUIRED,Exact LGD district name; observed IFI state context is retained separately because the IFI field can be multi-value and historical equivalence is unresolved. Observed IFI state context includes LGD state name. LGD/Census candidate by name; codes are not assumed equivalent.
Changlang,Arunachal Pradesh; Assam; Jammu and Kashmir; Punjab; Uttar Pradesh,12,Arunachal Pradesh,229,Changlang,12,253,Changlang,Arunanchal Pradesh,253,exact_district_name,CANDIDATE_REQUIRES_VERIFICATION,HISTORICAL_REVIEW_REQUIRED,Exact LGD district name; observed IFI state context is retained separately because the IFI field can be multi-value and historical equivalence is unresolved. Observed IFI state context includes LGD state name. LGD/Census candidate by name; codes are not assumed equivalent.
Charaideo,Arunachal Pradesh; Assam; Bihar; Jammu and Kashmir; Kerala; Odisha; Punjab; Uttar Pradesh; West Bengal,18,Assam,708,Charaideo,0,0,,,,exact_district_name,CANDIDATE_REQUIRES_VERIFICATION,HISTORICAL_REVIEW_REQUIRED,Exact LGD district name; observed IFI state context is retained separately because the IFI field can be multi-value and historical equivalence is unresolved. Observed IFI state context includes LGD state name. LGD district has no exact Census boundary pair.
Charki Dadri,Bihar; Haryana; Kerala; Madhya Pradesh; Odisha; Punjab; Rajasthan; Uttar Pradesh; West Bengal,,,,,,,,,,none,UNMATCHED_TO_LGD,HISTORICAL_REVIEW_REQUIRED,No exact or normalized LGD district/state candidate.
Chatra,Jharkhand,20,Jharkhand,323,Chatra,3,347,Chatra,Jharkhand,347,exact_district_name,CANDIDATE_REQUIRES_VERIFICATION,HISTORICAL_REVIEW_REQUIRED,Exact LGD district name; observed IFI state context is retained separately because the IFI field can be multi-value and historical equivalence is unresolved. Observed IFI state context includes LGD state name. LGD/Census candidate by name; codes are not assumed equivalent.
Chengalpattu,Tamil Nadu,33,Tamil Nadu,730,Chengalpattu,0,0,,,,exact_district_name,CANDIDATE_REQUIRES_VERIFICATION,HISTORICAL_REVIEW_REQUIRED,Exact LGD district name; observed IFI state context is retained separately because the IFI field can be multi-value and historical equivalence is unresolved. Observed IFI state context includes LGD state name. LGD district has no exact Census boundary pair.
Chennai,Madras; Tamil Nadu,33,Tamil Nadu,568,Chennai,2,603,Chennai,Tamil Nadu,603,exact_district_name,CANDIDATE_REQUIRES_VERIFICATION,HISTORICAL_REVIEW_REQUIRED,Exact LGD district name; observed IFI state context is retained separately because the IFI field can be multi-value and historical equivalence is unresolved. Observed IFI state context includes LGD state name. LGD/Census candidate by name; codes are not assumed equivalent.
Chhatarpur,Andhra Pradesh; Bihar; Gujarat; Haryana; Madhya Pradesh; Maharashtra; Odisha; Punjab; Rajasthan; Uttar Pradesh; West Bengal,23,Madhya Pradesh,398,Chhatarpur,9,425,Chhatarpur,Madhya Pradesh,425,exact_district_name,CANDIDATE_REQUIRES_VERIFICATION,HISTORICAL_REVIEW_REQUIRED,Exact LGD district name; observed IFI state context is retained separately because the IFI field can be multi-value and historical equivalence is unresolved. Observed IFI state context includes LGD state name. LGD/Census candidate by name; codes are not assumed equivalent.
Chhatisgarh,Chhattisgarh; Madhya Pradesh,,,,,,,,,,none,UNMATCHED_TO_LGD,HISTORICAL_REVIEW_REQUIRED,No exact or normalized LGD district/state candidate.
Chhindwara,Andhra Pradesh; Bihar; Chhattisgarh; Gujarat; Haryana; Madhya Pradesh; Maharashtra; Odisha; Punjab; Rajasthan; Uttar Pradesh; West Bengal,23,Madhya Pradesh,399,Chhindwara,43,455,Chhindwara,Madhya Pradesh,455,exact_district_name,CANDIDATE_REQUIRES_VERIFICATION,HISTORICAL_REVIEW_REQUIRED,Exact LGD district name; observed IFI state context is retained separately because the IFI field can be multi-value and historical equivalence is unresolved. Observed IFI state context includes LGD state name. LGD/Census candidate by name; codes are not assumed equivalent.
Chikkaballapura,Karnataka; Kerala,29,Karnataka,630,Chikkaballapura,19,582,Chikkaballapura,Karnataka,582,exact_district_name,CANDIDATE_REQUIRES_VERIFICATION,HISTORICAL_REVIEW_REQUIRED,Exact LGD district name; observed IFI state context is retained separately because the IFI field can be multi-value and historical equivalence is unresolved. Observed IFI state context includes LGD state name. LGD/Census candidate by name; codes are not assumed equivalent.
Chikkamagaluru,Karnataka; Kerala,29,Karnataka,532,Chikkamagaluru,17,570,,,,exact_district_name,CANDIDATE_REQUIRES_VERIFICATION,HISTORICAL_REVIEW_REQUIRED,Exact LGD district name; observed IFI state context is retained separately because the IFI field can be multi-value and historical equivalence is unresolved. Observed IFI state context includes LGD state name. LGD district has no exact Census boundary pair.
Chikodi,Karnataka,,,,,,,,,,none,UNMATCHED_TO_LGD,HISTORICAL_REVIEW_REQUIRED,No exact or normalized LGD district/state candidate.
Chirang,Arunachal Pradesh; Assam; Bihar; Jammu and Kashmir; Kerala; Odisha; Punjab; Uttar Pradesh; West Bengal,18,Assam,612,Chirang,0,320,Chirang,Assam,320,exact_district_name,CANDIDATE_REQUIRES_VERIFICATION,HISTORICAL_REVIEW_REQUIRED,Exact LGD district name; observed IFI state context is retained separately because the IFI field can be multi-value and historical equivalence is unresolved. Observed IFI state context includes LGD state name. LGD/Census candidate by name; codes are not assumed equivalent.
Chitradurga,Karnataka; Kerala,29,Karnataka,533,Chitradurga,13,566,Chitradurga,Karnataka,566,exact_district_name,CANDIDATE_REQUIRES_VERIFICATION,HISTORICAL_REVIEW_REQUIRED,Exact LGD district name; observed IFI state context is retained separately because the IFI field can be multi-value and historical equivalence is unresolved. Observed IFI state context includes LGD state name. LGD/Census candidate by name; codes are not assumed equivalent.
Chitrakoot,Arunachal Pradesh; Assam; Bihar; East Rajasthan; Gujarat; Haryana; Himachal Pradesh; Jammu and Kashmir; Kerala; Madhya Pradesh; Maharashtra; Odisha; Punjab; Rajasthan; Uttar Pradesh; Uttar pradesh; West Bengal,9,Uttar Pradesh,136,Chitrakoot,41,171,Chitrakoot,Uttar Pradesh,171,exact_district_name,CANDIDATE_REQUIRES_VERIFICATION,HISTORICAL_REVIEW_REQUIRED,Exact LGD district name; observed IFI state context is retained separately because the IFI field can be multi-value and historical equivalence is unresolved. Observed IFI state context includes LGD state name. LGD/Census candidate by name; codes are not assumed equivalent.
Chittoor,Andhra Pradesh; Madhya Pradesh,28,Andhra Pradesh,503,Chittoor,23,554,Chittoor,Andhra Pradesh,554,exact_district_name,CANDIDATE_REQUIRES_VERIFICATION,HISTORICAL_REVIEW_REQUIRED,Exact LGD district name; observed IFI state context is retained separately because the IFI field can be multi-value and historical equivalence is unresolved. Observed IFI state context includes LGD state name. LGD/Census candidate by name; codes are not assumed equivalent.
Chittorgarh,Bihar; Gujarat; Haryana; Kerala; Madhya Pradesh; Maharashtra; Odisha; Punjab; Rajasthan; Uttar Pradesh,8,Rajasthan,95,Chittorgarh,29,126,,,,exact_district_name,CANDIDATE_REQUIRES_VERIFICATION,HISTORICAL_REVIEW_REQUIRED,Exact LGD district name; observed IFI state context is retained separately because the IFI field can be multi-value and historical equivalence is unresolved. Observed IFI state context includes LGD state name. LGD district has no exact Census boundary pair.
Chota Udaipur,Bihar; Gujarat; Madhya Pradesh; Maharashtra; Rajasthan; Uttar Pradesh,,,,,,,,,,none,UNMATCHED_TO_LGD,HISTORICAL_REVIEW_REQUIRED,No exact or normalized LGD district/state candidate.
Chumanung,Jammu and Kashmir,,,,,,,,,,none,UNMATCHED_TO_LGD,HISTORICAL_REVIEW_REQUIRED,No exact or normalized LGD district/state candidate.
Churachandpur,Manipur,14,Manipur,254,Churachandpur,3,274,Churachandpur,Manipur,274,exact_district_name,CANDIDATE_REQUIRES_VERIFICATION,HISTORICAL_REVIEW_REQUIRED,Exact LGD district name; observed IFI state context is retained separately because the IFI field can be multi-value and historical equivalence is unresolved. Observed IFI state context includes LGD state name. LGD/Census candidate by name; codes are not assumed equivalent.
Churu,Bihar; Gujarat; Haryana; Kerala; Madhya Pradesh; Maharashtra; Odisha; Punjab; Rajasthan; Uttar Pradesh,8,Rajasthan,96,Churu,4,102,Churu,Rajasthan,102,exact_district_name,CANDIDATE_REQUIRES_VERIFICATION,HISTORICAL_REVIEW_REQUIRED,Exact LGD district name; observed IFI state context is retained separately because the IFI field can be multi-value and historical equivalence is unresolved. Observed IFI state context includes LGD state name. LGD/Census candidate by name; codes are not assumed equivalent.
Coimbatore,Tamil Nadu,33,Tamil Nadu,569,Coimbatore,12,632,Coimbatore,Tamil Nadu,632,exact_district_name,CANDIDATE_REQUIRES_VERIFICATION,HISTORICAL_REVIEW_REQUIRED,Exact LGD district name; observed IFI state context is retained separately because the IFI field can be multi-value and historical equivalence is unresolved. Observed IFI state context includes LGD state name. LGD/Census candidate by name; codes are not assumed equivalent.
Cooch Behar,West Bengal,19,West Bengal,308,Cooch Behar,3,329,,,,exact_district_name,CANDIDATE_REQUIRES_VERIFICATION,HISTORICAL_REVIEW_REQUIRED,Exact LGD district name; observed IFI state context is retained separately because the IFI field can be multi-value and historical equivalence is unresolved. Observed IFI state context includes LGD state name. LGD district has no exact Census boundary pair.
Cuddalore,Tamil Nadu,33,Tamil Nadu,570,Cuddalore,18,617,Cuddalore,Tamil Nadu,617,exact_district_name,CANDIDATE_REQUIRES_VERIFICATION,HISTORICAL_REVIEW_REQUIRED,Exact LGD district name; observed IFI state context is retained separately because the IFI field can be multi-value and historical equivalence is unresolved. Observed IFI state context includes LGD state name. LGD/Census candidate by name; codes are not assumed equivalent.
Cuttack,Andhra Pradesh; Assam; Bihar; Haryana; Madhya Pradesh; Odisha; Rajasthan; Uttar Pradesh; West Bengal,,,,,,,,,,none,UNMATCHED_TO_LGD,HISTORICAL_REVIEW_REQUIRED,No exact or normalized LGD district/state candidate.
Dadra And Nagar Haveli,Dadar&Nagar Haveli; Dadra and Nagar Haveli,38,The Dadra And Nagar Haveli And Daman And Diu,465,Dadra And Nagar Haveli,1,496,,,,exact_district_name,CANDIDATE_REQUIRES_VERIFICATION,HISTORICAL_REVIEW_REQUIRED,Exact LGD district name; observed IFI state context is retained separately because the IFI field can be multi-value and historical equivalence is unresolved. Observed IFI state context does not uniquely confirm LGD state name; manual review required. LGD district has no exact Census boundary pair.
Dahod,Bihar; Gujarat; Madhya Pradesh; Maharashtra; Rajasthan; Uttar Pradesh,24,Gujarat,445,Dahod,18,485,,,,exact_district_name,CANDIDATE_REQUIRES_VERIFICATION,HISTORICAL_REVIEW_REQUIRED,Exact LGD district name; observed IFI state context is retained separately because the IFI field can be multi-value and historical equivalence is unresolved. Observed IFI state context includes LGD state name. LGD district has no exact Census boundary pair.
Dakshin Bastar Dantewada,Chhattisgarh,22,Chhattisgarh,376,Dakshin Bastar Dantewada,16,416,Dakshin Bastar Dantewada,Chhattisgarh,416,exact_district_name,CANDIDATE_REQUIRES_VERIFICATION,HISTORICAL_REVIEW_REQUIRED,Exact LGD district name; observed IFI state context is retained separately because the IFI field can be multi-value and historical equivalence is unresolved. Observed IFI state context includes LGD state name. LGD/Census candidate by name; codes are not assumed equivalent.
Dakshin Dinajpur,Andhra Pradesh; Assam; Bihar; Haryana; Himachal Pradesh; Kerala; Madhya Pradesh; Odisha; Punjab; Uttar Pradesh; Uttar pradesh; West Bengal,19,West Bengal,310,Dakshin Dinajpur,5,331,Dakshin Dinajpur,West Bengal,331,exact_district_name,CANDIDATE_REQUIRES_VERIFICATION,HISTORICAL_REVIEW_REQUIRED,Exact LGD district name; observed IFI state context is retained separately because the IFI field can be multi-value and historical equivalence is unresolved. Observed IFI state context includes LGD state name. LGD/Census candidate by name; codes are not assumed equivalent.
Dakshina Kannada,Andhra Pradesh; Assam; Karnataka; Kerala,29,Karnataka,534,Dakshina Kannada,24,575,Dakshina Kannada,Karnataka,575,exact_district_name,CANDIDATE_REQUIRES_VERIFICATION,HISTORICAL_REVIEW_REQUIRED,Exact LGD district name; observed IFI state context is retained separately because the IFI field can be multi-value and historical equivalence is unresolved. Observed IFI state context includes LGD state name. LGD/Census candidate by name; codes are not assumed equivalent.
Damoh,Andhra Pradesh; Bihar; Chhattisgarh; Gujarat; Haryana; Madhya Pradesh; Maharashtra; Odisha; Punjab; Rajasthan; Uttar Pradesh; West Bengal,23,Madhya Pradesh,400,Damoh,12,428,Damoh,Madhya Pradesh,428,exact_district_name,CANDIDATE_REQUIRES_VERIFICATION,HISTORICAL_REVIEW_REQUIRED,Exact LGD district name; observed IFI state context is retained separately because the IFI field can be multi-value and historical equivalence is unresolved. Observed IFI state context includes LGD state name. LGD/Census candidate by name; codes are not assumed equivalent.
Dangs,Bihar; Gujarat; Madhya Pradesh; Maharashtra; Rajasthan; Uttar Pradesh,24,Gujarat,444,Dangs,23,489,,,,exact_district_name,CANDIDATE_REQUIRES_VERIFICATION,HISTORICAL_REVIEW_REQUIRED,Exact LGD district name; observed IFI state context is retained separately because the IFI field can be multi-value and historical equivalence is unresolved. Observed IFI state context includes LGD state name. LGD district has no exact Census boundary pair.
Darbhanga,Andhra Pradesh; Assam; Bihar; Gujarat; Haryana; Himachal Pradesh; Jharkhand; Kerala; Madhya Pradesh; Maharashtra; Odisha; Rajasthan; Uttar Pradesh; Uttar pradesh; West Bengal,10,Bihar,195,Darbhanga,13,215,Darbhanga,Bihar,215,exact_district_name,CANDIDATE_REQUIRES_VERIFICATION,HISTORICAL_REVIEW_REQUIRED,Exact LGD district name; observed IFI state context is retained separately because the IFI field can be multi-value and historical equivalence is unresolved. Observed IFI state context includes LGD state name. LGD/Census candidate by name; codes are not assumed equivalent.
Darjeeling,Andhra Pradesh; Assam; Bihar; Haryana; Himachal Pradesh; Kerala; Madhya Pradesh; Odisha; Punjab; Uttar Pradesh; Uttar pradesh; West Bengal,19,West Bengal,309,Darjeeling,1,327,,,,exact_district_name,CANDIDATE_REQUIRES_VERIFICATION,HISTORICAL_REVIEW_REQUIRED,Exact LGD district name; observed IFI state context is retained separately because the IFI field can be multi-value and historical equivalence is unresolved. Observed IFI state context includes LGD state name. LGD district has no exact Census boundary pair.
Darjeelingm,West Bengal,,,,,,,,,,none,UNMATCHED_TO_LGD,HISTORICAL_REVIEW_REQUIRED,No exact or normalized LGD district/state candidate.
Darrang,Arunachal Pradesh; Assam; Bihar; Jammu and Kashmir; Kerala; Manipur; Odisha; Punjab; Uttar Pradesh; West Bengal,18,Assam,283,Darrang,8,325,Darrang,Assam,325,exact_district_name,CANDIDATE_REQUIRES_VERIFICATION,HISTORICAL_REVIEW_REQUIRED,Exact LGD district name; observed IFI state context is retained separately because the IFI field can be multi-value and historical equivalence is unresolved. Observed IFI state context includes LGD state name. LGD/Census candidate by name; codes are not assumed equivalent.
Datia,Andhra Pradesh; Bihar; Chhattisgarh; Gujarat; Haryana; Madhya Pradesh; Maharashtra; Odisha; Punjab; Rajasthan; Uttar Pradesh; West Bengal,23,Madhya Pradesh,401,Datia,5,422,Datia,Madhya Pradesh,422,exact_district_name,CANDIDATE_REQUIRES_VERIFICATION,HISTORICAL_REVIEW_REQUIRED,Exact LGD district name; observed IFI state context is retained separately because the IFI field can be multi-value and historical equivalence is unresolved. Observed IFI state context includes LGD state name. LGD/Census candidate by name; codes are not assumed equivalent.
Dausa,Bihar; Gujarat; Haryana; Kerala; Madhya Pradesh; Maharashtra; Odisha; Punjab; Rajasthan; Uttar Pradesh,8,Rajasthan,97,Dausa,11,109,Dausa,Rajasthan,109,exact_district_name,CANDIDATE_REQUIRES_VERIFICATION,HISTORICAL_REVIEW_REQUIRED,Exact LGD district name; observed IFI state context is retained separately because the IFI field can be multi-value and historical equivalence is unresolved. Observed IFI state context includes LGD state name. LGD/Census candidate by name; codes are not assumed equivalent.
Davangere,Karnataka; Kerala,,,,,,,,,,none,UNMATCHED_TO_LGD,HISTORICAL_REVIEW_REQUIRED,No exact or normalized LGD district/state candidate.
Davangere����,Karnataka,,,,,,,,,,none,UNMATCHED_TO_LGD,HISTORICAL_REVIEW_REQUIRED,No exact or normalized LGD district/state candidate.
Dehradun,Uttar Pradesh; Uttarakhand,5,Uttarakhand,49,Dehradun,5,60,Dehradun,Uttarakhand,60,exact_district_name,CANDIDATE_REQUIRES_VERIFICATION,HISTORICAL_REVIEW_REQUIRED,Exact LGD district name; observed IFI state context is retained separately because the IFI field can be multi-value and historical equivalence is unresolved. Observed IFI state context includes LGD state name. LGD/Census candidate by name; codes are not assumed equivalent.
Deogarh,Andhra Pradesh; Assam; Bihar; Haryana; Madhya Pradesh; Odisha; Rajasthan; Uttar Pradesh; West Bengal,,,,,,,,,,none,UNMATCHED_TO_LGD,HISTORICAL_REVIEW_REQUIRED,No exact or normalized LGD district/state candidate.
Deoghar,Bihar; Jharkhand,20,Jharkhand,324,Deoghar,7,350,Deoghar,Jharkhand,350,exact_district_name,CANDIDATE_REQUIRES_VERIFICATION,HISTORICAL_REVIEW_REQUIRED,Exact LGD district name; observed IFI state context is retained separately because the IFI field can be multi-value and historical equivalence is unresolved. Observed IFI state context includes LGD state name. LGD/Census candidate by name; codes are not assumed equivalent.
Deoria,Arunachal Pradesh; Assam; Bihar; East Rajasthan; Gujarat; Haryana; Himachal Pradesh; Jammu and Kashmir; Kerala; Madhya Pradesh; Maharashtra; Odisha; Punjab; Rajasthan; Uttar Pradesh; Uttar pradesh; Uttarakhand; West Bengal,9,Uttar Pradesh,137,Deoria,60,190,Deoria,Uttar Pradesh,190,exact_district_name,CANDIDATE_REQUIRES_VERIFICATION,HISTORICAL_REVIEW_REQUIRED,Exact LGD district name; observed IFI state context is retained separately because the IFI field can be multi-value and historical equivalence is unresolved. Observed IFI state context includes LGD state name. LGD/Census candidate by name; codes are not assumed equivalent.
Devbhumi Dwarka,Gujarat,24,Gujarat,674,Devbhumi Dwarka,0,0,,,,exact_district_name,CANDIDATE_REQUIRES_VERIFICATION,HISTORICAL_REVIEW_REQUIRED,Exact LGD district name; observed IFI state context is retained separately because the IFI field can be multi-value and historical equivalence is unresolved. Observed IFI state context includes LGD state name. LGD district has no exact Census boundary pair.
Devbhumi Dwarka Dwarka,Bihar; Gujarat; Madhya Pradesh; Maharashtra; Rajasthan; Uttar Pradesh,,,,,,,,,,none,UNMATCHED_TO_LGD,HISTORICAL_REVIEW_REQUIRED,No exact or normalized LGD district/state candidate.
Dewas,Andhra Pradesh; Bihar; Chhattisgarh; Gujarat; Haryana; Madhya Pradesh; Maharashtra; Odisha; Punjab; Rajasthan; Uttar Pradesh; West Bengal,23,Madhya Pradesh,402,Dewas,23,437,Dewas,Madhya Pradesh,437,exact_district_name,CANDIDATE_REQUIRES_VERIFICATION,HISTORICAL_REVIEW_REQUIRED,Exact LGD district name; observed IFI state context is retained separately because the IFI field can be multi-value and historical equivalence is unresolved. Observed IFI state context includes LGD state name. LGD/Census candidate by name; codes are not assumed equivalent.
Dhalai,Tripura,16,Tripura,269,Dhalai,3,291,Dhalai,Tripura,291,exact_district_name,CANDIDATE_REQUIRES_VERIFICATION,HISTORICAL_REVIEW_REQUIRED,Exact LGD district name; observed IFI state context is retained separately because the IFI field can be multi-value and historical equivalence is unresolved. Observed IFI state context includes LGD state name. LGD/Census candidate by name; codes are not assumed equivalent.
Dhamtari,Chhattisgarh; Madhya Pradesh,22,Chhattisgarh,377,Dhamtari,13,412,Dhamtari,Chhattisgarh,412,exact_district_name,CANDIDATE_REQUIRES_VERIFICATION,HISTORICAL_REVIEW_REQUIRED,Exact LGD district name; observed IFI state context is retained separately because the IFI field can be multi-value and historical equivalence is unresolved. Observed IFI state context includes LGD state name. LGD/Census candidate by name; codes are not assumed equivalent.
Dhanbad,Jharkhand,20,Jharkhand,325,Dhanbad,12,354,Dhanbad,Jharkhand,354,exact_district_name,CANDIDATE_REQUIRES_VERIFICATION,HISTORICAL_REVIEW_REQUIRED,Exact LGD district name; observed IFI state context is retained separately because the IFI field can be multi-value and historical equivalence is unresolved. Observed IFI state context includes LGD state name. LGD/Census candidate by name; codes are not assumed equivalent.
Dhar,Andhra Pradesh; Bihar; Chhattisgarh; Gujarat; Haryana; Madhya Pradesh; Maharashtra; Odisha; Punjab; Rajasthan; Uttar Pradesh; West Bengal,23,Madhya Pradesh,403,Dhar,25,438,Dhar,Madhya Pradesh,438,exact_district_name,CANDIDATE_REQUIRES_VERIFICATION,HISTORICAL_REVIEW_REQUIRED,Exact LGD district name; observed IFI state context is retained separately because the IFI field can be multi-value and historical equivalence is unresolved. Observed IFI state context includes LGD state name. LGD/Census candidate by name; codes are not assumed equivalent.
Dharashiv,Bihar; Gujarat; Madhya Pradesh; Maharashtra; Rajasthan; Telangana; Uttar Pradesh,27,Maharashtra,488,Dharashiv,29,525,,,,exact_district_name,CANDIDATE_REQUIRES_VERIFICATION,HISTORICAL_REVIEW_REQUIRED,Exact LGD district name; observed IFI state context is retained separately because the IFI field can be multi-value and historical equivalence is unresolved. Observed IFI state context includes LGD state name. LGD district has no exact Census boundary pair.
Dharmapuri,Tamil Nadu,33,Tamil Nadu,571,Dharmapuri,5,630,Dharmapuri,Tamil Nadu,630,exact_district_name,CANDIDATE_REQUIRES_VERIFICATION,HISTORICAL_REVIEW_REQUIRED,Exact LGD district name; observed IFI state context is retained separately because the IFI field can be multi-value and historical equivalence is unresolved. Observed IFI state context includes LGD state name. LGD/Census candidate by name; codes are not assumed equivalent.
Dharwad,Karnataka; Kerala,29,Karnataka,536,Dharwad,9,562,Dharwad,Karnataka,562,exact_district_name,CANDIDATE_REQUIRES_VERIFICATION,HISTORICAL_REVIEW_REQUIRED,Exact LGD district name; observed IFI state context is retained separately because the IFI field can be multi-value and historical equivalence is unresolved. Observed IFI state context includes LGD state name. LGD/Census candidate by name; codes are not assumed equivalent.
Dhemaji,Arunachal Pradesh; Assam; Bihar; Jammu and Kashmir; Kerala; Odisha; Punjab; Uttar Pradesh; West Bengal,18,Assam,284,Dhemaji,13,308,Dhemaji,Assam,308,exact_district_name,CANDIDATE_REQUIRES_VERIFICATION,HISTORICAL_REVIEW_REQUIRED,Exact LGD district name; observed IFI state context is retained separately because the IFI field can be multi-value and historical equivalence is unresolved. Observed IFI state context includes LGD state name. LGD/Census candidate by name; codes are not assumed equivalent.
Dhenkanal,Andhra Pradesh; Assam; Bihar; Haryana; Madhya Pradesh; Odisha; Rajasthan; Uttar Pradesh; West Bengal,21,Odisha,352,Dhenkanal,14,383,Dhenkanal,Odisha,383,exact_district_name,CANDIDATE_REQUIRES_VERIFICATION,HISTORICAL_REVIEW_REQUIRED,Exact LGD district name; observed IFI state context is retained separately because the IFI field can be multi-value and historical equivalence is unresolved. Observed IFI state context includes LGD state name. LGD/Census candidate by name; codes are not assumed equivalent.
Dholpur,Bihar; Gujarat; Haryana; Kerala; Madhya Pradesh; Maharashtra; Odisha; Punjab; Rajasthan; Uttar Pradesh,8,Rajasthan,98,Dholpur,8,106,,,,exact_district_name,CANDIDATE_REQUIRES_VERIFICATION,HISTORICAL_REVIEW_REQUIRED,Exact LGD district name; observed IFI state context is retained separately because the IFI field can be multi-value and historical equivalence is unresolved. Observed IFI state context includes LGD state name. LGD district has no exact Census boundary pair.
Dhubri,Arunachal Pradesh; Assam; Bihar; Jammu and Kashmir; Kerala; Odisha; Punjab; Uttar Pradesh; West Bengal,18,Assam,285,Dhubri,2,301,Dhubri,Assam,301,exact_district_name,CANDIDATE_REQUIRES_VERIFICATION,HISTORICAL_REVIEW_REQUIRED,Exact LGD district name; observed IFI state context is retained separately because the IFI field can be multi-value and historical equivalence is unresolved. Observed IFI state context includes LGD state name. LGD/Census candidate by name; codes are not assumed equivalent.
Dhule,Bihar; Gujarat; Madhya Pradesh; Maharashtra; Rajasthan; Telangana; Uttar Pradesh,27,Maharashtra,474,Dhule,2,498,Dhule,Maharashtra,498,exact_district_name,CANDIDATE_REQUIRES_VERIFICATION,HISTORICAL_REVIEW_REQUIRED,Exact LGD district name; observed IFI state context is retained separately because the IFI field can be multi-value and historical equivalence is unresolved. Observed IFI state context includes LGD state name. LGD/Census candidate by name; codes are not assumed equivalent.
Dibang Valley,Arunachal Pradesh; Assam; Jammu and Kashmir; Punjab; Uttar Pradesh,12,Arunachal Pradesh,230,Dibang Valley,10,257,Dibang Valley,Arunanchal Pradesh,257,exact_district_name,CANDIDATE_REQUIRES_VERIFICATION,HISTORICAL_REVIEW_REQUIRED,Exact LGD district name; observed IFI state context is retained separately because the IFI field can be multi-value and historical equivalence is unresolved. Observed IFI state context includes LGD state name. LGD/Census candidate by name; codes are not assumed equivalent.
Dibrugarh,Arunachal Pradesh; Assam; Bihar; Jammu and Kashmir; Kerala; Odisha; Punjab; Uttar Pradesh; West Bengal,18,Assam,286,Dibrugarh,15,310,Dibrugarh,Assam,310,exact_district_name,CANDIDATE_REQUIRES_VERIFICATION,HISTORICAL_REVIEW_REQUIRED,Exact LGD district name; observed IFI state context is retained separately because the IFI field can be multi-value and historical equivalence is unresolved. Observed IFI state context includes LGD state name. LGD/Census candidate by name; codes are not assumed equivalent.
Different parts of Jammu,Jammu and Kashmir,,,,,,,,,,none,UNMATCHED_TO_LGD,HISTORICAL_REVIEW_REQUIRED,No exact or normalized LGD district/state candidate.
Dima Hasao,Arunachal Pradesh; Assam; Bihar; Jammu and Kashmir; Kerala; Odisha; Punjab; Uttar Pradesh; West Bengal,18,Assam,299,Dima Hasao,20,315,Dima Hasao,Assam,315,exact_district_name,CANDIDATE_REQUIRES_VERIFICATION,HISTORICAL_REVIEW_REQUIRED,Exact LGD district name; observed IFI state context is retained separately because the IFI field can be multi-value and historical equivalence is unresolved. Observed IFI state context includes LGD state name. LGD/Census candidate by name; codes are not assumed equivalent.
Dimapur,Nagaland,13,Nagaland,244,Dimapur,6,265,Dimapur,Nagaland,265,exact_district_name,CANDIDATE_REQUIRES_VERIFICATION,HISTORICAL_REVIEW_REQUIRED,Exact LGD district name; observed IFI state context is retained separately because the IFI field can be multi-value and historical equivalence is unresolved. Observed IFI state context includes LGD state name. LGD/Census candidate by name; codes are not assumed equivalent.
Dindigul,Tamil Nadu,33,Tamil Nadu,572,Dindigul,13,612,Dindigul,Tamil Nadu,612,exact_district_name,CANDIDATE_REQUIRES_VERIFICATION,HISTORICAL_REVIEW_REQUIRED,Exact LGD district name; observed IFI state context is retained separately because the IFI field can be multi-value and historical equivalence is unresolved. Observed IFI state context includes LGD state name. LGD/Census candidate by name; codes are not assumed equivalent.
Dindori,Andhra Pradesh; Bihar; Gujarat; Haryana; Madhya Pradesh; Maharashtra; Odisha; Punjab; Rajasthan; Uttar Pradesh; West Bengal,23,Madhya Pradesh,404,Dindori,41,453,Dindori,Madhya Pradesh,453,exact_district_name,CANDIDATE_REQUIRES_VERIFICATION,HISTORICAL_REVIEW_REQUIRED,Exact LGD district name; observed IFI state context is retained separately because the IFI field can be multi-value and historical equivalence is unresolved. Observed IFI state context includes LGD state name. LGD/Census candidate by name; codes are not assumed equivalent.
Districts of Cauvery delta,Tamil Nadu,,,,,,,,,,none,UNMATCHED_TO_LGD,HISTORICAL_REVIEW_REQUIRED,No exact or normalized LGD district/state candidate.
Districts of Cauvery delta zone,Tamil Nadu,,,,,,,,,,none,UNMATCHED_TO_LGD,HISTORICAL_REVIEW_REQUIRED,No exact or normalized LGD district/state candidate.
Doda,Arunachal Pradesh; Assam; Delhi; Jammu & Kashmir; Jammu and Kashmir; Punjab; Uttar Pradesh,1,Jammu And Kashmir,4,Doda,9,16,Doda,Jammu & Kashmir,16,exact_district_name,CANDIDATE_REQUIRES_VERIFICATION,HISTORICAL_REVIEW_REQUIRED,Exact LGD district name; observed IFI state context is retained separately because the IFI field can be multi-value and historical equivalence is unresolved. Observed IFI state context does not uniquely confirm LGD state name; manual review required. LGD/Census candidate by name; codes are not assumed equivalent.
Dumka,Bihar; Jharkhand,20,Jharkhand,326,Dumka,11,362,Dumka,Jharkhand,362,exact_district_name,CANDIDATE_REQUIRES_VERIFICATION,HISTORICAL_REVIEW_REQUIRED,Exact LGD district name; observed IFI state context is retained separately because the IFI field can be multi-value and historical equivalence is unresolved. Observed IFI state context includes LGD state name. LGD/Census candidate by name; codes are not assumed equivalent.
Dungarpur,Bihar; Gujarat; Haryana; Kerala; Madhya Pradesh; Maharashtra; Odisha; Punjab; Rajasthan; Uttar Pradesh,8,Rajasthan,99,Dungarpur,27,124,Dungarpur,Rajasthan,124,exact_district_name,CANDIDATE_REQUIRES_VERIFICATION,HISTORICAL_REVIEW_REQUIRED,Exact LGD district name; observed IFI state context is retained separately because the IFI field can be multi-value and historical equivalence is unresolved. Observed IFI state context includes LGD state name. LGD/Census candidate by name; codes are not assumed equivalent.
Durg,Chhattisgarh; Madhya Pradesh,22,Chhattisgarh,378,Durg,10,409,Durg,Chhattisgarh,409,exact_district_name,CANDIDATE_REQUIRES_VERIFICATION,HISTORICAL_REVIEW_REQUIRED,Exact LGD district name; observed IFI state context is retained separately because the IFI field can be multi-value and historical equivalence is unresolved. Observed IFI state context includes LGD state name. LGD/Census candidate by name; codes are not assumed equivalent.
East,Andhra Pradesh; Arunachal Pradesh; Bihar; Delhi; Jammu and Kashmir; Jharkhand; Punjab; Sikkim,7,Delhi,78,East,4,93,East,NCT of Delhi,93,exact_district_name,CANDIDATE_REQUIRES_VERIFICATION,HISTORICAL_REVIEW_REQUIRED,Exact LGD district name; observed IFI state context is retained separately because the IFI field can be multi-value and historical equivalence is unresolved. Observed IFI state context includes LGD state name. LGD/Census candidate by name; codes are not assumed equivalent.
East,Andhra Pradesh; Arunachal Pradesh; Bihar; Delhi; Jammu and Kashmir; Jharkhand; Punjab; Sikkim,7,Delhi,78,East,4,93,East,Sikkim,244,exact_district_name,CANDIDATE_REQUIRES_VERIFICATION,HISTORICAL_REVIEW_REQUIRED,Exact LGD district name; observed IFI state context is retained separately because the IFI field can be multi-value and historical equivalence is unresolved. Observed IFI state context includes LGD state name. LGD/Census candidate by name; codes are not assumed equivalent.
East & West Godavari,Andhra Pradesh,,,,,,,,,,none,UNMATCHED_TO_LGD,HISTORICAL_REVIEW_REQUIRED,No exact or normalized LGD district/state candidate.
East & West Purba Purba Medinipur,West Bengal,,,,,,,,,,none,UNMATCHED_TO_LGD,HISTORICAL_REVIEW_REQUIRED,No exact or normalized LGD district/state candidate.
East East Jaintia Hills,Meghalaya,,,,,,,,,,none,UNMATCHED_TO_LGD,HISTORICAL_REVIEW_REQUIRED,No exact or normalized LGD district/state candidate.
East Garo Hills,Meghalaya,17,Meghalaya,273,East Garo Hills,2,294,East Garo Hills,Meghalaya,294,exact_district_name,CANDIDATE_REQUIRES_VERIFICATION,HISTORICAL_REVIEW_REQUIRED,Exact LGD district name; observed IFI state context is retained separately because the IFI field can be multi-value and historical equivalence is unresolved. Observed IFI state context includes LGD state name. LGD/Census candidate by name; codes are not assumed equivalent.
East Godavari,Andhra Pradesh; Madhya Pradesh; Telangana,28,Andhra Pradesh,505,East Godavari,14,545,East Godavari,Andhra Pradesh,545,exact_district_name,CANDIDATE_REQUIRES_VERIFICATION,HISTORICAL_REVIEW_REQUIRED,Exact LGD district name; observed IFI state context is retained separately because the IFI field can be multi-value and historical equivalence is unresolved. Observed IFI state context includes LGD state name. LGD/Census candidate by name; codes are not assumed equivalent.
East Jaintia Hills,Meghalaya,17,Meghalaya,657,East Jaintia Hills,0,0,,,,exact_district_name,CANDIDATE_REQUIRES_VERIFICATION,HISTORICAL_REVIEW_REQUIRED,Exact LGD district name; observed IFI state context is retained separately because the IFI field can be multi-value and historical equivalence is unresolved. Observed IFI state context includes LGD state name. LGD district has no exact Census boundary pair.
East Kameng,Arunachal Pradesh; Assam; Jammu and Kashmir; Punjab; Uttar Pradesh,12,Arunachal Pradesh,231,East Kameng,3,247,East Kameng,Arunanchal Pradesh,247,exact_district_name,CANDIDATE_REQUIRES_VERIFICATION,HISTORICAL_REVIEW_REQUIRED,Exact LGD district name; observed IFI state context is retained separately because the IFI field can be multi-value and historical equivalence is unresolved. Observed IFI state context includes LGD state name. LGD/Census candidate by name; codes are not assumed equivalent.
East Khasi Hills,Meghalaya,17,Meghalaya,274,East Khasi Hills,6,298,East Khasi Hills,Meghalaya,298,exact_district_name,CANDIDATE_REQUIRES_VERIFICATION,HISTORICAL_REVIEW_REQUIRED,Exact LGD district name; observed IFI state context is retained separately because the IFI field can be multi-value and historical equivalence is unresolved. Observed IFI state context includes LGD state name. LGD/Census candidate by name; codes are not assumed equivalent.
East Nimar,Andhra Pradesh; Bihar; Gujarat; Haryana; Madhya Pradesh; Maharashtra; Odisha; Punjab; Rajasthan; Uttar Pradesh; West Bengal,,,,,,,,,,none,UNMATCHED_TO_LGD,HISTORICAL_REVIEW_REQUIRED,No exact or normalized LGD district/state candidate.
East Siang,Arunachal Pradesh; Assam; Jammu and Kashmir; Punjab; Uttar Pradesh,12,Arunachal Pradesh,232,East Siang,8,251,East Siang,Arunanchal Pradesh,251,exact_district_name,CANDIDATE_REQUIRES_VERIFICATION,HISTORICAL_REVIEW_REQUIRED,Exact LGD district name; observed IFI state context is retained separately because the IFI field can be multi-value and historical equivalence is unresolved. Observed IFI state context includes LGD state name. LGD/Census candidate by name; codes are not assumed equivalent.
East Uttar Kashi Pradesh,Uttar Pradesh; Uttarakhand,,,,,,,,,,none,UNMATCHED_TO_LGD,HISTORICAL_REVIEW_REQUIRED,No exact or normalized LGD district/state candidate.
East West Singhbhum,Jharkhand,,,,,,,,,,none,UNMATCHED_TO_LGD,HISTORICAL_REVIEW_REQUIRED,No exact or normalized LGD district/state candidate.
Entire village,Uttarakhand,,,,,,,,,,none,UNMATCHED_TO_LGD,HISTORICAL_REVIEW_REQUIRED,No exact or normalized LGD district/state candidate.
Ernakulam,Bihar; Haryana; Karnataka; Kerala; Rajasthan; Uttar Pradesh,32,Kerala,555,Ernakulam,8,595,Ernakulam,Kerala,595,exact_district_name,CANDIDATE_REQUIRES_VERIFICATION,HISTORICAL_REVIEW_REQUIRED,Exact LGD district name; observed IFI state context is retained separately because the IFI field can be multi-value and historical equivalence is unresolved. Observed IFI state context includes LGD state name. LGD/Census candidate by name; codes are not assumed equivalent.
Ernakulam Kannur,Kerala,,,,,,,,,,none,UNMATCHED_TO_LGD,HISTORICAL_REVIEW_REQUIRED,No exact or normalized LGD district/state candidate.
Ernakulam ant Thiruvananthapuram,Kerala,,,,,,,,,,none,UNMATCHED_TO_LGD,HISTORICAL_REVIEW_REQUIRED,No exact or normalized LGD district/state candidate.
Erode,Tamil Nadu,33,Tamil Nadu,573,Erode,10,610,Erode,Tamil Nadu,610,exact_district_name,CANDIDATE_REQUIRES_VERIFICATION,HISTORICAL_REVIEW_REQUIRED,Exact LGD district name; observed IFI state context is retained separately because the IFI field can be multi-value and historical equivalence is unresolved. Observed IFI state context includes LGD state name. LGD/Census candidate by name; codes are not assumed equivalent.
Etah,Arunachal Pradesh; Assam; Bihar; East Rajasthan; Gujarat; Haryana; Himachal Pradesh; Jammu and Kashmir; Kerala; Madhya Pradesh; Maharashtra; Odisha; Punjab; Rajasthan; Uttar Pradesh; Uttar pradesh; Uttarakhand; West Bengal,9,Uttar Pradesh,138,Etah,17,201,Etah,Uttar Pradesh,201,exact_district_name,CANDIDATE_REQUIRES_VERIFICATION,HISTORICAL_REVIEW_REQUIRED,Exact LGD district name; observed IFI state context is retained separately because the IFI field can be multi-value and historical equivalence is unresolved. Observed IFI state context includes LGD state name. LGD/Census candidate by name; codes are not assumed equivalent.
Etawah,Arunachal Pradesh; Assam; Bihar; East Rajasthan; Gujarat; Haryana; Himachal Pradesh; Jammu and Kashmir; Kerala; Madhya Pradesh; Maharashtra; Odisha; Punjab; Rajasthan; Uttar Pradesh; Uttar pradesh; Uttarakhand; West Bengal,9,Uttar Pradesh,139,Etawah,31,161,Etawah,Uttar Pradesh,161,exact_district_name,CANDIDATE_REQUIRES_VERIFICATION,HISTORICAL_REVIEW_REQUIRED,Exact LGD district name; observed IFI state context is retained separately because the IFI field can be multi-value and historical equivalence is unresolved. Observed IFI state context includes LGD state name. LGD/Census candidate by name; codes are not assumed equivalent.
Faridabad,Bihar; Haryana; Kerala; Madhya Pradesh; Odisha; Punjab; Rajasthan; Uttar Pradesh; West Bengal,6,Haryana,60,Faridabad,19,88,Faridabad,Haryana,88,exact_district_name,CANDIDATE_REQUIRES_VERIFICATION,HISTORICAL_REVIEW_REQUIRED,Exact LGD district name; observed IFI state context is retained separately because the IFI field can be multi-value and historical equivalence is unresolved. Observed IFI state context includes LGD state name. LGD/Census candidate by name; codes are not assumed equivalent.
Faridkot,Arunachal Pradesh; Assam; Delhi; Haryana; Jammu and Kashmir; Madhya Pradesh; Punjab; Rajasthan; Uttar Pradesh; West Bengal,3,Punjab,29,Faridkot,13,45,Faridkot,Punjab,45,exact_district_name,CANDIDATE_REQUIRES_VERIFICATION,HISTORICAL_REVIEW_REQUIRED,Exact LGD district name; observed IFI state context is retained separately because the IFI field can be multi-value and historical equivalence is unresolved. Observed IFI state context includes LGD state name. LGD/Census candidate by name; codes are not assumed equivalent.
Farrukhabad,Arunachal Pradesh; Assam; Bihar; East Rajasthan; Gujarat; Haryana; Himachal Pradesh; Jammu and Kashmir; Kerala; Madhya Pradesh; Maharashtra; Odisha; Punjab; Rajasthan; Uttar Pradesh; Uttar pradesh; Uttarakhand; West Bengal,9,Uttar Pradesh,141,Farrukhabad,29,159,Farrukhabad,Uttar Pradesh,159,exact_district_name,CANDIDATE_REQUIRES_VERIFICATION,HISTORICAL_REVIEW_REQUIRED,Exact LGD district name; observed IFI state context is retained separately because the IFI field can be multi-value and historical equivalence is unresolved. Observed IFI state context includes LGD state name. LGD/Census candidate by name; codes are not assumed equivalent.
Fatehabad,Bihar; Haryana; Kerala; Madhya Pradesh; Odisha; Punjab; Rajasthan; Uttar Pradesh; West Bengal,6,Haryana,61,Fatehabad,10,78,Fatehabad,Haryana,78,exact_district_name,CANDIDATE_REQUIRES_VERIFICATION,HISTORICAL_REVIEW_REQUIRED,Exact LGD district name; observed IFI state context is retained separately because the IFI field can be multi-value and historical equivalence is unresolved. Observed IFI state context includes LGD state name. LGD/Census candidate by name; codes are not assumed equivalent.
Fatehgarh Sahib,Arunachal Pradesh; Assam; Delhi; Haryana; Jammu and Kashmir; Madhya Pradesh; Punjab; Rajasthan; Uttar Pradesh; West Bengal,3,Punjab,30,Fatehgarh Sahib,8,40,Fatehgarh Sahib,Punjab,40,exact_district_name,CANDIDATE_REQUIRES_VERIFICATION,HISTORICAL_REVIEW_REQUIRED,Exact LGD district name; observed IFI state context is retained separately because the IFI field can be multi-value and historical equivalence is unresolved. Observed IFI state context includes LGD state name. LGD/Census candidate by name; codes are not assumed equivalent.
Fatehpur,Arunachal Pradesh; Assam; Bihar; East Rajasthan; Gujarat; Haryana; Himachal Pradesh; Jammu and Kashmir; Kerala; Madhya Pradesh; Maharashtra; Odisha; Punjab; Rajasthan; Uttar Pradesh; Uttar pradesh; Uttarakhand; West Bengal,9,Uttar Pradesh,142,Fatehpur,42,172,Fatehpur,Uttar Pradesh,172,exact_district_name,CANDIDATE_REQUIRES_VERIFICATION,HISTORICAL_REVIEW_REQUIRED,Exact LGD district name; observed IFI state context is retained separately because the IFI field can be multi-value and historical equivalence is unresolved. Observed IFI state context includes LGD state name. LGD/Census candidate by name; codes are not assumed equivalent.
Fazilka,Arunachal Pradesh; Assam; Delhi; Haryana; Jammu and Kashmir; Madhya Pradesh; Punjab; Rajasthan; Uttar Pradesh; West Bengal,3,Punjab,651,Fazilka,0,0,,,,exact_district_name,CANDIDATE_REQUIRES_VERIFICATION,HISTORICAL_REVIEW_REQUIRED,Exact LGD district name; observed IFI state context is retained separately because the IFI field can be multi-value and historical equivalence is unresolved. Observed IFI state context includes LGD state name. LGD district has no exact Census boundary pair.
Ferozepur,Arunachal Pradesh; Assam; Delhi; Haryana; Jammu and Kashmir; Madhya Pradesh; Punjab; Rajasthan; Uttar Pradesh; West Bengal,3,Punjab,31,Ferozepur,11,43,,,,exact_district_name,CANDIDATE_REQUIRES_VERIFICATION,HISTORICAL_REVIEW_REQUIRED,Exact LGD district name; observed IFI state context is retained separately because the IFI field can be multi-value and historical equivalence is unresolved. Observed IFI state context includes LGD state name. LGD district has no exact Census boundary pair.
Few districts,Maharashtra,,,,,,,,,,none,UNMATCHED_TO_LGD,HISTORICAL_REVIEW_REQUIRED,No exact or normalized LGD district/state candidate.
Firozabad,Arunachal Pradesh; Assam; Bihar; East Rajasthan; Gujarat; Haryana; Himachal Pradesh; Jammu and Kashmir; Kerala; Madhya Pradesh; Maharashtra; Odisha; Punjab; Rajasthan; Uttar Pradesh; Uttar pradesh; Uttarakhand; West Bengal,9,Uttar Pradesh,143,Firozabad,16,147,Firozabad,Uttar Pradesh,147,exact_district_name,CANDIDATE_REQUIRES_VERIFICATION,HISTORICAL_REVIEW_REQUIRED,Exact LGD district name; observed IFI state context is retained separately because the IFI field can be multi-value and historical equivalence is unresolved. Observed IFI state context includes LGD state name. LGD/Census candidate by name; codes are not assumed equivalent.
Gadag,Karnataka; Kerala,29,Karnataka,537,Gadag,8,561,Gadag,Karnataka,561,exact_district_name,CANDIDATE_REQUIRES_VERIFICATION,HISTORICAL_REVIEW_REQUIRED,Exact LGD district name; observed IFI state context is retained separately because the IFI field can be multi-value and historical equivalence is unresolved. Observed IFI state context includes LGD state name. LGD/Census candidate by name; codes are not assumed equivalent.
Gadchiroli,Bihar; Gujarat; Madhya Pradesh; Maharashtra; Rajasthan; Telangana; Uttar Pradesh,27,Maharashtra,475,Gadchiroli,12,508,,,,exact_district_name,CANDIDATE_REQUIRES_VERIFICATION,HISTORICAL_REVIEW_REQUIRED,Exact LGD district name; observed IFI state context is retained separately because the IFI field can be multi-value and historical equivalence is unresolved. Observed IFI state context includes LGD state name. LGD district has no exact Census boundary pair.
Gadchiroli Yavotmal,Maharashtra,,,,,,,,,,none,UNMATCHED_TO_LGD,HISTORICAL_REVIEW_REQUIRED,No exact or normalized LGD district/state candidate.
Gajapati,Andhra Pradesh; Assam; Bihar; Haryana; Madhya Pradesh; Odisha; Rajasthan; Uttar Pradesh; West Bengal,21,Odisha,353,Gajapati,20,389,Gajapati,Odisha,389,exact_district_name,CANDIDATE_REQUIRES_VERIFICATION,HISTORICAL_REVIEW_REQUIRED,Exact LGD district name; observed IFI state context is retained separately because the IFI field can be multi-value and historical equivalence is unresolved. Observed IFI state context includes LGD state name. LGD/Census candidate by name; codes are not assumed equivalent.
Ganderbal,Arunachal Pradesh; Assam; Delhi; Jammu & Kashmir; Jammu and Kashmir; Punjab; Uttar Pradesh,1,Jammu And Kashmir,626,Ganderbal,0,11,Ganderbal,Jammu & Kashmir,11,exact_district_name,CANDIDATE_REQUIRES_VERIFICATION,HISTORICAL_REVIEW_REQUIRED,Exact LGD district name; observed IFI state context is retained separately because the IFI field can be multi-value and historical equivalence is unresolved. Observed IFI state context does not uniquely confirm LGD state name; manual review required. LGD/Census candidate by name; codes are not assumed equivalent.
Gandhinagar,Bihar; Gujarat; Madhya Pradesh; Maharashtra; Rajasthan; Uttar Pradesh,24,Gujarat,446,Gandhinagar,6,473,Gandhinagar,Gujarat,473,exact_district_name,CANDIDATE_REQUIRES_VERIFICATION,HISTORICAL_REVIEW_REQUIRED,Exact LGD district name; observed IFI state context is retained separately because the IFI field can be multi-value and historical equivalence is unresolved. Observed IFI state context includes LGD state name. LGD/Census candidate by name; codes are not assumed equivalent.
Ganganagar,Bihar; Gujarat; Haryana; Kerala; Madhya Pradesh; Maharashtra; Odisha; Punjab; Rajasthan; Uttar Pradesh,8,Rajasthan,100,Ganganagar,1,99,Ganganagar,Rajasthan,99,exact_district_name,CANDIDATE_REQUIRES_VERIFICATION,HISTORICAL_REVIEW_REQUIRED,Exact LGD district name; observed IFI state context is retained separately because the IFI field can be multi-value and historical equivalence is unresolved. Observed IFI state context includes LGD state name. LGD/Census candidate by name; codes are not assumed equivalent.
Gangtok,Sikkim,11,Sikkim,225,Gangtok,4,244,,,,exact_district_name,CANDIDATE_REQUIRES_VERIFICATION,HISTORICAL_REVIEW_REQUIRED,Exact LGD district name; observed IFI state context is retained separately because the IFI field can be multi-value and historical equivalence is unresolved. Observed IFI state context includes LGD state name. LGD district has no exact Census boundary pair.
Ganjam,Andhra Pradesh; Assam; Bihar; Haryana; Madhya Pradesh; Odisha; Rajasthan; Uttar Pradesh; West Bengal,21,Odisha,354,Ganjam,19,388,Ganjam,Odisha,388,exact_district_name,CANDIDATE_REQUIRES_VERIFICATION,HISTORICAL_REVIEW_REQUIRED,Exact LGD district name; observed IFI state context is retained separately because the IFI field can be multi-value and historical equivalence is unresolved. Observed IFI state context includes LGD state name. LGD/Census candidate by name; codes are not assumed equivalent.
Garhwa,Jharkhand,20,Jharkhand,328,Garhwa,1,346,Garhwa,Jharkhand,346,exact_district_name,CANDIDATE_REQUIRES_VERIFICATION,HISTORICAL_REVIEW_REQUIRED,Exact LGD district name; observed IFI state context is retained separately because the IFI field can be multi-value and historical equivalence is unresolved. Observed IFI state context includes LGD state name. LGD/Census candidate by name; codes are not assumed equivalent.
Garhwal,Uttar Pradesh; Uttarakhand,,,,,,,,,,none,UNMATCHED_TO_LGD,HISTORICAL_REVIEW_REQUIRED,No exact or normalized LGD district/state candidate.
Gautam Buddha Nagar,Arunachal Pradesh; Assam; Bihar; East Rajasthan; Gujarat; Haryana; Himachal Pradesh; Jammu and Kashmir; Kerala; Madhya Pradesh; Maharashtra; Odisha; Punjab; Rajasthan; Uttar Pradesh; Uttar pradesh; Uttarakhand; West Bengal,9,Uttar Pradesh,144,Gautam Buddha Nagar,10,141,Gautam Buddha Nagar,Uttar Pradesh,141,exact_district_name,CANDIDATE_REQUIRES_VERIFICATION,HISTORICAL_REVIEW_REQUIRED,Exact LGD district name; observed IFI state context is retained separately because the IFI field can be multi-value and historical equivalence is unresolved. Observed IFI state context includes LGD state name. LGD/Census candidate by name; codes are not assumed equivalent.
Gaya,Andhra Pradesh; Assam; Bihar; Gujarat; Haryana; Himachal Pradesh; Kerala; Madhya Pradesh; Maharashtra; Odisha; Rajasthan; Uttar Pradesh; Uttar pradesh; West Bengal,10,Bihar,196,Gaya,35,236,Gaya,Bihar,236,exact_district_name,CANDIDATE_REQUIRES_VERIFICATION,HISTORICAL_REVIEW_REQUIRED,Exact LGD district name; observed IFI state context is retained separately because the IFI field can be multi-value and historical equivalence is unresolved. Observed IFI state context includes LGD state name. LGD/Census candidate by name; codes are not assumed equivalent.
Ghat area,Maharashtra,,,,,,,,,,none,UNMATCHED_TO_LGD,HISTORICAL_REVIEW_REQUIRED,No exact or normalized LGD district/state candidate.
Ghaziabad,Arunachal Pradesh; Assam; Bihar; East Rajasthan; Gujarat; Haryana; Himachal Pradesh; Jammu and Kashmir; Kerala; Madhya Pradesh; Maharashtra; Odisha; Punjab; Rajasthan; Uttar Pradesh; Uttar pradesh; Uttarakhand; West Bengal,9,Uttar Pradesh,145,Ghaziabad,9,140,Ghaziabad,Uttar Pradesh,140,exact_district_name,CANDIDATE_REQUIRES_VERIFICATION,HISTORICAL_REVIEW_REQUIRED,Exact LGD district name; observed IFI state context is retained separately because the IFI field can be multi-value and historical equivalence is unresolved. Observed IFI state context includes LGD state name. LGD/Census candidate by name; codes are not assumed equivalent.
Ghazipur,Bihar; Uttar Pradesh,9,Uttar Pradesh,146,Ghazipur,65,195,Ghazipur,Uttar Pradesh,195,exact_district_name,CANDIDATE_REQUIRES_VERIFICATION,HISTORICAL_REVIEW_REQUIRED,Exact LGD district name; observed IFI state context is retained separately because the IFI field can be multi-value and historical equivalence is unresolved. Observed IFI state context includes LGD state name. LGD/Census candidate by name; codes are not assumed equivalent.
Ghazipurr,Arunachal Pradesh; Assam; Bihar; East Rajasthan; Gujarat; Haryana; Himachal Pradesh; Jammu and Kashmir; Kerala; Madhya Pradesh; Maharashtra; Odisha; Punjab; Rajasthan; Uttar Pradesh; Uttar pradesh; Uttarakhand; West Bengal,,,,,,,,,,none,UNMATCHED_TO_LGD,HISTORICAL_REVIEW_REQUIRED,No exact or normalized LGD district/state candidate.
Gir Somnath,Bihar; Gujarat; Madhya Pradesh; Maharashtra; Rajasthan; Uttar Pradesh,24,Gujarat,675,Gir Somnath,0,0,,,,exact_district_name,CANDIDATE_REQUIRES_VERIFICATION,HISTORICAL_REVIEW_REQUIRED,Exact LGD district name; observed IFI state context is retained separately because the IFI field can be multi-value and historical equivalence is unresolved. Observed IFI state context includes LGD state name. LGD district has no exact Census boundary pair.
Giridih,Jharkhand,20,Jharkhand,329,Giridih,6,349,Giridih,Jharkhand,349,exact_district_name,CANDIDATE_REQUIRES_VERIFICATION,HISTORICAL_REVIEW_REQUIRED,Exact LGD district name; observed IFI state context is retained separately because the IFI field can be multi-value and historical equivalence is unresolved. Observed IFI state context includes LGD state name. LGD/Census candidate by name; codes are not assumed equivalent.
Goa,Daman and Diu,,,,,,,,,,none,UNMATCHED_TO_LGD,HISTORICAL_REVIEW_REQUIRED,No exact or normalized LGD district/state candidate.
Goalpara,Arunachal Pradesh; Assam; Bihar; Jammu and Kashmir; Kerala; Manipur; Odisha; Punjab; Uttar Pradesh; West Bengal,18,Assam,287,Goalpara,3,302,Goalpara,Assam,302,exact_district_name,CANDIDATE_REQUIRES_VERIFICATION,HISTORICAL_REVIEW_REQUIRED,Exact LGD district name; observed IFI state context is retained separately because the IFI field can be multi-value and historical equivalence is unresolved. Observed IFI state context includes LGD state name. LGD/Census candidate by name; codes are not assumed equivalent.
Godda,Bihar; Jharkhand,20,Jharkhand,330,Godda,8,351,Godda,Jharkhand,351,exact_district_name,CANDIDATE_REQUIRES_VERIFICATION,HISTORICAL_REVIEW_REQUIRED,Exact LGD district name; observed IFI state context is retained separately because the IFI field can be multi-value and historical equivalence is unresolved. Observed IFI state context includes LGD state name. LGD/Census candidate by name; codes are not assumed equivalent.
Golaghat,Arunachal Pradesh; Assam; Bihar; Jammu and Kashmir; Kerala; Odisha; Punjab; Uttar Pradesh; West Bengal,18,Assam,288,Golaghat,18,313,Golaghat,Assam,313,exact_district_name,CANDIDATE_REQUIRES_VERIFICATION,HISTORICAL_REVIEW_REQUIRED,Exact LGD district name; observed IFI state context is retained separately because the IFI field can be multi-value and historical equivalence is unresolved. Observed IFI state context includes LGD state name. LGD/Census candidate by name; codes are not assumed equivalent.
Gomati,Tripura,16,Tripura,654,Gomati,0,0,,,,exact_district_name,CANDIDATE_REQUIRES_VERIFICATION,HISTORICAL_REVIEW_REQUIRED,Exact LGD district name; observed IFI state context is retained separately because the IFI field can be multi-value and historical equivalence is unresolved. Observed IFI state context includes LGD state name. LGD district has no exact Census boundary pair.
Gonda,Arunachal Pradesh; Assam; Bihar; Chhattisgarh; East Rajasthan; Gujarat; Haryana; Himachal Pradesh; Jammu and Kashmir; Kerala; Madhya Pradesh; Maharashtra; Odisha; Punjab; Rajasthan; Uttar Pradesh; Uttar pradesh; Uttarakhand; West Bengal,9,Uttar Pradesh,147,Gonda,53,183,Gonda,Uttar Pradesh,183,exact_district_name,CANDIDATE_REQUIRES_VERIFICATION,HISTORICAL_REVIEW_REQUIRED,Exact LGD district name; observed IFI state context is retained separately because the IFI field can be multi-value and historical equivalence is unresolved. Observed IFI state context includes LGD state name. LGD/Census candidate by name; codes are not assumed equivalent.
Gondia,Bihar; Gujarat; Madhya Pradesh; Maharashtra; Rajasthan; Telangana; Uttar Pradesh,27,Maharashtra,476,Gondia,11,507,,,,exact_district_name,CANDIDATE_REQUIRES_VERIFICATION,HISTORICAL_REVIEW_REQUIRED,Exact LGD district name; observed IFI state context is retained separately because the IFI field can be multi-value and historical equivalence is unresolved. Observed IFI state context includes LGD state name. LGD district has no exact Census boundary pair.
Gopalganj,Andhra Pradesh; Assam; Bihar; Gujarat; Haryana; Himachal Pradesh; Jharkhand; Kerala; Madhya Pradesh; Maharashtra; Odisha; Rajasthan; Uttar Pradesh; Uttar pradesh; West Bengal,10,Bihar,197,Gopalganj,15,217,Gopalganj,Bihar,217,exact_district_name,CANDIDATE_REQUIRES_VERIFICATION,HISTORICAL_REVIEW_REQUIRED,Exact LGD district name; observed IFI state context is retained separately because the IFI field can be multi-value and historical equivalence is unresolved. Observed IFI state context includes LGD state name. LGD/Census candidate by name; codes are not assumed equivalent.
Gorakhpur,Arunachal Pradesh; Assam; Bihar; East Rajasthan; Gujarat; Haryana; Himachal Pradesh; Jammu and Kashmir; Kerala; Madhya Pradesh; Maharashtra; Odisha; Punjab; Rajasthan; Uttar Pradesh; Uttar pradesh; Uttarakhand; West Bengal,9,Uttar Pradesh,148,Gorakhpur,58,188,Gorakhpur,Uttar Pradesh,188,exact_district_name,CANDIDATE_REQUIRES_VERIFICATION,HISTORICAL_REVIEW_REQUIRED,Exact LGD district name; observed IFI state context is retained separately because the IFI field can be multi-value and historical equivalence is unresolved. Observed IFI state context includes LGD state name. LGD/Census candidate by name; codes are not assumed equivalent.
Greater Kolkata area,West Bengal,,,,,,,,,,none,UNMATCHED_TO_LGD,HISTORICAL_REVIEW_REQUIRED,No exact or normalized LGD district/state candidate.
Gumla,Jharkhand,20,Jharkhand,331,Gumla,16,366,Gumla,Jharkhand,366,exact_district_name,CANDIDATE_REQUIRES_VERIFICATION,HISTORICAL_REVIEW_REQUIRED,Exact LGD district name; observed IFI state context is retained separately because the IFI field can be multi-value and historical equivalence is unresolved. Observed IFI state context includes LGD state name. LGD/Census candidate by name; codes are not assumed equivalent.
Guna,Andhra Pradesh; Bihar; Chhattisgarh; Gujarat; Haryana; Madhya Pradesh; Maharashtra; Odisha; Punjab; Rajasthan; Uttar Pradesh; West Bengal,23,Madhya Pradesh,406,Guna,7,458,Guna,Madhya Pradesh,458,exact_district_name,CANDIDATE_REQUIRES_VERIFICATION,HISTORICAL_REVIEW_REQUIRED,Exact LGD district name; observed IFI state context is retained separately because the IFI field can be multi-value and historical equivalence is unresolved. Observed IFI state context includes LGD state name. LGD/Census candidate by name; codes are not assumed equivalent.
Guntur,Andhra Pradesh; Madhya Pradesh; Telangana,28,Andhra Pradesh,506,Guntur,17,548,Guntur,Andhra Pradesh,548,exact_district_name,CANDIDATE_REQUIRES_VERIFICATION,HISTORICAL_REVIEW_REQUIRED,Exact LGD district name; observed IFI state context is retained separately because the IFI field can be multi-value and historical equivalence is unresolved. Observed IFI state context includes LGD state name. LGD/Census candidate by name; codes are not assumed equivalent.
Gurdaspur,Arunachal Pradesh; Assam; Delhi; Haryana; Jammu and Kashmir; Madhya Pradesh; Punjab; Rajasthan; Uttar Pradesh; West Bengal,3,Punjab,32,Gurdaspur,1,35,Gurdaspur,Punjab,35,exact_district_name,CANDIDATE_REQUIRES_VERIFICATION,HISTORICAL_REVIEW_REQUIRED,Exact LGD district name; observed IFI state context is retained separately because the IFI field can be multi-value and historical equivalence is unresolved. Observed IFI state context includes LGD state name. LGD/Census candidate by name; codes are not assumed equivalent.
Gurugram,Bihar; Haryana; Kerala; Madhya Pradesh; Odisha; Punjab; Rajasthan; Uttar Pradesh; West Bengal,6,Haryana,62,Gurugram,18,86,,,,exact_district_name,CANDIDATE_REQUIRES_VERIFICATION,HISTORICAL_REVIEW_REQUIRED,Exact LGD district name; observed IFI state context is retained separately because the IFI field can be multi-value and historical equivalence is unresolved. Observed IFI state context includes LGD state name. LGD district has no exact Census boundary pair.
Gwalior,Andhra Pradesh; Bihar; Gujarat; Haryana; Madhya Pradesh; Maharashtra; Odisha; Punjab; Rajasthan; Uttar Pradesh; West Bengal,23,Madhya Pradesh,407,Gwalior,4,421,Gwalior,Madhya Pradesh,421,exact_district_name,CANDIDATE_REQUIRES_VERIFICATION,HISTORICAL_REVIEW_REQUIRED,Exact LGD district name; observed IFI state context is retained separately because the IFI field can be multi-value and historical equivalence is unresolved. Observed IFI state context includes LGD state name. LGD/Census candidate by name; codes are not assumed equivalent.
Gyalshing,Sikkim,11,Sikkim,228,Gyalshing,2,242,,,,exact_district_name,CANDIDATE_REQUIRES_VERIFICATION,HISTORICAL_REVIEW_REQUIRED,Exact LGD district name; observed IFI state context is retained separately because the IFI field can be multi-value and historical equivalence is unresolved. Observed IFI state context includes LGD state name. LGD district has no exact Census boundary pair.
Hailakandi,Arunachal Pradesh; Assam; Bihar; Jammu and Kashmir; Kerala; Odisha; Punjab; Uttar Pradesh; West Bengal,18,Assam,289,Hailakandi,23,318,Hailakandi,Assam,318,exact_district_name,CANDIDATE_REQUIRES_VERIFICATION,HISTORICAL_REVIEW_REQUIRED,Exact LGD district name; observed IFI state context is retained separately because the IFI field can be multi-value and historical equivalence is unresolved. Observed IFI state context includes LGD state name. LGD/Census candidate by name; codes are not assumed equivalent.
Hamirpur,Arunachal Pradesh; Assam; Bihar; East Rajasthan; Gujarat; Haryana; Himachal Pradesh; Jammu and Kashmir; Kerala; Madhya Pradesh; Maharashtra; Odisha; Punjab; Rajasthan; Uttar Pradesh; Uttar pradesh; Uttarakhand; West Bengal,2,Himachal Pradesh,17,Hamirpur,6,28,Hamirpur,Himachal Pradesh,28,exact_district_name,CANDIDATE_REQUIRES_VERIFICATION,HISTORICAL_REVIEW_REQUIRED,Exact LGD district name; observed IFI state context is retained separately because the IFI field can be multi-value and historical equivalence is unresolved. Observed IFI state context includes LGD state name. LGD/Census candidate by name; codes are not assumed equivalent.
Hamirpur,Arunachal Pradesh; Assam; Bihar; East Rajasthan; Gujarat; Haryana; Himachal Pradesh; Jammu and Kashmir; Kerala; Madhya Pradesh; Maharashtra; Odisha; Punjab; Rajasthan; Uttar Pradesh; Uttar pradesh; Uttarakhand; West Bengal,9,Uttar Pradesh,149,Hamirpur,38,168,Hamirpur,Uttar Pradesh,168,exact_district_name,CANDIDATE_REQUIRES_VERIFICATION,HISTORICAL_REVIEW_REQUIRED,Exact LGD district name; observed IFI state context is retained separately because the IFI field can be multi-value and historical equivalence is unresolved. Observed IFI state context includes LGD state name. LGD/Census candidate by name; codes are not assumed equivalent.
Hanumangarh,Bihar; Gujarat; Haryana; Kerala; Madhya Pradesh; Maharashtra; Odisha; Punjab; Rajasthan; Uttar Pradesh,8,Rajasthan,101,Hanumangarh,2,100,Hanumangarh,Rajasthan,100,exact_district_name,CANDIDATE_REQUIRES_VERIFICATION,HISTORICAL_REVIEW_REQUIRED,Exact LGD district name; observed IFI state context is retained separately because the IFI field can be multi-value and historical equivalence is unresolved. Observed IFI state context includes LGD state name. LGD/Census candidate by name; codes are not assumed equivalent.
Hapur,Arunachal Pradesh; Assam; Bihar; East Rajasthan; Gujarat; Haryana; Himachal Pradesh; Jammu and Kashmir; Kerala; Madhya Pradesh; Maharashtra; Odisha; Punjab; Rajasthan; Uttar Pradesh; Uttar pradesh; Uttarakhand; West Bengal,9,Uttar Pradesh,661,Hapur,0,0,,,,exact_district_name,CANDIDATE_REQUIRES_VERIFICATION,HISTORICAL_REVIEW_REQUIRED,Exact LGD district name; observed IFI state context is retained separately because the IFI field can be multi-value and historical equivalence is unresolved. Observed IFI state context includes LGD state name. LGD district has no exact Census boundary pair.
Harda,Andhra Pradesh; Bihar; Gujarat; Haryana; Madhya Pradesh; Maharashtra; Odisha; Punjab; Rajasthan; Uttar Pradesh; West Bengal,23,Madhya Pradesh,408,Harda,36,448,Harda,Madhya Pradesh,448,exact_district_name,CANDIDATE_REQUIRES_VERIFICATION,HISTORICAL_REVIEW_REQUIRED,Exact LGD district name; observed IFI state context is retained separately because the IFI field can be multi-value and historical equivalence is unresolved. Observed IFI state context includes LGD state name. LGD/Census candidate by name; codes are not assumed equivalent.
Hardoi,Arunachal Pradesh; Assam; Bihar; East Rajasthan; Gujarat; Haryana; Himachal Pradesh; Jammu and Kashmir; Kerala; Madhya Pradesh; Maharashtra; Odisha; Punjab; Rajasthan; Uttar Pradesh; Uttar pradesh; Uttarakhand; West Bengal,9,Uttar Pradesh,150,Hardoi,25,155,Hardoi,Uttar Pradesh,155,exact_district_name,CANDIDATE_REQUIRES_VERIFICATION,HISTORICAL_REVIEW_REQUIRED,Exact LGD district name; observed IFI state context is retained separately because the IFI field can be multi-value and historical equivalence is unresolved. Observed IFI state context includes LGD state name. LGD/Census candidate by name; codes are not assumed equivalent.
Haridwar,Uttar Pradesh; Uttarakhand,5,Uttarakhand,50,Haridwar,13,68,,,,exact_district_name,CANDIDATE_REQUIRES_VERIFICATION,HISTORICAL_REVIEW_REQUIRED,Exact LGD district name; observed IFI state context is retained separately because the IFI field can be multi-value and historical equivalence is unresolved. Observed IFI state context includes LGD state name. LGD district has no exact Census boundary pair.
Hassan,Karnataka; Kerala,29,Karnataka,539,Hassan,23,574,Hassan,Karnataka,574,exact_district_name,CANDIDATE_REQUIRES_VERIFICATION,HISTORICAL_REVIEW_REQUIRED,Exact LGD district name; observed IFI state context is retained separately because the IFI field can be multi-value and historical equivalence is unresolved. Observed IFI state context includes LGD state name. LGD/Census candidate by name; codes are not assumed equivalent.
Hathras,Arunachal Pradesh; Assam; Bihar; East Rajasthan; Gujarat; Haryana; Himachal Pradesh; Jammu and Kashmir; Kerala; Madhya Pradesh; Maharashtra; Odisha; Punjab; Rajasthan; Uttar Pradesh; Uttar pradesh; Uttarakhand; West Bengal,9,Uttar Pradesh,163,Hathras,13,144,,,,exact_district_name,CANDIDATE_REQUIRES_VERIFICATION,HISTORICAL_REVIEW_REQUIRED,Exact LGD district name; observed IFI state context is retained separately because the IFI field can be multi-value and historical equivalence is unresolved. Observed IFI state context includes LGD state name. LGD district has no exact Census boundary pair.
Haveri,Karnataka; Kerala,29,Karnataka,540,Haveri,11,564,Haveri,Karnataka,564,exact_district_name,CANDIDATE_REQUIRES_VERIFICATION,HISTORICAL_REVIEW_REQUIRED,Exact LGD district name; observed IFI state context is retained separately because the IFI field can be multi-value and historical equivalence is unresolved. Observed IFI state context includes LGD state name. LGD/Census candidate by name; codes are not assumed equivalent.
Hazaribagh,Jharkhand,20,Jharkhand,332,Hazaribagh,4,360,Hazaribagh,Jharkhand,360,exact_district_name,CANDIDATE_REQUIRES_VERIFICATION,HISTORICAL_REVIEW_REQUIRED,Exact LGD district name; observed IFI state context is retained separately because the IFI field can be multi-value and historical equivalence is unresolved. Observed IFI state context includes LGD state name. LGD/Census candidate by name; codes are not assumed equivalent.
Heavy rains Hazaribagh,Jharkhand,,,,,,,,,,none,UNMATCHED_TO_LGD,HISTORICAL_REVIEW_REQUIRED,No exact or normalized LGD district/state candidate.
Hilly areas,Jammu and Kashmir,,,,,,,,,,none,UNMATCHED_TO_LGD,HISTORICAL_REVIEW_REQUIRED,No exact or normalized LGD district/state candidate.
Hingoli,Bihar; Gujarat; Madhya Pradesh; Maharashtra; Rajasthan; Telangana; Uttar Pradesh,27,Maharashtra,477,Hingoli,16,512,Hingoli,Maharashtra,512,exact_district_name,CANDIDATE_REQUIRES_VERIFICATION,HISTORICAL_REVIEW_REQUIRED,Exact LGD district name; observed IFI state context is retained separately because the IFI field can be multi-value and historical equivalence is unresolved. Observed IFI state context includes LGD state name. LGD/Census candidate by name; codes are not assumed equivalent.
Hisar,Bihar; Haryana; Kerala; Madhya Pradesh; Odisha; Punjab; Rajasthan; Uttar Pradesh; West Bengal,6,Haryana,63,Hisar,12,80,Hisar,Haryana,80,exact_district_name,CANDIDATE_REQUIRES_VERIFICATION,HISTORICAL_REVIEW_REQUIRED,Exact LGD district name; observed IFI state context is retained separately because the IFI field can be multi-value and historical equivalence is unresolved. Observed IFI state context includes LGD state name. LGD/Census candidate by name; codes are not assumed equivalent.
Hojai,Arunachal Pradesh; Assam; Bihar; Jammu and Kashmir; Kerala; Odisha; Punjab; Uttar Pradesh; West Bengal,18,Assam,709,Hojai,0,0,,,,exact_district_name,CANDIDATE_REQUIRES_VERIFICATION,HISTORICAL_REVIEW_REQUIRED,Exact LGD district name; observed IFI state context is retained separately because the IFI field can be multi-value and historical equivalence is unresolved. Observed IFI state context includes LGD state name. LGD district has no exact Census boundary pair.
Hooghly,Uttar Pradesh; West Bengal,19,West Bengal,312,Hooghly,12,338,,,,exact_district_name,CANDIDATE_REQUIRES_VERIFICATION,HISTORICAL_REVIEW_REQUIRED,Exact LGD district name; observed IFI state context is retained separately because the IFI field can be multi-value and historical equivalence is unresolved. Observed IFI state context includes LGD state name. LGD district has no exact Census boundary pair.
Hoshiarpur,Arunachal Pradesh; Assam; Delhi; Haryana; Jammu and Kashmir; Madhya Pradesh; Punjab; Rajasthan; Uttar Pradesh; West Bengal,3,Punjab,33,Hoshiarpur,5,38,Hoshiarpur,Punjab,38,exact_district_name,CANDIDATE_REQUIRES_VERIFICATION,HISTORICAL_REVIEW_REQUIRED,Exact LGD district name; observed IFI state context is retained separately because the IFI field can be multi-value and historical equivalence is unresolved. Observed IFI state context includes LGD state name. LGD/Census candidate by name; codes are not assumed equivalent.
Howrah,Uttar Pradesh; West Bengal,19,West Bengal,313,Howrah,16,341,,,,exact_district_name,CANDIDATE_REQUIRES_VERIFICATION,HISTORICAL_REVIEW_REQUIRED,Exact LGD district name; observed IFI state context is retained separately because the IFI field can be multi-value and historical equivalence is unresolved. Observed IFI state context includes LGD state name. LGD district has no exact Census boundary pair.
Hyderabad,Andhra Pradesh; Karnataka; Maharashtra; Telangana,36,Telangana,507,Hyderabad,5,536,Hyderabad,Andhra Pradesh,536,exact_district_name,CANDIDATE_REQUIRES_VERIFICATION,HISTORICAL_REVIEW_REQUIRED,Exact LGD district name; observed IFI state context is retained separately because the IFI field can be multi-value and historical equivalence is unresolved. Observed IFI state context includes LGD state name. LGD/Census candidate by name; codes are not assumed equivalent.
Hyderabad & Parts of Telangana,Telangana,,,,,,,,,,none,UNMATCHED_TO_LGD,HISTORICAL_REVIEW_REQUIRED,No exact or normalized LGD district/state candidate.
Idukki,Bihar; Haryana; Karnataka; Kerala; Rajasthan; Uttar Pradesh,32,Kerala,556,Idukki,9,596,Idukki,Kerala,596,exact_district_name,CANDIDATE_REQUIRES_VERIFICATION,HISTORICAL_REVIEW_REQUIRED,Exact LGD district name; observed IFI state context is retained separately because the IFI field can be multi-value and historical equivalence is unresolved. Observed IFI state context includes LGD state name. LGD/Census candidate by name; codes are not assumed equivalent.
Imphal East,Manipur,14,Manipur,255,Imphal East,7,278,Imphal East,Manipur,278,exact_district_name,CANDIDATE_REQUIRES_VERIFICATION,HISTORICAL_REVIEW_REQUIRED,Exact LGD district name; observed IFI state context is retained separately because the IFI field can be multi-value and historical equivalence is unresolved. Observed IFI state context includes LGD state name. LGD/Census candidate by name; codes are not assumed equivalent.
Imphal West,Manipur,14,Manipur,256,Imphal West,6,277,Imphal West,Manipur,277,exact_district_name,CANDIDATE_REQUIRES_VERIFICATION,HISTORICAL_REVIEW_REQUIRED,Exact LGD district name; observed IFI state context is retained separately because the IFI field can be multi-value and historical equivalence is unresolved. Observed IFI state context includes LGD state name. LGD/Census candidate by name; codes are not assumed equivalent.
Indore,Andhra Pradesh; Bihar; Chhattisgarh; Gujarat; Haryana; Madhya Pradesh; Maharashtra; Odisha; Punjab; Rajasthan; Uttar Pradesh; West Bengal,23,Madhya Pradesh,410,Indore,26,439,Indore,Madhya Pradesh,439,exact_district_name,CANDIDATE_REQUIRES_VERIFICATION,HISTORICAL_REVIEW_REQUIRED,Exact LGD district name; observed IFI state context is retained separately because the IFI field can be multi-value and historical equivalence is unresolved. Observed IFI state context includes LGD state name. LGD/Census candidate by name; codes are not assumed equivalent.
Itanagar,Arunachal Pradesh,,,,,,,,,,none,UNMATCHED_TO_LGD,HISTORICAL_REVIEW_REQUIRED,No exact or normalized LGD district/state candidate.
Jabalpur,Andhra Pradesh; Bihar; Chhattisgarh; Gujarat; Haryana; Madhya Pradesh; Maharashtra; Odisha; Punjab; Rajasthan; Uttar Pradesh; West Bengal,23,Madhya Pradesh,411,Jabalpur,39,451,Jabalpur,Madhya Pradesh,451,exact_district_name,CANDIDATE_REQUIRES_VERIFICATION,HISTORICAL_REVIEW_REQUIRED,Exact LGD district name; observed IFI state context is retained separately because the IFI field can be multi-value and historical equivalence is unresolved. Observed IFI state context includes LGD state name. LGD/Census candidate by name; codes are not assumed equivalent.
Jagatsinghapur,Andhra Pradesh; Assam; Bihar; Haryana; Madhya Pradesh; Odisha; Rajasthan; Uttar Pradesh; West Bengal,21,Odisha,355,Jagatsinghapur,11,380,Jagatsinghapur,Odisha,380,exact_district_name,CANDIDATE_REQUIRES_VERIFICATION,HISTORICAL_REVIEW_REQUIRED,Exact LGD district name; observed IFI state context is retained separately because the IFI field can be multi-value and historical equivalence is unresolved. Observed IFI state context includes LGD state name. LGD/Census candidate by name; codes are not assumed equivalent.
Jagdalpur,Chhattisgarh; Madhya Pradesh,,,,,,,,,,none,UNMATCHED_TO_LGD,HISTORICAL_REVIEW_REQUIRED,No exact or normalized LGD district/state candidate.
Jagitial,Andhra Pradesh; Maharashtra; Telangana,36,Telangana,681,Jagitial,0,0,,,,exact_district_name,CANDIDATE_REQUIRES_VERIFICATION,HISTORICAL_REVIEW_REQUIRED,Exact LGD district name; observed IFI state context is retained separately because the IFI field can be multi-value and historical equivalence is unresolved. Observed IFI state context includes LGD state name. LGD district has no exact Census boundary pair.
Jaipur,Bihar; Gujarat; Haryana; Kerala; Madhya Pradesh; Maharashtra; Odisha; Punjab; Rajasthan; Uttar Pradesh,8,Rajasthan,102,Jaipur,12,110,Jaipur,Rajasthan,110,exact_district_name,CANDIDATE_REQUIRES_VERIFICATION,HISTORICAL_REVIEW_REQUIRED,Exact LGD district name; observed IFI state context is retained separately because the IFI field can be multi-value and historical equivalence is unresolved. Observed IFI state context includes LGD state name. LGD/Census candidate by name; codes are not assumed equivalent.
Jaisalmer,Bihar; Gujarat; Haryana; Kerala; Madhya Pradesh; Maharashtra; Odisha; Punjab; Rajasthan; Uttar Pradesh,8,Rajasthan,103,Jaisalmer,16,114,Jaisalmer,Rajasthan,114,exact_district_name,CANDIDATE_REQUIRES_VERIFICATION,HISTORICAL_REVIEW_REQUIRED,Exact LGD district name; observed IFI state context is retained separately because the IFI field can be multi-value and historical equivalence is unresolved. Observed IFI state context includes LGD state name. LGD/Census candidate by name; codes are not assumed equivalent.
Jajapur,Andhra Pradesh; Assam; Bihar; Haryana; Madhya Pradesh; Odisha; Rajasthan; Uttar Pradesh; West Bengal,,,,,,,,,,none,UNMATCHED_TO_LGD,HISTORICAL_REVIEW_REQUIRED,No exact or normalized LGD district/state candidate.
Jalandhar,Arunachal Pradesh; Assam; Delhi; Haryana; Jammu and Kashmir; Madhya Pradesh; Punjab; Rajasthan; Uttar Pradesh; West Bengal,3,Punjab,34,Jalandhar,4,37,Jalandhar,Punjab,37,exact_district_name,CANDIDATE_REQUIRES_VERIFICATION,HISTORICAL_REVIEW_REQUIRED,Exact LGD district name; observed IFI state context is retained separately because the IFI field can be multi-value and historical equivalence is unresolved. Observed IFI state context includes LGD state name. LGD/Census candidate by name; codes are not assumed equivalent.
Jalaun,Arunachal Pradesh; Assam; Bihar; East Rajasthan; Gujarat; Haryana; Himachal Pradesh; Jammu and Kashmir; Kerala; Madhya Pradesh; Maharashtra; Odisha; Punjab; Rajasthan; Uttar Pradesh; Uttar pradesh; West Bengal,9,Uttar Pradesh,151,Jalaun,35,165,Jalaun,Uttar Pradesh,165,exact_district_name,CANDIDATE_REQUIRES_VERIFICATION,HISTORICAL_REVIEW_REQUIRED,Exact LGD district name; observed IFI state context is retained separately because the IFI field can be multi-value and historical equivalence is unresolved. Observed IFI state context includes LGD state name. LGD/Census candidate by name; codes are not assumed equivalent.
Jalgaon,Bihar; Gujarat; Madhya Pradesh; Maharashtra; Rajasthan; Telangana; Uttar Pradesh,27,Maharashtra,478,Jalgaon,3,499,Jalgaon,Maharashtra,499,exact_district_name,CANDIDATE_REQUIRES_VERIFICATION,HISTORICAL_REVIEW_REQUIRED,Exact LGD district name; observed IFI state context is retained separately because the IFI field can be multi-value and historical equivalence is unresolved. Observed IFI state context includes LGD state name. LGD/Census candidate by name; codes are not assumed equivalent.
Jalna,Bihar; Gujarat; Madhya Pradesh; Maharashtra; Rajasthan; Telangana; Uttar Pradesh,27,Maharashtra,479,Jalna,18,514,Jalna,Maharashtra,514,exact_district_name,CANDIDATE_REQUIRES_VERIFICATION,HISTORICAL_REVIEW_REQUIRED,Exact LGD district name; observed IFI state context is retained separately because the IFI field can be multi-value and historical equivalence is unresolved. Observed IFI state context includes LGD state name. LGD/Census candidate by name; codes are not assumed equivalent.
Jalore,Bihar; Gujarat; Haryana; Kerala; Madhya Pradesh; Maharashtra; Odisha; Punjab; Rajasthan; Uttar Pradesh,8,Rajasthan,104,Jalore,18,116,,,,exact_district_name,CANDIDATE_REQUIRES_VERIFICATION,HISTORICAL_REVIEW_REQUIRED,Exact LGD district name; observed IFI state context is retained separately because the IFI field can be multi-value and historical equivalence is unresolved. Observed IFI state context includes LGD state name. LGD district has no exact Census boundary pair.
Jaloree,Rajasthan,,,,,,,,,,none,UNMATCHED_TO_LGD,HISTORICAL_REVIEW_REQUIRED,No exact or normalized LGD district/state candidate.
Jalpaiguri,Andhra Pradesh; Assam; Bihar; Chhattisgarh; Haryana; Himachal Pradesh; Kerala; Madhya Pradesh; Odisha; Punjab; Uttar Pradesh; Uttar pradesh; West Bengal,19,West Bengal,314,Jalpaiguri,2,328,Jalpaiguri,West Bengal,328,exact_district_name,CANDIDATE_REQUIRES_VERIFICATION,HISTORICAL_REVIEW_REQUIRED,Exact LGD district name; observed IFI state context is retained separately because the IFI field can be multi-value and historical equivalence is unresolved. Observed IFI state context includes LGD state name. LGD/Census candidate by name; codes are not assumed equivalent.
Jammu,Arunachal Pradesh; Assam; Delhi; Jammu & Kashmir; Jammu and Kashmir; Punjab; Uttar Pradesh,1,Jammu And Kashmir,5,Jammu,13,21,Jammu,Jammu & Kashmir,21,exact_district_name,CANDIDATE_REQUIRES_VERIFICATION,HISTORICAL_REVIEW_REQUIRED,Exact LGD district name; observed IFI state context is retained separately because the IFI field can be multi-value and historical equivalence is unresolved. Observed IFI state context does not uniquely confirm LGD state name; manual review required. LGD/Census candidate by name; codes are not assumed equivalent.
Jamnagar,Bihar; Gujarat; Madhya Pradesh; Maharashtra; Rajasthan; Uttar Pradesh,24,Gujarat,447,Jamnagar,10,477,Jamnagar,Gujarat,477,exact_district_name,CANDIDATE_REQUIRES_VERIFICATION,HISTORICAL_REVIEW_REQUIRED,Exact LGD district name; observed IFI state context is retained separately because the IFI field can be multi-value and historical equivalence is unresolved. Observed IFI state context includes LGD state name. LGD/Census candidate by name; codes are not assumed equivalent.
Jamtara,Bihar; Jharkhand,20,Jharkhand,333,Jamtara,20,363,Jamtara,Jharkhand,363,exact_district_name,CANDIDATE_REQUIRES_VERIFICATION,HISTORICAL_REVIEW_REQUIRED,Exact LGD district name; observed IFI state context is retained separately because the IFI field can be multi-value and historical equivalence is unresolved. Observed IFI state context includes LGD state name. LGD/Census candidate by name; codes are not assumed equivalent.
Jamui,Andhra Pradesh; Assam; Bihar; Gujarat; Haryana; Himachal Pradesh; Kerala; Madhya Pradesh; Maharashtra; Odisha; Rajasthan; Uttar Pradesh; Uttar pradesh; West Bengal,10,Bihar,198,Jamui,37,238,Jamui,Bihar,238,exact_district_name,CANDIDATE_REQUIRES_VERIFICATION,HISTORICAL_REVIEW_REQUIRED,Exact LGD district name; observed IFI state context is retained separately because the IFI field can be multi-value and historical equivalence is unresolved. Observed IFI state context includes LGD state name. LGD/Census candidate by name; codes are not assumed equivalent.
Jangoan,Andhra Pradesh; Maharashtra; Telangana,36,Telangana,689,Jangoan,0,0,,,,exact_district_name,CANDIDATE_REQUIRES_VERIFICATION,HISTORICAL_REVIEW_REQUIRED,Exact LGD district name; observed IFI state context is retained separately because the IFI field can be multi-value and historical equivalence is unresolved. Observed IFI state context includes LGD state name. LGD district has no exact Census boundary pair.
Janjgir-Champa,Chhattisgarh,22,Chhattisgarh,379,Janjgir-Champa,6,405,Janjgir-champa,Chhattisgarh,405,exact_district_name,CANDIDATE_REQUIRES_VERIFICATION,HISTORICAL_REVIEW_REQUIRED,Exact LGD district name; observed IFI state context is retained separately because the IFI field can be multi-value and historical equivalence is unresolved. Observed IFI state context includes LGD state name. LGD/Census candidate by name; codes are not assumed equivalent.
Jashpur,Chhattisgarh; Madhya Pradesh,22,Chhattisgarh,380,Jashpur,3,402,Jashpur,Chhattisgarh,402,exact_district_name,CANDIDATE_REQUIRES_VERIFICATION,HISTORICAL_REVIEW_REQUIRED,Exact LGD district name; observed IFI state context is retained separately because the IFI field can be multi-value and historical equivalence is unresolved. Observed IFI state context includes LGD state name. LGD/Census candidate by name; codes are not assumed equivalent.
Jaunpur,Arunachal Pradesh; Assam; Bihar; East Rajasthan; Gujarat; Haryana; Himachal Pradesh; Jammu and Kashmir; Kerala; Madhya Pradesh; Maharashtra; Odisha; Punjab; Rajasthan; Uttar Pradesh; Uttar pradesh; Uttarakhand; West Bengal,9,Uttar Pradesh,152,Jaunpur,64,194,Jaunpur,Uttar Pradesh,194,exact_district_name,CANDIDATE_REQUIRES_VERIFICATION,HISTORICAL_REVIEW_REQUIRED,Exact LGD district name; observed IFI state context is retained separately because the IFI field can be multi-value and historical equivalence is unresolved. Observed IFI state context includes LGD state name. LGD/Census candidate by name; codes are not assumed equivalent.
Jawad,Chhattisgarh; Madhya Pradesh,,,,,,,,,,none,UNMATCHED_TO_LGD,HISTORICAL_REVIEW_REQUIRED,No exact or normalized LGD district/state candidate.
Jayashankar Bhupalapally,Andhra Pradesh; Maharashtra; Telangana,36,Telangana,687,Jayashankar Bhupalapally,0,0,,,,exact_district_name,CANDIDATE_REQUIRES_VERIFICATION,HISTORICAL_REVIEW_REQUIRED,Exact LGD district name; observed IFI state context is retained separately because the IFI field can be multi-value and historical equivalence is unresolved. Observed IFI state context includes LGD state name. LGD district has no exact Census boundary pair.
Jehanabad,Andhra Pradesh; Assam; Bihar; Gujarat; Haryana; Himachal Pradesh; Kerala; Madhya Pradesh; Maharashtra; Odisha; Rajasthan; Uttar Pradesh; Uttar pradesh; West Bengal,10,Bihar,199,Jehanabad,33,239,Jehanabad,Bihar,239,exact_district_name,CANDIDATE_REQUIRES_VERIFICATION,HISTORICAL_REVIEW_REQUIRED,Exact LGD district name; observed IFI state context is retained separately because the IFI field can be multi-value and historical equivalence is unresolved. Observed IFI state context includes LGD state name. LGD/Census candidate by name; codes are not assumed equivalent.
Jhabua,Andhra Pradesh; Bihar; Chhattisgarh; Gujarat; Haryana; Madhya Pradesh; Maharashtra; Odisha; Punjab; Rajasthan; Uttar Pradesh; West Bengal,23,Madhya Pradesh,412,Jhabua,24,464,Jhabua,Madhya Pradesh,464,exact_district_name,CANDIDATE_REQUIRES_VERIFICATION,HISTORICAL_REVIEW_REQUIRED,Exact LGD district name; observed IFI state context is retained separately because the IFI field can be multi-value and historical equivalence is unresolved. Observed IFI state context includes LGD state name. LGD/Census candidate by name; codes are not assumed equivalent.
Jhajjar,Bihar; Haryana; Kerala; Madhya Pradesh; Odisha; Punjab; Rajasthan; Uttar Pradesh; West Bengal,6,Haryana,64,Jhajjar,15,83,Jhajjar,Haryana,83,exact_district_name,CANDIDATE_REQUIRES_VERIFICATION,HISTORICAL_REVIEW_REQUIRED,Exact LGD district name; observed IFI state context is retained separately because the IFI field can be multi-value and historical equivalence is unresolved. Observed IFI state context includes LGD state name. LGD/Census candidate by name; codes are not assumed equivalent.
Jhalawar,Bihar; Gujarat; Haryana; Kerala; Madhya Pradesh; Maharashtra; Odisha; Punjab; Rajasthan; Uttar Pradesh,8,Rajasthan,105,Jhalawar,32,129,Jhalawar,Rajasthan,129,exact_district_name,CANDIDATE_REQUIRES_VERIFICATION,HISTORICAL_REVIEW_REQUIRED,Exact LGD district name; observed IFI state context is retained separately because the IFI field can be multi-value and historical equivalence is unresolved. Observed IFI state context includes LGD state name. LGD/Census candidate by name; codes are not assumed equivalent.
Jhansi,Arunachal Pradesh; Assam; Bihar; East Rajasthan; Gujarat; Haryana; Himachal Pradesh; Jammu and Kashmir; Kerala; Madhya Pradesh; Maharashtra; Odisha; Punjab; Rajasthan; Uttar Pradesh; Uttar pradesh; West Bengal,9,Uttar Pradesh,153,Jhansi,36,166,Jhansi,Uttar Pradesh,166,exact_district_name,CANDIDATE_REQUIRES_VERIFICATION,HISTORICAL_REVIEW_REQUIRED,Exact LGD district name; observed IFI state context is retained separately because the IFI field can be multi-value and historical equivalence is unresolved. Observed IFI state context includes LGD state name. LGD/Census candidate by name; codes are not assumed equivalent.
Jharsuguda,Andhra Pradesh; Assam; Bihar; Haryana; Madhya Pradesh; Odisha; Rajasthan; Uttar Pradesh; West Bengal,21,Odisha,357,Jharsuguda,2,371,Jharsuguda,Odisha,371,exact_district_name,CANDIDATE_REQUIRES_VERIFICATION,HISTORICAL_REVIEW_REQUIRED,Exact LGD district name; observed IFI state context is retained separately because the IFI field can be multi-value and historical equivalence is unresolved. Observed IFI state context includes LGD state name. LGD/Census candidate by name; codes are not assumed equivalent.
Jhelum,Jammu and Kashmir,,,,,,,,,,none,UNMATCHED_TO_LGD,HISTORICAL_REVIEW_REQUIRED,No exact or normalized LGD district/state candidate.
Jhunjhunu,Bihar; Gujarat; Haryana; Madhya Pradesh; Maharashtra; Odisha; Punjab; Rajasthan; Uttar Pradesh,8,Rajasthan,106,Jhunjhunu,5,103,,,,exact_district_name,CANDIDATE_REQUIRES_VERIFICATION,HISTORICAL_REVIEW_REQUIRED,Exact LGD district name; observed IFI state context is retained separately because the IFI field can be multi-value and historical equivalence is unresolved. Observed IFI state context includes LGD state name. LGD district has no exact Census boundary pair.
Jhunjhunun,Bihar; Haryana; Kerala; Rajasthan; Uttar Pradesh,,,,,,,,,,none,UNMATCHED_TO_LGD,HISTORICAL_REVIEW_REQUIRED,No exact or normalized LGD district/state candidate.
Jind,Bihar; Haryana; Kerala; Madhya Pradesh; Odisha; Punjab; Rajasthan; Uttar Pradesh; West Bengal,6,Haryana,65,Jind,9,77,Jind,Haryana,77,exact_district_name,CANDIDATE_REQUIRES_VERIFICATION,HISTORICAL_REVIEW_REQUIRED,Exact LGD district name; observed IFI state context is retained separately because the IFI field can be multi-value and historical equivalence is unresolved. Observed IFI state context includes LGD state name. LGD/Census candidate by name; codes are not assumed equivalent.
Jiribam,Manipur,14,Manipur,713,Jiribam,0,0,,,,exact_district_name,CANDIDATE_REQUIRES_VERIFICATION,HISTORICAL_REVIEW_REQUIRED,Exact LGD district name; observed IFI state context is retained separately because the IFI field can be multi-value and historical equivalence is unresolved. Observed IFI state context includes LGD state name. LGD district has no exact Census boundary pair.
Jodhpur,Bihar; Gujarat; Haryana; Kerala; Madhya Pradesh; Maharashtra; Odisha; Punjab; Rajasthan; Uttar Pradesh,8,Rajasthan,107,Jodhpur,15,113,Jodhpur,Rajasthan,113,exact_district_name,CANDIDATE_REQUIRES_VERIFICATION,HISTORICAL_REVIEW_REQUIRED,Exact LGD district name; observed IFI state context is retained separately because the IFI field can be multi-value and historical equivalence is unresolved. Observed IFI state context includes LGD state name. LGD/Census candidate by name; codes are not assumed equivalent.
Jogulamba Gadwal,Andhra Pradesh; Maharashtra; Telangana,36,Telangana,695,Jogulamba Gadwal,0,0,,,,exact_district_name,CANDIDATE_REQUIRES_VERIFICATION,HISTORICAL_REVIEW_REQUIRED,Exact LGD district name; observed IFI state context is retained separately because the IFI field can be multi-value and historical equivalence is unresolved. Observed IFI state context includes LGD state name. LGD district has no exact Census boundary pair.
Jorhat,Arunachal Pradesh; Assam; Bihar; Jammu and Kashmir; Kerala; Odisha; Punjab; Uttar Pradesh; West Bengal,18,Assam,290,Jorhat,17,312,Jorhat,Assam,312,exact_district_name,CANDIDATE_REQUIRES_VERIFICATION,HISTORICAL_REVIEW_REQUIRED,Exact LGD district name; observed IFI state context is retained separately because the IFI field can be multi-value and historical equivalence is unresolved. Observed IFI state context includes LGD state name. LGD/Census candidate by name; codes are not assumed equivalent.
Junagadh,Bihar; Gujarat; Madhya Pradesh; Maharashtra; Rajasthan; Uttar Pradesh,24,Gujarat,448,Junagadh,12,479,Junagadh,Gujarat,479,exact_district_name,CANDIDATE_REQUIRES_VERIFICATION,HISTORICAL_REVIEW_REQUIRED,Exact LGD district name; observed IFI state context is retained separately because the IFI field can be multi-value and historical equivalence is unresolved. Observed IFI state context includes LGD state name. LGD/Census candidate by name; codes are not assumed equivalent.
Kabeerdham,Chhattisgarh,22,Chhattisgarh,382,Kabeerdham,8,407,Kabeerdham,Chhattisgarh,407,exact_district_name,CANDIDATE_REQUIRES_VERIFICATION,HISTORICAL_REVIEW_REQUIRED,Exact LGD district name; observed IFI state context is retained separately because the IFI field can be multi-value and historical equivalence is unresolved. Observed IFI state context includes LGD state name. LGD/Census candidate by name; codes are not assumed equivalent.
Kachchh,Bihar; Gujarat; Madhya Pradesh; Maharashtra; Rajasthan; Uttar Pradesh,24,Gujarat,449,Kachchh,1,468,Kachchh,Gujarat,468,exact_district_name,CANDIDATE_REQUIRES_VERIFICATION,HISTORICAL_REVIEW_REQUIRED,Exact LGD district name; observed IFI state context is retained separately because the IFI field can be multi-value and historical equivalence is unresolved. Observed IFI state context includes LGD state name. LGD/Census candidate by name; codes are not assumed equivalent.
Kaimur (Bhabua),Andhra Pradesh; Assam; Bihar; Gujarat; Haryana; Himachal Pradesh; Kerala; Madhya Pradesh; Maharashtra; Odisha; Rajasthan; Uttar Pradesh; Uttar pradesh; West Bengal,10,Bihar,200,Kaimur (Bhabua),31,233,Kaimur (bhabua),Bihar,233,exact_district_name,CANDIDATE_REQUIRES_VERIFICATION,HISTORICAL_REVIEW_REQUIRED,Exact LGD district name; observed IFI state context is retained separately because the IFI field can be multi-value and historical equivalence is unresolved. Observed IFI state context includes LGD state name. LGD/Census candidate by name; codes are not assumed equivalent.
Kaithal,Bihar; Haryana; Kerala; Madhya Pradesh; Odisha; Punjab; Rajasthan; Uttar Pradesh; West Bengal,6,Haryana,66,Kaithal,5,73,Kaithal,Haryana,73,exact_district_name,CANDIDATE_REQUIRES_VERIFICATION,HISTORICAL_REVIEW_REQUIRED,Exact LGD district name; observed IFI state context is retained separately because the IFI field can be multi-value and historical equivalence is unresolved. Observed IFI state context includes LGD state name. LGD/Census candidate by name; codes are not assumed equivalent.
Kakching,Manipur,14,Manipur,711,Kakching,0,0,,,,exact_district_name,CANDIDATE_REQUIRES_VERIFICATION,HISTORICAL_REVIEW_REQUIRED,Exact LGD district name; observed IFI state context is retained separately because the IFI field can be multi-value and historical equivalence is unresolved. Observed IFI state context includes LGD state name. LGD district has no exact Census boundary pair.
Kalaburagi,Karnataka; Kerala,29,Karnataka,538,Kalaburagi,4,579,,,,exact_district_name,CANDIDATE_REQUIRES_VERIFICATION,HISTORICAL_REVIEW_REQUIRED,Exact LGD district name; observed IFI state context is retained separately because the IFI field can be multi-value and historical equivalence is unresolved. Observed IFI state context includes LGD state name. LGD district has no exact Census boundary pair.
Kalahandi,Andhra Pradesh; Assam; Bihar; Haryana; Madhya Pradesh; Odisha; Rajasthan; Uttar Pradesh; West Bengal,21,Odisha,358,Kalahandi,26,395,Kalahandi,Odisha,395,exact_district_name,CANDIDATE_REQUIRES_VERIFICATION,HISTORICAL_REVIEW_REQUIRED,Exact LGD district name; observed IFI state context is retained separately because the IFI field can be multi-value and historical equivalence is unresolved. Observed IFI state context includes LGD state name. LGD/Census candidate by name; codes are not assumed equivalent.
Kalimpong,West Bengal,19,West Bengal,702,Kalimpong,0,0,,,,exact_district_name,CANDIDATE_REQUIRES_VERIFICATION,HISTORICAL_REVIEW_REQUIRED,Exact LGD district name; observed IFI state context is retained separately because the IFI field can be multi-value and historical equivalence is unresolved. Observed IFI state context includes LGD state name. LGD district has no exact Census boundary pair.
Kallakurichi,Tamil Nadu,33,Tamil Nadu,729,Kallakurichi,0,0,,,,exact_district_name,CANDIDATE_REQUIRES_VERIFICATION,HISTORICAL_REVIEW_REQUIRED,Exact LGD district name; observed IFI state context is retained separately because the IFI field can be multi-value and historical equivalence is unresolved. Observed IFI state context includes LGD state name. LGD district has no exact Census boundary pair.
Kamareddy,Andhra Pradesh; Maharashtra; Telangana,36,Telangana,685,Kamareddy,0,0,,,,exact_district_name,CANDIDATE_REQUIRES_VERIFICATION,HISTORICAL_REVIEW_REQUIRED,Exact LGD district name; observed IFI state context is retained separately because the IFI field can be multi-value and historical equivalence is unresolved. Observed IFI state context includes LGD state name. LGD district has no exact Census boundary pair.
Kamjong,Manipur,14,Manipur,717,Kamjong,0,0,,,,exact_district_name,CANDIDATE_REQUIRES_VERIFICATION,HISTORICAL_REVIEW_REQUIRED,Exact LGD district name; observed IFI state context is retained separately because the IFI field can be multi-value and historical equivalence is unresolved. Observed IFI state context includes LGD state name. LGD district has no exact Census boundary pair.
Kamle,Arunachal Pradesh; Assam; Jammu and Kashmir; Punjab; Uttar Pradesh,12,Arunachal Pradesh,718,Kamle,0,0,,,,exact_district_name,CANDIDATE_REQUIRES_VERIFICATION,HISTORICAL_REVIEW_REQUIRED,Exact LGD district name; observed IFI state context is retained separately because the IFI field can be multi-value and historical equivalence is unresolved. Observed IFI state context includes LGD state name. LGD district has no exact Census boundary pair.
Kamrup,Arunachal Pradesh; Assam; Bihar; Jammu and Kashmir; Kerala; Manipur; Odisha; Punjab; Uttar Pradesh; West Bengal,18,Assam,291,Kamrup,6,321,Kamrup,Assam,321,exact_district_name,CANDIDATE_REQUIRES_VERIFICATION,HISTORICAL_REVIEW_REQUIRED,Exact LGD district name; observed IFI state context is retained separately because the IFI field can be multi-value and historical equivalence is unresolved. Observed IFI state context includes LGD state name. LGD/Census candidate by name; codes are not assumed equivalent.
Kamrup Metro,Arunachal Pradesh; Assam; Bihar; Jammu and Kashmir; Kerala; Odisha; Punjab; Uttar Pradesh; West Bengal,18,Assam,618,Kamrup Metro,0,322,,,,exact_district_name,CANDIDATE_REQUIRES_VERIFICATION,HISTORICAL_REVIEW_REQUIRED,Exact LGD district name; observed IFI state context is retained separately because the IFI field can be multi-value and historical equivalence is unresolved. Observed IFI state context includes LGD state name. LGD district has no exact Census boundary pair.
Kancheepuram,Tamil Nadu,33,Tamil Nadu,574,Kancheepuram,3,604,Kancheepuram,Tamil Nadu,604,exact_district_name,CANDIDATE_REQUIRES_VERIFICATION,HISTORICAL_REVIEW_REQUIRED,Exact LGD district name; observed IFI state context is retained separately because the IFI field can be multi-value and historical equivalence is unresolved. Observed IFI state context includes LGD state name. LGD/Census candidate by name; codes are not assumed equivalent.
Kandhamal,Andhra Pradesh; Assam; Bihar; Haryana; Madhya Pradesh; Odisha; Rajasthan; Uttar Pradesh; West Bengal,,,,,,,,,,none,UNMATCHED_TO_LGD,HISTORICAL_REVIEW_REQUIRED,No exact or normalized LGD district/state candidate.
Kangpokpi,Manipur,14,Manipur,712,Kangpokpi,0,0,,,,exact_district_name,CANDIDATE_REQUIRES_VERIFICATION,HISTORICAL_REVIEW_REQUIRED,Exact LGD district name; observed IFI state context is retained separately because the IFI field can be multi-value and historical equivalence is unresolved. Observed IFI state context includes LGD state name. LGD district has no exact Census boundary pair.
Kangra,Haryana; Himachal Pradesh; Uttar Pradesh,2,Himachal Pradesh,18,Kangra,2,24,Kangra,Himachal Pradesh,24,exact_district_name,CANDIDATE_REQUIRES_VERIFICATION,HISTORICAL_REVIEW_REQUIRED,Exact LGD district name; observed IFI state context is retained separately because the IFI field can be multi-value and historical equivalence is unresolved. Observed IFI state context includes LGD state name. LGD/Census candidate by name; codes are not assumed equivalent.
Kannauj,Arunachal Pradesh; Assam; Bihar; East Rajasthan; Gujarat; Haryana; Himachal Pradesh; Jammu and Kashmir; Kerala; Madhya Pradesh; Maharashtra; Odisha; Punjab; Rajasthan; Uttar Pradesh; Uttar pradesh; West Bengal,9,Uttar Pradesh,155,Kannauj,30,160,Kannauj,Uttar Pradesh,160,exact_district_name,CANDIDATE_REQUIRES_VERIFICATION,HISTORICAL_REVIEW_REQUIRED,Exact LGD district name; observed IFI state context is retained separately because the IFI field can be multi-value and historical equivalence is unresolved. Observed IFI state context includes LGD state name. LGD/Census candidate by name; codes are not assumed equivalent.
Kanniyakumari,Tamil Nadu,33,Tamil Nadu,575,Kanniyakumari,30,629,Kanniyakumari,Tamil Nadu,629,exact_district_name,CANDIDATE_REQUIRES_VERIFICATION,HISTORICAL_REVIEW_REQUIRED,Exact LGD district name; observed IFI state context is retained separately because the IFI field can be multi-value and historical equivalence is unresolved. Observed IFI state context includes LGD state name. LGD/Census candidate by name; codes are not assumed equivalent.
Kanniyakumariumari,Tamil Nadu,,,,,,,,,,none,UNMATCHED_TO_LGD,HISTORICAL_REVIEW_REQUIRED,No exact or normalized LGD district/state candidate.
Kannur,Bihar; Haryana; Karnataka; Kerala; Rajasthan; Uttar Pradesh,32,Kerala,557,Kannur,2,589,Kannur,Kerala,589,exact_district_name,CANDIDATE_REQUIRES_VERIFICATION,HISTORICAL_REVIEW_REQUIRED,Exact LGD district name; observed IFI state context is retained separately because the IFI field can be multi-value and historical equivalence is unresolved. Observed IFI state context includes LGD state name. LGD/Census candidate by name; codes are not assumed equivalent.
Kanpur Nagar,Rajasthan,9,Uttar Pradesh,157,Kanpur Nagar,34,164,Kanpur Nagar,Uttar Pradesh,164,exact_district_name,CANDIDATE_REQUIRES_VERIFICATION,HISTORICAL_REVIEW_REQUIRED,Exact LGD district name; observed IFI state context is retained separately because the IFI field can be multi-value and historical equivalence is unresolved. Observed IFI state context does not uniquely confirm LGD state name; manual review required. LGD/Census candidate by name; codes are not assumed equivalent.
Kanpur nagar,Uttar Pradesh,9,Uttar Pradesh,157,Kanpur Nagar,34,164,Kanpur Nagar,Uttar Pradesh,164,normalized_district_name,NORMALIZED_REQUIRES_VERIFICATION,HISTORICAL_REVIEW_REQUIRED,Transparent normalization only; state and historical identity require manual review. Observed IFI state context includes LGD state name. LGD/Census candidate by name; codes are not assumed equivalent.
Kanpur nagar Dehat,Arunachal Pradesh; Assam; Bihar; East Rajasthan; Gujarat; Haryana; Himachal Pradesh; Jammu and Kashmir; Kerala; Madhya Pradesh; Maharashtra; Odisha; Punjab; Rajasthan; Uttar Pradesh; Uttar pradesh; Uttarakhand; West Bengal,,,,,,,,,,none,UNMATCHED_TO_LGD,HISTORICAL_REVIEW_REQUIRED,No exact or normalized LGD district/state candidate.
Kanpur nagar Nagar,Arunachal Pradesh; Assam; Bihar; East Rajasthan; Gujarat; Haryana; Himachal Pradesh; Jammu and Kashmir; Kerala; Madhya Pradesh; Maharashtra; Odisha; Punjab; Rajasthan; Uttar Pradesh; Uttar pradesh; Uttarakhand; West Bengal,,,,,,,,,,none,UNMATCHED_TO_LGD,HISTORICAL_REVIEW_REQUIRED,No exact or normalized LGD district/state candidate.
Kanpur nagar-Dehat,Uttar Pradesh,,,,,,,,,,none,UNMATCHED_TO_LGD,HISTORICAL_REVIEW_REQUIRED,No exact or normalized LGD district/state candidate.
Kapurthala,Arunachal Pradesh; Assam; Delhi; Haryana; Jammu and Kashmir; Madhya Pradesh; Punjab; Rajasthan; Uttar Pradesh; West Bengal,3,Punjab,35,Kapurthala,3,36,Kapurthala,Punjab,36,exact_district_name,CANDIDATE_REQUIRES_VERIFICATION,HISTORICAL_REVIEW_REQUIRED,Exact LGD district name; observed IFI state context is retained separately because the IFI field can be multi-value and historical equivalence is unresolved. Observed IFI state context includes LGD state name. LGD/Census candidate by name; codes are not assumed equivalent.
Karaikal,Puducherry; Tamil Nadu,34,Puducherry,598,Karaikal,4,637,Karaikal,Puducherry,637,exact_district_name,CANDIDATE_REQUIRES_VERIFICATION,HISTORICAL_REVIEW_REQUIRED,Exact LGD district name; observed IFI state context is retained separately because the IFI field can be multi-value and historical equivalence is unresolved. Observed IFI state context includes LGD state name. LGD/Census candidate by name; codes are not assumed equivalent.
Karauli,Bihar; Gujarat; Haryana; Kerala; Madhya Pradesh; Maharashtra; Odisha; Punjab; Rajasthan; Uttar Pradesh,8,Rajasthan,108,Karauli,9,107,Karauli,Rajasthan,107,exact_district_name,CANDIDATE_REQUIRES_VERIFICATION,HISTORICAL_REVIEW_REQUIRED,Exact LGD district name; observed IFI state context is retained separately because the IFI field can be multi-value and historical equivalence is unresolved. Observed IFI state context includes LGD state name. LGD/Census candidate by name; codes are not assumed equivalent.
Karbi Anglong,Arunachal Pradesh; Assam; Bihar; Jammu and Kashmir; Kerala; Odisha; Punjab; Uttar Pradesh; West Bengal,18,Assam,292,Karbi Anglong,19,314,Karbi Anglong,Assam,314,exact_district_name,CANDIDATE_REQUIRES_VERIFICATION,HISTORICAL_REVIEW_REQUIRED,Exact LGD district name; observed IFI state context is retained separately because the IFI field can be multi-value and historical equivalence is unresolved. Observed IFI state context includes LGD state name. LGD/Census candidate by name; codes are not assumed equivalent.
Kargil,Jammu and Kashmir; Ladakh,37,Ladakh,6,Kargil,8,4,Kargil,Jammu & Kashmir,4,exact_district_name,CANDIDATE_REQUIRES_VERIFICATION,HISTORICAL_REVIEW_REQUIRED,Exact LGD district name; observed IFI state context is retained separately because the IFI field can be multi-value and historical equivalence is unresolved. Observed IFI state context includes LGD state name. LGD/Census candidate by name; codes are not assumed equivalent.
Karimganj,Arunachal Pradesh; Assam; Bihar; Jammu and Kashmir; Kerala; Manipur; Odisha; Punjab; Tripura; Uttar Pradesh; West Bengal,,,,,,,,,,none,UNMATCHED_TO_LGD,HISTORICAL_REVIEW_REQUIRED,No exact or normalized LGD district/state candidate.
Karimnagar,Andhra Pradesh; Maharashtra; Telangana,36,Telangana,508,Karimnagar,3,534,Karimnagar,Andhra Pradesh,534,exact_district_name,CANDIDATE_REQUIRES_VERIFICATION,HISTORICAL_REVIEW_REQUIRED,Exact LGD district name; observed IFI state context is retained separately because the IFI field can be multi-value and historical equivalence is unresolved. Observed IFI state context includes LGD state name. LGD/Census candidate by name; codes are not assumed equivalent.
Karnal,Bihar; Haryana; Kerala; Madhya Pradesh; Odisha; Punjab; Rajasthan; Uttar Pradesh; West Bengal,6,Haryana,67,Karnal,6,74,Karnal,Haryana,74,exact_district_name,CANDIDATE_REQUIRES_VERIFICATION,HISTORICAL_REVIEW_REQUIRED,Exact LGD district name; observed IFI state context is retained separately because the IFI field can be multi-value and historical equivalence is unresolved. Observed IFI state context includes LGD state name. LGD/Census candidate by name; codes are not assumed equivalent.
Karur,Tamil Nadu,33,Tamil Nadu,576,Karur,14,613,Karur,Tamil Nadu,613,exact_district_name,CANDIDATE_REQUIRES_VERIFICATION,HISTORICAL_REVIEW_REQUIRED,Exact LGD district name; observed IFI state context is retained separately because the IFI field can be multi-value and historical equivalence is unresolved. Observed IFI state context includes LGD state name. LGD/Census candidate by name; codes are not assumed equivalent.
Kasaragod,Bihar; Haryana; Karnataka; Kerala; Rajasthan; Uttar Pradesh,32,Kerala,558,Kasaragod,1,588,Kasaragod,Kerala,588,exact_district_name,CANDIDATE_REQUIRES_VERIFICATION,HISTORICAL_REVIEW_REQUIRED,Exact LGD district name; observed IFI state context is retained separately because the IFI field can be multi-value and historical equivalence is unresolved. Observed IFI state context includes LGD state name. LGD/Census candidate by name; codes are not assumed equivalent.
Kasganj,Arunachal Pradesh; Assam; Bihar; East Rajasthan; Gujarat; Haryana; Himachal Pradesh; Jammu and Kashmir; Kerala; Madhya Pradesh; Maharashtra; Odisha; Punjab; Rajasthan; Uttar Pradesh; Uttar pradesh; Uttarakhand; West Bengal,9,Uttar Pradesh,633,Kasganj,0,202,,,,exact_district_name,CANDIDATE_REQUIRES_VERIFICATION,HISTORICAL_REVIEW_REQUIRED,Exact LGD district name; observed IFI state context is retained separately because the IFI field can be multi-value and historical equivalence is unresolved. Observed IFI state context includes LGD state name. LGD district has no exact Census boundary pair.
Kashmir,Jammu and Kashmir,,,,,,,,,,none,UNMATCHED_TO_LGD,HISTORICAL_REVIEW_REQUIRED,No exact or normalized LGD district/state candidate.
Kashmir Valley,Jammu and Kashmir,,,,,,,,,,none,UNMATCHED_TO_LGD,HISTORICAL_REVIEW_REQUIRED,No exact or normalized LGD district/state candidate.
Kashmir valley,Jammu and Kashmir,,,,,,,,,,none,UNMATCHED_TO_LGD,HISTORICAL_REVIEW_REQUIRED,No exact or normalized LGD district/state candidate.
Kathua,Arunachal Pradesh; Assam; Delhi; Jammu & Kashmir; Jammu and Kashmir; Punjab; Uttar Pradesh,1,Jammu And Kashmir,7,Kathua,14,7,Kathua,Jammu & Kashmir,7,exact_district_name,CANDIDATE_REQUIRES_VERIFICATION,HISTORICAL_REVIEW_REQUIRED,Exact LGD district name; observed IFI state context is retained separately because the IFI field can be multi-value and historical equivalence is unresolved. Observed IFI state context does not uniquely confirm LGD state name; manual review required. LGD/Census candidate by name; codes are not assumed equivalent.
Katihar,Andhra Pradesh; Assam; Bihar; Gujarat; Haryana; Himachal Pradesh; Jharkhand; Kerala; Madhya Pradesh; Maharashtra; Odisha; Rajasthan; Uttar Pradesh; Uttar pradesh; West Bengal,10,Bihar,201,Katihar,10,212,Katihar,Bihar,212,exact_district_name,CANDIDATE_REQUIRES_VERIFICATION,HISTORICAL_REVIEW_REQUIRED,Exact LGD district name; observed IFI state context is retained separately because the IFI field can be multi-value and historical equivalence is unresolved. Observed IFI state context includes LGD state name. LGD/Census candidate by name; codes are not assumed equivalent.
Katni,Andhra Pradesh; Bihar; Gujarat; Haryana; Madhya Pradesh; Maharashtra; Odisha; Punjab; Rajasthan; Uttar Pradesh; West Bengal,23,Madhya Pradesh,413,Katni,38,450,Katni,Madhya Pradesh,450,exact_district_name,CANDIDATE_REQUIRES_VERIFICATION,HISTORICAL_REVIEW_REQUIRED,Exact LGD district name; observed IFI state context is retained separately because the IFI field can be multi-value and historical equivalence is unresolved. Observed IFI state context includes LGD state name. LGD/Census candidate by name; codes are not assumed equivalent.
Kaushambi,Arunachal Pradesh; Assam; Bihar; East Rajasthan; Gujarat; Haryana; Himachal Pradesh; Jammu and Kashmir; Kerala; Madhya Pradesh; Maharashtra; Odisha; Punjab; Rajasthan; Uttar Pradesh; Uttar pradesh; West Bengal,9,Uttar Pradesh,158,Kaushambi,44,174,Kaushambi,Uttar Pradesh,174,exact_district_name,CANDIDATE_REQUIRES_VERIFICATION,HISTORICAL_REVIEW_REQUIRED,Exact LGD district name; observed IFI state context is retained separately because the IFI field can be multi-value and historical equivalence is unresolved. Observed IFI state context includes LGD state name. LGD/Census candidate by name; codes are not assumed equivalent.
Kendrapara,Andhra Pradesh; Assam; Bihar; Haryana; Madhya Pradesh; Odisha; Rajasthan; Uttar Pradesh; West Bengal,,,,,,,,,,none,UNMATCHED_TO_LGD,HISTORICAL_REVIEW_REQUIRED,No exact or normalized LGD district/state candidate.
Kendujhar,Andhra Pradesh; Assam; Bihar; Haryana; Madhya Pradesh; Odisha; Rajasthan; Uttar Pradesh; West Bengal,21,Odisha,361,Kendujhar,6,375,Kendujhar,Odisha,375,exact_district_name,CANDIDATE_REQUIRES_VERIFICATION,HISTORICAL_REVIEW_REQUIRED,Exact LGD district name; observed IFI state context is retained separately because the IFI field can be multi-value and historical equivalence is unresolved. Observed IFI state context includes LGD state name. LGD/Census candidate by name; codes are not assumed equivalent.
Khagaria,Andhra Pradesh; Assam; Bihar; Gujarat; Haryana; Himachal Pradesh; Jharkhand; Kerala; Madhya Pradesh; Maharashtra; Odisha; Rajasthan; Uttar Pradesh; Uttar pradesh; West Bengal,10,Bihar,202,Khagaria,21,223,Khagaria,Bihar,223,exact_district_name,CANDIDATE_REQUIRES_VERIFICATION,HISTORICAL_REVIEW_REQUIRED,Exact LGD district name; observed IFI state context is retained separately because the IFI field can be multi-value and historical equivalence is unresolved. Observed IFI state context includes LGD state name. LGD/Census candidate by name; codes are not assumed equivalent.
Khammam,Andhra Pradesh; Maharashtra; Telangana,36,Telangana,509,Khammam,10,541,Khammam,Andhra Pradesh,541,exact_district_name,CANDIDATE_REQUIRES_VERIFICATION,HISTORICAL_REVIEW_REQUIRED,Exact LGD district name; observed IFI state context is retained separately because the IFI field can be multi-value and historical equivalence is unresolved. Observed IFI state context includes LGD state name. LGD/Census candidate by name; codes are not assumed equivalent.
Khargone (Khargone (West Nimar)),Andhra Pradesh; Bihar; Chhattisgarh; Gujarat; Haryana; Madhya Pradesh; Maharashtra; Odisha; Punjab; Rajasthan; Uttar Pradesh; West Bengal,,,,,,,,,,none,UNMATCHED_TO_LGD,HISTORICAL_REVIEW_REQUIRED,No exact or normalized LGD district/state candidate.
Kheda,Bihar; Gujarat; Madhya Pradesh; Maharashtra; Rajasthan; Uttar Pradesh,24,Gujarat,450,Kheda,16,483,Kheda,Gujarat,483,exact_district_name,CANDIDATE_REQUIRES_VERIFICATION,HISTORICAL_REVIEW_REQUIRED,Exact LGD district name; observed IFI state context is retained separately because the IFI field can be multi-value and historical equivalence is unresolved. Observed IFI state context includes LGD state name. LGD/Census candidate by name; codes are not assumed equivalent.
Kheri,Arunachal Pradesh; Assam; Bihar; East Rajasthan; Gujarat; Haryana; Himachal Pradesh; Jammu and Kashmir; Kerala; Madhya Pradesh; Maharashtra; Odisha; Punjab; Rajasthan; Uttar Pradesh; Uttar pradesh; Uttarakhand; West Bengal,9,Uttar Pradesh,159,Kheri,23,153,Kheri,Uttar Pradesh,153,exact_district_name,CANDIDATE_REQUIRES_VERIFICATION,HISTORICAL_REVIEW_REQUIRED,Exact LGD district name; observed IFI state context is retained separately because the IFI field can be multi-value and historical equivalence is unresolved. Observed IFI state context includes LGD state name. LGD/Census candidate by name; codes are not assumed equivalent.
Khordha,Andhra Pradesh; Assam; Bihar; Haryana; Madhya Pradesh; Odisha; Rajasthan; Uttar Pradesh; West Bengal,21,Odisha,362,Khordha,17,386,Khordha,Odisha,386,exact_district_name,CANDIDATE_REQUIRES_VERIFICATION,HISTORICAL_REVIEW_REQUIRED,Exact LGD district name; observed IFI state context is retained separately because the IFI field can be multi-value and historical equivalence is unresolved. Observed IFI state context includes LGD state name. LGD/Census candidate by name; codes are not assumed equivalent.
Khowai,Tripura,16,Tripura,652,Khowai,0,0,,,,exact_district_name,CANDIDATE_REQUIRES_VERIFICATION,HISTORICAL_REVIEW_REQUIRED,Exact LGD district name; observed IFI state context is retained separately because the IFI field can be multi-value and historical equivalence is unresolved. Observed IFI state context includes LGD state name. LGD district has no exact Census boundary pair.
Khunti,Jharkhand,20,Jharkhand,606,Khunti,14,365,Khunti,Jharkhand,365,exact_district_name,CANDIDATE_REQUIRES_VERIFICATION,HISTORICAL_REVIEW_REQUIRED,Exact LGD district name; observed IFI state context is retained separately because the IFI field can be multi-value and historical equivalence is unresolved. Observed IFI state context includes LGD state name. LGD/Census candidate by name; codes are not assumed equivalent.
Khurja,Uttar Pradesh,,,,,,,,,,none,UNMATCHED_TO_LGD,HISTORICAL_REVIEW_REQUIRED,No exact or normalized LGD district/state candidate.
Kinnaur,Himachal Pradesh; Uttar Pradesh,2,Himachal Pradesh,19,Kinnaur,12,34,Kinnaur,Himachal Pradesh,34,exact_district_name,CANDIDATE_REQUIRES_VERIFICATION,HISTORICAL_REVIEW_REQUIRED,Exact LGD district name; observed IFI state context is retained separately because the IFI field can be multi-value and historical equivalence is unresolved. Observed IFI state context includes LGD state name. LGD/Census candidate by name; codes are not assumed equivalent.
Kiphire,Nagaland,13,Nagaland,614,Kiphire,2,269,Kiphire,Nagaland,269,exact_district_name,CANDIDATE_REQUIRES_VERIFICATION,HISTORICAL_REVIEW_REQUIRED,Exact LGD district name; observed IFI state context is retained separately because the IFI field can be multi-value and historical equivalence is unresolved. Observed IFI state context includes LGD state name. LGD/Census candidate by name; codes are not assumed equivalent.
Kishanganj,Andhra Pradesh; Assam; Bihar; Gujarat; Haryana; Himachal Pradesh; Jharkhand; Kerala; Madhya Pradesh; Maharashtra; Odisha; Rajasthan; Uttar Pradesh; Uttar pradesh; West Bengal,10,Bihar,203,Kishanganj,8,210,Kishanganj,Bihar,210,exact_district_name,CANDIDATE_REQUIRES_VERIFICATION,HISTORICAL_REVIEW_REQUIRED,Exact LGD district name; observed IFI state context is retained separately because the IFI field can be multi-value and historical equivalence is unresolved. Observed IFI state context includes LGD state name. LGD/Census candidate by name; codes are not assumed equivalent.
Kishtwar,Arunachal Pradesh; Assam; Delhi; Jammu & Kashmir; Jammu and Kashmir; Punjab; Uttar Pradesh,1,Jammu And Kashmir,620,Kishtwar,9,18,Kishtwar,Jammu & Kashmir,18,exact_district_name,CANDIDATE_REQUIRES_VERIFICATION,HISTORICAL_REVIEW_REQUIRED,Exact LGD district name; observed IFI state context is retained separately because the IFI field can be multi-value and historical equivalence is unresolved. Observed IFI state context does not uniquely confirm LGD state name; manual review required. LGD/Census candidate by name; codes are not assumed equivalent.
Kochi,Kerala,,,,,,,,,,none,UNMATCHED_TO_LGD,HISTORICAL_REVIEW_REQUIRED,No exact or normalized LGD district/state candidate.
Kodagu,Karnataka; Kerala,29,Karnataka,541,Kodagu,25,576,Kodagu,Karnataka,576,exact_district_name,CANDIDATE_REQUIRES_VERIFICATION,HISTORICAL_REVIEW_REQUIRED,Exact LGD district name; observed IFI state context is retained separately because the IFI field can be multi-value and historical equivalence is unresolved. Observed IFI state context includes LGD state name. LGD/Census candidate by name; codes are not assumed equivalent.
Koderma,Jharkhand,20,Jharkhand,334,Koderma,5,348,,,,exact_district_name,CANDIDATE_REQUIRES_VERIFICATION,HISTORICAL_REVIEW_REQUIRED,Exact LGD district name; observed IFI state context is retained separately because the IFI field can be multi-value and historical equivalence is unresolved. Observed IFI state context includes LGD state name. LGD district has no exact Census boundary pair.
Kohima,Nagaland,13,Nagaland,245,Kohima,7,270,Kohima,Nagaland,270,exact_district_name,CANDIDATE_REQUIRES_VERIFICATION,HISTORICAL_REVIEW_REQUIRED,Exact LGD district name; observed IFI state context is retained separately because the IFI field can be multi-value and historical equivalence is unresolved. Observed IFI state context includes LGD state name. LGD/Census candidate by name; codes are not assumed equivalent.
Kokrajhar,Arunachal Pradesh; Assam; Bihar; Jammu and Kashmir; Kerala; Odisha; Punjab; Uttar Pradesh; West Bengal,18,Assam,294,Kokrajhar,1,300,Kokrajhar,Assam,300,exact_district_name,CANDIDATE_REQUIRES_VERIFICATION,HISTORICAL_REVIEW_REQUIRED,Exact LGD district name; observed IFI state context is retained separately because the IFI field can be multi-value and historical equivalence is unresolved. Observed IFI state context includes LGD state name. LGD/Census candidate by name; codes are not assumed equivalent.
Kokrajhar Darrang,Assam,,,,,,,,,,none,UNMATCHED_TO_LGD,HISTORICAL_REVIEW_REQUIRED,No exact or normalized LGD district/state candidate.
Kolar,Karnataka; Kerala,29,Karnataka,542,Kolar,19,581,Kolar,Karnataka,581,exact_district_name,CANDIDATE_REQUIRES_VERIFICATION,HISTORICAL_REVIEW_REQUIRED,Exact LGD district name; observed IFI state context is retained separately because the IFI field can be multi-value and historical equivalence is unresolved. Observed IFI state context includes LGD state name. LGD/Census candidate by name; codes are not assumed equivalent.
Kolasib,Mizoram,15,Mizoram,263,Kolasib,2,282,Kolasib,Mizoram,282,exact_district_name,CANDIDATE_REQUIRES_VERIFICATION,HISTORICAL_REVIEW_REQUIRED,Exact LGD district name; observed IFI state context is retained separately because the IFI field can be multi-value and historical equivalence is unresolved. Observed IFI state context includes LGD state name. LGD/Census candidate by name; codes are not assumed equivalent.
Kolhapur,Bihar; Gujarat; Madhya Pradesh; Maharashtra; Rajasthan; Telangana; Uttar Pradesh,27,Maharashtra,480,Kolhapur,34,530,Kolhapur,Maharashtra,530,exact_district_name,CANDIDATE_REQUIRES_VERIFICATION,HISTORICAL_REVIEW_REQUIRED,Exact LGD district name; observed IFI state context is retained separately because the IFI field can be multi-value and historical equivalence is unresolved. Observed IFI state context includes LGD state name. LGD/Census candidate by name; codes are not assumed equivalent.
Kolkata,Uttar Pradesh; West Bengal,19,West Bengal,315,Kolkata,17,342,Kolkata,West Bengal,342,exact_district_name,CANDIDATE_REQUIRES_VERIFICATION,HISTORICAL_REVIEW_REQUIRED,Exact LGD district name; observed IFI state context is retained separately because the IFI field can be multi-value and historical equivalence is unresolved. Observed IFI state context includes LGD state name. LGD/Census candidate by name; codes are not assumed equivalent.
Kollam,Bihar; Haryana; Karnataka; Kerala; Rajasthan; Uttar Pradesh,32,Kerala,559,Kollam,13,600,Kollam,Kerala,600,exact_district_name,CANDIDATE_REQUIRES_VERIFICATION,HISTORICAL_REVIEW_REQUIRED,Exact LGD district name; observed IFI state context is retained separately because the IFI field can be multi-value and historical equivalence is unresolved. Observed IFI state context includes LGD state name. LGD/Census candidate by name; codes are not assumed equivalent.
Kollam Kozhikode,Kerala,,,,,,,,,,none,UNMATCHED_TO_LGD,HISTORICAL_REVIEW_REQUIRED,No exact or normalized LGD district/state candidate.
Koppal,Karnataka; Kerala,29,Karnataka,543,Koppal,7,560,Koppal,Karnataka,560,exact_district_name,CANDIDATE_REQUIRES_VERIFICATION,HISTORICAL_REVIEW_REQUIRED,Exact LGD district name; observed IFI state context is retained separately because the IFI field can be multi-value and historical equivalence is unresolved. Observed IFI state context includes LGD state name. LGD/Census candidate by name; codes are not assumed equivalent.
Koraput,Andhra Pradesh; Assam; Bihar; Haryana; Madhya Pradesh; Odisha; Rajasthan; Uttar Pradesh; West Bengal,21,Odisha,363,Koraput,29,398,Koraput,Odisha,398,exact_district_name,CANDIDATE_REQUIRES_VERIFICATION,HISTORICAL_REVIEW_REQUIRED,Exact LGD district name; observed IFI state context is retained separately because the IFI field can be multi-value and historical equivalence is unresolved. Observed IFI state context includes LGD state name. LGD/Census candidate by name; codes are not assumed equivalent.
Korba,Chhattisgarh,22,Chhattisgarh,383,Korba,5,404,Korba,Chhattisgarh,404,exact_district_name,CANDIDATE_REQUIRES_VERIFICATION,HISTORICAL_REVIEW_REQUIRED,Exact LGD district name; observed IFI state context is retained separately because the IFI field can be multi-value and historical equivalence is unresolved. Observed IFI state context includes LGD state name. LGD/Census candidate by name; codes are not assumed equivalent.
Korea,Chhattisgarh,22,Chhattisgarh,384,Korea,1,400,,,,exact_district_name,CANDIDATE_REQUIRES_VERIFICATION,HISTORICAL_REVIEW_REQUIRED,Exact LGD district name; observed IFI state context is retained separately because the IFI field can be multi-value and historical equivalence is unresolved. Observed IFI state context includes LGD state name. LGD district has no exact Census boundary pair.
Kota,Bihar; Gujarat; Haryana; Kerala; Madhya Pradesh; Maharashtra; Odisha; Punjab; Rajasthan; Uttar Pradesh,8,Rajasthan,109,Kota,30,127,Kota,Rajasthan,127,exact_district_name,CANDIDATE_REQUIRES_VERIFICATION,HISTORICAL_REVIEW_REQUIRED,Exact LGD district name; observed IFI state context is retained separately because the IFI field can be multi-value and historical equivalence is unresolved. Observed IFI state context includes LGD state name. LGD/Census candidate by name; codes are not assumed equivalent.
Kottayam,Bihar; Haryana; Karnataka; Kerala; Rajasthan; Uttar Pradesh,32,Kerala,560,Kottayam,10,597,Kottayam,Kerala,597,exact_district_name,CANDIDATE_REQUIRES_VERIFICATION,HISTORICAL_REVIEW_REQUIRED,Exact LGD district name; observed IFI state context is retained separately because the IFI field can be multi-value and historical equivalence is unresolved. Observed IFI state context includes LGD state name. LGD/Census candidate by name; codes are not assumed equivalent.
Kozhikode,Bihar; Haryana; Karnataka; Kerala; Rajasthan; Uttar Pradesh,32,Kerala,561,Kozhikode,4,591,Kozhikode,Kerala,591,exact_district_name,CANDIDATE_REQUIRES_VERIFICATION,HISTORICAL_REVIEW_REQUIRED,Exact LGD district name; observed IFI state context is retained separately because the IFI field can be multi-value and historical equivalence is unresolved. Observed IFI state context includes LGD state name. LGD/Census candidate by name; codes are not assumed equivalent.
Kra Daadi,Arunachal Pradesh; Assam; Jammu and Kashmir; Punjab; Uttar Pradesh,12,Arunachal Pradesh,677,Kra Daadi,0,0,,,,exact_district_name,CANDIDATE_REQUIRES_VERIFICATION,HISTORICAL_REVIEW_REQUIRED,Exact LGD district name; observed IFI state context is retained separately because the IFI field can be multi-value and historical equivalence is unresolved. Observed IFI state context includes LGD state name. LGD district has no exact Census boundary pair.
Krishna,Andhra Pradesh; Karnataka; Madhya Pradesh; Telangana,28,Andhra Pradesh,510,Krishna,16,547,Krishna,Andhra Pradesh,547,exact_district_name,CANDIDATE_REQUIRES_VERIFICATION,HISTORICAL_REVIEW_REQUIRED,Exact LGD district name; observed IFI state context is retained separately because the IFI field can be multi-value and historical equivalence is unresolved. Observed IFI state context includes LGD state name. LGD/Census candidate by name; codes are not assumed equivalent.
Krishnagiri,Tamil Nadu,33,Tamil Nadu,577,Krishnagiri,5,631,Krishnagiri,Tamil Nadu,631,exact_district_name,CANDIDATE_REQUIRES_VERIFICATION,HISTORICAL_REVIEW_REQUIRED,Exact LGD district name; observed IFI state context is retained separately because the IFI field can be multi-value and historical equivalence is unresolved. Observed IFI state context includes LGD state name. LGD/Census candidate by name; codes are not assumed equivalent.
Kulgam,Arunachal Pradesh; Assam; Delhi; Jammu & Kashmir; Jammu and Kashmir; Punjab; Uttar Pradesh,1,Jammu And Kashmir,622,Kulgam,0,15,Kulgam,Jammu & Kashmir,15,exact_district_name,CANDIDATE_REQUIRES_VERIFICATION,HISTORICAL_REVIEW_REQUIRED,Exact LGD district name; observed IFI state context is retained separately because the IFI field can be multi-value and historical equivalence is unresolved. Observed IFI state context does not uniquely confirm LGD state name; manual review required. LGD/Census candidate by name; codes are not assumed equivalent.
Kullu,Himachal Pradesh; Uttar Pradesh,2,Himachal Pradesh,20,Kullu,4,26,Kullu,Himachal Pradesh,26,exact_district_name,CANDIDATE_REQUIRES_VERIFICATION,HISTORICAL_REVIEW_REQUIRED,Exact LGD district name; observed IFI state context is retained separately because the IFI field can be multi-value and historical equivalence is unresolved. Observed IFI state context includes LGD state name. LGD/Census candidate by name; codes are not assumed equivalent.
Kumuram Bheem Asifabad,Andhra Pradesh; Maharashtra; Telangana,36,Telangana,699,Kumuram Bheem Asifabad,0,0,,,,exact_district_name,CANDIDATE_REQUIRES_VERIFICATION,HISTORICAL_REVIEW_REQUIRED,Exact LGD district name; observed IFI state context is retained separately because the IFI field can be multi-value and historical equivalence is unresolved. Observed IFI state context includes LGD state name. LGD district has no exact Census boundary pair.
Kupwara,Arunachal Pradesh; Assam; Delhi; Jammu & Kashmir; Jammu and Kashmir; Punjab; Uttar Pradesh,1,Jammu And Kashmir,8,Kupwara,1,1,Kupwara,Jammu & Kashmir,1,exact_district_name,CANDIDATE_REQUIRES_VERIFICATION,HISTORICAL_REVIEW_REQUIRED,Exact LGD district name; observed IFI state context is retained separately because the IFI field can be multi-value and historical equivalence is unresolved. Observed IFI state context does not uniquely confirm LGD state name; manual review required. LGD/Census candidate by name; codes are not assumed equivalent.
Kurnool,Andhra Pradesh; Madhya Pradesh,28,Andhra Pradesh,511,Kurnool,21,552,Kurnool,Andhra Pradesh,552,exact_district_name,CANDIDATE_REQUIRES_VERIFICATION,HISTORICAL_REVIEW_REQUIRED,Exact LGD district name; observed IFI state context is retained separately because the IFI field can be multi-value and historical equivalence is unresolved. Observed IFI state context includes LGD state name. LGD/Census candidate by name; codes are not assumed equivalent.
Kurukshetra,Bihar; Haryana; Kerala; Madhya Pradesh; Odisha; Punjab; Rajasthan; Uttar Pradesh; West Bengal,6,Haryana,68,Kurukshetra,4,72,Kurukshetra,Haryana,72,exact_district_name,CANDIDATE_REQUIRES_VERIFICATION,HISTORICAL_REVIEW_REQUIRED,Exact LGD district name; observed IFI state context is retained separately because the IFI field can be multi-value and historical equivalence is unresolved. Observed IFI state context includes LGD state name. LGD/Census candidate by name; codes are not assumed equivalent.
Kurung Kumey,Arunachal Pradesh; Assam; Jammu and Kashmir; Punjab; Uttar Pradesh,12,Arunachal Pradesh,233,Kurung Kumey,14,256,Kurung Kumey,Arunanchal Pradesh,256,exact_district_name,CANDIDATE_REQUIRES_VERIFICATION,HISTORICAL_REVIEW_REQUIRED,Exact LGD district name; observed IFI state context is retained separately because the IFI field can be multi-value and historical equivalence is unresolved. Observed IFI state context includes LGD state name. LGD/Census candidate by name; codes are not assumed equivalent.
Kushinagar,Arunachal Pradesh; Assam; Bihar; East Rajasthan; Gujarat; Haryana; Himachal Pradesh; Jammu and Kashmir; Kerala; Madhya Pradesh; Maharashtra; Odisha; Punjab; Rajasthan; Uttar Pradesh; Uttar pradesh; West Bengal,9,Uttar Pradesh,160,Kushinagar,59,189,Kushinagar,Uttar Pradesh,189,exact_district_name,CANDIDATE_REQUIRES_VERIFICATION,HISTORICAL_REVIEW_REQUIRED,Exact LGD district name; observed IFI state context is retained separately because the IFI field can be multi-value and historical equivalence is unresolved. Observed IFI state context includes LGD state name. LGD/Census candidate by name; codes are not assumed equivalent.
Lahul And Spiti,Himachal Pradesh; Uttar Pradesh,,,,,,,,,,none,UNMATCHED_TO_LGD,HISTORICAL_REVIEW_REQUIRED,No exact or normalized LGD district/state candidate.
Lakhimpur,Arunachal Pradesh; Assam; Bihar; Jammu and Kashmir; Kerala; Manipur; Odisha; Punjab; Uttar Pradesh; West Bengal,18,Assam,295,Lakhimpur,12,307,Lakhimpur,Assam,307,exact_district_name,CANDIDATE_REQUIRES_VERIFICATION,HISTORICAL_REVIEW_REQUIRED,Exact LGD district name; observed IFI state context is retained separately because the IFI field can be multi-value and historical equivalence is unresolved. Observed IFI state context includes LGD state name. LGD/Census candidate by name; codes are not assumed equivalent.
Lakhisarai,Andhra Pradesh; Assam; Bihar; Gujarat; Haryana; Himachal Pradesh; Kerala; Madhya Pradesh; Maharashtra; Odisha; Rajasthan; Uttar Pradesh; Uttar pradesh; West Bengal,10,Bihar,204,Lakhisarai,25,227,Lakhisarai,Bihar,227,exact_district_name,CANDIDATE_REQUIRES_VERIFICATION,HISTORICAL_REVIEW_REQUIRED,Exact LGD district name; observed IFI state context is retained separately because the IFI field can be multi-value and historical equivalence is unresolved. Observed IFI state context includes LGD state name. LGD/Census candidate by name; codes are not assumed equivalent.
Lalitpur,Arunachal Pradesh; Assam; Bihar; East Rajasthan; Gujarat; Haryana; Himachal Pradesh; Jammu and Kashmir; Kerala; Madhya Pradesh; Maharashtra; Odisha; Punjab; Rajasthan; Uttar Pradesh; Uttar pradesh; West Bengal,9,Uttar Pradesh,161,Lalitpur,37,167,Lalitpur,Uttar Pradesh,167,exact_district_name,CANDIDATE_REQUIRES_VERIFICATION,HISTORICAL_REVIEW_REQUIRED,Exact LGD district name; observed IFI state context is retained separately because the IFI field can be multi-value and historical equivalence is unresolved. Observed IFI state context includes LGD state name. LGD/Census candidate by name; codes are not assumed equivalent.
Latehar,Jharkhand,20,Jharkhand,335,Latehar,2,359,Latehar,Jharkhand,359,exact_district_name,CANDIDATE_REQUIRES_VERIFICATION,HISTORICAL_REVIEW_REQUIRED,Exact LGD district name; observed IFI state context is retained separately because the IFI field can be multi-value and historical equivalence is unresolved. Observed IFI state context includes LGD state name. LGD/Census candidate by name; codes are not assumed equivalent.
Latur,Bihar; Gujarat; Madhya Pradesh; Maharashtra; Rajasthan; Telangana; Uttar Pradesh,27,Maharashtra,481,Latur,28,524,Latur,Maharashtra,524,exact_district_name,CANDIDATE_REQUIRES_VERIFICATION,HISTORICAL_REVIEW_REQUIRED,Exact LGD district name; observed IFI state context is retained separately because the IFI field can be multi-value and historical equivalence is unresolved. Observed IFI state context includes LGD state name. LGD/Census candidate by name; codes are not assumed equivalent.
Lawngtlai,Mizoram,15,Mizoram,264,Lawngtlai,7,287,,,,exact_district_name,CANDIDATE_REQUIRES_VERIFICATION,HISTORICAL_REVIEW_REQUIRED,Exact LGD district name; observed IFI state context is retained separately because the IFI field can be multi-value and historical equivalence is unresolved. Observed IFI state context includes LGD state name. LGD district has no exact Census boundary pair.
Leh ladakh,Jammu & Kashmir; Jammu and Kashmir; Ladakh,37,Ladakh,9,Leh Ladakh,7,3,Leh (ladakh),Jammu & Kashmir,3,normalized_district_name,NORMALIZED_REQUIRES_VERIFICATION,HISTORICAL_REVIEW_REQUIRED,Transparent normalization only; state and historical identity require manual review. Observed IFI state context includes LGD state name. LGD/Census candidate by name; codes are not assumed equivalent.
Leparada,Arunachal Pradesh; Assam; Jammu and Kashmir; Punjab; Uttar Pradesh,12,Arunachal Pradesh,724,Leparada,0,0,,,,exact_district_name,CANDIDATE_REQUIRES_VERIFICATION,HISTORICAL_REVIEW_REQUIRED,Exact LGD district name; observed IFI state context is retained separately because the IFI field can be multi-value and historical equivalence is unresolved. Observed IFI state context includes LGD state name. LGD district has no exact Census boundary pair.
Lohardaga,Jharkhand,20,Jharkhand,336,Lohardaga,15,356,Lohardaga,Jharkhand,356,exact_district_name,CANDIDATE_REQUIRES_VERIFICATION,HISTORICAL_REVIEW_REQUIRED,Exact LGD district name; observed IFI state context is retained separately because the IFI field can be multi-value and historical equivalence is unresolved. Observed IFI state context includes LGD state name. LGD/Census candidate by name; codes are not assumed equivalent.
Lohit,Arunachal Pradesh; Assam; Jammu and Kashmir; Punjab; Uttar Pradesh,12,Arunachal Pradesh,234,Lohit,11,259,Lohit,Arunanchal Pradesh,259,exact_district_name,CANDIDATE_REQUIRES_VERIFICATION,HISTORICAL_REVIEW_REQUIRED,Exact LGD district name; observed IFI state context is retained separately because the IFI field can be multi-value and historical equivalence is unresolved. Observed IFI state context includes LGD state name. LGD/Census candidate by name; codes are not assumed equivalent.
Longding,Arunachal Pradesh; Assam; Jammu and Kashmir; Punjab; Uttar Pradesh,12,Arunachal Pradesh,666,Longding,0,0,,,,exact_district_name,CANDIDATE_REQUIRES_VERIFICATION,HISTORICAL_REVIEW_REQUIRED,Exact LGD district name; observed IFI state context is retained separately because the IFI field can be multi-value and historical equivalence is unresolved. Observed IFI state context includes LGD state name. LGD district has no exact Census boundary pair.
Longleng,Nagaland,13,Nagaland,615,Longleng,2,268,Longleng,Nagaland,268,exact_district_name,CANDIDATE_REQUIRES_VERIFICATION,HISTORICAL_REVIEW_REQUIRED,Exact LGD district name; observed IFI state context is retained separately because the IFI field can be multi-value and historical equivalence is unresolved. Observed IFI state context includes LGD state name. LGD/Census candidate by name; codes are not assumed equivalent.
Lower Dibang Valley,Arunachal Pradesh; Assam; Jammu and Kashmir; Punjab; Uttar Pradesh,12,Arunachal Pradesh,235,Lower Dibang Valley,15,258,Lower Dibang Valley,Arunanchal Pradesh,258,exact_district_name,CANDIDATE_REQUIRES_VERIFICATION,HISTORICAL_REVIEW_REQUIRED,Exact LGD district name; observed IFI state context is retained separately because the IFI field can be multi-value and historical equivalence is unresolved. Observed IFI state context includes LGD state name. LGD/Census candidate by name; codes are not assumed equivalent.
Lower Lower Subansiri,Arunachal Pradesh; Assam; Jammu and Kashmir; Punjab; Uttar Pradesh,,,,,,,,,,none,UNMATCHED_TO_LGD,HISTORICAL_REVIEW_REQUIRED,No exact or normalized LGD district/state candidate.
Lower Siang,Arunachal Pradesh; Assam; Jammu and Kashmir; Punjab; Uttar Pradesh,12,Arunachal Pradesh,719,Lower Siang,0,0,,,,exact_district_name,CANDIDATE_REQUIRES_VERIFICATION,HISTORICAL_REVIEW_REQUIRED,Exact LGD district name; observed IFI state context is retained separately because the IFI field can be multi-value and historical equivalence is unresolved. Observed IFI state context includes LGD state name. LGD district has no exact Census boundary pair.
Lower Subansiri,Arunachal Pradesh,12,Arunachal Pradesh,236,Lower Subansiri,5,255,Lower Subansiri,Arunanchal Pradesh,255,exact_district_name,CANDIDATE_REQUIRES_VERIFICATION,HISTORICAL_REVIEW_REQUIRED,Exact LGD district name; observed IFI state context is retained separately because the IFI field can be multi-value and historical equivalence is unresolved. Observed IFI state context includes LGD state name. LGD/Census candidate by name; codes are not assumed equivalent.
Lucknow,Arunachal Pradesh; Assam; Bihar; East Rajasthan; Gujarat; Haryana; Himachal Pradesh; Jammu and Kashmir; Kerala; Madhya Pradesh; Maharashtra; Odisha; Punjab; Rajasthan; Uttar Pradesh; Uttar pradesh; Uttarakhand; West Bengal,9,Uttar Pradesh,162,Lucknow,27,157,Lucknow,Uttar Pradesh,157,exact_district_name,CANDIDATE_REQUIRES_VERIFICATION,HISTORICAL_REVIEW_REQUIRED,Exact LGD district name; observed IFI state context is retained separately because the IFI field can be multi-value and historical equivalence is unresolved. Observed IFI state context includes LGD state name. LGD/Census candidate by name; codes are not assumed equivalent.
Ludhiana,Arunachal Pradesh; Assam; Delhi; Haryana; Jammu and Kashmir; Madhya Pradesh; Punjab; Rajasthan; Uttar Pradesh; West Bengal,3,Punjab,36,Ludhiana,9,41,Ludhiana,Punjab,41,exact_district_name,CANDIDATE_REQUIRES_VERIFICATION,HISTORICAL_REVIEW_REQUIRED,Exact LGD district name; observed IFI state context is retained separately because the IFI field can be multi-value and historical equivalence is unresolved. Observed IFI state context includes LGD state name. LGD/Census candidate by name; codes are not assumed equivalent.
Lunglei,Mizoram,15,Mizoram,265,Lunglei,6,286,Lunglei,Mizoram,286,exact_district_name,CANDIDATE_REQUIRES_VERIFICATION,HISTORICAL_REVIEW_REQUIRED,Exact LGD district name; observed IFI state context is retained separately because the IFI field can be multi-value and historical equivalence is unresolved. Observed IFI state context includes LGD state name. LGD/Census candidate by name; codes are not assumed equivalent.
Madhepura,Andhra Pradesh; Assam; Bihar; Gujarat; Haryana; Himachal Pradesh; Jharkhand; Kerala; Madhya Pradesh; Maharashtra; Odisha; Rajasthan; Uttar Pradesh; Uttar pradesh; West Bengal,10,Bihar,205,Madhepura,11,213,Madhepura,Bihar,213,exact_district_name,CANDIDATE_REQUIRES_VERIFICATION,HISTORICAL_REVIEW_REQUIRED,Exact LGD district name; observed IFI state context is retained separately because the IFI field can be multi-value and historical equivalence is unresolved. Observed IFI state context includes LGD state name. LGD/Census candidate by name; codes are not assumed equivalent.
Madhubani,Andhra Pradesh; Assam; Bihar; Gujarat; Haryana; Himachal Pradesh; Jharkhand; Kerala; Madhya Pradesh; Maharashtra; Odisha; Rajasthan; Uttar Pradesh; Uttar pradesh; West Bengal,10,Bihar,206,Madhubani,5,207,Madhubani,Bihar,207,exact_district_name,CANDIDATE_REQUIRES_VERIFICATION,HISTORICAL_REVIEW_REQUIRED,Exact LGD district name; observed IFI state context is retained separately because the IFI field can be multi-value and historical equivalence is unresolved. Observed IFI state context includes LGD state name. LGD/Census candidate by name; codes are not assumed equivalent.
Madurai,Tamil Nadu,33,Tamil Nadu,578,Madurai,24,623,Madurai,Tamil Nadu,623,exact_district_name,CANDIDATE_REQUIRES_VERIFICATION,HISTORICAL_REVIEW_REQUIRED,Exact LGD district name; observed IFI state context is retained separately because the IFI field can be multi-value and historical equivalence is unresolved. Observed IFI state context includes LGD state name. LGD/Census candidate by name; codes are not assumed equivalent.
Mahabubabad,Andhra Pradesh; Maharashtra; Telangana,36,Telangana,688,Mahabubabad,0,0,,,,exact_district_name,CANDIDATE_REQUIRES_VERIFICATION,HISTORICAL_REVIEW_REQUIRED,Exact LGD district name; observed IFI state context is retained separately because the IFI field can be multi-value and historical equivalence is unresolved. Observed IFI state context includes LGD state name. LGD district has no exact Census boundary pair.
Mahabubnagar,Andhra Pradesh; Maharashtra; Telangana,36,Telangana,512,Mahabubnagar,7,538,,,,exact_district_name,CANDIDATE_REQUIRES_VERIFICATION,HISTORICAL_REVIEW_REQUIRED,Exact LGD district name; observed IFI state context is retained separately because the IFI field can be multi-value and historical equivalence is unresolved. Observed IFI state context includes LGD state name. LGD district has no exact Census boundary pair.
Mahasamund,Chhattisgarh,22,Chhattisgarh,385,Mahasamund,12,411,Mahasamund,Chhattisgarh,411,exact_district_name,CANDIDATE_REQUIRES_VERIFICATION,HISTORICAL_REVIEW_REQUIRED,Exact LGD district name; observed IFI state context is retained separately because the IFI field can be multi-value and historical equivalence is unresolved. Observed IFI state context includes LGD state name. LGD/Census candidate by name; codes are not assumed equivalent.
Mahe,Puducherry,,,,,,,,,,none,UNMATCHED_TO_LGD,HISTORICAL_REVIEW_REQUIRED,No exact or normalized LGD district/state candidate.
Mahendragarh,Bihar; Haryana; Kerala; Madhya Pradesh; Odisha; Punjab; Rajasthan; Uttar Pradesh; West Bengal,6,Haryana,69,Mahendragarh,16,84,Mahendragarh,Haryana,84,exact_district_name,CANDIDATE_REQUIRES_VERIFICATION,HISTORICAL_REVIEW_REQUIRED,Exact LGD district name; observed IFI state context is retained separately because the IFI field can be multi-value and historical equivalence is unresolved. Observed IFI state context includes LGD state name. LGD/Census candidate by name; codes are not assumed equivalent.
Mahesana,Bihar; Gujarat; Madhya Pradesh; Maharashtra; Rajasthan; Uttar Pradesh,24,Gujarat,451,Mahesana,4,471,Mahesana,Gujarat,471,exact_district_name,CANDIDATE_REQUIRES_VERIFICATION,HISTORICAL_REVIEW_REQUIRED,Exact LGD district name; observed IFI state context is retained separately because the IFI field can be multi-value and historical equivalence is unresolved. Observed IFI state context includes LGD state name. LGD/Census candidate by name; codes are not assumed equivalent.
Mahisagar,Bihar; Gujarat; Madhya Pradesh; Maharashtra; Rajasthan; Uttar Pradesh,24,Gujarat,669,Mahisagar,0,0,,,,exact_district_name,CANDIDATE_REQUIRES_VERIFICATION,HISTORICAL_REVIEW_REQUIRED,Exact LGD district name; observed IFI state context is retained separately because the IFI field can be multi-value and historical equivalence is unresolved. Observed IFI state context includes LGD state name. LGD district has no exact Census boundary pair.
Mahoba,Arunachal Pradesh; Assam; Bihar; East Rajasthan; Gujarat; Haryana; Himachal Pradesh; Jammu and Kashmir; Kerala; Madhya Pradesh; Maharashtra; Odisha; Punjab; Rajasthan; Uttar Pradesh; Uttar pradesh; West Bengal,9,Uttar Pradesh,165,Mahoba,39,169,Mahoba,Uttar Pradesh,169,exact_district_name,CANDIDATE_REQUIRES_VERIFICATION,HISTORICAL_REVIEW_REQUIRED,Exact LGD district name; observed IFI state context is retained separately because the IFI field can be multi-value and historical equivalence is unresolved. Observed IFI state context includes LGD state name. LGD/Census candidate by name; codes are not assumed equivalent.
Mahrajganj,Arunachal Pradesh; Assam; Bihar; East Rajasthan; Gujarat; Haryana; Himachal Pradesh; Jammu and Kashmir; Kerala; Madhya Pradesh; Maharashtra; Odisha; Punjab; Rajasthan; Uttar Pradesh; Uttar pradesh; West Bengal,9,Uttar Pradesh,164,Mahrajganj,57,187,,,,exact_district_name,CANDIDATE_REQUIRES_VERIFICATION,HISTORICAL_REVIEW_REQUIRED,Exact LGD district name; observed IFI state context is retained separately because the IFI field can be multi-value and historical equivalence is unresolved. Observed IFI state context includes LGD state name. LGD district has no exact Census boundary pair.
Mainpuri,Arunachal Pradesh; Assam; Bihar; East Rajasthan; Gujarat; Haryana; Himachal Pradesh; Jammu and Kashmir; Kerala; Madhya Pradesh; Maharashtra; Odisha; Punjab; Rajasthan; Uttar Pradesh; Uttar pradesh; Uttarakhand; West Bengal,9,Uttar Pradesh,166,Mainpuri,18,148,Mainpuri,Uttar Pradesh,148,exact_district_name,CANDIDATE_REQUIRES_VERIFICATION,HISTORICAL_REVIEW_REQUIRED,Exact LGD district name; observed IFI state context is retained separately because the IFI field can be multi-value and historical equivalence is unresolved. Observed IFI state context includes LGD state name. LGD/Census candidate by name; codes are not assumed equivalent.
Majuli,Arunachal Pradesh; Assam; Bihar; Jammu and Kashmir; Kerala; Odisha; Punjab; Uttar Pradesh; West Bengal,18,Assam,706,Majuli,0,0,,,,exact_district_name,CANDIDATE_REQUIRES_VERIFICATION,HISTORICAL_REVIEW_REQUIRED,Exact LGD district name; observed IFI state context is retained separately because the IFI field can be multi-value and historical equivalence is unresolved. Observed IFI state context includes LGD state name. LGD district has no exact Census boundary pair.
Malappuram,Bihar; Haryana; Karnataka; Kerala; Rajasthan; Uttar Pradesh,32,Kerala,562,Malappuram,5,592,Malappuram,Kerala,592,exact_district_name,CANDIDATE_REQUIRES_VERIFICATION,HISTORICAL_REVIEW_REQUIRED,Exact LGD district name; observed IFI state context is retained separately because the IFI field can be multi-value and historical equivalence is unresolved. Observed IFI state context includes LGD state name. LGD/Census candidate by name; codes are not assumed equivalent.
Malda,Madhya Pradesh; Uttar Pradesh; West Bengal,19,West Bengal,316,Malda,6,332,,,,exact_district_name,CANDIDATE_REQUIRES_VERIFICATION,HISTORICAL_REVIEW_REQUIRED,Exact LGD district name; observed IFI state context is retained separately because the IFI field can be multi-value and historical equivalence is unresolved. Observed IFI state context includes LGD state name. LGD district has no exact Census boundary pair.
Maldah,Andhra Pradesh; Assam; Bihar; Haryana; Himachal Pradesh; Kerala; Madhya Pradesh; Odisha; Punjab; Uttar Pradesh; Uttar pradesh; West Bengal,,,,,,,,,,none,UNMATCHED_TO_LGD,HISTORICAL_REVIEW_REQUIRED,No exact or normalized LGD district/state candidate.
Malikkeri,Kerala,,,,,,,,,,none,UNMATCHED_TO_LGD,HISTORICAL_REVIEW_REQUIRED,No exact or normalized LGD district/state candidate.
Malkangiri,Andhra Pradesh; Assam; Bihar; Haryana; Madhya Pradesh; Odisha; Rajasthan; Uttar Pradesh; West Bengal,21,Odisha,364,Malkangiri,30,399,Malkangiri,Odisha,399,exact_district_name,CANDIDATE_REQUIRES_VERIFICATION,HISTORICAL_REVIEW_REQUIRED,Exact LGD district name; observed IFI state context is retained separately because the IFI field can be multi-value and historical equivalence is unresolved. Observed IFI state context includes LGD state name. LGD/Census candidate by name; codes are not assumed equivalent.
Mamit,Mizoram,15,Mizoram,266,Mamit,1,281,Mamit,Mizoram,281,exact_district_name,CANDIDATE_REQUIRES_VERIFICATION,HISTORICAL_REVIEW_REQUIRED,Exact LGD district name; observed IFI state context is retained separately because the IFI field can be multi-value and historical equivalence is unresolved. Observed IFI state context includes LGD state name. LGD/Census candidate by name; codes are not assumed equivalent.
Manali,Himachal Pradesh,,,,,,,,,,none,UNMATCHED_TO_LGD,HISTORICAL_REVIEW_REQUIRED,No exact or normalized LGD district/state candidate.
Mancachar,Assam,,,,,,,,,,none,UNMATCHED_TO_LGD,HISTORICAL_REVIEW_REQUIRED,No exact or normalized LGD district/state candidate.
Mancherial,Andhra Pradesh; Maharashtra; Telangana,36,Telangana,684,Mancherial,0,0,,,,exact_district_name,CANDIDATE_REQUIRES_VERIFICATION,HISTORICAL_REVIEW_REQUIRED,Exact LGD district name; observed IFI state context is retained separately because the IFI field can be multi-value and historical equivalence is unresolved. Observed IFI state context includes LGD state name. LGD district has no exact Census boundary pair.
Mandi,Himachal Pradesh; Uttar Pradesh,2,Himachal Pradesh,22,Mandi,5,27,Mandi,Himachal Pradesh,27,exact_district_name,CANDIDATE_REQUIRES_VERIFICATION,HISTORICAL_REVIEW_REQUIRED,Exact LGD district name; observed IFI state context is retained separately because the IFI field can be multi-value and historical equivalence is unresolved. Observed IFI state context includes LGD state name. LGD/Census candidate by name; codes are not assumed equivalent.
Mandla,Andhra Pradesh; Bihar; Chhattisgarh; Gujarat; Haryana; Madhya Pradesh; Maharashtra; Odisha; Punjab; Rajasthan; Uttar Pradesh; West Bengal,23,Madhya Pradesh,415,Mandla,42,454,Mandla,Madhya Pradesh,454,exact_district_name,CANDIDATE_REQUIRES_VERIFICATION,HISTORICAL_REVIEW_REQUIRED,Exact LGD district name; observed IFI state context is retained separately because the IFI field can be multi-value and historical equivalence is unresolved. Observed IFI state context includes LGD state name. LGD/Census candidate by name; codes are not assumed equivalent.
Mandsaur,Andhra Pradesh; Bihar; Chhattisgarh; Gujarat; Haryana; Madhya Pradesh; Maharashtra; Odisha; Punjab; Rajasthan; Uttar Pradesh; West Bengal,23,Madhya Pradesh,416,Mandsaur,19,433,Mandsaur,Madhya Pradesh,433,exact_district_name,CANDIDATE_REQUIRES_VERIFICATION,HISTORICAL_REVIEW_REQUIRED,Exact LGD district name; observed IFI state context is retained separately because the IFI field can be multi-value and historical equivalence is unresolved. Observed IFI state context includes LGD state name. LGD/Census candidate by name; codes are not assumed equivalent.
Mandya,Karnataka; Kerala,29,Karnataka,544,Mandya,22,573,Mandya,Karnataka,573,exact_district_name,CANDIDATE_REQUIRES_VERIFICATION,HISTORICAL_REVIEW_REQUIRED,Exact LGD district name; observed IFI state context is retained separately because the IFI field can be multi-value and historical equivalence is unresolved. Observed IFI state context includes LGD state name. LGD/Census candidate by name; codes are not assumed equivalent.
Mangalbari,West Bengal,,,,,,,,,,none,UNMATCHED_TO_LGD,HISTORICAL_REVIEW_REQUIRED,No exact or normalized LGD district/state candidate.
Mangalore,Karnataka,,,,,,,,,,none,UNMATCHED_TO_LGD,HISTORICAL_REVIEW_REQUIRED,No exact or normalized LGD district/state candidate.
Mangan,Sikkim,11,Sikkim,226,Mangan,1,241,,,,exact_district_name,CANDIDATE_REQUIRES_VERIFICATION,HISTORICAL_REVIEW_REQUIRED,Exact LGD district name; observed IFI state context is retained separately because the IFI field can be multi-value and historical equivalence is unresolved. Observed IFI state context includes LGD state name. LGD district has no exact Census boundary pair.
Mansa,Arunachal Pradesh; Assam; Delhi; Haryana; Jammu and Kashmir; Madhya Pradesh; Punjab; Rajasthan; Uttar Pradesh; West Bengal,3,Punjab,37,Mansa,15,47,Mansa,Punjab,47,exact_district_name,CANDIDATE_REQUIRES_VERIFICATION,HISTORICAL_REVIEW_REQUIRED,Exact LGD district name; observed IFI state context is retained separately because the IFI field can be multi-value and historical equivalence is unresolved. Observed IFI state context includes LGD state name. LGD/Census candidate by name; codes are not assumed equivalent.
Many districts of South Bengal,West Bengal,,,,,,,,,,none,UNMATCHED_TO_LGD,HISTORICAL_REVIEW_REQUIRED,No exact or normalized LGD district/state candidate.
Many districts of Tamil Nadu.,Tamil Nadu,,,,,,,,,,none,UNMATCHED_TO_LGD,HISTORICAL_REVIEW_REQUIRED,No exact or normalized LGD district/state candidate.
Many districts of Uttar Kashi Pradesh,Uttar Pradesh,,,,,,,,,,none,UNMATCHED_TO_LGD,HISTORICAL_REVIEW_REQUIRED,No exact or normalized LGD district/state candidate.
Many parts,Arunachal Pradesh; Chhattisgarh; Gujarat; Madhya Pradesh; Punjab; Tamil Nadu; Uttar Pradesh,,,,,,,,,,none,UNMATCHED_TO_LGD,HISTORICAL_REVIEW_REQUIRED,No exact or normalized LGD district/state candidate.
Many parts of Tamil Nadu.,Tamil Nadu,,,,,,,,,,none,UNMATCHED_TO_LGD,HISTORICAL_REVIEW_REQUIRED,No exact or normalized LGD district/state candidate.
Many parts of the State,Odisha; Punjab,,,,,,,,,,none,UNMATCHED_TO_LGD,HISTORICAL_REVIEW_REQUIRED,No exact or normalized LGD district/state candidate.
Marathwada,Maharashtra,,,,,,,,,,none,UNMATCHED_TO_LGD,HISTORICAL_REVIEW_REQUIRED,No exact or normalized LGD district/state candidate.
Marigaon,Arunachal Pradesh; Assam; Bihar; Jammu and Kashmir; Kerala; Odisha; Punjab; Uttar Pradesh; West Bengal,18,Assam,296,Marigaon,9,304,Marigaon,Assam,304,exact_district_name,CANDIDATE_REQUIRES_VERIFICATION,HISTORICAL_REVIEW_REQUIRED,Exact LGD district name; observed IFI state context is retained separately because the IFI field can be multi-value and historical equivalence is unresolved. Observed IFI state context includes LGD state name. LGD/Census candidate by name; codes are not assumed equivalent.
Mathura,Arunachal Pradesh; Assam; Bihar; East Rajasthan; Gujarat; Haryana; Himachal Pradesh; Jammu and Kashmir; Kerala; Madhya Pradesh; Maharashtra; Odisha; Punjab; Rajasthan; Uttar Pradesh; Uttar pradesh; Uttarakhand; West Bengal,9,Uttar Pradesh,167,Mathura,14,145,Mathura,Uttar Pradesh,145,exact_district_name,CANDIDATE_REQUIRES_VERIFICATION,HISTORICAL_REVIEW_REQUIRED,Exact LGD district name; observed IFI state context is retained separately because the IFI field can be multi-value and historical equivalence is unresolved. Observed IFI state context includes LGD state name. LGD/Census candidate by name; codes are not assumed equivalent.
Mau,Arunachal Pradesh; Assam; Bihar; East Rajasthan; Gujarat; Haryana; Himachal Pradesh; Jammu and Kashmir; Kerala; Madhya Pradesh; Maharashtra; Odisha; Punjab; Rajasthan; Uttar Pradesh; Uttar pradesh; West Bengal,9,Uttar Pradesh,168,Mau,62,192,Mau,Uttar Pradesh,192,exact_district_name,CANDIDATE_REQUIRES_VERIFICATION,HISTORICAL_REVIEW_REQUIRED,Exact LGD district name; observed IFI state context is retained separately because the IFI field can be multi-value and historical equivalence is unresolved. Observed IFI state context includes LGD state name. LGD/Census candidate by name; codes are not assumed equivalent.
Mayurbhanj,Andhra Pradesh; Assam; Bihar; Haryana; Madhya Pradesh; Odisha; Rajasthan; Uttar Pradesh; West Bengal,21,Odisha,365,Mayurbhanj,7,376,Mayurbhanj,Odisha,376,exact_district_name,CANDIDATE_REQUIRES_VERIFICATION,HISTORICAL_REVIEW_REQUIRED,Exact LGD district name; observed IFI state context is retained separately because the IFI field can be multi-value and historical equivalence is unresolved. Observed IFI state context includes LGD state name. LGD/Census candidate by name; codes are not assumed equivalent.
Medak,Andhra Pradesh; Maharashtra; Telangana,36,Telangana,513,Medak,4,535,Medak,Andhra Pradesh,535,exact_district_name,CANDIDATE_REQUIRES_VERIFICATION,HISTORICAL_REVIEW_REQUIRED,Exact LGD district name; observed IFI state context is retained separately because the IFI field can be multi-value and historical equivalence is unresolved. Observed IFI state context includes LGD state name. LGD/Census candidate by name; codes are not assumed equivalent.
Medchal Malkajgiri,Andhra Pradesh; Maharashtra; Telangana,36,Telangana,700,Medchal Malkajgiri,0,0,,,,exact_district_name,CANDIDATE_REQUIRES_VERIFICATION,HISTORICAL_REVIEW_REQUIRED,Exact LGD district name; observed IFI state context is retained separately because the IFI field can be multi-value and historical equivalence is unresolved. Observed IFI state context includes LGD state name. LGD district has no exact Census boundary pair.
Meerut,Arunachal Pradesh; Assam; Bihar; East Rajasthan; Gujarat; Haryana; Himachal Pradesh; Jammu and Kashmir; Kerala; Madhya Pradesh; Maharashtra; Odisha; Punjab; Rajasthan; Uttar Pradesh; Uttar pradesh; West Bengal,9,Uttar Pradesh,169,Meerut,7,138,Meerut,Uttar Pradesh,138,exact_district_name,CANDIDATE_REQUIRES_VERIFICATION,HISTORICAL_REVIEW_REQUIRED,Exact LGD district name; observed IFI state context is retained separately because the IFI field can be multi-value and historical equivalence is unresolved. Observed IFI state context includes LGD state name. LGD/Census candidate by name; codes are not assumed equivalent.
Mirpur,Arunachal Pradesh; Assam; Delhi; Jammu and Kashmir; Punjab; Uttar Pradesh,,,,,,,,,,none,UNMATCHED_TO_LGD,HISTORICAL_REVIEW_REQUIRED,No exact or normalized LGD district/state candidate.
Mirzapur,Arunachal Pradesh; Assam; Bihar; East Rajasthan; Gujarat; Haryana; Himachal Pradesh; Jammu and Kashmir; Kerala; Madhya Pradesh; Maharashtra; Odisha; Punjab; Rajasthan; Uttar Pradesh; Uttar pradesh; Uttarakhand; West Bengal,9,Uttar Pradesh,170,Mirzapur,69,199,Mirzapur,Uttar Pradesh,199,exact_district_name,CANDIDATE_REQUIRES_VERIFICATION,HISTORICAL_REVIEW_REQUIRED,Exact LGD district name; observed IFI state context is retained separately because the IFI field can be multi-value and historical equivalence is unresolved. Observed IFI state context includes LGD state name. LGD/Census candidate by name; codes are not assumed equivalent.
Moga,Arunachal Pradesh; Assam; Delhi; Haryana; Jammu and Kashmir; Madhya Pradesh; Punjab; Rajasthan; Uttar Pradesh; West Bengal,3,Punjab,38,Moga,10,42,Moga,Punjab,42,exact_district_name,CANDIDATE_REQUIRES_VERIFICATION,HISTORICAL_REVIEW_REQUIRED,Exact LGD district name; observed IFI state context is retained separately because the IFI field can be multi-value and historical equivalence is unresolved. Observed IFI state context includes LGD state name. LGD/Census candidate by name; codes are not assumed equivalent.
Mokokchung,Nagaland,13,Nagaland,246,Mokokchung,3,262,Mokokchung,Nagaland,262,exact_district_name,CANDIDATE_REQUIRES_VERIFICATION,HISTORICAL_REVIEW_REQUIRED,Exact LGD district name; observed IFI state context is retained separately because the IFI field can be multi-value and historical equivalence is unresolved. Observed IFI state context includes LGD state name. LGD/Census candidate by name; codes are not assumed equivalent.
Mon,Nagaland,13,Nagaland,247,Mon,1,261,Mon,Nagaland,261,exact_district_name,CANDIDATE_REQUIRES_VERIFICATION,HISTORICAL_REVIEW_REQUIRED,Exact LGD district name; observed IFI state context is retained separately because the IFI field can be multi-value and historical equivalence is unresolved. Observed IFI state context includes LGD state name. LGD/Census candidate by name; codes are not assumed equivalent.
Moradabad,Arunachal Pradesh; Assam; Bihar; East Rajasthan; Gujarat; Haryana; Himachal Pradesh; Jammu and Kashmir; Kerala; Madhya Pradesh; Maharashtra; Odisha; Punjab; Rajasthan; Uttar Pradesh; Uttar pradesh; Uttarakhand; West Bengal,9,Uttar Pradesh,171,Moradabad,4,135,Moradabad,Uttar Pradesh,135,exact_district_name,CANDIDATE_REQUIRES_VERIFICATION,HISTORICAL_REVIEW_REQUIRED,Exact LGD district name; observed IFI state context is retained separately because the IFI field can be multi-value and historical equivalence is unresolved. Observed IFI state context includes LGD state name. LGD/Census candidate by name; codes are not assumed equivalent.
Morbi,Bihar; Gujarat; Madhya Pradesh; Maharashtra; Rajasthan; Uttar Pradesh,24,Gujarat,673,Morbi,0,0,,,,exact_district_name,CANDIDATE_REQUIRES_VERIFICATION,HISTORICAL_REVIEW_REQUIRED,Exact LGD district name; observed IFI state context is retained separately because the IFI field can be multi-value and historical equivalence is unresolved. Observed IFI state context includes LGD state name. LGD district has no exact Census boundary pair.
Morena,Andhra Pradesh; Bihar; Gujarat; Haryana; Madhya Pradesh; Maharashtra; Odisha; Punjab; Rajasthan; Uttar Pradesh; West Bengal,23,Madhya Pradesh,417,Morena,2,419,Morena,Madhya Pradesh,419,exact_district_name,CANDIDATE_REQUIRES_VERIFICATION,HISTORICAL_REVIEW_REQUIRED,Exact LGD district name; observed IFI state context is retained separately because the IFI field can be multi-value and historical equivalence is unresolved. Observed IFI state context includes LGD state name. LGD/Census candidate by name; codes are not assumed equivalent.
Most Upper Lower Subansiri,Arunachal Pradesh,,,,,,,,,,none,UNMATCHED_TO_LGD,HISTORICAL_REVIEW_REQUIRED,No exact or normalized LGD district/state candidate.
Most of the districts,Andhra Pradesh; Gujarat,,,,,,,,,,none,UNMATCHED_TO_LGD,HISTORICAL_REVIEW_REQUIRED,No exact or normalized LGD district/state candidate.
Most parts,Uttar Pradesh,,,,,,,,,,none,UNMATCHED_TO_LGD,HISTORICAL_REVIEW_REQUIRED,No exact or normalized LGD district/state candidate.
Mudigere,Karnataka,,,,,,,,,,none,UNMATCHED_TO_LGD,HISTORICAL_REVIEW_REQUIRED,No exact or normalized LGD district/state candidate.
Mulugu,Andhra Pradesh; Maharashtra; Telangana,36,Telangana,720,Mulugu,0,0,,,,exact_district_name,CANDIDATE_REQUIRES_VERIFICATION,HISTORICAL_REVIEW_REQUIRED,Exact LGD district name; observed IFI state context is retained separately because the IFI field can be multi-value and historical equivalence is unresolved. Observed IFI state context includes LGD state name. LGD district has no exact Census boundary pair.
Mumbai,Bihar; Gujarat; Madhya Pradesh; Maharashtra; Rajasthan; Telangana; Uttar Pradesh,27,Maharashtra,482,Mumbai,23,519,Mumbai,Maharashtra,519,exact_district_name,CANDIDATE_REQUIRES_VERIFICATION,HISTORICAL_REVIEW_REQUIRED,Exact LGD district name; observed IFI state context is retained separately because the IFI field can be multi-value and historical equivalence is unresolved. Observed IFI state context includes LGD state name. LGD/Census candidate by name; codes are not assumed equivalent.
Mumbai (Colaba),Maharashtra,,,,,,,,,,none,UNMATCHED_TO_LGD,HISTORICAL_REVIEW_REQUIRED,No exact or normalized LGD district/state candidate.
Mumbai Suburban,Bihar; Gujarat; Madhya Pradesh; Maharashtra; Rajasthan; Telangana; Uttar Pradesh,27,Maharashtra,483,Mumbai Suburban,22,518,Mumbai Suburban,Maharashtra,518,exact_district_name,CANDIDATE_REQUIRES_VERIFICATION,HISTORICAL_REVIEW_REQUIRED,Exact LGD district name; observed IFI state context is retained separately because the IFI field can be multi-value and historical equivalence is unresolved. Observed IFI state context includes LGD state name. LGD/Census candidate by name; codes are not assumed equivalent.
Mungeli,Chhattisgarh,22,Chhattisgarh,647,Mungeli,0,0,,,,exact_district_name,CANDIDATE_REQUIRES_VERIFICATION,HISTORICAL_REVIEW_REQUIRED,Exact LGD district name; observed IFI state context is retained separately because the IFI field can be multi-value and historical equivalence is unresolved. Observed IFI state context includes LGD state name. LGD district has no exact Census boundary pair.
Munger,Andhra Pradesh; Assam; Bihar; Gujarat; Haryana; Himachal Pradesh; Jharkhand; Kerala; Madhya Pradesh; Maharashtra; Odisha; Rajasthan; Uttar Pradesh; Uttar pradesh; West Bengal,10,Bihar,207,Munger,24,226,Munger,Bihar,226,exact_district_name,CANDIDATE_REQUIRES_VERIFICATION,HISTORICAL_REVIEW_REQUIRED,Exact LGD district name; observed IFI state context is retained separately because the IFI field can be multi-value and historical equivalence is unresolved. Observed IFI state context includes LGD state name. LGD/Census candidate by name; codes are not assumed equivalent.
Murshidabad,Andhra Pradesh; Assam; Bihar; Haryana; Himachal Pradesh; Kerala; Madhya Pradesh; Odisha; Punjab; Uttar Pradesh; Uttar pradesh; West Bengal,19,West Bengal,319,Murshidabad,7,333,Murshidabad,West Bengal,333,exact_district_name,CANDIDATE_REQUIRES_VERIFICATION,HISTORICAL_REVIEW_REQUIRED,Exact LGD district name; observed IFI state context is retained separately because the IFI field can be multi-value and historical equivalence is unresolved. Observed IFI state context includes LGD state name. LGD/Census candidate by name; codes are not assumed equivalent.
Muzaffarabad,Arunachal Pradesh; Assam; Delhi; Jammu and Kashmir; Punjab; Uttar Pradesh,,,,,,,,,,none,UNMATCHED_TO_LGD,HISTORICAL_REVIEW_REQUIRED,No exact or normalized LGD district/state candidate.
Muzaffarnagar,Arunachal Pradesh; Assam; Bihar; East Rajasthan; Gujarat; Haryana; Himachal Pradesh; Jammu and Kashmir; Kerala; Madhya Pradesh; Maharashtra; Odisha; Punjab; Rajasthan; Uttar Pradesh; Uttar pradesh; Uttarakhand; West Bengal,9,Uttar Pradesh,172,Muzaffarnagar,2,133,Muzaffarnagar,Uttar Pradesh,133,exact_district_name,CANDIDATE_REQUIRES_VERIFICATION,HISTORICAL_REVIEW_REQUIRED,Exact LGD district name; observed IFI state context is retained separately because the IFI field can be multi-value and historical equivalence is unresolved. Observed IFI state context includes LGD state name. LGD/Census candidate by name; codes are not assumed equivalent.
Muzaffarpur,Andhra Pradesh; Assam; Bihar; Gujarat; Haryana; Himachal Pradesh; Jharkhand; Kerala; Madhya Pradesh; Maharashtra; Odisha; Rajasthan; Uttar Pradesh; Uttar pradesh; West Bengal,10,Bihar,208,Muzaffarpur,14,216,Muzaffarpur,Bihar,216,exact_district_name,CANDIDATE_REQUIRES_VERIFICATION,HISTORICAL_REVIEW_REQUIRED,Exact LGD district name; observed IFI state context is retained separately because the IFI field can be multi-value and historical equivalence is unresolved. Observed IFI state context includes LGD state name. LGD/Census candidate by name; codes are not assumed equivalent.
Mysuru,Karnataka; Kerala,29,Karnataka,545,Mysuru,26,577,,,,exact_district_name,CANDIDATE_REQUIRES_VERIFICATION,HISTORICAL_REVIEW_REQUIRED,Exact LGD district name; observed IFI state context is retained separately because the IFI field can be multi-value and historical equivalence is unresolved. Observed IFI state context includes LGD state name. LGD district has no exact Census boundary pair.
Nabarangpur,Odisha,21,Odisha,366,Nabarangpur,28,397,,,,exact_district_name,CANDIDATE_REQUIRES_VERIFICATION,HISTORICAL_REVIEW_REQUIRED,Exact LGD district name; observed IFI state context is retained separately because the IFI field can be multi-value and historical equivalence is unresolved. Observed IFI state context includes LGD state name. LGD district has no exact Census boundary pair.
Nadia,Andhra Pradesh; Assam; Bihar; Haryana; Himachal Pradesh; Kerala; Madhya Pradesh; Odisha; Punjab; Uttar Pradesh; Uttar pradesh; West Bengal,19,West Bengal,320,Nadia,10,336,Nadia,West Bengal,336,exact_district_name,CANDIDATE_REQUIRES_VERIFICATION,HISTORICAL_REVIEW_REQUIRED,Exact LGD district name; observed IFI state context is retained separately because the IFI field can be multi-value and historical equivalence is unresolved. Observed IFI state context includes LGD state name. LGD/Census candidate by name; codes are not assumed equivalent.
Nagaon,Arunachal Pradesh; Assam; Bihar; Jammu and Kashmir; Kerala; Odisha; Punjab; Uttar Pradesh; West Bengal,18,Assam,297,Nagaon,10,305,Nagaon,Assam,305,exact_district_name,CANDIDATE_REQUIRES_VERIFICATION,HISTORICAL_REVIEW_REQUIRED,Exact LGD district name; observed IFI state context is retained separately because the IFI field can be multi-value and historical equivalence is unresolved. Observed IFI state context includes LGD state name. LGD/Census candidate by name; codes are not assumed equivalent.
Nagapattinam,Tamil Nadu,33,Tamil Nadu,579,Nagapattinam,19,618,,,,exact_district_name,CANDIDATE_REQUIRES_VERIFICATION,HISTORICAL_REVIEW_REQUIRED,Exact LGD district name; observed IFI state context is retained separately because the IFI field can be multi-value and historical equivalence is unresolved. Observed IFI state context includes LGD state name. LGD district has no exact Census boundary pair.
Nagarkoil,Tamil Nadu,,,,,,,,,,none,UNMATCHED_TO_LGD,HISTORICAL_REVIEW_REQUIRED,No exact or normalized LGD district/state candidate.
Nagarkurnool,Andhra Pradesh; Maharashtra; Telangana,36,Telangana,694,Nagarkurnool,0,0,,,,exact_district_name,CANDIDATE_REQUIRES_VERIFICATION,HISTORICAL_REVIEW_REQUIRED,Exact LGD district name; observed IFI state context is retained separately because the IFI field can be multi-value and historical equivalence is unresolved. Observed IFI state context includes LGD state name. LGD district has no exact Census boundary pair.
Nagaur,Bihar; Gujarat; Haryana; Kerala; Madhya Pradesh; Maharashtra; Odisha; Punjab; Rajasthan; Uttar Pradesh,8,Rajasthan,110,Nagaur,14,112,Nagaur,Rajasthan,112,exact_district_name,CANDIDATE_REQUIRES_VERIFICATION,HISTORICAL_REVIEW_REQUIRED,Exact LGD district name; observed IFI state context is retained separately because the IFI field can be multi-value and historical equivalence is unresolved. Observed IFI state context includes LGD state name. LGD/Census candidate by name; codes are not assumed equivalent.
Nagpur,Andhra Pradesh; Assam; Bihar; Gujarat; Haryana; Madhya Pradesh; Maharashtra; Odisha; Rajasthan; Telangana; Uttar Pradesh; West Bengal,27,Maharashtra,484,Nagpur,9,505,Nagpur,Maharashtra,505,exact_district_name,CANDIDATE_REQUIRES_VERIFICATION,HISTORICAL_REVIEW_REQUIRED,Exact LGD district name; observed IFI state context is retained separately because the IFI field can be multi-value and historical equivalence is unresolved. Observed IFI state context includes LGD state name. LGD/Census candidate by name; codes are not assumed equivalent.
Nainital,Himachal Pradesh; Uttar Pradesh; Uttarakhand,5,Uttarakhand,51,Nainital,11,66,Nainital,Uttarakhand,66,exact_district_name,CANDIDATE_REQUIRES_VERIFICATION,HISTORICAL_REVIEW_REQUIRED,Exact LGD district name; observed IFI state context is retained separately because the IFI field can be multi-value and historical equivalence is unresolved. Observed IFI state context includes LGD state name. LGD/Census candidate by name; codes are not assumed equivalent.
Nalanda,Andhra Pradesh; Assam; Bihar; Gujarat; Haryana; Himachal Pradesh; Kerala; Madhya Pradesh; Maharashtra; Odisha; Rajasthan; Uttar Pradesh; Uttar pradesh; West Bengal,10,Bihar,209,Nalanda,27,229,Nalanda,Bihar,229,exact_district_name,CANDIDATE_REQUIRES_VERIFICATION,HISTORICAL_REVIEW_REQUIRED,Exact LGD district name; observed IFI state context is retained separately because the IFI field can be multi-value and historical equivalence is unresolved. Observed IFI state context includes LGD state name. LGD/Census candidate by name; codes are not assumed equivalent.
Nalbari,Arunachal Pradesh; Assam; Bihar; Jammu and Kashmir; Kerala; Odisha; Punjab; Uttar Pradesh; West Bengal,18,Assam,298,Nalbari,7,323,Nalbari,Assam,323,exact_district_name,CANDIDATE_REQUIRES_VERIFICATION,HISTORICAL_REVIEW_REQUIRED,Exact LGD district name; observed IFI state context is retained separately because the IFI field can be multi-value and historical equivalence is unresolved. Observed IFI state context includes LGD state name. LGD/Census candidate by name; codes are not assumed equivalent.
Nalgonda,Andhra Pradesh; Maharashtra; Telangana,36,Telangana,514,Nalgonda,8,539,Nalgonda,Andhra Pradesh,539,exact_district_name,CANDIDATE_REQUIRES_VERIFICATION,HISTORICAL_REVIEW_REQUIRED,Exact LGD district name; observed IFI state context is retained separately because the IFI field can be multi-value and historical equivalence is unresolved. Observed IFI state context includes LGD state name. LGD/Census candidate by name; codes are not assumed equivalent.
Namakkal,Tamil Nadu,33,Tamil Nadu,580,Namakkal,9,609,Namakkal,Tamil Nadu,609,exact_district_name,CANDIDATE_REQUIRES_VERIFICATION,HISTORICAL_REVIEW_REQUIRED,Exact LGD district name; observed IFI state context is retained separately because the IFI field can be multi-value and historical equivalence is unresolved. Observed IFI state context includes LGD state name. LGD/Census candidate by name; codes are not assumed equivalent.
Namchi,Sikkim,11,Sikkim,227,Namchi,3,243,,,,exact_district_name,CANDIDATE_REQUIRES_VERIFICATION,HISTORICAL_REVIEW_REQUIRED,Exact LGD district name; observed IFI state context is retained separately because the IFI field can be multi-value and historical equivalence is unresolved. Observed IFI state context includes LGD state name. LGD district has no exact Census boundary pair.
Namsai,Arunachal Pradesh; Assam; Jammu and Kashmir; Punjab; Uttar Pradesh,12,Arunachal Pradesh,678,Namsai,0,0,,,,exact_district_name,CANDIDATE_REQUIRES_VERIFICATION,HISTORICAL_REVIEW_REQUIRED,Exact LGD district name; observed IFI state context is retained separately because the IFI field can be multi-value and historical equivalence is unresolved. Observed IFI state context includes LGD state name. LGD district has no exact Census boundary pair.
Nanded,Bihar; Gujarat; Madhya Pradesh; Maharashtra; Rajasthan; Telangana; Uttar Pradesh,27,Maharashtra,485,Nanded,15,511,Nanded,Maharashtra,511,exact_district_name,CANDIDATE_REQUIRES_VERIFICATION,HISTORICAL_REVIEW_REQUIRED,Exact LGD district name; observed IFI state context is retained separately because the IFI field can be multi-value and historical equivalence is unresolved. Observed IFI state context includes LGD state name. LGD/Census candidate by name; codes are not assumed equivalent.
Nandurbar,Bihar; Gujarat; Madhya Pradesh; Maharashtra; Rajasthan; Telangana; Uttar Pradesh,27,Maharashtra,486,Nandurbar,1,497,Nandurbar,Maharashtra,497,exact_district_name,CANDIDATE_REQUIRES_VERIFICATION,HISTORICAL_REVIEW_REQUIRED,Exact LGD district name; observed IFI state context is retained separately because the IFI field can be multi-value and historical equivalence is unresolved. Observed IFI state context includes LGD state name. LGD/Census candidate by name; codes are not assumed equivalent.
Narayanpet,Andhra Pradesh; Maharashtra; Telangana,36,Telangana,721,Narayanpet,0,0,,,,exact_district_name,CANDIDATE_REQUIRES_VERIFICATION,HISTORICAL_REVIEW_REQUIRED,Exact LGD district name; observed IFI state context is retained separately because the IFI field can be multi-value and historical equivalence is unresolved. Observed IFI state context includes LGD state name. LGD district has no exact Census boundary pair.
Narayanpur,Chhattisgarh,22,Chhattisgarh,637,Narayanpur,0,415,Narayanpur,Chhattisgarh,415,exact_district_name,CANDIDATE_REQUIRES_VERIFICATION,HISTORICAL_REVIEW_REQUIRED,Exact LGD district name; observed IFI state context is retained separately because the IFI field can be multi-value and historical equivalence is unresolved. Observed IFI state context includes LGD state name. LGD/Census candidate by name; codes are not assumed equivalent.
Narmada,Bihar; Gujarat; Madhya Pradesh; Maharashtra; Rajasthan; Uttar Pradesh,24,Gujarat,452,Narmada,20,487,Narmada,Gujarat,487,exact_district_name,CANDIDATE_REQUIRES_VERIFICATION,HISTORICAL_REVIEW_REQUIRED,Exact LGD district name; observed IFI state context is retained separately because the IFI field can be multi-value and historical equivalence is unresolved. Observed IFI state context includes LGD state name. LGD/Census candidate by name; codes are not assumed equivalent.
Narmadapuram,Andhra Pradesh; Bihar; Chhattisgarh; Gujarat; Haryana; Madhya Pradesh; Maharashtra; Odisha; Punjab; Rajasthan; Uttar Pradesh; West Bengal,23,Madhya Pradesh,409,Narmadapuram,37,449,,,,exact_district_name,CANDIDATE_REQUIRES_VERIFICATION,HISTORICAL_REVIEW_REQUIRED,Exact LGD district name; observed IFI state context is retained separately because the IFI field can be multi-value and historical equivalence is unresolved. Observed IFI state context includes LGD state name. LGD district has no exact Census boundary pair.
Narsimhapur,Andhra Pradesh; Bihar; Gujarat; Haryana; Madhya Pradesh; Maharashtra; Odisha; Punjab; Rajasthan; Uttar Pradesh; West Bengal,23,Madhya Pradesh,418,Narsimhapur,40,452,Narsimhapur,Madhya Pradesh,452,exact_district_name,CANDIDATE_REQUIRES_VERIFICATION,HISTORICAL_REVIEW_REQUIRED,Exact LGD district name; observed IFI state context is retained separately because the IFI field can be multi-value and historical equivalence is unresolved. Observed IFI state context includes LGD state name. LGD/Census candidate by name; codes are not assumed equivalent.
Nashik,Bihar; Gujarat; Madhya Pradesh; Maharashtra; Rajasthan; Telangana; Uttar Pradesh,27,Maharashtra,487,Nashik,20,516,Nashik,Maharashtra,516,exact_district_name,CANDIDATE_REQUIRES_VERIFICATION,HISTORICAL_REVIEW_REQUIRED,Exact LGD district name; observed IFI state context is retained separately because the IFI field can be multi-value and historical equivalence is unresolved. Observed IFI state context includes LGD state name. LGD/Census candidate by name; codes are not assumed equivalent.
Navsari,Bihar; Gujarat; Madhya Pradesh; Maharashtra; Rajasthan; Uttar Pradesh,24,Gujarat,453,Navsari,24,490,Navsari,Gujarat,490,exact_district_name,CANDIDATE_REQUIRES_VERIFICATION,HISTORICAL_REVIEW_REQUIRED,Exact LGD district name; observed IFI state context is retained separately because the IFI field can be multi-value and historical equivalence is unresolved. Observed IFI state context includes LGD state name. LGD/Census candidate by name; codes are not assumed equivalent.
Nawada,Andhra Pradesh; Assam; Bihar; Gujarat; Haryana; Himachal Pradesh; Kerala; Madhya Pradesh; Maharashtra; Odisha; Rajasthan; Uttar Pradesh; Uttar pradesh; West Bengal,10,Bihar,210,Nawada,36,237,Nawada,Bihar,237,exact_district_name,CANDIDATE_REQUIRES_VERIFICATION,HISTORICAL_REVIEW_REQUIRED,Exact LGD district name; observed IFI state context is retained separately because the IFI field can be multi-value and historical equivalence is unresolved. Observed IFI state context includes LGD state name. LGD/Census candidate by name; codes are not assumed equivalent.
Nayagarh,Andhra Pradesh; Assam; Bihar; Haryana; Madhya Pradesh; Odisha; Rajasthan; Uttar Pradesh; West Bengal,,,,,,,,,,none,UNMATCHED_TO_LGD,HISTORICAL_REVIEW_REQUIRED,No exact or normalized LGD district/state candidate.
Neemuch,Andhra Pradesh; Bihar; Chhattisgarh; Gujarat; Haryana; Madhya Pradesh; Maharashtra; Odisha; Punjab; Rajasthan; Uttar Pradesh; West Bengal,23,Madhya Pradesh,419,Neemuch,18,432,Neemuch,Madhya Pradesh,432,exact_district_name,CANDIDATE_REQUIRES_VERIFICATION,HISTORICAL_REVIEW_REQUIRED,Exact LGD district name; observed IFI state context is retained separately because the IFI field can be multi-value and historical equivalence is unresolved. Observed IFI state context includes LGD state name. LGD/Census candidate by name; codes are not assumed equivalent.
New Delhi,Delhi; New Delhi,7,Delhi,79,New Delhi,5,94,New Delhi,NCT of Delhi,94,exact_district_name,CANDIDATE_REQUIRES_VERIFICATION,HISTORICAL_REVIEW_REQUIRED,Exact LGD district name; observed IFI state context is retained separately because the IFI field can be multi-value and historical equivalence is unresolved. Observed IFI state context includes LGD state name. LGD/Census candidate by name; codes are not assumed equivalent.
New New Delhi,Delhi; Jammu and Kashmir; Punjab,,,,,,,,,,none,UNMATCHED_TO_LGD,HISTORICAL_REVIEW_REQUIRED,No exact or normalized LGD district/state candidate.
Nirmal,Andhra Pradesh; Maharashtra; Telangana,36,Telangana,680,Nirmal,0,0,,,,exact_district_name,CANDIDATE_REQUIRES_VERIFICATION,HISTORICAL_REVIEW_REQUIRED,Exact LGD district name; observed IFI state context is retained separately because the IFI field can be multi-value and historical equivalence is unresolved. Observed IFI state context includes LGD state name. LGD district has no exact Census boundary pair.
Niwari,Andhra Pradesh; Bihar; Gujarat; Haryana; Madhya Pradesh; Maharashtra; Odisha; Punjab; Rajasthan; Uttar Pradesh; West Bengal,23,Madhya Pradesh,722,Niwari,0,0,,,,exact_district_name,CANDIDATE_REQUIRES_VERIFICATION,HISTORICAL_REVIEW_REQUIRED,Exact LGD district name; observed IFI state context is retained separately because the IFI field can be multi-value and historical equivalence is unresolved. Observed IFI state context includes LGD state name. LGD district has no exact Census boundary pair.
Nizamabad,Andhra Pradesh; Maharashtra; Telangana,36,Telangana,516,Nizamabad,2,533,Nizamabad,Andhra Pradesh,533,exact_district_name,CANDIDATE_REQUIRES_VERIFICATION,HISTORICAL_REVIEW_REQUIRED,Exact LGD district name; observed IFI state context is retained separately because the IFI field can be multi-value and historical equivalence is unresolved. Observed IFI state context includes LGD state name. LGD/Census candidate by name; codes are not assumed equivalent.
Noney,Manipur,14,Manipur,714,Noney,0,0,,,,exact_district_name,CANDIDATE_REQUIRES_VERIFICATION,HISTORICAL_REVIEW_REQUIRED,Exact LGD district name; observed IFI state context is retained separately because the IFI field can be multi-value and historical equivalence is unresolved. Observed IFI state context includes LGD state name. LGD district has no exact Census boundary pair.
North,Delhi; Jammu and Kashmir; Punjab; West Bengal,7,Delhi,80,North,2,91,North,NCT of Delhi,91,exact_district_name,CANDIDATE_REQUIRES_VERIFICATION,HISTORICAL_REVIEW_REQUIRED,Exact LGD district name; observed IFI state context is retained separately because the IFI field can be multi-value and historical equivalence is unresolved. Observed IFI state context includes LGD state name. LGD/Census candidate by name; codes are not assumed equivalent.
North,Delhi; Jammu and Kashmir; Punjab; West Bengal,7,Delhi,80,North,2,91,North,Sikkim,241,exact_district_name,CANDIDATE_REQUIRES_VERIFICATION,HISTORICAL_REVIEW_REQUIRED,Exact LGD district name; observed IFI state context is retained separately because the IFI field can be multi-value and historical equivalence is unresolved. Observed IFI state context includes LGD state name. LGD/Census candidate by name; codes are not assumed equivalent.
North 24 Parganas,Andhra Pradesh; Assam; Bihar; Haryana; Himachal Pradesh; Kerala; Madhya Pradesh; Odisha; Punjab; Uttar Pradesh; Uttar pradesh; West Bengal,19,West Bengal,303,North 24 Parganas,11,337,North 24 Parganas,West Bengal,337,exact_district_name,CANDIDATE_REQUIRES_VERIFICATION,HISTORICAL_REVIEW_REQUIRED,Exact LGD district name; observed IFI state context is retained separately because the IFI field can be multi-value and historical equivalence is unresolved. Observed IFI state context includes LGD state name. LGD/Census candidate by name; codes are not assumed equivalent.
North And Middle Andaman,Andaman & Nicobar Islands,35,Andaman And Nicobar Islands,632,North And Middle Andaman,0,639,,,,exact_district_name,CANDIDATE_REQUIRES_VERIFICATION,HISTORICAL_REVIEW_REQUIRED,Exact LGD district name; observed IFI state context is retained separately because the IFI field can be multi-value and historical equivalence is unresolved. Observed IFI state context does not uniquely confirm LGD state name; manual review required. LGD district has no exact Census boundary pair.
North Bengal,West Bengal,,,,,,,,,,none,UNMATCHED_TO_LGD,HISTORICAL_REVIEW_REQUIRED,No exact or normalized LGD district/state candidate.
North East,Delhi; Jammu and Kashmir; Punjab,7,Delhi,81,North East,3,92,North East,NCT of Delhi,92,exact_district_name,CANDIDATE_REQUIRES_VERIFICATION,HISTORICAL_REVIEW_REQUIRED,Exact LGD district name; observed IFI state context is retained separately because the IFI field can be multi-value and historical equivalence is unresolved. Observed IFI state context includes LGD state name. LGD/Census candidate by name; codes are not assumed equivalent.
North Garo Hills,Meghalaya,17,Meghalaya,656,North Garo Hills,0,0,,,,exact_district_name,CANDIDATE_REQUIRES_VERIFICATION,HISTORICAL_REVIEW_REQUIRED,Exact LGD district name; observed IFI state context is retained separately because the IFI field can be multi-value and historical equivalence is unresolved. Observed IFI state context includes LGD state name. LGD district has no exact Census boundary pair.
North Goa,Daman; Daman and Diu; Diu; Goa,30,Goa,551,North Goa,1,585,North Goa,Goa,585,exact_district_name,CANDIDATE_REQUIRES_VERIFICATION,HISTORICAL_REVIEW_REQUIRED,Exact LGD district name; observed IFI state context is retained separately because the IFI field can be multi-value and historical equivalence is unresolved. Observed IFI state context includes LGD state name. LGD/Census candidate by name; codes are not assumed equivalent.
North Tripura,Arunachal Pradesh; Assam; Manipur; Tripura,16,Tripura,270,North Tripura,4,292,North Tripura,Tripura,292,exact_district_name,CANDIDATE_REQUIRES_VERIFICATION,HISTORICAL_REVIEW_REQUIRED,Exact LGD district name; observed IFI state context is retained separately because the IFI field can be multi-value and historical equivalence is unresolved. Observed IFI state context includes LGD state name. LGD/Census candidate by name; codes are not assumed equivalent.
North West,Delhi; Jammu and Kashmir; Punjab,7,Delhi,82,North West,1,90,North West,NCT of Delhi,90,exact_district_name,CANDIDATE_REQUIRES_VERIFICATION,HISTORICAL_REVIEW_REQUIRED,Exact LGD district name; observed IFI state context is retained separately because the IFI field can be multi-value and historical equivalence is unresolved. Observed IFI state context includes LGD state name. LGD/Census candidate by name; codes are not assumed equivalent.
North west,Delhi,7,Delhi,82,North West,1,90,North West,NCT of Delhi,90,normalized_district_name,NORMALIZED_REQUIRES_VERIFICATION,HISTORICAL_REVIEW_REQUIRED,Transparent normalization only; state and historical identity require manual review. Observed IFI state context includes LGD state name. LGD/Census candidate by name; codes are not assumed equivalent.
North westduar,West Bengal,,,,,,,,,,none,UNMATCHED_TO_LGD,HISTORICAL_REVIEW_REQUIRED,No exact or normalized LGD district/state candidate.
North westdusar,West Bengal,,,,,,,,,,none,UNMATCHED_TO_LGD,HISTORICAL_REVIEW_REQUIRED,No exact or normalized LGD district/state candidate.
Northern parts,Gujarat; West Bengal,,,,,,,,,,none,UNMATCHED_TO_LGD,HISTORICAL_REVIEW_REQUIRED,No exact or normalized LGD district/state candidate.
Ntr,Andhra Pradesh,28,Andhra Pradesh,749,Ntr,0,0,,,,exact_district_name,CANDIDATE_REQUIRES_VERIFICATION,HISTORICAL_REVIEW_REQUIRED,Exact LGD district name; observed IFI state context is retained separately because the IFI field can be multi-value and historical equivalence is unresolved. Observed IFI state context includes LGD state name. LGD district has no exact Census boundary pair.
Nuapada,Andhra Pradesh; Assam; Bihar; Haryana; Madhya Pradesh; Odisha; Rajasthan; Uttar Pradesh; West Bengal,21,Odisha,368,Nuapada,25,394,Nuapada,Odisha,394,exact_district_name,CANDIDATE_REQUIRES_VERIFICATION,HISTORICAL_REVIEW_REQUIRED,Exact LGD district name; observed IFI state context is retained separately because the IFI field can be multi-value and historical equivalence is unresolved. Observed IFI state context includes LGD state name. LGD/Census candidate by name; codes are not assumed equivalent.
Nuh,Bihar; Haryana; Kerala; Madhya Pradesh; Odisha; Punjab; Rajasthan; Uttar Pradesh; West Bengal,6,Haryana,604,Nuh,0,87,,,,exact_district_name,CANDIDATE_REQUIRES_VERIFICATION,HISTORICAL_REVIEW_REQUIRED,Exact LGD district name; observed IFI state context is retained separately because the IFI field can be multi-value and historical equivalence is unresolved. Observed IFI state context includes LGD state name. LGD district has no exact Census boundary pair.
Pak,Arunachal Pradesh,,,,,,,,,,none,UNMATCHED_TO_LGD,HISTORICAL_REVIEW_REQUIRED,No exact or normalized LGD district/state candidate.
Pakke Kessang,Arunachal Pradesh; Assam; Jammu and Kashmir; Punjab; Uttar Pradesh,12,Arunachal Pradesh,723,Pakke Kessang,0,0,,,,exact_district_name,CANDIDATE_REQUIRES_VERIFICATION,HISTORICAL_REVIEW_REQUIRED,Exact LGD district name; observed IFI state context is retained separately because the IFI field can be multi-value and historical equivalence is unresolved. Observed IFI state context includes LGD state name. LGD district has no exact Census boundary pair.
Pakur,Bihar; Jharkhand,20,Jharkhand,337,Pakur,10,353,Pakur,Jharkhand,353,exact_district_name,CANDIDATE_REQUIRES_VERIFICATION,HISTORICAL_REVIEW_REQUIRED,Exact LGD district name; observed IFI state context is retained separately because the IFI field can be multi-value and historical equivalence is unresolved. Observed IFI state context includes LGD state name. LGD/Census candidate by name; codes are not assumed equivalent.
Palakkad,Bihar; Haryana; Karnataka; Kerala; Rajasthan; Uttar Pradesh,32,Kerala,563,Palakkad,6,593,Palakkad,Kerala,593,exact_district_name,CANDIDATE_REQUIRES_VERIFICATION,HISTORICAL_REVIEW_REQUIRED,Exact LGD district name; observed IFI state context is retained separately because the IFI field can be multi-value and historical equivalence is unresolved. Observed IFI state context includes LGD state name. LGD/Census candidate by name; codes are not assumed equivalent.
Palampur,Gujarat,,,,,,,,,,none,UNMATCHED_TO_LGD,HISTORICAL_REVIEW_REQUIRED,No exact or normalized LGD district/state candidate.
Palamu,Bihar; Jharkhand,20,Jharkhand,338,Palamu,2,358,Palamu,Jharkhand,358,exact_district_name,CANDIDATE_REQUIRES_VERIFICATION,HISTORICAL_REVIEW_REQUIRED,Exact LGD district name; observed IFI state context is retained separately because the IFI field can be multi-value and historical equivalence is unresolved. Observed IFI state context includes LGD state name. LGD/Census candidate by name; codes are not assumed equivalent.
Palghar,Bihar; Gujarat; Madhya Pradesh; Maharashtra; Rajasthan; Telangana; Uttar Pradesh,27,Maharashtra,665,Palghar,0,0,,,,exact_district_name,CANDIDATE_REQUIRES_VERIFICATION,HISTORICAL_REVIEW_REQUIRED,Exact LGD district name; observed IFI state context is retained separately because the IFI field can be multi-value and historical equivalence is unresolved. Observed IFI state context includes LGD state name. LGD district has no exact Census boundary pair.
Pali,Bihar; Gujarat; Haryana; Kerala; Madhya Pradesh; Maharashtra; Odisha; Punjab; Rajasthan; Uttar Pradesh,8,Rajasthan,111,Pali,20,118,Pali,Rajasthan,118,exact_district_name,CANDIDATE_REQUIRES_VERIFICATION,HISTORICAL_REVIEW_REQUIRED,Exact LGD district name; observed IFI state context is retained separately because the IFI field can be multi-value and historical equivalence is unresolved. Observed IFI state context includes LGD state name. LGD/Census candidate by name; codes are not assumed equivalent.
Palnadu,Andhra Pradesh,28,Andhra Pradesh,751,Palnadu,0,0,,,,exact_district_name,CANDIDATE_REQUIRES_VERIFICATION,HISTORICAL_REVIEW_REQUIRED,Exact LGD district name; observed IFI state context is retained separately because the IFI field can be multi-value and historical equivalence is unresolved. Observed IFI state context includes LGD state name. LGD district has no exact Census boundary pair.
Palwal,Bihar; Haryana; Kerala; Madhya Pradesh; Odisha; Punjab; Rajasthan; Uttar Pradesh; West Bengal,6,Haryana,619,Palwal,0,89,Palwal,Haryana,89,exact_district_name,CANDIDATE_REQUIRES_VERIFICATION,HISTORICAL_REVIEW_REQUIRED,Exact LGD district name; observed IFI state context is retained separately because the IFI field can be multi-value and historical equivalence is unresolved. Observed IFI state context includes LGD state name. LGD/Census candidate by name; codes are not assumed equivalent.
Panch Mahals,Bihar; Gujarat; Madhya Pradesh; Maharashtra; Rajasthan; Uttar Pradesh,24,Gujarat,454,Panch Mahals,17,484,Panch Mahals,Gujarat,484,exact_district_name,CANDIDATE_REQUIRES_VERIFICATION,HISTORICAL_REVIEW_REQUIRED,Exact LGD district name; observed IFI state context is retained separately because the IFI field can be multi-value and historical equivalence is unresolved. Observed IFI state context includes LGD state name. LGD/Census candidate by name; codes are not assumed equivalent.
Panchkula,Bihar; Haryana; Kerala; Madhya Pradesh; Odisha; Punjab; Rajasthan; Uttar Pradesh; West Bengal,6,Haryana,70,Panchkula,1,69,Panchkula,Haryana,69,exact_district_name,CANDIDATE_REQUIRES_VERIFICATION,HISTORICAL_REVIEW_REQUIRED,Exact LGD district name; observed IFI state context is retained separately because the IFI field can be multi-value and historical equivalence is unresolved. Observed IFI state context includes LGD state name. LGD/Census candidate by name; codes are not assumed equivalent.
Panipat,Bihar; Haryana; Kerala; Madhya Pradesh; Odisha; Punjab; Rajasthan; Uttar Pradesh; West Bengal,6,Haryana,71,Panipat,7,75,Panipat,Haryana,75,exact_district_name,CANDIDATE_REQUIRES_VERIFICATION,HISTORICAL_REVIEW_REQUIRED,Exact LGD district name; observed IFI state context is retained separately because the IFI field can be multi-value and historical equivalence is unresolved. Observed IFI state context includes LGD state name. LGD/Census candidate by name; codes are not assumed equivalent.
Panna,Andhra Pradesh; Bihar; Gujarat; Haryana; Madhya Pradesh; Maharashtra; Odisha; Punjab; Rajasthan; Uttar Pradesh; West Bengal,23,Madhya Pradesh,420,Panna,10,426,Panna,Madhya Pradesh,426,exact_district_name,CANDIDATE_REQUIRES_VERIFICATION,HISTORICAL_REVIEW_REQUIRED,Exact LGD district name; observed IFI state context is retained separately because the IFI field can be multi-value and historical equivalence is unresolved. Observed IFI state context includes LGD state name. LGD/Census candidate by name; codes are not assumed equivalent.
Papum Pare,Andhra Pradesh; Arunachal Pradesh; Assam; Jammu and Kashmir; Punjab; Uttar Pradesh,12,Arunachal Pradesh,237,Papum Pare,4,248,Papum Pare,Arunanchal Pradesh,248,exact_district_name,CANDIDATE_REQUIRES_VERIFICATION,HISTORICAL_REVIEW_REQUIRED,Exact LGD district name; observed IFI state context is retained separately because the IFI field can be multi-value and historical equivalence is unresolved. Observed IFI state context includes LGD state name. LGD/Census candidate by name; codes are not assumed equivalent.
Parbhani,Bihar; Gujarat; Madhya Pradesh; Maharashtra; Rajasthan; Telangana; Uttar Pradesh,27,Maharashtra,489,Parbhani,17,513,Parbhani,Maharashtra,513,exact_district_name,CANDIDATE_REQUIRES_VERIFICATION,HISTORICAL_REVIEW_REQUIRED,Exact LGD district name; observed IFI state context is retained separately because the IFI field can be multi-value and historical equivalence is unresolved. Observed IFI state context includes LGD state name. LGD/Census candidate by name; codes are not assumed equivalent.
Parts of Andhra Pradesh,Andhra Pradesh,,,,,,,,,,none,UNMATCHED_TO_LGD,HISTORICAL_REVIEW_REQUIRED,No exact or normalized LGD district/state candidate.
Parts of Himachal Pradesh,Himachal Pradesh,,,,,,,,,,none,UNMATCHED_TO_LGD,HISTORICAL_REVIEW_REQUIRED,No exact or normalized LGD district/state candidate.
Parts of Jammu,Jammu and Kashmir,,,,,,,,,,none,UNMATCHED_TO_LGD,HISTORICAL_REVIEW_REQUIRED,No exact or normalized LGD district/state candidate.
Parts of Jharkhand,Jharkhand,,,,,,,,,,none,UNMATCHED_TO_LGD,HISTORICAL_REVIEW_REQUIRED,No exact or normalized LGD district/state candidate.
Parts of Karnataka,Karnataka,,,,,,,,,,none,UNMATCHED_TO_LGD,HISTORICAL_REVIEW_REQUIRED,No exact or normalized LGD district/state candidate.
Parts of Lahul & Spitti,Himachal Pradesh,,,,,,,,,,none,UNMATCHED_TO_LGD,HISTORICAL_REVIEW_REQUIRED,No exact or normalized LGD district/state candidate.
Parts of Maharashtra,Maharashtra,,,,,,,,,,none,UNMATCHED_TO_LGD,HISTORICAL_REVIEW_REQUIRED,No exact or normalized LGD district/state candidate.
Parts of Meghalaya,Meghalaya,,,,,,,,,,none,UNMATCHED_TO_LGD,HISTORICAL_REVIEW_REQUIRED,No exact or normalized LGD district/state candidate.
Parts of Nagaland,Nagaland,,,,,,,,,,none,UNMATCHED_TO_LGD,HISTORICAL_REVIEW_REQUIRED,No exact or normalized LGD district/state candidate.
Parts of Orissa,Odisha,,,,,,,,,,none,UNMATCHED_TO_LGD,HISTORICAL_REVIEW_REQUIRED,No exact or normalized LGD district/state candidate.
Parts of Rajasthan,Rajasthan,,,,,,,,,,none,UNMATCHED_TO_LGD,HISTORICAL_REVIEW_REQUIRED,No exact or normalized LGD district/state candidate.
Parts of Sikkim,Sikkim,,,,,,,,,,none,UNMATCHED_TO_LGD,HISTORICAL_REVIEW_REQUIRED,No exact or normalized LGD district/state candidate.
Parts of Telangana,Telangana,,,,,,,,,,none,UNMATCHED_TO_LGD,HISTORICAL_REVIEW_REQUIRED,No exact or normalized LGD district/state candidate.
Parts of Uttar Kashiakhand,Uttarakhand,,,,,,,,,,none,UNMATCHED_TO_LGD,HISTORICAL_REVIEW_REQUIRED,No exact or normalized LGD district/state candidate.
Parts of Uttar Pradesh,Uttar Pradesh,,,,,,,,,,none,UNMATCHED_TO_LGD,HISTORICAL_REVIEW_REQUIRED,No exact or normalized LGD district/state candidate.
Parts of West Bengal,West Bengal,,,,,,,,,,none,UNMATCHED_TO_LGD,HISTORICAL_REVIEW_REQUIRED,No exact or normalized LGD district/state candidate.
Paschim Medinipur,West Bengal,19,West Bengal,318,Paschim Medinipur,15,344,,,,exact_district_name,CANDIDATE_REQUIRES_VERIFICATION,HISTORICAL_REVIEW_REQUIRED,Exact LGD district name; observed IFI state context is retained separately because the IFI field can be multi-value and historical equivalence is unresolved. Observed IFI state context includes LGD state name. LGD district has no exact Census boundary pair.
Paschim Purba Bardhaman,Bihar; West Bengal,,,,,,,,,,none,UNMATCHED_TO_LGD,HISTORICAL_REVIEW_REQUIRED,No exact or normalized LGD district/state candidate.
Paschim Purba Medinipur,Bihar; West Bengal,,,,,,,,,,none,UNMATCHED_TO_LGD,HISTORICAL_REVIEW_REQUIRED,No exact or normalized LGD district/state candidate.
Pashchim Champaran,Andhra Pradesh; Assam; Bihar; Gujarat; Haryana; Himachal Pradesh; Jharkhand; Kerala; Madhya Pradesh; Maharashtra; Odisha; Rajasthan; Uttar Pradesh; Uttar pradesh; West Bengal,10,Bihar,211,Pashchim Champaran,1,203,Pashchim Champaran,Bihar,203,exact_district_name,CANDIDATE_REQUIRES_VERIFICATION,HISTORICAL_REVIEW_REQUIRED,Exact LGD district name; observed IFI state context is retained separately because the IFI field can be multi-value and historical equivalence is unresolved. Observed IFI state context includes LGD state name. LGD/Census candidate by name; codes are not assumed equivalent.
Pashchimi West Singhbhum,Bihar; Jharkhand,,,,,,,,,,none,UNMATCHED_TO_LGD,HISTORICAL_REVIEW_REQUIRED,No exact or normalized LGD district/state candidate.
Patan,Bihar; Gujarat; Madhya Pradesh; Maharashtra; Rajasthan; Uttar Pradesh,24,Gujarat,455,Patan,3,470,Patan,Gujarat,470,exact_district_name,CANDIDATE_REQUIRES_VERIFICATION,HISTORICAL_REVIEW_REQUIRED,Exact LGD district name; observed IFI state context is retained separately because the IFI field can be multi-value and historical equivalence is unresolved. Observed IFI state context includes LGD state name. LGD/Census candidate by name; codes are not assumed equivalent.
Pathanamthitta,Bihar; Haryana; Karnataka; Kerala; Rajasthan; Uttar Pradesh,32,Kerala,564,Pathanamthitta,12,599,Pathanamthitta,Kerala,599,exact_district_name,CANDIDATE_REQUIRES_VERIFICATION,HISTORICAL_REVIEW_REQUIRED,Exact LGD district name; observed IFI state context is retained separately because the IFI field can be multi-value and historical equivalence is unresolved. Observed IFI state context includes LGD state name. LGD/Census candidate by name; codes are not assumed equivalent.
Pathankot,Arunachal Pradesh; Assam; Delhi; Haryana; Jammu and Kashmir; Madhya Pradesh; Punjab; Rajasthan; Uttar Pradesh; West Bengal,3,Punjab,662,Pathankot,0,0,,,,exact_district_name,CANDIDATE_REQUIRES_VERIFICATION,HISTORICAL_REVIEW_REQUIRED,Exact LGD district name; observed IFI state context is retained separately because the IFI field can be multi-value and historical equivalence is unresolved. Observed IFI state context includes LGD state name. LGD district has no exact Census boundary pair.
Patiala,Arunachal Pradesh; Assam; Delhi; Haryana; Jammu and Kashmir; Madhya Pradesh; Punjab; Rajasthan; Uttar Pradesh; West Bengal,3,Punjab,41,Patiala,17,48,Patiala,Punjab,48,exact_district_name,CANDIDATE_REQUIRES_VERIFICATION,HISTORICAL_REVIEW_REQUIRED,Exact LGD district name; observed IFI state context is retained separately because the IFI field can be multi-value and historical equivalence is unresolved. Observed IFI state context includes LGD state name. LGD/Census candidate by name; codes are not assumed equivalent.
Patna,Andhra Pradesh; Assam; Bihar; Gujarat; Haryana; Himachal Pradesh; Kerala; Madhya Pradesh; Maharashtra; Odisha; Rajasthan; Uttar Pradesh; Uttar pradesh; West Bengal,10,Bihar,212,Patna,28,230,Patna,Bihar,230,exact_district_name,CANDIDATE_REQUIRES_VERIFICATION,HISTORICAL_REVIEW_REQUIRED,Exact LGD district name; observed IFI state context is retained separately because the IFI field can be multi-value and historical equivalence is unresolved. Observed IFI state context includes LGD state name. LGD/Census candidate by name; codes are not assumed equivalent.
Peddapalli,Andhra Pradesh; Maharashtra; Telangana,36,Telangana,682,Peddapalli,0,0,,,,exact_district_name,CANDIDATE_REQUIRES_VERIFICATION,HISTORICAL_REVIEW_REQUIRED,Exact LGD district name; observed IFI state context is retained separately because the IFI field can be multi-value and historical equivalence is unresolved. Observed IFI state context includes LGD state name. LGD district has no exact Census boundary pair.
Perambalur,Tamil Nadu,33,Tamil Nadu,581,Perambalur,16,615,Perambalur,Tamil Nadu,615,exact_district_name,CANDIDATE_REQUIRES_VERIFICATION,HISTORICAL_REVIEW_REQUIRED,Exact LGD district name; observed IFI state context is retained separately because the IFI field can be multi-value and historical equivalence is unresolved. Observed IFI state context includes LGD state name. LGD/Census candidate by name; codes are not assumed equivalent.
Peren,Nagaland,13,Nagaland,613,Peren,7,271,Peren,Nagaland,271,exact_district_name,CANDIDATE_REQUIRES_VERIFICATION,HISTORICAL_REVIEW_REQUIRED,Exact LGD district name; observed IFI state context is retained separately because the IFI field can be multi-value and historical equivalence is unresolved. Observed IFI state context includes LGD state name. LGD/Census candidate by name; codes are not assumed equivalent.
Phek,Nagaland,13,Nagaland,248,Phek,8,266,Phek,Nagaland,266,exact_district_name,CANDIDATE_REQUIRES_VERIFICATION,HISTORICAL_REVIEW_REQUIRED,Exact LGD district name; observed IFI state context is retained separately because the IFI field can be multi-value and historical equivalence is unresolved. Observed IFI state context includes LGD state name. LGD/Census candidate by name; codes are not assumed equivalent.
Pherzawl,Manipur,14,Manipur,715,Pherzawl,0,0,,,,exact_district_name,CANDIDATE_REQUIRES_VERIFICATION,HISTORICAL_REVIEW_REQUIRED,Exact LGD district name; observed IFI state context is retained separately because the IFI field can be multi-value and historical equivalence is unresolved. Observed IFI state context includes LGD state name. LGD district has no exact Census boundary pair.
Pilibhit,Arunachal Pradesh; Assam; Bihar; East Rajasthan; Gujarat; Haryana; Himachal Pradesh; Jammu and Kashmir; Kerala; Madhya Pradesh; Maharashtra; Odisha; Punjab; Rajasthan; Uttar Pradesh; Uttar pradesh; Uttarakhand; West Bengal,9,Uttar Pradesh,173,Pilibhit,21,151,Pilibhit,Uttar Pradesh,151,exact_district_name,CANDIDATE_REQUIRES_VERIFICATION,HISTORICAL_REVIEW_REQUIRED,Exact LGD district name; observed IFI state context is retained separately because the IFI field can be multi-value and historical equivalence is unresolved. Observed IFI state context includes LGD state name. LGD/Census candidate by name; codes are not assumed equivalent.
Pithoragarh,Himachal Pradesh; Uttar Pradesh; Uttarakhand,5,Uttarakhand,53,Pithoragarh,7,62,Pithoragarh,Uttarakhand,62,exact_district_name,CANDIDATE_REQUIRES_VERIFICATION,HISTORICAL_REVIEW_REQUIRED,Exact LGD district name; observed IFI state context is retained separately because the IFI field can be multi-value and historical equivalence is unresolved. Observed IFI state context includes LGD state name. LGD/Census candidate by name; codes are not assumed equivalent.
Pondicherry,Puducherry,,,,,,,,,,none,UNMATCHED_TO_LGD,HISTORICAL_REVIEW_REQUIRED,No exact or normalized LGD district/state candidate.
Poonch,Arunachal Pradesh; Assam; Delhi; Jammu & Kashmir; Jammu and Kashmir; Punjab; Uttar Pradesh,1,Jammu And Kashmir,10,Poonch,11,5,,,,exact_district_name,CANDIDATE_REQUIRES_VERIFICATION,HISTORICAL_REVIEW_REQUIRED,Exact LGD district name; observed IFI state context is retained separately because the IFI field can be multi-value and historical equivalence is unresolved. Observed IFI state context does not uniquely confirm LGD state name; manual review required. LGD district has no exact Census boundary pair.
Porbandar,Bihar; Gujarat; Madhya Pradesh; Maharashtra; Rajasthan; Uttar Pradesh,24,Gujarat,456,Porbandar,11,478,Porbandar,Gujarat,478,exact_district_name,CANDIDATE_REQUIRES_VERIFICATION,HISTORICAL_REVIEW_REQUIRED,Exact LGD district name; observed IFI state context is retained separately because the IFI field can be multi-value and historical equivalence is unresolved. Observed IFI state context includes LGD state name. LGD/Census candidate by name; codes are not assumed equivalent.
Prakasam,Andhra Pradesh; Madhya Pradesh,28,Andhra Pradesh,517,Prakasam,18,549,Prakasam,Andhra Pradesh,549,exact_district_name,CANDIDATE_REQUIRES_VERIFICATION,HISTORICAL_REVIEW_REQUIRED,Exact LGD district name; observed IFI state context is retained separately because the IFI field can be multi-value and historical equivalence is unresolved. Observed IFI state context includes LGD state name. LGD/Census candidate by name; codes are not assumed equivalent.
Pratapgarh,Arunachal Pradesh; Assam; Bihar; East Rajasthan; Gujarat; Haryana; Himachal Pradesh; Jammu and Kashmir; Kerala; Madhya Pradesh; Maharashtra; Odisha; Punjab; Rajasthan; Uttar Pradesh; Uttar pradesh; Uttarakhand; West Bengal,8,Rajasthan,629,Pratapgarh,0,131,Pratapgarh,Rajasthan,131,exact_district_name,CANDIDATE_REQUIRES_VERIFICATION,HISTORICAL_REVIEW_REQUIRED,Exact LGD district name; observed IFI state context is retained separately because the IFI field can be multi-value and historical equivalence is unresolved. Observed IFI state context includes LGD state name. LGD/Census candidate by name; codes are not assumed equivalent.
Pratapgarh,Arunachal Pradesh; Assam; Bihar; East Rajasthan; Gujarat; Haryana; Himachal Pradesh; Jammu and Kashmir; Kerala; Madhya Pradesh; Maharashtra; Odisha; Punjab; Rajasthan; Uttar Pradesh; Uttar pradesh; Uttarakhand; West Bengal,9,Uttar Pradesh,174,Pratapgarh,43,173,Pratapgarh,Uttar Pradesh,173,exact_district_name,CANDIDATE_REQUIRES_VERIFICATION,HISTORICAL_REVIEW_REQUIRED,Exact LGD district name; observed IFI state context is retained separately because the IFI field can be multi-value and historical equivalence is unresolved. Observed IFI state context includes LGD state name. LGD/Census candidate by name; codes are not assumed equivalent.
Prayagraj,Arunachal Pradesh; Assam; Bihar; East Rajasthan; Gujarat; Haryana; Himachal Pradesh; Jammu and Kashmir; Kerala; Madhya Pradesh; Maharashtra; Odisha; Punjab; Rajasthan; Uttar Pradesh; Uttar pradesh; Uttarakhand; West Bengal,9,Uttar Pradesh,120,Prayagraj,45,175,,,,exact_district_name,CANDIDATE_REQUIRES_VERIFICATION,HISTORICAL_REVIEW_REQUIRED,Exact LGD district name; observed IFI state context is retained separately because the IFI field can be multi-value and historical equivalence is unresolved. Observed IFI state context includes LGD state name. LGD district has no exact Census boundary pair.
Pudukkottai,Tamil Nadu,33,Tamil Nadu,582,Pudukkottai,22,621,Pudukkottai,Tamil Nadu,621,exact_district_name,CANDIDATE_REQUIRES_VERIFICATION,HISTORICAL_REVIEW_REQUIRED,Exact LGD district name; observed IFI state context is retained separately because the IFI field can be multi-value and historical equivalence is unresolved. Observed IFI state context includes LGD state name. LGD/Census candidate by name; codes are not assumed equivalent.
Pulwama,Arunachal Pradesh; Assam; Delhi; Jammu & Kashmir; Jammu and Kashmir; Punjab; Uttar Pradesh,1,Jammu And Kashmir,11,Pulwama,5,12,Pulwama,Jammu & Kashmir,12,exact_district_name,CANDIDATE_REQUIRES_VERIFICATION,HISTORICAL_REVIEW_REQUIRED,Exact LGD district name; observed IFI state context is retained separately because the IFI field can be multi-value and historical equivalence is unresolved. Observed IFI state context does not uniquely confirm LGD state name; manual review required. LGD/Census candidate by name; codes are not assumed equivalent.
Pune,Bihar; Gujarat; Madhya Pradesh; Maharashtra; Rajasthan; Telangana; Uttar Pradesh,27,Maharashtra,490,Pune,25,521,Pune,Maharashtra,521,exact_district_name,CANDIDATE_REQUIRES_VERIFICATION,HISTORICAL_REVIEW_REQUIRED,Exact LGD district name; observed IFI state context is retained separately because the IFI field can be multi-value and historical equivalence is unresolved. Observed IFI state context includes LGD state name. LGD/Census candidate by name; codes are not assumed equivalent.
Purba Bardhaman,West Bengal,19,West Bengal,306,Purba Bardhaman,9,335,,,,exact_district_name,CANDIDATE_REQUIRES_VERIFICATION,HISTORICAL_REVIEW_REQUIRED,Exact LGD district name; observed IFI state context is retained separately because the IFI field can be multi-value and historical equivalence is unresolved. Observed IFI state context includes LGD state name. LGD district has no exact Census boundary pair.
Purba Medinipur,West Bengal,19,West Bengal,317,Purba Medinipur,15,345,Purba Medinipur,West Bengal,345,exact_district_name,CANDIDATE_REQUIRES_VERIFICATION,HISTORICAL_REVIEW_REQUIRED,Exact LGD district name; observed IFI state context is retained separately because the IFI field can be multi-value and historical equivalence is unresolved. Observed IFI state context includes LGD state name. LGD/Census candidate by name; codes are not assumed equivalent.
Purba Purba Bardhaman,Andhra Pradesh; Assam; Bihar; Haryana; Himachal Pradesh; Kerala; Madhya Pradesh; Odisha; Punjab; Uttar Pradesh; Uttar pradesh; West Bengal,,,,,,,,,,none,UNMATCHED_TO_LGD,HISTORICAL_REVIEW_REQUIRED,No exact or normalized LGD district/state candidate.
Purba Purba Medinipur,Bihar; Odisha; Uttar Pradesh; West Bengal,,,,,,,,,,none,UNMATCHED_TO_LGD,HISTORICAL_REVIEW_REQUIRED,No exact or normalized LGD district/state candidate.
Purba bardhaman,West Bengal,19,West Bengal,306,Purba Bardhaman,9,335,,,,normalized_district_name,NORMALIZED_REQUIRES_VERIFICATION,HISTORICAL_REVIEW_REQUIRED,Transparent normalization only; state and historical identity require manual review. Observed IFI state context includes LGD state name. LGD district has no exact Census boundary pair.
Purbi Champaran,Andhra Pradesh; Assam; Bihar; Gujarat; Haryana; Himachal Pradesh; Jharkhand; Kerala; Madhya Pradesh; Maharashtra; Odisha; Rajasthan; Uttar Pradesh; Uttar pradesh; West Bengal,10,Bihar,213,Purbi Champaran,2,204,,,,exact_district_name,CANDIDATE_REQUIRES_VERIFICATION,HISTORICAL_REVIEW_REQUIRED,Exact LGD district name; observed IFI state context is retained separately because the IFI field can be multi-value and historical equivalence is unresolved. Observed IFI state context includes LGD state name. LGD district has no exact Census boundary pair.
Purbi West Singhbhum,Bihar; Jharkhand,,,,,,,,,,none,UNMATCHED_TO_LGD,HISTORICAL_REVIEW_REQUIRED,No exact or normalized LGD district/state candidate.
Puri,Andhra Pradesh; Assam; Bihar; Haryana; Madhya Pradesh; Odisha; Rajasthan; Uttar Pradesh; West Bengal,21,Odisha,369,Puri,18,387,Puri,Odisha,387,exact_district_name,CANDIDATE_REQUIRES_VERIFICATION,HISTORICAL_REVIEW_REQUIRED,Exact LGD district name; observed IFI state context is retained separately because the IFI field can be multi-value and historical equivalence is unresolved. Observed IFI state context includes LGD state name. LGD/Census candidate by name; codes are not assumed equivalent.
Purnia,Andhra Pradesh; Assam; Bihar; Gujarat; Haryana; Himachal Pradesh; Jharkhand; Kerala; Madhya Pradesh; Maharashtra; Odisha; Rajasthan; Uttar Pradesh; Uttar pradesh; West Bengal,10,Bihar,214,Purnia,9,211,Purnia,Bihar,211,exact_district_name,CANDIDATE_REQUIRES_VERIFICATION,HISTORICAL_REVIEW_REQUIRED,Exact LGD district name; observed IFI state context is retained separately because the IFI field can be multi-value and historical equivalence is unresolved. Observed IFI state context includes LGD state name. LGD/Census candidate by name; codes are not assumed equivalent.
Purulia,Andhra Pradesh; Assam; Bihar; Haryana; Himachal Pradesh; Kerala; Madhya Pradesh; Odisha; Punjab; Uttar Pradesh; Uttar pradesh; West Bengal,19,West Bengal,321,Purulia,14,340,,,,exact_district_name,CANDIDATE_REQUIRES_VERIFICATION,HISTORICAL_REVIEW_REQUIRED,Exact LGD district name; observed IFI state context is retained separately because the IFI field can be multi-value and historical equivalence is unresolved. Observed IFI state context includes LGD state name. LGD district has no exact Census boundary pair.
Rae Bareli,Arunachal Pradesh; Assam; Bihar; East Rajasthan; Gujarat; Haryana; Himachal Pradesh; Jammu and Kashmir; Kerala; Madhya Pradesh; Maharashtra; Odisha; Punjab; Rajasthan; Uttar Pradesh; Uttar pradesh; Uttarakhand; West Bengal,9,Uttar Pradesh,175,Rae Bareli,28,158,Rae Bareli,Uttar Pradesh,158,exact_district_name,CANDIDATE_REQUIRES_VERIFICATION,HISTORICAL_REVIEW_REQUIRED,Exact LGD district name; observed IFI state context is retained separately because the IFI field can be multi-value and historical equivalence is unresolved. Observed IFI state context includes LGD state name. LGD/Census candidate by name; codes are not assumed equivalent.
Raichur,Karnataka; Kerala,29,Karnataka,546,Raichur,6,559,Raichur,Karnataka,559,exact_district_name,CANDIDATE_REQUIRES_VERIFICATION,HISTORICAL_REVIEW_REQUIRED,Exact LGD district name; observed IFI state context is retained separately because the IFI field can be multi-value and historical equivalence is unresolved. Observed IFI state context includes LGD state name. LGD/Census candidate by name; codes are not assumed equivalent.
Raigad,Maharashtra,27,Maharashtra,491,Raigad,24,520,,,,exact_district_name,CANDIDATE_REQUIRES_VERIFICATION,HISTORICAL_REVIEW_REQUIRED,Exact LGD district name; observed IFI state context is retained separately because the IFI field can be multi-value and historical equivalence is unresolved. Observed IFI state context includes LGD state name. LGD district has no exact Census boundary pair.
Raigarh,Bihar; Chhattisgarh; Gujarat; Madhya Pradesh; Maharashtra; Rajasthan; Telangana; Uttar Pradesh,22,Chhattisgarh,386,Raigarh,4,403,Raigarh,Chhattisgarh,403,exact_district_name,CANDIDATE_REQUIRES_VERIFICATION,HISTORICAL_REVIEW_REQUIRED,Exact LGD district name; observed IFI state context is retained separately because the IFI field can be multi-value and historical equivalence is unresolved. Observed IFI state context includes LGD state name. LGD/Census candidate by name; codes are not assumed equivalent.
Raipur,Chhattisgarh; Madhya Pradesh,22,Chhattisgarh,387,Raipur,11,410,Raipur,Chhattisgarh,410,exact_district_name,CANDIDATE_REQUIRES_VERIFICATION,HISTORICAL_REVIEW_REQUIRED,Exact LGD district name; observed IFI state context is retained separately because the IFI field can be multi-value and historical equivalence is unresolved. Observed IFI state context includes LGD state name. LGD/Census candidate by name; codes are not assumed equivalent.
Raisen,Andhra Pradesh; Bihar; Gujarat; Haryana; Madhya Pradesh; Maharashtra; Odisha; Punjab; Rajasthan; Uttar Pradesh; West Bengal,23,Madhya Pradesh,421,Raisen,34,446,Raisen,Madhya Pradesh,446,exact_district_name,CANDIDATE_REQUIRES_VERIFICATION,HISTORICAL_REVIEW_REQUIRED,Exact LGD district name; observed IFI state context is retained separately because the IFI field can be multi-value and historical equivalence is unresolved. Observed IFI state context includes LGD state name. LGD/Census candidate by name; codes are not assumed equivalent.
Rajanna Sircilla,Andhra Pradesh; Maharashtra; Telangana,36,Telangana,683,Rajanna Sircilla,0,0,,,,exact_district_name,CANDIDATE_REQUIRES_VERIFICATION,HISTORICAL_REVIEW_REQUIRED,Exact LGD district name; observed IFI state context is retained separately because the IFI field can be multi-value and historical equivalence is unresolved. Observed IFI state context includes LGD state name. LGD district has no exact Census boundary pair.
Rajgarh,Andhra Pradesh; Bihar; Chhattisgarh; Gujarat; Haryana; Madhya Pradesh; Maharashtra; Odisha; Punjab; Rajasthan; Uttar Pradesh; West Bengal,23,Madhya Pradesh,422,Rajgarh,30,442,Rajgarh,Madhya Pradesh,442,exact_district_name,CANDIDATE_REQUIRES_VERIFICATION,HISTORICAL_REVIEW_REQUIRED,Exact LGD district name; observed IFI state context is retained separately because the IFI field can be multi-value and historical equivalence is unresolved. Observed IFI state context includes LGD state name. LGD/Census candidate by name; codes are not assumed equivalent.
Rajkot,Bihar; Gujarat; Madhya Pradesh; Maharashtra; Rajasthan; Uttar Pradesh,24,Gujarat,457,Rajkot,9,476,Rajkot,Gujarat,476,exact_district_name,CANDIDATE_REQUIRES_VERIFICATION,HISTORICAL_REVIEW_REQUIRED,Exact LGD district name; observed IFI state context is retained separately because the IFI field can be multi-value and historical equivalence is unresolved. Observed IFI state context includes LGD state name. LGD/Census candidate by name; codes are not assumed equivalent.
Rajnandgaon,Chhattisgarh; Madhya Pradesh,22,Chhattisgarh,388,Rajnandgaon,9,408,Rajnandgaon,Chhattisgarh,408,exact_district_name,CANDIDATE_REQUIRES_VERIFICATION,HISTORICAL_REVIEW_REQUIRED,Exact LGD district name; observed IFI state context is retained separately because the IFI field can be multi-value and historical equivalence is unresolved. Observed IFI state context includes LGD state name. LGD/Census candidate by name; codes are not assumed equivalent.
Rajouri,Arunachal Pradesh; Assam; Delhi; Jammu & Kashmir; Jammu and Kashmir; Punjab; Uttar Pradesh,1,Jammu And Kashmir,12,Rajouri,12,6,Rajouri,Jammu & Kashmir,6,exact_district_name,CANDIDATE_REQUIRES_VERIFICATION,HISTORICAL_REVIEW_REQUIRED,Exact LGD district name; observed IFI state context is retained separately because the IFI field can be multi-value and historical equivalence is unresolved. Observed IFI state context does not uniquely confirm LGD state name; manual review required. LGD/Census candidate by name; codes are not assumed equivalent.
Rajsamand,Bihar; Gujarat; Haryana; Kerala; Madhya Pradesh; Maharashtra; Odisha; Punjab; Rajasthan; Uttar Pradesh,8,Rajasthan,112,Rajsamand,25,123,Rajsamand,Rajasthan,123,exact_district_name,CANDIDATE_REQUIRES_VERIFICATION,HISTORICAL_REVIEW_REQUIRED,Exact LGD district name; observed IFI state context is retained separately because the IFI field can be multi-value and historical equivalence is unresolved. Observed IFI state context includes LGD state name. LGD/Census candidate by name; codes are not assumed equivalent.
Ramagiri,Maharashtra,,,,,,,,,,none,UNMATCHED_TO_LGD,HISTORICAL_REVIEW_REQUIRED,No exact or normalized LGD district/state candidate.
Ramanagara,Karnataka; Kerala,,,,,,,,,,none,UNMATCHED_TO_LGD,HISTORICAL_REVIEW_REQUIRED,No exact or normalized LGD district/state candidate.
Ramanathapuram,Tamil Nadu,33,Tamil Nadu,583,Ramanathapuram,27,626,Ramanathapuram,Tamil Nadu,626,exact_district_name,CANDIDATE_REQUIRES_VERIFICATION,HISTORICAL_REVIEW_REQUIRED,Exact LGD district name; observed IFI state context is retained separately because the IFI field can be multi-value and historical equivalence is unresolved. Observed IFI state context includes LGD state name. LGD/Census candidate by name; codes are not assumed equivalent.
Ramban,Arunachal Pradesh; Assam; Delhi; Jammu & Kashmir; Jammu and Kashmir; Punjab; Uttar Pradesh,1,Jammu And Kashmir,621,Ramban,9,17,Ramban,Jammu & Kashmir,17,exact_district_name,CANDIDATE_REQUIRES_VERIFICATION,HISTORICAL_REVIEW_REQUIRED,Exact LGD district name; observed IFI state context is retained separately because the IFI field can be multi-value and historical equivalence is unresolved. Observed IFI state context does not uniquely confirm LGD state name; manual review required. LGD/Census candidate by name; codes are not assumed equivalent.
Ramgarh,Jharkhand; Rajasthan,20,Jharkhand,607,Ramgarh,4,361,Ramgarh,Jharkhand,361,exact_district_name,CANDIDATE_REQUIRES_VERIFICATION,HISTORICAL_REVIEW_REQUIRED,Exact LGD district name; observed IFI state context is retained separately because the IFI field can be multi-value and historical equivalence is unresolved. Observed IFI state context includes LGD state name. LGD/Census candidate by name; codes are not assumed equivalent.
Rampur,Arunachal Pradesh; Assam; Bihar; East Rajasthan; Gujarat; Haryana; Himachal Pradesh; Jammu and Kashmir; Kerala; Madhya Pradesh; Maharashtra; Odisha; Punjab; Rajasthan; Uttar Pradesh; Uttar pradesh; Uttarakhand; West Bengal,9,Uttar Pradesh,176,Rampur,5,136,Rampur,Uttar Pradesh,136,exact_district_name,CANDIDATE_REQUIRES_VERIFICATION,HISTORICAL_REVIEW_REQUIRED,Exact LGD district name; observed IFI state context is retained separately because the IFI field can be multi-value and historical equivalence is unresolved. Observed IFI state context includes LGD state name. LGD/Census candidate by name; codes are not assumed equivalent.
Ranchi,Bihar; Jharkhand,20,Jharkhand,339,Ranchi,14,364,Ranchi,Jharkhand,364,exact_district_name,CANDIDATE_REQUIRES_VERIFICATION,HISTORICAL_REVIEW_REQUIRED,Exact LGD district name; observed IFI state context is retained separately because the IFI field can be multi-value and historical equivalence is unresolved. Observed IFI state context includes LGD state name. LGD/Census candidate by name; codes are not assumed equivalent.
Ranga Reddy,Andhra Pradesh; Maharashtra; Telangana,36,Telangana,518,Ranga Reddy,6,537,Rangareddy,Andhra Pradesh,537,exact_district_name,CANDIDATE_REQUIRES_VERIFICATION,HISTORICAL_REVIEW_REQUIRED,Exact LGD district name; observed IFI state context is retained separately because the IFI field can be multi-value and historical equivalence is unresolved. Observed IFI state context includes LGD state name. LGD/Census candidate by name; codes are not assumed equivalent.
Ranipet,Tamil Nadu,33,Tamil Nadu,731,Ranipet,0,0,,,,exact_district_name,CANDIDATE_REQUIRES_VERIFICATION,HISTORICAL_REVIEW_REQUIRED,Exact LGD district name; observed IFI state context is retained separately because the IFI field can be multi-value and historical equivalence is unresolved. Observed IFI state context includes LGD state name. LGD district has no exact Census boundary pair.
Ratlam,Andhra Pradesh; Bihar; Chhattisgarh; Gujarat; Haryana; Madhya Pradesh; Maharashtra; Odisha; Punjab; Rajasthan; Uttar Pradesh; West Bengal,23,Madhya Pradesh,423,Ratlam,20,434,Ratlam,Madhya Pradesh,434,exact_district_name,CANDIDATE_REQUIRES_VERIFICATION,HISTORICAL_REVIEW_REQUIRED,Exact LGD district name; observed IFI state context is retained separately because the IFI field can be multi-value and historical equivalence is unresolved. Observed IFI state context includes LGD state name. LGD/Census candidate by name; codes are not assumed equivalent.
Ratnagiri,Bihar; Gujarat; Madhya Pradesh; Maharashtra; Rajasthan; Telangana; Uttar Pradesh,27,Maharashtra,492,Ratnagiri,32,528,Ratnagiri,Maharashtra,528,exact_district_name,CANDIDATE_REQUIRES_VERIFICATION,HISTORICAL_REVIEW_REQUIRED,Exact LGD district name; observed IFI state context is retained separately because the IFI field can be multi-value and historical equivalence is unresolved. Observed IFI state context includes LGD state name. LGD/Census candidate by name; codes are not assumed equivalent.
Rayagada,Andhra Pradesh; Assam; Bihar; Haryana; Madhya Pradesh; Odisha; Rajasthan; Uttar Pradesh; West Bengal,21,Odisha,370,Rayagada,27,396,Rayagada,Odisha,396,exact_district_name,CANDIDATE_REQUIRES_VERIFICATION,HISTORICAL_REVIEW_REQUIRED,Exact LGD district name; observed IFI state context is retained separately because the IFI field can be multi-value and historical equivalence is unresolved. Observed IFI state context includes LGD state name. LGD/Census candidate by name; codes are not assumed equivalent.
Reasi,Arunachal Pradesh; Assam; Delhi; Jammu & Kashmir; Jammu and Kashmir; Punjab; Uttar Pradesh,1,Jammu And Kashmir,627,Reasi,0,20,Reasi,Jammu & Kashmir,20,exact_district_name,CANDIDATE_REQUIRES_VERIFICATION,HISTORICAL_REVIEW_REQUIRED,Exact LGD district name; observed IFI state context is retained separately because the IFI field can be multi-value and historical equivalence is unresolved. Observed IFI state context does not uniquely confirm LGD state name; manual review required. LGD/Census candidate by name; codes are not assumed equivalent.
Rewa,Andhra Pradesh; Bihar; Gujarat; Haryana; Madhya Pradesh; Maharashtra; Odisha; Punjab; Rajasthan; Uttar Pradesh; West Bengal,23,Madhya Pradesh,424,Rewa,14,430,Rewa,Madhya Pradesh,430,exact_district_name,CANDIDATE_REQUIRES_VERIFICATION,HISTORICAL_REVIEW_REQUIRED,Exact LGD district name; observed IFI state context is retained separately because the IFI field can be multi-value and historical equivalence is unresolved. Observed IFI state context includes LGD state name. LGD/Census candidate by name; codes are not assumed equivalent.
Rewari,Bihar; Haryana; Kerala; Madhya Pradesh; Odisha; Punjab; Rajasthan; Uttar Pradesh; West Bengal,6,Haryana,72,Rewari,17,85,Rewari,Haryana,85,exact_district_name,CANDIDATE_REQUIRES_VERIFICATION,HISTORICAL_REVIEW_REQUIRED,Exact LGD district name; observed IFI state context is retained separately because the IFI field can be multi-value and historical equivalence is unresolved. Observed IFI state context includes LGD state name. LGD/Census candidate by name; codes are not assumed equivalent.
Ri Bhoi,Meghalaya,17,Meghalaya,276,Ri Bhoi,5,297,Ri Bhoi,Meghalaya,297,exact_district_name,CANDIDATE_REQUIRES_VERIFICATION,HISTORICAL_REVIEW_REQUIRED,Exact LGD district name; observed IFI state context is retained separately because the IFI field can be multi-value and historical equivalence is unresolved. Observed IFI state context includes LGD state name. LGD/Census candidate by name; codes are not assumed equivalent.
Rohtak,Bihar; Haryana; Kerala; Madhya Pradesh; Odisha; Punjab; Rajasthan; Uttar Pradesh; West Bengal,6,Haryana,73,Rohtak,14,82,Rohtak,Haryana,82,exact_district_name,CANDIDATE_REQUIRES_VERIFICATION,HISTORICAL_REVIEW_REQUIRED,Exact LGD district name; observed IFI state context is retained separately because the IFI field can be multi-value and historical equivalence is unresolved. Observed IFI state context includes LGD state name. LGD/Census candidate by name; codes are not assumed equivalent.
Rohtas,Andhra Pradesh; Assam; Bihar; Gujarat; Haryana; Himachal Pradesh; Kerala; Madhya Pradesh; Maharashtra; Odisha; Rajasthan; Uttar Pradesh; Uttar pradesh; West Bengal,10,Bihar,215,Rohtas,32,234,Rohtas,Bihar,234,exact_district_name,CANDIDATE_REQUIRES_VERIFICATION,HISTORICAL_REVIEW_REQUIRED,Exact LGD district name; observed IFI state context is retained separately because the IFI field can be multi-value and historical equivalence is unresolved. Observed IFI state context includes LGD state name. LGD/Census candidate by name; codes are not assumed equivalent.
Rudra Prayag,Uttar Pradesh; Uttarakhand,5,Uttarakhand,54,Rudraprayag,3,58,Rudraprayag,Uttarakhand,58,normalized_district_name,NORMALIZED_REQUIRES_VERIFICATION,HISTORICAL_REVIEW_REQUIRED,Transparent normalization only; state and historical identity require manual review. Observed IFI state context includes LGD state name. LGD/Census candidate by name; codes are not assumed equivalent.
Rugi,Karnataka,,,,,,,,,,none,UNMATCHED_TO_LGD,HISTORICAL_REVIEW_REQUIRED,No exact or normalized LGD district/state candidate.
Rupnagar,Arunachal Pradesh; Assam; Delhi; Haryana; Jammu and Kashmir; Madhya Pradesh; Punjab; Rajasthan; Uttar Pradesh; West Bengal,3,Punjab,42,Rupnagar,7,51,Rupnagar,Punjab,51,exact_district_name,CANDIDATE_REQUIRES_VERIFICATION,HISTORICAL_REVIEW_REQUIRED,Exact LGD district name; observed IFI state context is retained separately because the IFI field can be multi-value and historical equivalence is unresolved. Observed IFI state context includes LGD state name. LGD/Census candidate by name; codes are not assumed equivalent.
Rural,Karnataka,,,,,,,,,,none,UNMATCHED_TO_LGD,HISTORICAL_REVIEW_REQUIRED,No exact or normalized LGD district/state candidate.
S.A.S Nagar,Delhi; Jammu and Kashmir; Punjab,3,Punjab,608,S.A.S Nagar,0,52,,,,exact_district_name,CANDIDATE_REQUIRES_VERIFICATION,HISTORICAL_REVIEW_REQUIRED,Exact LGD district name; observed IFI state context is retained separately because the IFI field can be multi-value and historical equivalence is unresolved. Observed IFI state context includes LGD state name. LGD district has no exact Census boundary pair.
S.A.S Nagar*,Arunachal Pradesh; Assam; Haryana; Jammu and Kashmir; Madhya Pradesh; Punjab; Rajasthan; Uttar Pradesh; West Bengal,3,Punjab,608,S.A.S Nagar,0,52,,,,normalized_district_name,NORMALIZED_REQUIRES_VERIFICATION,HISTORICAL_REVIEW_REQUIRED,Transparent normalization only; state and historical identity require manual review. Observed IFI state context includes LGD state name. LGD district has no exact Census boundary pair.
SShrawasti,Arunachal Pradesh; Assam; Bihar; East Rajasthan; Gujarat; Haryana; Himachal Pradesh; Jammu and Kashmir; Kerala; Madhya Pradesh; Maharashtra; Odisha; Punjab; Rajasthan; Uttar Pradesh; Uttar pradesh; West Bengal,,,,,,,,,,none,UNMATCHED_TO_LGD,HISTORICAL_REVIEW_REQUIRED,No exact or normalized LGD district/state candidate.
SShrawasti & Parts of East U.P.,Uttar Pradesh,,,,,,,,,,none,UNMATCHED_TO_LGD,HISTORICAL_REVIEW_REQUIRED,No exact or normalized LGD district/state candidate.
Sabar Kantha,Bihar; Gujarat; Madhya Pradesh; Maharashtra; Rajasthan; Uttar Pradesh,24,Gujarat,458,Sabar Kantha,5,472,Sabar Kantha,Gujarat,472,exact_district_name,CANDIDATE_REQUIRES_VERIFICATION,HISTORICAL_REVIEW_REQUIRED,Exact LGD district name; observed IFI state context is retained separately because the IFI field can be multi-value and historical equivalence is unresolved. Observed IFI state context includes LGD state name. LGD/Census candidate by name; codes are not assumed equivalent.
Sagar,Andhra Pradesh; Bihar; Chhattisgarh; Gujarat; Haryana; Madhya Pradesh; Maharashtra; Odisha; Punjab; Rajasthan; Uttar Pradesh; West Bengal,23,Madhya Pradesh,425,Sagar,11,427,Sagar,Madhya Pradesh,427,exact_district_name,CANDIDATE_REQUIRES_VERIFICATION,HISTORICAL_REVIEW_REQUIRED,Exact LGD district name; observed IFI state context is retained separately because the IFI field can be multi-value and historical equivalence is unresolved. Observed IFI state context includes LGD state name. LGD/Census candidate by name; codes are not assumed equivalent.
Saharanpur,Arunachal Pradesh; Assam; Bihar; East Rajasthan; Gujarat; Haryana; Himachal Pradesh; Jammu and Kashmir; Kerala; Madhya Pradesh; Maharashtra; Odisha; Punjab; Rajasthan; Uttar Pradesh; Uttar pradesh; Uttarakhand; West Bengal,9,Uttar Pradesh,177,Saharanpur,1,132,Saharanpur,Uttar Pradesh,132,exact_district_name,CANDIDATE_REQUIRES_VERIFICATION,HISTORICAL_REVIEW_REQUIRED,Exact LGD district name; observed IFI state context is retained separately because the IFI field can be multi-value and historical equivalence is unresolved. Observed IFI state context includes LGD state name. LGD/Census candidate by name; codes are not assumed equivalent.
Saharsa,Andhra Pradesh; Assam; Bihar; Gujarat; Haryana; Himachal Pradesh; Jharkhand; Kerala; Madhya Pradesh; Maharashtra; Odisha; Rajasthan; Uttar Pradesh; Uttar pradesh; West Bengal,10,Bihar,216,Saharsa,12,214,Saharsa,Bihar,214,exact_district_name,CANDIDATE_REQUIRES_VERIFICATION,HISTORICAL_REVIEW_REQUIRED,Exact LGD district name; observed IFI state context is retained separately because the IFI field can be multi-value and historical equivalence is unresolved. Observed IFI state context includes LGD state name. LGD/Census candidate by name; codes are not assumed equivalent.
Sahebganj,Bihar; Jharkhand,20,Jharkhand,340,Sahebganj,9,352,,,,exact_district_name,CANDIDATE_REQUIRES_VERIFICATION,HISTORICAL_REVIEW_REQUIRED,Exact LGD district name; observed IFI state context is retained separately because the IFI field can be multi-value and historical equivalence is unresolved. Observed IFI state context includes LGD state name. LGD district has no exact Census boundary pair.
Salem,Tamil Nadu,33,Tamil Nadu,584,Salem,8,608,Salem,Tamil Nadu,608,exact_district_name,CANDIDATE_REQUIRES_VERIFICATION,HISTORICAL_REVIEW_REQUIRED,Exact LGD district name; observed IFI state context is retained separately because the IFI field can be multi-value and historical equivalence is unresolved. Observed IFI state context includes LGD state name. LGD/Census candidate by name; codes are not assumed equivalent.
Samastipur,Andhra Pradesh; Assam; Bihar; Gujarat; Haryana; Himachal Pradesh; Jharkhand; Kerala; Madhya Pradesh; Maharashtra; Odisha; Rajasthan; Uttar Pradesh; Uttar pradesh; West Bengal,10,Bihar,217,Samastipur,19,221,Samastipur,Bihar,221,exact_district_name,CANDIDATE_REQUIRES_VERIFICATION,HISTORICAL_REVIEW_REQUIRED,Exact LGD district name; observed IFI state context is retained separately because the IFI field can be multi-value and historical equivalence is unresolved. Observed IFI state context includes LGD state name. LGD/Census candidate by name; codes are not assumed equivalent.
Samba,Arunachal Pradesh; Assam; Delhi; Jammu & Kashmir; Jammu and Kashmir; Punjab; Uttar Pradesh,1,Jammu And Kashmir,624,Samba,0,22,Samba,Jammu & Kashmir,22,exact_district_name,CANDIDATE_REQUIRES_VERIFICATION,HISTORICAL_REVIEW_REQUIRED,Exact LGD district name; observed IFI state context is retained separately because the IFI field can be multi-value and historical equivalence is unresolved. Observed IFI state context does not uniquely confirm LGD state name; manual review required. LGD/Census candidate by name; codes are not assumed equivalent.
Sambalpur,Andhra Pradesh; Assam; Bihar; Haryana; Madhya Pradesh; Odisha; Rajasthan; Uttar Pradesh; West Bengal,21,Odisha,371,Sambalpur,3,372,Sambalpur,Odisha,372,exact_district_name,CANDIDATE_REQUIRES_VERIFICATION,HISTORICAL_REVIEW_REQUIRED,Exact LGD district name; observed IFI state context is retained separately because the IFI field can be multi-value and historical equivalence is unresolved. Observed IFI state context includes LGD state name. LGD/Census candidate by name; codes are not assumed equivalent.
Sambhal,Arunachal Pradesh; Assam; Bihar; East Rajasthan; Gujarat; Haryana; Himachal Pradesh; Jammu and Kashmir; Kerala; Madhya Pradesh; Maharashtra; Odisha; Punjab; Rajasthan; Uttar Pradesh; Uttar pradesh; Uttarakhand; West Bengal,9,Uttar Pradesh,659,Sambhal,0,0,,,,exact_district_name,CANDIDATE_REQUIRES_VERIFICATION,HISTORICAL_REVIEW_REQUIRED,Exact LGD district name; observed IFI state context is retained separately because the IFI field can be multi-value and historical equivalence is unresolved. Observed IFI state context includes LGD state name. LGD district has no exact Census boundary pair.
Sangareddy,Andhra Pradesh; Maharashtra; Telangana,36,Telangana,691,Sangareddy,0,0,,,,exact_district_name,CANDIDATE_REQUIRES_VERIFICATION,HISTORICAL_REVIEW_REQUIRED,Exact LGD district name; observed IFI state context is retained separately because the IFI field can be multi-value and historical equivalence is unresolved. Observed IFI state context includes LGD state name. LGD district has no exact Census boundary pair.
Sangli,Bihar; Gujarat; Madhya Pradesh; Maharashtra; Rajasthan; Telangana; Uttar Pradesh,27,Maharashtra,493,Sangli,35,531,Sangli,Maharashtra,531,exact_district_name,CANDIDATE_REQUIRES_VERIFICATION,HISTORICAL_REVIEW_REQUIRED,Exact LGD district name; observed IFI state context is retained separately because the IFI field can be multi-value and historical equivalence is unresolved. Observed IFI state context includes LGD state name. LGD/Census candidate by name; codes are not assumed equivalent.
Sangrur,Arunachal Pradesh; Assam; Delhi; Haryana; Jammu and Kashmir; Madhya Pradesh; Punjab; Rajasthan; Uttar Pradesh; West Bengal,3,Punjab,43,Sangrur,16,53,Sangrur,Punjab,53,exact_district_name,CANDIDATE_REQUIRES_VERIFICATION,HISTORICAL_REVIEW_REQUIRED,Exact LGD district name; observed IFI state context is retained separately because the IFI field can be multi-value and historical equivalence is unresolved. Observed IFI state context includes LGD state name. LGD/Census candidate by name; codes are not assumed equivalent.
Sant Kabir Nagar,Arunachal Pradesh; Assam; Bihar; East Rajasthan; Gujarat; Haryana; Himachal Pradesh; Jammu and Kashmir; Kerala; Madhya Pradesh; Maharashtra; Odisha; Punjab; Rajasthan; Uttar Pradesh; Uttar pradesh; West Bengal,9,Uttar Pradesh,178,Sant Kabir Nagar,56,186,Sant Kabir Nagar,Uttar Pradesh,186,exact_district_name,CANDIDATE_REQUIRES_VERIFICATION,HISTORICAL_REVIEW_REQUIRED,Exact LGD district name; observed IFI state context is retained separately because the IFI field can be multi-value and historical equivalence is unresolved. Observed IFI state context includes LGD state name. LGD/Census candidate by name; codes are not assumed equivalent.
Santal Pargan,Bihar,,,,,,,,,,none,UNMATCHED_TO_LGD,HISTORICAL_REVIEW_REQUIRED,No exact or normalized LGD district/state candidate.
Saraikela Kharsawan,Jharkhand,20,Jharkhand,341,Saraikela Kharsawan,17,369,Saraikela-kharsawan,Jharkhand,369,exact_district_name,CANDIDATE_REQUIRES_VERIFICATION,HISTORICAL_REVIEW_REQUIRED,Exact LGD district name; observed IFI state context is retained separately because the IFI field can be multi-value and historical equivalence is unresolved. Observed IFI state context includes LGD state name. LGD/Census candidate by name; codes are not assumed equivalent.
Saran,Andhra Pradesh; Assam; Bihar; Gujarat; Haryana; Himachal Pradesh; Jharkhand; Kerala; Madhya Pradesh; Maharashtra; Odisha; Rajasthan; Uttar Pradesh; Uttar pradesh; West Bengal,10,Bihar,218,Saran,17,219,,,,exact_district_name,CANDIDATE_REQUIRES_VERIFICATION,HISTORICAL_REVIEW_REQUIRED,Exact LGD district name; observed IFI state context is retained separately because the IFI field can be multi-value and historical equivalence is unresolved. Observed IFI state context includes LGD state name. LGD district has no exact Census boundary pair.
Satara,Bihar; Gujarat; Madhya Pradesh; Maharashtra; Rajasthan; Telangana; Uttar Pradesh,27,Maharashtra,494,Satara,31,527,Satara,Maharashtra,527,exact_district_name,CANDIDATE_REQUIRES_VERIFICATION,HISTORICAL_REVIEW_REQUIRED,Exact LGD district name; observed IFI state context is retained separately because the IFI field can be multi-value and historical equivalence is unresolved. Observed IFI state context includes LGD state name. LGD/Census candidate by name; codes are not assumed equivalent.
Satna,Andhra Pradesh; Bihar; Gujarat; Haryana; Madhya Pradesh; Maharashtra; Odisha; Punjab; Rajasthan; Uttar Pradesh; West Bengal,23,Madhya Pradesh,426,Satna,13,429,Satna,Madhya Pradesh,429,exact_district_name,CANDIDATE_REQUIRES_VERIFICATION,HISTORICAL_REVIEW_REQUIRED,Exact LGD district name; observed IFI state context is retained separately because the IFI field can be multi-value and historical equivalence is unresolved. Observed IFI state context includes LGD state name. LGD/Census candidate by name; codes are not assumed equivalent.
Sawai Madhopur,Bihar; Gujarat; Haryana; Kerala; Madhya Pradesh; Maharashtra; Odisha; Punjab; Rajasthan; Uttar Pradesh,8,Rajasthan,113,Sawai Madhopur,10,108,Sawai Madhopur,Rajasthan,108,exact_district_name,CANDIDATE_REQUIRES_VERIFICATION,HISTORICAL_REVIEW_REQUIRED,Exact LGD district name; observed IFI state context is retained separately because the IFI field can be multi-value and historical equivalence is unresolved. Observed IFI state context includes LGD state name. LGD/Census candidate by name; codes are not assumed equivalent.
Sehore,Andhra Pradesh; Bihar; Chhattisgarh; Gujarat; Haryana; Madhya Pradesh; Maharashtra; Odisha; Punjab; Rajasthan; Uttar Pradesh; West Bengal,23,Madhya Pradesh,427,Sehore,33,445,Sehore,Madhya Pradesh,445,exact_district_name,CANDIDATE_REQUIRES_VERIFICATION,HISTORICAL_REVIEW_REQUIRED,Exact LGD district name; observed IFI state context is retained separately because the IFI field can be multi-value and historical equivalence is unresolved. Observed IFI state context includes LGD state name. LGD/Census candidate by name; codes are not assumed equivalent.
Senapati,Manipur,14,Manipur,257,Senapati,1,272,Senapati,Manipur,272,exact_district_name,CANDIDATE_REQUIRES_VERIFICATION,HISTORICAL_REVIEW_REQUIRED,Exact LGD district name; observed IFI state context is retained separately because the IFI field can be multi-value and historical equivalence is unresolved. Observed IFI state context includes LGD state name. LGD/Census candidate by name; codes are not assumed equivalent.
Seoni,Andhra Pradesh; Bihar; Chhattisgarh; Gujarat; Haryana; Madhya Pradesh; Maharashtra; Odisha; Punjab; Rajasthan; Uttar Pradesh; West Bengal,23,Madhya Pradesh,428,Seoni,44,456,Seoni,Madhya Pradesh,456,exact_district_name,CANDIDATE_REQUIRES_VERIFICATION,HISTORICAL_REVIEW_REQUIRED,Exact LGD district name; observed IFI state context is retained separately because the IFI field can be multi-value and historical equivalence is unresolved. Observed IFI state context includes LGD state name. LGD/Census candidate by name; codes are not assumed equivalent.
Sepahijala,Tripura,16,Tripura,653,Sepahijala,0,0,,,,exact_district_name,CANDIDATE_REQUIRES_VERIFICATION,HISTORICAL_REVIEW_REQUIRED,Exact LGD district name; observed IFI state context is retained separately because the IFI field can be multi-value and historical equivalence is unresolved. Observed IFI state context includes LGD state name. LGD district has no exact Census boundary pair.
Serchhip,Mizoram,15,Mizoram,268,Serchhip,5,285,Serchhip,Mizoram,285,exact_district_name,CANDIDATE_REQUIRES_VERIFICATION,HISTORICAL_REVIEW_REQUIRED,Exact LGD district name; observed IFI state context is retained separately because the IFI field can be multi-value and historical equivalence is unresolved. Observed IFI state context includes LGD state name. LGD/Census candidate by name; codes are not assumed equivalent.
Shahdara,Delhi; Jammu and Kashmir; Punjab,,,,,,,,,,none,UNMATCHED_TO_LGD,HISTORICAL_REVIEW_REQUIRED,No exact or normalized LGD district/state candidate.
Shahdol,Andhra Pradesh; Bihar; Gujarat; Haryana; Madhya Pradesh; Maharashtra; Odisha; Punjab; Rajasthan; Uttar Pradesh; West Bengal,23,Madhya Pradesh,429,Shahdol,16,460,Shahdol,Madhya Pradesh,460,exact_district_name,CANDIDATE_REQUIRES_VERIFICATION,HISTORICAL_REVIEW_REQUIRED,Exact LGD district name; observed IFI state context is retained separately because the IFI field can be multi-value and historical equivalence is unresolved. Observed IFI state context includes LGD state name. LGD/Census candidate by name; codes are not assumed equivalent.
Shahid Bhagat Singh Nagar,Arunachal Pradesh; Assam; Delhi; Haryana; Jammu and Kashmir; Madhya Pradesh; Punjab; Rajasthan; Uttar Pradesh; West Bengal,3,Punjab,40,Shahid Bhagat Singh Nagar,6,39,Shahid Bhagat Singh Nagar,Punjab,39,exact_district_name,CANDIDATE_REQUIRES_VERIFICATION,HISTORICAL_REVIEW_REQUIRED,Exact LGD district name; observed IFI state context is retained separately because the IFI field can be multi-value and historical equivalence is unresolved. Observed IFI state context includes LGD state name. LGD/Census candidate by name; codes are not assumed equivalent.
Shahjahanpur,Arunachal Pradesh; Assam; Bihar; East Rajasthan; Gujarat; Haryana; Himachal Pradesh; Jammu and Kashmir; Kerala; Madhya Pradesh; Maharashtra; Odisha; Punjab; Rajasthan; Uttar Pradesh; Uttar pradesh; Uttarakhand; West Bengal,9,Uttar Pradesh,180,Shahjahanpur,22,152,Shahjahanpur,Uttar Pradesh,152,exact_district_name,CANDIDATE_REQUIRES_VERIFICATION,HISTORICAL_REVIEW_REQUIRED,Exact LGD district name; observed IFI state context is retained separately because the IFI field can be multi-value and historical equivalence is unresolved. Observed IFI state context includes LGD state name. LGD/Census candidate by name; codes are not assumed equivalent.
Shajapur,Andhra Pradesh; Bihar; Chhattisgarh; Gujarat; Haryana; Madhya Pradesh; Maharashtra; Odisha; Punjab; Rajasthan; Uttar Pradesh; West Bengal,23,Madhya Pradesh,430,Shajapur,22,436,Shajapur,Madhya Pradesh,436,exact_district_name,CANDIDATE_REQUIRES_VERIFICATION,HISTORICAL_REVIEW_REQUIRED,Exact LGD district name; observed IFI state context is retained separately because the IFI field can be multi-value and historical equivalence is unresolved. Observed IFI state context includes LGD state name. LGD/Census candidate by name; codes are not assumed equivalent.
Shamli,Arunachal Pradesh; Assam; Bihar; East Rajasthan; Gujarat; Haryana; Himachal Pradesh; Jammu and Kashmir; Kerala; Madhya Pradesh; Maharashtra; Odisha; Punjab; Rajasthan; Uttar Pradesh; Uttar pradesh; Uttarakhand; West Bengal,9,Uttar Pradesh,660,Shamli,0,0,,,,exact_district_name,CANDIDATE_REQUIRES_VERIFICATION,HISTORICAL_REVIEW_REQUIRED,Exact LGD district name; observed IFI state context is retained separately because the IFI field can be multi-value and historical equivalence is unresolved. Observed IFI state context includes LGD state name. LGD district has no exact Census boundary pair.
Sheikhpura,Andhra Pradesh; Assam; Bihar; Gujarat; Haryana; Himachal Pradesh; Kerala; Madhya Pradesh; Maharashtra; Odisha; Rajasthan; Uttar Pradesh; Uttar pradesh; West Bengal,10,Bihar,219,Sheikhpura,26,228,Sheikhpura,Bihar,228,exact_district_name,CANDIDATE_REQUIRES_VERIFICATION,HISTORICAL_REVIEW_REQUIRED,Exact LGD district name; observed IFI state context is retained separately because the IFI field can be multi-value and historical equivalence is unresolved. Observed IFI state context includes LGD state name. LGD/Census candidate by name; codes are not assumed equivalent.
Sheohar,Andhra Pradesh; Assam; Bihar; Gujarat; Haryana; Himachal Pradesh; Jharkhand; Kerala; Madhya Pradesh; Maharashtra; Odisha; Rajasthan; Uttar Pradesh; Uttar pradesh; West Bengal,10,Bihar,220,Sheohar,3,205,Sheohar,Bihar,205,exact_district_name,CANDIDATE_REQUIRES_VERIFICATION,HISTORICAL_REVIEW_REQUIRED,Exact LGD district name; observed IFI state context is retained separately because the IFI field can be multi-value and historical equivalence is unresolved. Observed IFI state context includes LGD state name. LGD/Census candidate by name; codes are not assumed equivalent.
Sheopur,Andhra Pradesh; Bihar; Gujarat; Haryana; Madhya Pradesh; Maharashtra; Odisha; Punjab; Rajasthan; Uttar Pradesh; West Bengal,23,Madhya Pradesh,431,Sheopur,1,418,Sheopur,Madhya Pradesh,418,exact_district_name,CANDIDATE_REQUIRES_VERIFICATION,HISTORICAL_REVIEW_REQUIRED,Exact LGD district name; observed IFI state context is retained separately because the IFI field can be multi-value and historical equivalence is unresolved. Observed IFI state context includes LGD state name. LGD/Census candidate by name; codes are not assumed equivalent.
Shi Yomi,Arunachal Pradesh; Assam; Jammu and Kashmir; Punjab; Uttar Pradesh,12,Arunachal Pradesh,725,Shi Yomi,0,0,,,,exact_district_name,CANDIDATE_REQUIRES_VERIFICATION,HISTORICAL_REVIEW_REQUIRED,Exact LGD district name; observed IFI state context is retained separately because the IFI field can be multi-value and historical equivalence is unresolved. Observed IFI state context includes LGD state name. LGD district has no exact Census boundary pair.
Shimla,Bihar; Himachal Pradesh; Uttar Pradesh; West Bengal,2,Himachal Pradesh,23,Shimla,11,33,Shimla,Himachal Pradesh,33,exact_district_name,CANDIDATE_REQUIRES_VERIFICATION,HISTORICAL_REVIEW_REQUIRED,Exact LGD district name; observed IFI state context is retained separately because the IFI field can be multi-value and historical equivalence is unresolved. Observed IFI state context includes LGD state name. LGD/Census candidate by name; codes are not assumed equivalent.
Shivamogga,Karnataka; Kerala,29,Karnataka,547,Shivamogga,15,568,,,,exact_district_name,CANDIDATE_REQUIRES_VERIFICATION,HISTORICAL_REVIEW_REQUIRED,Exact LGD district name; observed IFI state context is retained separately because the IFI field can be multi-value and historical equivalence is unresolved. Observed IFI state context includes LGD state name. LGD district has no exact Census boundary pair.
Shivpuri,Andhra Pradesh; Bihar; Chhattisgarh; Gujarat; Haryana; Madhya Pradesh; Maharashtra; Odisha; Punjab; Rajasthan; Uttar Pradesh; West Bengal,23,Madhya Pradesh,432,Shivpuri,6,423,Shivpuri,Madhya Pradesh,423,exact_district_name,CANDIDATE_REQUIRES_VERIFICATION,HISTORICAL_REVIEW_REQUIRED,Exact LGD district name; observed IFI state context is retained separately because the IFI field can be multi-value and historical equivalence is unresolved. Observed IFI state context includes LGD state name. LGD/Census candidate by name; codes are not assumed equivalent.
Shopian,Arunachal Pradesh; Assam; Delhi; Jammu & Kashmir; Jammu and Kashmir; Punjab; Uttar Pradesh,1,Jammu And Kashmir,625,Shopian,0,13,,,,exact_district_name,CANDIDATE_REQUIRES_VERIFICATION,HISTORICAL_REVIEW_REQUIRED,Exact LGD district name; observed IFI state context is retained separately because the IFI field can be multi-value and historical equivalence is unresolved. Observed IFI state context does not uniquely confirm LGD state name; manual review required. LGD district has no exact Census boundary pair.
Shrawasti,Uttar Pradesh,9,Uttar Pradesh,181,Shrawasti,51,181,Shrawasti,Uttar Pradesh,181,exact_district_name,CANDIDATE_REQUIRES_VERIFICATION,HISTORICAL_REVIEW_REQUIRED,Exact LGD district name; observed IFI state context is retained separately because the IFI field can be multi-value and historical equivalence is unresolved. Observed IFI state context includes LGD state name. LGD/Census candidate by name; codes are not assumed equivalent.
Siaha,Mizoram,15,Mizoram,267,Siaha,8,288,,,,exact_district_name,CANDIDATE_REQUIRES_VERIFICATION,HISTORICAL_REVIEW_REQUIRED,Exact LGD district name; observed IFI state context is retained separately because the IFI field can be multi-value and historical equivalence is unresolved. Observed IFI state context includes LGD state name. LGD district has no exact Census boundary pair.
Siang,Arunachal Pradesh; Assam; Jammu and Kashmir; Meghalaya; Punjab; Uttar Pradesh,12,Arunachal Pradesh,679,Siang,0,0,,,,exact_district_name,CANDIDATE_REQUIRES_VERIFICATION,HISTORICAL_REVIEW_REQUIRED,Exact LGD district name; observed IFI state context is retained separately because the IFI field can be multi-value and historical equivalence is unresolved. Observed IFI state context includes LGD state name. LGD district has no exact Census boundary pair.
Siddharthnagar,Arunachal Pradesh; Assam; Bihar; East Rajasthan; Gujarat; Haryana; Himachal Pradesh; Jammu and Kashmir; Kerala; Madhya Pradesh; Maharashtra; Odisha; Punjab; Rajasthan; Uttar Pradesh; Uttar pradesh; West Bengal,9,Uttar Pradesh,182,Siddharthnagar,54,184,Siddharth Nagar,Uttar Pradesh,184,exact_district_name,CANDIDATE_REQUIRES_VERIFICATION,HISTORICAL_REVIEW_REQUIRED,Exact LGD district name; observed IFI state context is retained separately because the IFI field can be multi-value and historical equivalence is unresolved. Observed IFI state context includes LGD state name. LGD/Census candidate by name; codes are not assumed equivalent.
Siddipet,Andhra Pradesh; Maharashtra; Telangana,36,Telangana,692,Siddipet,0,0,,,,exact_district_name,CANDIDATE_REQUIRES_VERIFICATION,HISTORICAL_REVIEW_REQUIRED,Exact LGD district name; observed IFI state context is retained separately because the IFI field can be multi-value and historical equivalence is unresolved. Observed IFI state context includes LGD state name. LGD district has no exact Census boundary pair.
Sidhi,Andhra Pradesh; Bihar; Gujarat; Haryana; Madhya Pradesh; Maharashtra; Odisha; Punjab; Rajasthan; Uttar Pradesh; West Bengal,23,Madhya Pradesh,433,Sidhi,17,462,Sidhi,Madhya Pradesh,462,exact_district_name,CANDIDATE_REQUIRES_VERIFICATION,HISTORICAL_REVIEW_REQUIRED,Exact LGD district name; observed IFI state context is retained separately because the IFI field can be multi-value and historical equivalence is unresolved. Observed IFI state context includes LGD state name. LGD/Census candidate by name; codes are not assumed equivalent.
Sikar,Bihar; Gujarat; Haryana; Kerala; Madhya Pradesh; Maharashtra; Odisha; Punjab; Rajasthan; Uttar Pradesh,8,Rajasthan,114,Sikar,13,111,Sikar,Rajasthan,111,exact_district_name,CANDIDATE_REQUIRES_VERIFICATION,HISTORICAL_REVIEW_REQUIRED,Exact LGD district name; observed IFI state context is retained separately because the IFI field can be multi-value and historical equivalence is unresolved. Observed IFI state context includes LGD state name. LGD/Census candidate by name; codes are not assumed equivalent.
Silchar,Arunachal Pradesh; Assam; Manipur; Tripura,,,,,,,,,,none,UNMATCHED_TO_LGD,HISTORICAL_REVIEW_REQUIRED,No exact or normalized LGD district/state candidate.
Siliguri,West Bengal,,,,,,,,,,none,UNMATCHED_TO_LGD,HISTORICAL_REVIEW_REQUIRED,No exact or normalized LGD district/state candidate.
Simdega,Jharkhand,20,Jharkhand,342,Simdega,21,367,Simdega,Jharkhand,367,exact_district_name,CANDIDATE_REQUIRES_VERIFICATION,HISTORICAL_REVIEW_REQUIRED,Exact LGD district name; observed IFI state context is retained separately because the IFI field can be multi-value and historical equivalence is unresolved. Observed IFI state context includes LGD state name. LGD/Census candidate by name; codes are not assumed equivalent.
Sindhudurg,Bihar; Gujarat; Madhya Pradesh; Maharashtra; Rajasthan; Telangana; Uttar Pradesh,27,Maharashtra,495,Sindhudurg,33,529,Sindhudurg,Maharashtra,529,exact_district_name,CANDIDATE_REQUIRES_VERIFICATION,HISTORICAL_REVIEW_REQUIRED,Exact LGD district name; observed IFI state context is retained separately because the IFI field can be multi-value and historical equivalence is unresolved. Observed IFI state context includes LGD state name. LGD/Census candidate by name; codes are not assumed equivalent.
Singrauli,Andhra Pradesh; Bihar; Gujarat; Haryana; Madhya Pradesh; Maharashtra; Odisha; Punjab; Rajasthan; Uttar Pradesh; West Bengal,23,Madhya Pradesh,638,Singrauli,0,463,Singrauli,Madhya Pradesh,463,exact_district_name,CANDIDATE_REQUIRES_VERIFICATION,HISTORICAL_REVIEW_REQUIRED,Exact LGD district name; observed IFI state context is retained separately because the IFI field can be multi-value and historical equivalence is unresolved. Observed IFI state context includes LGD state name. LGD/Census candidate by name; codes are not assumed equivalent.
Sirmaur,Himachal Pradesh; Uttar Pradesh,2,Himachal Pradesh,24,Sirmaur,10,32,Sirmaur,Himachal Pradesh,32,exact_district_name,CANDIDATE_REQUIRES_VERIFICATION,HISTORICAL_REVIEW_REQUIRED,Exact LGD district name; observed IFI state context is retained separately because the IFI field can be multi-value and historical equivalence is unresolved. Observed IFI state context includes LGD state name. LGD/Census candidate by name; codes are not assumed equivalent.
Sirohi,Bihar; Gujarat; Haryana; Kerala; Madhya Pradesh; Maharashtra; Odisha; Punjab; Rajasthan; Uttar Pradesh,8,Rajasthan,115,Sirohi,19,117,Sirohi,Rajasthan,117,exact_district_name,CANDIDATE_REQUIRES_VERIFICATION,HISTORICAL_REVIEW_REQUIRED,Exact LGD district name; observed IFI state context is retained separately because the IFI field can be multi-value and historical equivalence is unresolved. Observed IFI state context includes LGD state name. LGD/Census candidate by name; codes are not assumed equivalent.
Sirsa,Bihar; Haryana; Kerala; Madhya Pradesh; Odisha; Punjab; Rajasthan; Uttar Pradesh; West Bengal,6,Haryana,74,Sirsa,11,79,Sirsa,Haryana,79,exact_district_name,CANDIDATE_REQUIRES_VERIFICATION,HISTORICAL_REVIEW_REQUIRED,Exact LGD district name; observed IFI state context is retained separately because the IFI field can be multi-value and historical equivalence is unresolved. Observed IFI state context includes LGD state name. LGD/Census candidate by name; codes are not assumed equivalent.
Sitamarhi,Andhra Pradesh; Assam; Bihar; Gujarat; Haryana; Himachal Pradesh; Jharkhand; Kerala; Madhya Pradesh; Maharashtra; Odisha; Rajasthan; Uttar Pradesh; Uttar pradesh; West Bengal,10,Bihar,221,Sitamarhi,4,206,Sitamarhi,Bihar,206,exact_district_name,CANDIDATE_REQUIRES_VERIFICATION,HISTORICAL_REVIEW_REQUIRED,Exact LGD district name; observed IFI state context is retained separately because the IFI field can be multi-value and historical equivalence is unresolved. Observed IFI state context includes LGD state name. LGD/Census candidate by name; codes are not assumed equivalent.
Sitapur,Arunachal Pradesh; Assam; Bihar; East Rajasthan; Gujarat; Haryana; Himachal Pradesh; Jammu and Kashmir; Kerala; Madhya Pradesh; Maharashtra; Odisha; Punjab; Rajasthan; Uttar Pradesh; Uttar pradesh; Uttarakhand; West Bengal,9,Uttar Pradesh,183,Sitapur,24,154,Sitapur,Uttar Pradesh,154,exact_district_name,CANDIDATE_REQUIRES_VERIFICATION,HISTORICAL_REVIEW_REQUIRED,Exact LGD district name; observed IFI state context is retained separately because the IFI field can be multi-value and historical equivalence is unresolved. Observed IFI state context includes LGD state name. LGD/Census candidate by name; codes are not assumed equivalent.
Sivaganga,Tamil Nadu,33,Tamil Nadu,585,Sivaganga,23,622,Sivaganga,Tamil Nadu,622,exact_district_name,CANDIDATE_REQUIRES_VERIFICATION,HISTORICAL_REVIEW_REQUIRED,Exact LGD district name; observed IFI state context is retained separately because the IFI field can be multi-value and historical equivalence is unresolved. Observed IFI state context includes LGD state name. LGD/Census candidate by name; codes are not assumed equivalent.
Sivasagar,Arunachal Pradesh; Assam; Bihar; Jammu and Kashmir; Kerala; Manipur; Odisha; Punjab; Uttar Pradesh; West Bengal,18,Assam,300,Sivasagar,16,311,Sivasagar,Assam,311,exact_district_name,CANDIDATE_REQUIRES_VERIFICATION,HISTORICAL_REVIEW_REQUIRED,Exact LGD district name; observed IFI state context is retained separately because the IFI field can be multi-value and historical equivalence is unresolved. Observed IFI state context includes LGD state name. LGD/Census candidate by name; codes are not assumed equivalent.
Sivasagar amd Sonitpur,Assam,,,,,,,,,,none,UNMATCHED_TO_LGD,HISTORICAL_REVIEW_REQUIRED,No exact or normalized LGD district/state candidate.
Siwan,Andhra Pradesh; Assam; Bihar; Gujarat; Haryana; Himachal Pradesh; Jharkhand; Kerala; Madhya Pradesh; Maharashtra; Odisha; Rajasthan; Uttar Pradesh; Uttar pradesh; West Bengal,10,Bihar,222,Siwan,16,218,Siwan,Bihar,218,exact_district_name,CANDIDATE_REQUIRES_VERIFICATION,HISTORICAL_REVIEW_REQUIRED,Exact LGD district name; observed IFI state context is retained separately because the IFI field can be multi-value and historical equivalence is unresolved. Observed IFI state context includes LGD state name. LGD/Census candidate by name; codes are not assumed equivalent.
Solan,Himachal Pradesh; Uttar Pradesh,2,Himachal Pradesh,25,Solan,9,31,Solan,Himachal Pradesh,31,exact_district_name,CANDIDATE_REQUIRES_VERIFICATION,HISTORICAL_REVIEW_REQUIRED,Exact LGD district name; observed IFI state context is retained separately because the IFI field can be multi-value and historical equivalence is unresolved. Observed IFI state context includes LGD state name. LGD/Census candidate by name; codes are not assumed equivalent.
Solapur,Bihar; Gujarat; Madhya Pradesh; Maharashtra; Rajasthan; Telangana; Uttar Pradesh,27,Maharashtra,496,Solapur,30,526,Solapur,Maharashtra,526,exact_district_name,CANDIDATE_REQUIRES_VERIFICATION,HISTORICAL_REVIEW_REQUIRED,Exact LGD district name; observed IFI state context is retained separately because the IFI field can be multi-value and historical equivalence is unresolved. Observed IFI state context includes LGD state name. LGD/Census candidate by name; codes are not assumed equivalent.
Some districts of Punjab,Punjab,,,,,,,,,,none,UNMATCHED_TO_LGD,HISTORICAL_REVIEW_REQUIRED,No exact or normalized LGD district/state candidate.
Some parts,Andhra Pradesh; Goa; Gujarat; Haryana; Nagaland; Rajasthan,,,,,,,,,,none,UNMATCHED_TO_LGD,HISTORICAL_REVIEW_REQUIRED,No exact or normalized LGD district/state candidate.
Sonbhadra,Arunachal Pradesh; Assam; Bihar; East Rajasthan; Gujarat; Haryana; Himachal Pradesh; Jammu and Kashmir; Kerala; Madhya Pradesh; Maharashtra; Odisha; Punjab; Rajasthan; Uttar Pradesh; Uttar pradesh; West Bengal,9,Uttar Pradesh,184,Sonbhadra,70,200,Sonbhadra,Uttar Pradesh,200,exact_district_name,CANDIDATE_REQUIRES_VERIFICATION,HISTORICAL_REVIEW_REQUIRED,Exact LGD district name; observed IFI state context is retained separately because the IFI field can be multi-value and historical equivalence is unresolved. Observed IFI state context includes LGD state name. LGD/Census candidate by name; codes are not assumed equivalent.
Sonipat,Bihar; Haryana; Kerala; Madhya Pradesh; Odisha; Punjab; Rajasthan; Uttar Pradesh; West Bengal,6,Haryana,75,Sonipat,8,76,Sonipat,Haryana,76,exact_district_name,CANDIDATE_REQUIRES_VERIFICATION,HISTORICAL_REVIEW_REQUIRED,Exact LGD district name; observed IFI state context is retained separately because the IFI field can be multi-value and historical equivalence is unresolved. Observed IFI state context includes LGD state name. LGD/Census candidate by name; codes are not assumed equivalent.
Sonitpur,Arunachal Pradesh; Assam; Bihar; Jammu and Kashmir; Kerala; Odisha; Punjab; Uttar Pradesh; West Bengal,18,Assam,301,Sonitpur,11,306,Sonitpur,Assam,306,exact_district_name,CANDIDATE_REQUIRES_VERIFICATION,HISTORICAL_REVIEW_REQUIRED,Exact LGD district name; observed IFI state context is retained separately because the IFI field can be multi-value and historical equivalence is unresolved. Observed IFI state context includes LGD state name. LGD/Census candidate by name; codes are not assumed equivalent.
South,Delhi; Jammu and Kashmir; Punjab,7,Delhi,83,South,9,98,South,NCT of Delhi,98,exact_district_name,CANDIDATE_REQUIRES_VERIFICATION,HISTORICAL_REVIEW_REQUIRED,Exact LGD district name; observed IFI state context is retained separately because the IFI field can be multi-value and historical equivalence is unresolved. Observed IFI state context includes LGD state name. LGD/Census candidate by name; codes are not assumed equivalent.
South,Delhi; Jammu and Kashmir; Punjab,7,Delhi,83,South,9,98,South,Sikkim,243,exact_district_name,CANDIDATE_REQUIRES_VERIFICATION,HISTORICAL_REVIEW_REQUIRED,Exact LGD district name; observed IFI state context is retained separately because the IFI field can be multi-value and historical equivalence is unresolved. Observed IFI state context includes LGD state name. LGD/Census candidate by name; codes are not assumed equivalent.
South 24 Parganas,Assam; Bihar; Haryana; Himachal Pradesh; Kerala; Madhya Pradesh; Odisha; Punjab; Uttar Pradesh; Uttar pradesh; West Bengal,19,West Bengal,304,South 24 Parganas,18,343,South 24 Parganas,West Bengal,343,exact_district_name,CANDIDATE_REQUIRES_VERIFICATION,HISTORICAL_REVIEW_REQUIRED,Exact LGD district name; observed IFI state context is retained separately because the IFI field can be multi-value and historical equivalence is unresolved. Observed IFI state context includes LGD state name. LGD/Census candidate by name; codes are not assumed equivalent.
South 24 Parganas*,Andhra Pradesh; Assam; Bihar; Odisha; West Bengal,19,West Bengal,304,South 24 Parganas,18,343,South 24 Parganas,West Bengal,343,normalized_district_name,NORMALIZED_REQUIRES_VERIFICATION,HISTORICAL_REVIEW_REQUIRED,Transparent normalization only; state and historical identity require manual review. Observed IFI state context includes LGD state name. LGD/Census candidate by name; codes are not assumed equivalent.
South Andamans,Andaman & Nicobar Islands,35,Andaman And Nicobar Islands,602,South Andamans,1,640,,,,exact_district_name,CANDIDATE_REQUIRES_VERIFICATION,HISTORICAL_REVIEW_REQUIRED,Exact LGD district name; observed IFI state context is retained separately because the IFI field can be multi-value and historical equivalence is unresolved. Observed IFI state context does not uniquely confirm LGD state name; manual review required. LGD district has no exact Census boundary pair.
South Assam,Assam,,,,,,,,,,none,UNMATCHED_TO_LGD,HISTORICAL_REVIEW_REQUIRED,No exact or normalized LGD district/state candidate.
South East,Delhi; Jammu and Kashmir; Punjab,7,Delhi,670,South East,0,0,,,,exact_district_name,CANDIDATE_REQUIRES_VERIFICATION,HISTORICAL_REVIEW_REQUIRED,Exact LGD district name; observed IFI state context is retained separately because the IFI field can be multi-value and historical equivalence is unresolved. Observed IFI state context includes LGD state name. LGD district has no exact Census boundary pair.
South Garo Hills,Meghalaya,17,Meghalaya,277,South Garo Hills,3,295,South Garo Hills,Meghalaya,295,exact_district_name,CANDIDATE_REQUIRES_VERIFICATION,HISTORICAL_REVIEW_REQUIRED,Exact LGD district name; observed IFI state context is retained separately because the IFI field can be multi-value and historical equivalence is unresolved. Observed IFI state context includes LGD state name. LGD/Census candidate by name; codes are not assumed equivalent.
South Goa,Goa,30,Goa,552,South Goa,2,586,South Goa,Goa,586,exact_district_name,CANDIDATE_REQUIRES_VERIFICATION,HISTORICAL_REVIEW_REQUIRED,Exact LGD district name; observed IFI state context is retained separately because the IFI field can be multi-value and historical equivalence is unresolved. Observed IFI state context includes LGD state name. LGD/Census candidate by name; codes are not assumed equivalent.
South Gujarat,Maharashtra,,,,,,,,,,none,UNMATCHED_TO_LGD,HISTORICAL_REVIEW_REQUIRED,No exact or normalized LGD district/state candidate.
South Kashmir,Jammu and Kashmir,,,,,,,,,,none,UNMATCHED_TO_LGD,HISTORICAL_REVIEW_REQUIRED,No exact or normalized LGD district/state candidate.
South Salmara Mancachar,Arunachal Pradesh; Assam; Bihar; Jammu and Kashmir; Kerala; Odisha; Punjab; Uttar Pradesh; West Bengal,18,Assam,707,South Salmara Mancachar,0,0,,,,exact_district_name,CANDIDATE_REQUIRES_VERIFICATION,HISTORICAL_REVIEW_REQUIRED,Exact LGD district name; observed IFI state context is retained separately because the IFI field can be multi-value and historical equivalence is unresolved. Observed IFI state context includes LGD state name. LGD district has no exact Census boundary pair.
South Salmara Mancachar - Mankachar,Assam,,,,,,,,,,none,UNMATCHED_TO_LGD,HISTORICAL_REVIEW_REQUIRED,No exact or normalized LGD district/state candidate.
South Salmara Mancachar- Mankachar,Assam,,,,,,,,,,none,UNMATCHED_TO_LGD,HISTORICAL_REVIEW_REQUIRED,No exact or normalized LGD district/state candidate.
South Tripura,Tamil Nadu; Tripura,16,Tripura,271,South Tripura,2,290,South Tripura,Tripura,290,exact_district_name,CANDIDATE_REQUIRES_VERIFICATION,HISTORICAL_REVIEW_REQUIRED,Exact LGD district name; observed IFI state context is retained separately because the IFI field can be multi-value and historical equivalence is unresolved. Observed IFI state context includes LGD state name. LGD/Census candidate by name; codes are not assumed equivalent.
South West,Delhi; Jammu and Kashmir; Punjab,7,Delhi,84,South West,8,97,South West,NCT of Delhi,97,exact_district_name,CANDIDATE_REQUIRES_VERIFICATION,HISTORICAL_REVIEW_REQUIRED,Exact LGD district name; observed IFI state context is retained separately because the IFI field can be multi-value and historical equivalence is unresolved. Observed IFI state context includes LGD state name. LGD/Census candidate by name; codes are not assumed equivalent.
South West Garo Hills,Meghalaya,17,Meghalaya,663,South West Garo Hills,0,0,,,,exact_district_name,CANDIDATE_REQUIRES_VERIFICATION,HISTORICAL_REVIEW_REQUIRED,Exact LGD district name; observed IFI state context is retained separately because the IFI field can be multi-value and historical equivalence is unresolved. Observed IFI state context includes LGD state name. LGD district has no exact Census boundary pair.
South West Khasi Hills,Meghalaya,17,Meghalaya,658,South West Khasi Hills,0,0,,,,exact_district_name,CANDIDATE_REQUIRES_VERIFICATION,HISTORICAL_REVIEW_REQUIRED,Exact LGD district name; observed IFI state context is retained separately because the IFI field can be multi-value and historical equivalence is unresolved. Observed IFI state context includes LGD state name. LGD district has no exact Census boundary pair.
Southern parts,Kerala; West Bengal,,,,,,,,,,none,UNMATCHED_TO_LGD,HISTORICAL_REVIEW_REQUIRED,No exact or normalized LGD district/state candidate.
Sri Muktsar Sahib,Punjab,3,Punjab,39,Sri Muktsar Sahib,12,44,,,,exact_district_name,CANDIDATE_REQUIRES_VERIFICATION,HISTORICAL_REVIEW_REQUIRED,Exact LGD district name; observed IFI state context is retained separately because the IFI field can be multi-value and historical equivalence is unresolved. Observed IFI state context includes LGD state name. LGD district has no exact Census boundary pair.
Sri Potti Sriramulu Nellore,Andhra Pradesh; Madhya Pradesh,28,Andhra Pradesh,515,Sri Potti Sriramulu Nellore,19,550,Sri Potti Sriramulu Nellore,Andhra Pradesh,550,exact_district_name,CANDIDATE_REQUIRES_VERIFICATION,HISTORICAL_REVIEW_REQUIRED,Exact LGD district name; observed IFI state context is retained separately because the IFI field can be multi-value and historical equivalence is unresolved. Observed IFI state context includes LGD state name. LGD/Census candidate by name; codes are not assumed equivalent.
Sri Sri Muktsar Sahib Sahib,Arunachal Pradesh; Assam; Delhi; Haryana; Jammu and Kashmir; Madhya Pradesh; Punjab; Rajasthan; Uttar Pradesh; West Bengal,,,,,,,,,,none,UNMATCHED_TO_LGD,HISTORICAL_REVIEW_REQUIRED,No exact or normalized LGD district/state candidate.
Srikakulam,Andhra Pradesh; Karnataka; Madhya Pradesh,28,Andhra Pradesh,519,Srikakulam,11,542,Srikakulam,Andhra Pradesh,542,exact_district_name,CANDIDATE_REQUIRES_VERIFICATION,HISTORICAL_REVIEW_REQUIRED,Exact LGD district name; observed IFI state context is retained separately because the IFI field can be multi-value and historical equivalence is unresolved. Observed IFI state context includes LGD state name. LGD/Census candidate by name; codes are not assumed equivalent.
Srinagar,Arunachal Pradesh; Assam; Delhi; Jammu & Kashmir; Jammu and Kashmir; Punjab; Uttar Pradesh,1,Jammu And Kashmir,13,Srinagar,3,10,Srinagar,Jammu & Kashmir,10,exact_district_name,CANDIDATE_REQUIRES_VERIFICATION,HISTORICAL_REVIEW_REQUIRED,Exact LGD district name; observed IFI state context is retained separately because the IFI field can be multi-value and historical equivalence is unresolved. Observed IFI state context does not uniquely confirm LGD state name; manual review required. LGD/Census candidate by name; codes are not assumed equivalent.
Subarnapur,Andhra Pradesh; Assam; Bihar; Haryana; Madhya Pradesh; Odisha; Rajasthan; Uttar Pradesh; West Bengal,21,Odisha,372,Subarnapur,23,392,Subarnapur,Odisha,392,exact_district_name,CANDIDATE_REQUIRES_VERIFICATION,HISTORICAL_REVIEW_REQUIRED,Exact LGD district name; observed IFI state context is retained separately because the IFI field can be multi-value and historical equivalence is unresolved. Observed IFI state context includes LGD state name. LGD/Census candidate by name; codes are not assumed equivalent.
Suburbans,Madras,,,,,,,,,,none,UNMATCHED_TO_LGD,HISTORICAL_REVIEW_REQUIRED,No exact or normalized LGD district/state candidate.
Sukma,Chhattisgarh,22,Chhattisgarh,642,Sukma,0,0,,,,exact_district_name,CANDIDATE_REQUIRES_VERIFICATION,HISTORICAL_REVIEW_REQUIRED,Exact LGD district name; observed IFI state context is retained separately because the IFI field can be multi-value and historical equivalence is unresolved. Observed IFI state context includes LGD state name. LGD district has no exact Census boundary pair.
Sultanpur,Arunachal Pradesh; Assam; Bihar; East Rajasthan; Gujarat; Haryana; Himachal Pradesh; Jammu and Kashmir; Kerala; Madhya Pradesh; Maharashtra; Odisha; Punjab; Rajasthan; Uttar Pradesh; Uttar pradesh; Uttarakhand; West Bengal,9,Uttar Pradesh,185,Sultanpur,49,179,Sultanpur,Uttar Pradesh,179,exact_district_name,CANDIDATE_REQUIRES_VERIFICATION,HISTORICAL_REVIEW_REQUIRED,Exact LGD district name; observed IFI state context is retained separately because the IFI field can be multi-value and historical equivalence is unresolved. Observed IFI state context includes LGD state name. LGD/Census candidate by name; codes are not assumed equivalent.
Sundargarh,Andhra Pradesh; Assam; Bihar; Haryana; Madhya Pradesh; Odisha; Rajasthan; Uttar Pradesh; West Bengal,,,,,,,,,,none,UNMATCHED_TO_LGD,HISTORICAL_REVIEW_REQUIRED,No exact or normalized LGD district/state candidate.
Supaul,Andhra Pradesh; Assam; Bihar; Gujarat; Haryana; Himachal Pradesh; Jharkhand; Kerala; Madhya Pradesh; Maharashtra; Odisha; Rajasthan; Uttar Pradesh; Uttar pradesh; West Bengal,10,Bihar,223,Supaul,6,208,Supaul,Bihar,208,exact_district_name,CANDIDATE_REQUIRES_VERIFICATION,HISTORICAL_REVIEW_REQUIRED,Exact LGD district name; observed IFI state context is retained separately because the IFI field can be multi-value and historical equivalence is unresolved. Observed IFI state context includes LGD state name. LGD/Census candidate by name; codes are not assumed equivalent.
Surat,Bihar; Gujarat; Madhya Pradesh; Maharashtra; Rajasthan; Uttar Pradesh,24,Gujarat,459,Surat,22,492,Surat,Gujarat,492,exact_district_name,CANDIDATE_REQUIRES_VERIFICATION,HISTORICAL_REVIEW_REQUIRED,Exact LGD district name; observed IFI state context is retained separately because the IFI field can be multi-value and historical equivalence is unresolved. Observed IFI state context includes LGD state name. LGD/Census candidate by name; codes are not assumed equivalent.
Surendranagar,Bihar; Gujarat; Karnataka; Madhya Pradesh; Maharashtra; Rajasthan; Uttar Pradesh,24,Gujarat,460,Surendranagar,8,475,Surendranagar,Gujarat,475,exact_district_name,CANDIDATE_REQUIRES_VERIFICATION,HISTORICAL_REVIEW_REQUIRED,Exact LGD district name; observed IFI state context is retained separately because the IFI field can be multi-value and historical equivalence is unresolved. Observed IFI state context includes LGD state name. LGD/Census candidate by name; codes are not assumed equivalent.
Surguja,Chhattisgarh,22,Chhattisgarh,389,Surguja,2,401,Surguja,Chhattisgarh,401,exact_district_name,CANDIDATE_REQUIRES_VERIFICATION,HISTORICAL_REVIEW_REQUIRED,Exact LGD district name; observed IFI state context is retained separately because the IFI field can be multi-value and historical equivalence is unresolved. Observed IFI state context includes LGD state name. LGD/Census candidate by name; codes are not assumed equivalent.
Suryapet,Andhra Pradesh; Maharashtra; Telangana,36,Telangana,696,Suryapet,0,0,,,,exact_district_name,CANDIDATE_REQUIRES_VERIFICATION,HISTORICAL_REVIEW_REQUIRED,Exact LGD district name; observed IFI state context is retained separately because the IFI field can be multi-value and historical equivalence is unresolved. Observed IFI state context includes LGD state name. LGD district has no exact Census boundary pair.
Tamenglong,Manipur,14,Manipur,258,Tamenglong,2,273,Tamenglong,Manipur,273,exact_district_name,CANDIDATE_REQUIRES_VERIFICATION,HISTORICAL_REVIEW_REQUIRED,Exact LGD district name; observed IFI state context is retained separately because the IFI field can be multi-value and historical equivalence is unresolved. Observed IFI state context includes LGD state name. LGD/Census candidate by name; codes are not assumed equivalent.
Tapi,Bihar; Gujarat; Madhya Pradesh; Maharashtra; Rajasthan; Uttar Pradesh,24,Gujarat,641,Tapi,0,493,Tapi,Gujarat,493,exact_district_name,CANDIDATE_REQUIRES_VERIFICATION,HISTORICAL_REVIEW_REQUIRED,Exact LGD district name; observed IFI state context is retained separately because the IFI field can be multi-value and historical equivalence is unresolved. Observed IFI state context includes LGD state name. LGD/Census candidate by name; codes are not assumed equivalent.
Tarn Taran,Arunachal Pradesh; Assam; Delhi; Haryana; Jammu and Kashmir; Madhya Pradesh; Punjab; Rajasthan; Uttar Pradesh; West Bengal,3,Punjab,609,Tarn Taran,0,50,Tarn Taran,Punjab,50,exact_district_name,CANDIDATE_REQUIRES_VERIFICATION,HISTORICAL_REVIEW_REQUIRED,Exact LGD district name; observed IFI state context is retained separately because the IFI field can be multi-value and historical equivalence is unresolved. Observed IFI state context includes LGD state name. LGD/Census candidate by name; codes are not assumed equivalent.
Tawang,Arunachal Pradesh; Assam; Jammu and Kashmir; Punjab; Uttar Pradesh,12,Arunachal Pradesh,238,Tawang,1,245,Tawang,Arunanchal Pradesh,245,exact_district_name,CANDIDATE_REQUIRES_VERIFICATION,HISTORICAL_REVIEW_REQUIRED,Exact LGD district name; observed IFI state context is retained separately because the IFI field can be multi-value and historical equivalence is unresolved. Observed IFI state context includes LGD state name. LGD/Census candidate by name; codes are not assumed equivalent.
Tehri Garhwal,Uttar Pradesh; Uttarakhand,5,Uttarakhand,55,Tehri Garhwal,4,59,Tehri Garhwal,Uttarakhand,59,exact_district_name,CANDIDATE_REQUIRES_VERIFICATION,HISTORICAL_REVIEW_REQUIRED,Exact LGD district name; observed IFI state context is retained separately because the IFI field can be multi-value and historical equivalence is unresolved. Observed IFI state context includes LGD state name. LGD/Census candidate by name; codes are not assumed equivalent.
Tengnoupal,Manipur,14,Manipur,716,Tengnoupal,0,0,,,,exact_district_name,CANDIDATE_REQUIRES_VERIFICATION,HISTORICAL_REVIEW_REQUIRED,Exact LGD district name; observed IFI state context is retained separately because the IFI field can be multi-value and historical equivalence is unresolved. Observed IFI state context includes LGD state name. LGD district has no exact Census boundary pair.
Tenkasi,Tamil Nadu,33,Tamil Nadu,733,Tenkasi,0,0,,,,exact_district_name,CANDIDATE_REQUIRES_VERIFICATION,HISTORICAL_REVIEW_REQUIRED,Exact LGD district name; observed IFI state context is retained separately because the IFI field can be multi-value and historical equivalence is unresolved. Observed IFI state context includes LGD state name. LGD district has no exact Census boundary pair.
Thane,Bihar; Gujarat; Madhya Pradesh; Maharashtra; Rajasthan; Telangana; Uttar Pradesh,27,Maharashtra,497,Thane,21,517,Thane,Maharashtra,517,exact_district_name,CANDIDATE_REQUIRES_VERIFICATION,HISTORICAL_REVIEW_REQUIRED,Exact LGD district name; observed IFI state context is retained separately because the IFI field can be multi-value and historical equivalence is unresolved. Observed IFI state context includes LGD state name. LGD/Census candidate by name; codes are not assumed equivalent.
Thanjavur,Tamil Nadu,33,Tamil Nadu,586,Thanjavur,21,620,Thanjavur,Tamil Nadu,620,exact_district_name,CANDIDATE_REQUIRES_VERIFICATION,HISTORICAL_REVIEW_REQUIRED,Exact LGD district name; observed IFI state context is retained separately because the IFI field can be multi-value and historical equivalence is unresolved. Observed IFI state context includes LGD state name. LGD/Census candidate by name; codes are not assumed equivalent.
The Dangs,Gujarat,,,,,,,,,,none,UNMATCHED_TO_LGD,HISTORICAL_REVIEW_REQUIRED,No exact or normalized LGD district/state candidate.
The Nilgiris,Tamil Nadu,33,Tamil Nadu,587,The Nilgiris,11,611,The Nilgiris,Tamil Nadu,611,exact_district_name,CANDIDATE_REQUIRES_VERIFICATION,HISTORICAL_REVIEW_REQUIRED,Exact LGD district name; observed IFI state context is retained separately because the IFI field can be multi-value and historical equivalence is unresolved. Observed IFI state context includes LGD state name. LGD/Census candidate by name; codes are not assumed equivalent.
Theni,Tamil Nadu,33,Tamil Nadu,588,Theni,25,624,Theni,Tamil Nadu,624,exact_district_name,CANDIDATE_REQUIRES_VERIFICATION,HISTORICAL_REVIEW_REQUIRED,Exact LGD district name; observed IFI state context is retained separately because the IFI field can be multi-value and historical equivalence is unresolved. Observed IFI state context includes LGD state name. LGD/Census candidate by name; codes are not assumed equivalent.
Thiruvallur,Tamil Nadu,33,Tamil Nadu,589,Thiruvallur,1,602,Thiruvallur,Tamil Nadu,602,exact_district_name,CANDIDATE_REQUIRES_VERIFICATION,HISTORICAL_REVIEW_REQUIRED,Exact LGD district name; observed IFI state context is retained separately because the IFI field can be multi-value and historical equivalence is unresolved. Observed IFI state context includes LGD state name. LGD/Census candidate by name; codes are not assumed equivalent.
Thiruvananthapuram,Bihar; Haryana; Karnataka; Kerala; Rajasthan; Uttar Pradesh,32,Kerala,565,Thiruvananthapuram,14,601,Thiruvananthapuram,Kerala,601,exact_district_name,CANDIDATE_REQUIRES_VERIFICATION,HISTORICAL_REVIEW_REQUIRED,Exact LGD district name; observed IFI state context is retained separately because the IFI field can be multi-value and historical equivalence is unresolved. Observed IFI state context includes LGD state name. LGD/Census candidate by name; codes are not assumed equivalent.
Thiruvarur,Tamil Nadu,33,Tamil Nadu,590,Thiruvarur,20,619,Thiruvarur,Tamil Nadu,619,exact_district_name,CANDIDATE_REQUIRES_VERIFICATION,HISTORICAL_REVIEW_REQUIRED,Exact LGD district name; observed IFI state context is retained separately because the IFI field can be multi-value and historical equivalence is unresolved. Observed IFI state context includes LGD state name. LGD/Census candidate by name; codes are not assumed equivalent.
Thoothukkudi,Tamil Nadu,33,Tamil Nadu,594,Thoothukkudi,28,627,Thoothukkudi,Tamil Nadu,627,exact_district_name,CANDIDATE_REQUIRES_VERIFICATION,HISTORICAL_REVIEW_REQUIRED,Exact LGD district name; observed IFI state context is retained separately because the IFI field can be multi-value and historical equivalence is unresolved. Observed IFI state context includes LGD state name. LGD/Census candidate by name; codes are not assumed equivalent.
Thoubal,Manipur,14,Manipur,259,Thoubal,5,276,Thoubal,Manipur,276,exact_district_name,CANDIDATE_REQUIRES_VERIFICATION,HISTORICAL_REVIEW_REQUIRED,Exact LGD district name; observed IFI state context is retained separately because the IFI field can be multi-value and historical equivalence is unresolved. Observed IFI state context includes LGD state name. LGD/Census candidate by name; codes are not assumed equivalent.
Thrissur,Bihar; Haryana; Karnataka; Kerala; Rajasthan; Uttar Pradesh,32,Kerala,566,Thrissur,7,594,Thrissur,Kerala,594,exact_district_name,CANDIDATE_REQUIRES_VERIFICATION,HISTORICAL_REVIEW_REQUIRED,Exact LGD district name; observed IFI state context is retained separately because the IFI field can be multi-value and historical equivalence is unresolved. Observed IFI state context includes LGD state name. LGD/Census candidate by name; codes are not assumed equivalent.
Tikamgarh,Andhra Pradesh; Bihar; Gujarat; Haryana; Madhya Pradesh; Maharashtra; Odisha; Punjab; Rajasthan; Uttar Pradesh; West Bengal,23,Madhya Pradesh,434,Tikamgarh,8,424,Tikamgarh,Madhya Pradesh,424,exact_district_name,CANDIDATE_REQUIRES_VERIFICATION,HISTORICAL_REVIEW_REQUIRED,Exact LGD district name; observed IFI state context is retained separately because the IFI field can be multi-value and historical equivalence is unresolved. Observed IFI state context includes LGD state name. LGD/Census candidate by name; codes are not assumed equivalent.
Tinsukia,Arunachal Pradesh; Assam; Bihar; Jammu and Kashmir; Kerala; Odisha; Punjab; Uttar Pradesh; West Bengal,18,Assam,302,Tinsukia,14,309,Tinsukia,Assam,309,exact_district_name,CANDIDATE_REQUIRES_VERIFICATION,HISTORICAL_REVIEW_REQUIRED,Exact LGD district name; observed IFI state context is retained separately because the IFI field can be multi-value and historical equivalence is unresolved. Observed IFI state context includes LGD state name. LGD/Census candidate by name; codes are not assumed equivalent.
Tirap,Arunachal Pradesh; Assam; Jammu and Kashmir; Punjab; Uttar Pradesh,12,Arunachal Pradesh,239,Tirap,13,254,Tirap,Arunanchal Pradesh,254,exact_district_name,CANDIDATE_REQUIRES_VERIFICATION,HISTORICAL_REVIEW_REQUIRED,Exact LGD district name; observed IFI state context is retained separately because the IFI field can be multi-value and historical equivalence is unresolved. Observed IFI state context includes LGD state name. LGD/Census candidate by name; codes are not assumed equivalent.
Tiruchirappalli,Tamil Nadu,33,Tamil Nadu,591,Tiruchirappalli,15,614,Tiruchirappalli,Tamil Nadu,614,exact_district_name,CANDIDATE_REQUIRES_VERIFICATION,HISTORICAL_REVIEW_REQUIRED,Exact LGD district name; observed IFI state context is retained separately because the IFI field can be multi-value and historical equivalence is unresolved. Observed IFI state context includes LGD state name. LGD/Census candidate by name; codes are not assumed equivalent.
Tirunelveli,Tamil Nadu,33,Tamil Nadu,592,Tirunelveli,29,628,Tirunelveli,Tamil Nadu,628,exact_district_name,CANDIDATE_REQUIRES_VERIFICATION,HISTORICAL_REVIEW_REQUIRED,Exact LGD district name; observed IFI state context is retained separately because the IFI field can be multi-value and historical equivalence is unresolved. Observed IFI state context includes LGD state name. LGD/Census candidate by name; codes are not assumed equivalent.
Tirupathur,Tamil Nadu,33,Tamil Nadu,732,Tirupathur,0,0,,,,exact_district_name,CANDIDATE_REQUIRES_VERIFICATION,HISTORICAL_REVIEW_REQUIRED,Exact LGD district name; observed IFI state context is retained separately because the IFI field can be multi-value and historical equivalence is unresolved. Observed IFI state context includes LGD state name. LGD district has no exact Census boundary pair.
Tiruppur,Tamil Nadu,33,Tamil Nadu,634,Tiruppur,0,633,Tiruppur,Tamil Nadu,633,exact_district_name,CANDIDATE_REQUIRES_VERIFICATION,HISTORICAL_REVIEW_REQUIRED,Exact LGD district name; observed IFI state context is retained separately because the IFI field can be multi-value and historical equivalence is unresolved. Observed IFI state context includes LGD state name. LGD/Census candidate by name; codes are not assumed equivalent.
Tiruvannamalai,Tamil Nadu,33,Tamil Nadu,593,Tiruvannamalai,6,606,Tiruvannamalai,Tamil Nadu,606,exact_district_name,CANDIDATE_REQUIRES_VERIFICATION,HISTORICAL_REVIEW_REQUIRED,Exact LGD district name; observed IFI state context is retained separately because the IFI field can be multi-value and historical equivalence is unresolved. Observed IFI state context includes LGD state name. LGD/Census candidate by name; codes are not assumed equivalent.
Tonk,Bihar; Gujarat; Haryana; Kerala; Madhya Pradesh; Maharashtra; Odisha; Punjab; Rajasthan; Uttar Pradesh,8,Rajasthan,116,Tonk,22,120,Tonk,Rajasthan,120,exact_district_name,CANDIDATE_REQUIRES_VERIFICATION,HISTORICAL_REVIEW_REQUIRED,Exact LGD district name; observed IFI state context is retained separately because the IFI field can be multi-value and historical equivalence is unresolved. Observed IFI state context includes LGD state name. LGD/Census candidate by name; codes are not assumed equivalent.
Tripura,Tripura,,,,,,,,,,none,UNMATCHED_TO_LGD,HISTORICAL_REVIEW_REQUIRED,No exact or normalized LGD district/state candidate.
Tuensang,Nagaland,13,Nagaland,249,Tuensang,2,267,Tuensang,Nagaland,267,exact_district_name,CANDIDATE_REQUIRES_VERIFICATION,HISTORICAL_REVIEW_REQUIRED,Exact LGD district name; observed IFI state context is retained separately because the IFI field can be multi-value and historical equivalence is unresolved. Observed IFI state context includes LGD state name. LGD/Census candidate by name; codes are not assumed equivalent.
Tumakuru,Karnataka; Kerala,29,Karnataka,548,Tumakuru,18,571,,,,exact_district_name,CANDIDATE_REQUIRES_VERIFICATION,HISTORICAL_REVIEW_REQUIRED,Exact LGD district name; observed IFI state context is retained separately because the IFI field can be multi-value and historical equivalence is unresolved. Observed IFI state context includes LGD state name. LGD district has no exact Census boundary pair.
Udaipur,Bihar; Gujarat; Haryana; Kerala; Madhya Pradesh; Maharashtra; Odisha; Punjab; Rajasthan; Uttar Pradesh,8,Rajasthan,117,Udaipur,26,130,Udaipur,Rajasthan,130,exact_district_name,CANDIDATE_REQUIRES_VERIFICATION,HISTORICAL_REVIEW_REQUIRED,Exact LGD district name; observed IFI state context is retained separately because the IFI field can be multi-value and historical equivalence is unresolved. Observed IFI state context includes LGD state name. LGD/Census candidate by name; codes are not assumed equivalent.
Udaiur,Gujarat,,,,,,,,,,none,UNMATCHED_TO_LGD,HISTORICAL_REVIEW_REQUIRED,No exact or normalized LGD district/state candidate.
Udalguri,Arunachal Pradesh; Assam; Bihar; Jammu and Kashmir; Kerala; Odisha; Punjab; Uttar Pradesh; West Bengal,18,Assam,617,Udalguri,0,326,Udalguri,Assam,326,exact_district_name,CANDIDATE_REQUIRES_VERIFICATION,HISTORICAL_REVIEW_REQUIRED,Exact LGD district name; observed IFI state context is retained separately because the IFI field can be multi-value and historical equivalence is unresolved. Observed IFI state context includes LGD state name. LGD/Census candidate by name; codes are not assumed equivalent.
Udam Singh Nagar,Uttar Pradesh; Uttarakhand,,,,,,,,,,none,UNMATCHED_TO_LGD,HISTORICAL_REVIEW_REQUIRED,No exact or normalized LGD district/state candidate.
Udhampur,Arunachal Pradesh; Assam; Delhi; Jammu & Kashmir; Jammu and Kashmir; Punjab; Uttar Pradesh,1,Jammu And Kashmir,14,Udhampur,10,19,Udhampur,Jammu & Kashmir,19,exact_district_name,CANDIDATE_REQUIRES_VERIFICATION,HISTORICAL_REVIEW_REQUIRED,Exact LGD district name; observed IFI state context is retained separately because the IFI field can be multi-value and historical equivalence is unresolved. Observed IFI state context does not uniquely confirm LGD state name; manual review required. LGD/Census candidate by name; codes are not assumed equivalent.
Udupi,Karnataka; Kerala,29,Karnataka,549,Udupi,16,569,Udupi,Karnataka,569,exact_district_name,CANDIDATE_REQUIRES_VERIFICATION,HISTORICAL_REVIEW_REQUIRED,Exact LGD district name; observed IFI state context is retained separately because the IFI field can be multi-value and historical equivalence is unresolved. Observed IFI state context includes LGD state name. LGD/Census candidate by name; codes are not assumed equivalent.
Ujjain,Andhra Pradesh; Bihar; Chhattisgarh; Gujarat; Haryana; Madhya Pradesh; Maharashtra; Odisha; Punjab; Rajasthan; Uttar Pradesh; West Bengal,23,Madhya Pradesh,435,Ujjain,21,435,Ujjain,Madhya Pradesh,435,exact_district_name,CANDIDATE_REQUIRES_VERIFICATION,HISTORICAL_REVIEW_REQUIRED,Exact LGD district name; observed IFI state context is retained separately because the IFI field can be multi-value and historical equivalence is unresolved. Observed IFI state context includes LGD state name. LGD/Census candidate by name; codes are not assumed equivalent.
Ukhrul,Manipur,14,Manipur,260,Ukhrul,8,279,Ukhrul,Manipur,279,exact_district_name,CANDIDATE_REQUIRES_VERIFICATION,HISTORICAL_REVIEW_REQUIRED,Exact LGD district name; observed IFI state context is retained separately because the IFI field can be multi-value and historical equivalence is unresolved. Observed IFI state context includes LGD state name. LGD/Census candidate by name; codes are not assumed equivalent.
Umaria,Andhra Pradesh; Bihar; Gujarat; Haryana; Madhya Pradesh; Maharashtra; Odisha; Punjab; Rajasthan; Uttar Pradesh; West Bengal,23,Madhya Pradesh,436,Umaria,15,431,Umaria,Madhya Pradesh,431,exact_district_name,CANDIDATE_REQUIRES_VERIFICATION,HISTORICAL_REVIEW_REQUIRED,Exact LGD district name; observed IFI state context is retained separately because the IFI field can be multi-value and historical equivalence is unresolved. Observed IFI state context includes LGD state name. LGD/Census candidate by name; codes are not assumed equivalent.
Una,Himachal Pradesh; Uttar Pradesh,2,Himachal Pradesh,26,Una,7,29,Una,Himachal Pradesh,29,exact_district_name,CANDIDATE_REQUIRES_VERIFICATION,HISTORICAL_REVIEW_REQUIRED,Exact LGD district name; observed IFI state context is retained separately because the IFI field can be multi-value and historical equivalence is unresolved. Observed IFI state context includes LGD state name. LGD/Census candidate by name; codes are not assumed equivalent.
Unakoti,Tripura,16,Tripura,655,Unakoti,0,0,,,,exact_district_name,CANDIDATE_REQUIRES_VERIFICATION,HISTORICAL_REVIEW_REQUIRED,Exact LGD district name; observed IFI state context is retained separately because the IFI field can be multi-value and historical equivalence is unresolved. Observed IFI state context includes LGD state name. LGD district has no exact Census boundary pair.
Unnao,Arunachal Pradesh; Assam; Bihar; East Rajasthan; Gujarat; Haryana; Himachal Pradesh; Jammu and Kashmir; Kerala; Madhya Pradesh; Maharashtra; Odisha; Punjab; Rajasthan; Uttar Pradesh; Uttar pradesh; Uttarakhand; West Bengal,9,Uttar Pradesh,186,Unnao,26,156,Unnao,Uttar Pradesh,156,exact_district_name,CANDIDATE_REQUIRES_VERIFICATION,HISTORICAL_REVIEW_REQUIRED,Exact LGD district name; observed IFI state context is retained separately because the IFI field can be multi-value and historical equivalence is unresolved. Observed IFI state context includes LGD state name. LGD/Census candidate by name; codes are not assumed equivalent.
Upper Lower Subansiri,Arunachal Pradesh; Assam; Jammu and Kashmir; Punjab; Uttar Pradesh,,,,,,,,,,none,UNMATCHED_TO_LGD,HISTORICAL_REVIEW_REQUIRED,No exact or normalized LGD district/state candidate.
Upper Siang,Arunachal Pradesh; Assam; Jammu and Kashmir; Punjab; Uttar Pradesh,12,Arunachal Pradesh,240,Upper Siang,9,252,Upper Siang,Arunanchal Pradesh,252,exact_district_name,CANDIDATE_REQUIRES_VERIFICATION,HISTORICAL_REVIEW_REQUIRED,Exact LGD district name; observed IFI state context is retained separately because the IFI field can be multi-value and historical equivalence is unresolved. Observed IFI state context includes LGD state name. LGD/Census candidate by name; codes are not assumed equivalent.
Urban,Karnataka,,,,,,,,,,none,UNMATCHED_TO_LGD,HISTORICAL_REVIEW_REQUIRED,No exact or normalized LGD district/state candidate.
Uttar Kashi,Karnataka; West Bengal,5,Uttarakhand,57,Uttarkashi,1,56,Uttarkashi,Uttarakhand,56,normalized_district_name,NORMALIZED_REQUIRES_VERIFICATION,HISTORICAL_REVIEW_REQUIRED,Transparent normalization only; state and historical identity require manual review. Observed IFI state context does not uniquely confirm LGD state name; manual review required. LGD/Census candidate by name; codes are not assumed equivalent.
Uttar Kashi Bastar Kanker,Chhattisgarh; Madhya Pradesh,,,,,,,,,,none,UNMATCHED_TO_LGD,HISTORICAL_REVIEW_REQUIRED,No exact or normalized LGD district/state candidate.
Uttar Kashi Dinajpur,West Bengal,,,,,,,,,,none,UNMATCHED_TO_LGD,HISTORICAL_REVIEW_REQUIRED,No exact or normalized LGD district/state candidate.
Uttar Kashi Kashi,Uttar Pradesh; Uttarakhand,,,,,,,,,,none,UNMATCHED_TO_LGD,HISTORICAL_REVIEW_REQUIRED,No exact or normalized LGD district/state candidate.
Uttar Kashia,Karnataka,,,,,,,,,,none,UNMATCHED_TO_LGD,HISTORICAL_REVIEW_REQUIRED,No exact or normalized LGD district/state candidate.
Uttar Kashia Kannada,Karnataka; Kerala,,,,,,,,,,none,UNMATCHED_TO_LGD,HISTORICAL_REVIEW_REQUIRED,No exact or normalized LGD district/state candidate.
Vadodara,Bihar; Gujarat; Madhya Pradesh; Maharashtra; Rajasthan; Uttar Pradesh,24,Gujarat,461,Vadodara,19,486,Vadodara,Gujarat,486,exact_district_name,CANDIDATE_REQUIRES_VERIFICATION,HISTORICAL_REVIEW_REQUIRED,Exact LGD district name; observed IFI state context is retained separately because the IFI field can be multi-value and historical equivalence is unresolved. Observed IFI state context includes LGD state name. LGD/Census candidate by name; codes are not assumed equivalent.
Vaishali,Andhra Pradesh; Assam; Bihar; Gujarat; Haryana; Himachal Pradesh; Jharkhand; Kerala; Madhya Pradesh; Maharashtra; Odisha; Rajasthan; Uttar Pradesh; Uttar pradesh; West Bengal,10,Bihar,224,Vaishali,18,220,Vaishali,Bihar,220,exact_district_name,CANDIDATE_REQUIRES_VERIFICATION,HISTORICAL_REVIEW_REQUIRED,Exact LGD district name; observed IFI state context is retained separately because the IFI field can be multi-value and historical equivalence is unresolved. Observed IFI state context includes LGD state name. LGD/Census candidate by name; codes are not assumed equivalent.
Valsad,Bihar; Dadra and Nagar Haveli; Gujarat; Madhya Pradesh; Maharashtra; Rajasthan; Uttar Pradesh,24,Gujarat,462,Valsad,25,491,Valsad,Gujarat,491,exact_district_name,CANDIDATE_REQUIRES_VERIFICATION,HISTORICAL_REVIEW_REQUIRED,Exact LGD district name; observed IFI state context is retained separately because the IFI field can be multi-value and historical equivalence is unresolved. Observed IFI state context includes LGD state name. LGD/Census candidate by name; codes are not assumed equivalent.
Varanasi,Arunachal Pradesh; Assam; Bihar; East Rajasthan; Gujarat; Haryana; Himachal Pradesh; Jammu and Kashmir; Kerala; Madhya Pradesh; Maharashtra; Odisha; Punjab; Rajasthan; Uttar Pradesh; Uttar pradesh; Uttarakhand; West Bengal,9,Uttar Pradesh,187,Varanasi,67,197,Varanasi,Uttar Pradesh,197,exact_district_name,CANDIDATE_REQUIRES_VERIFICATION,HISTORICAL_REVIEW_REQUIRED,Exact LGD district name; observed IFI state context is retained separately because the IFI field can be multi-value and historical equivalence is unresolved. Observed IFI state context includes LGD state name. LGD/Census candidate by name; codes are not assumed equivalent.
Vellore,Tamil Nadu,33,Tamil Nadu,595,Vellore,4,605,Vellore,Tamil Nadu,605,exact_district_name,CANDIDATE_REQUIRES_VERIFICATION,HISTORICAL_REVIEW_REQUIRED,Exact LGD district name; observed IFI state context is retained separately because the IFI field can be multi-value and historical equivalence is unresolved. Observed IFI state context includes LGD state name. LGD/Census candidate by name; codes are not assumed equivalent.
Vidisha,Andhra Pradesh; Bihar; Chhattisgarh; Gujarat; Haryana; Madhya Pradesh; Maharashtra; Odisha; Punjab; Rajasthan; Uttar Pradesh; West Bengal,23,Madhya Pradesh,437,Vidisha,31,443,Vidisha,Madhya Pradesh,443,exact_district_name,CANDIDATE_REQUIRES_VERIFICATION,HISTORICAL_REVIEW_REQUIRED,Exact LGD district name; observed IFI state context is retained separately because the IFI field can be multi-value and historical equivalence is unresolved. Observed IFI state context includes LGD state name. LGD/Census candidate by name; codes are not assumed equivalent.
Vijayapura,Karnataka; Kerala,29,Karnataka,530,Vijayapura,3,557,,,,exact_district_name,CANDIDATE_REQUIRES_VERIFICATION,HISTORICAL_REVIEW_REQUIRED,Exact LGD district name; observed IFI state context is retained separately because the IFI field can be multi-value and historical equivalence is unresolved. Observed IFI state context includes LGD state name. LGD district has no exact Census boundary pair.
Vikarabad,Andhra Pradesh; Maharashtra; Telangana,36,Telangana,698,Vikarabad,0,0,,,,exact_district_name,CANDIDATE_REQUIRES_VERIFICATION,HISTORICAL_REVIEW_REQUIRED,Exact LGD district name; observed IFI state context is retained separately because the IFI field can be multi-value and historical equivalence is unresolved. Observed IFI state context includes LGD state name. LGD district has no exact Census boundary pair.
Viluppuram,Tamil Nadu,33,Tamil Nadu,596,Viluppuram,7,607,Viluppuram,Tamil Nadu,607,exact_district_name,CANDIDATE_REQUIRES_VERIFICATION,HISTORICAL_REVIEW_REQUIRED,Exact LGD district name; observed IFI state context is retained separately because the IFI field can be multi-value and historical equivalence is unresolved. Observed IFI state context includes LGD state name. LGD/Census candidate by name; codes are not assumed equivalent.
Virudhunagar,Tamil Nadu,33,Tamil Nadu,597,Virudhunagar,26,625,,,,exact_district_name,CANDIDATE_REQUIRES_VERIFICATION,HISTORICAL_REVIEW_REQUIRED,Exact LGD district name; observed IFI state context is retained separately because the IFI field can be multi-value and historical equivalence is unresolved. Observed IFI state context includes LGD state name. LGD district has no exact Census boundary pair.
Visakhapatnam,Andhra Pradesh; Madhya Pradesh,28,Andhra Pradesh,520,Visakhapatnam,13,544,Visakhapatnam,Andhra Pradesh,544,exact_district_name,CANDIDATE_REQUIRES_VERIFICATION,HISTORICAL_REVIEW_REQUIRED,Exact LGD district name; observed IFI state context is retained separately because the IFI field can be multi-value and historical equivalence is unresolved. Observed IFI state context includes LGD state name. LGD/Census candidate by name; codes are not assumed equivalent.
Vizianagaram,Andhra Pradesh; Madhya Pradesh,28,Andhra Pradesh,521,Vizianagaram,12,543,Vizianagaram,Andhra Pradesh,543,exact_district_name,CANDIDATE_REQUIRES_VERIFICATION,HISTORICAL_REVIEW_REQUIRED,Exact LGD district name; observed IFI state context is retained separately because the IFI field can be multi-value and historical equivalence is unresolved. Observed IFI state context includes LGD state name. LGD/Census candidate by name; codes are not assumed equivalent.
Wanaparthy,Andhra Pradesh; Maharashtra; Telangana,36,Telangana,693,Wanaparthy,0,0,,,,exact_district_name,CANDIDATE_REQUIRES_VERIFICATION,HISTORICAL_REVIEW_REQUIRED,Exact LGD district name; observed IFI state context is retained separately because the IFI field can be multi-value and historical equivalence is unresolved. Observed IFI state context includes LGD state name. LGD district has no exact Census boundary pair.
Warangal,Andhra Pradesh; Maharashtra; Telangana,36,Telangana,522,Warangal,9,540,Warangal,Andhra Pradesh,540,exact_district_name,CANDIDATE_REQUIRES_VERIFICATION,HISTORICAL_REVIEW_REQUIRED,Exact LGD district name; observed IFI state context is retained separately because the IFI field can be multi-value and historical equivalence is unresolved. Observed IFI state context includes LGD state name. LGD/Census candidate by name; codes are not assumed equivalent.
Wardha,Bihar; Gujarat; Madhya Pradesh; Maharashtra; Rajasthan; Telangana; Uttar Pradesh,27,Maharashtra,498,Wardha,8,504,Wardha,Maharashtra,504,exact_district_name,CANDIDATE_REQUIRES_VERIFICATION,HISTORICAL_REVIEW_REQUIRED,Exact LGD district name; observed IFI state context is retained separately because the IFI field can be multi-value and historical equivalence is unresolved. Observed IFI state context includes LGD state name. LGD/Census candidate by name; codes are not assumed equivalent.
Washim,Bihar; Gujarat; Madhya Pradesh; Maharashtra; Rajasthan; Telangana; Uttar Pradesh,27,Maharashtra,499,Washim,6,502,Washim,Maharashtra,502,exact_district_name,CANDIDATE_REQUIRES_VERIFICATION,HISTORICAL_REVIEW_REQUIRED,Exact LGD district name; observed IFI state context is retained separately because the IFI field can be multi-value and historical equivalence is unresolved. Observed IFI state context includes LGD state name. LGD/Census candidate by name; codes are not assumed equivalent.
Wayanad,Bihar; Haryana; Karnataka; Kerala; Rajasthan; Uttar Pradesh,32,Kerala,567,Wayanad,3,590,Wayanad,Kerala,590,exact_district_name,CANDIDATE_REQUIRES_VERIFICATION,HISTORICAL_REVIEW_REQUIRED,Exact LGD district name; observed IFI state context is retained separately because the IFI field can be multi-value and historical equivalence is unresolved. Observed IFI state context includes LGD state name. LGD/Census candidate by name; codes are not assumed equivalent.
West,Delhi; Jammu and Kashmir; Punjab,7,Delhi,85,West,7,96,West,NCT of Delhi,96,exact_district_name,CANDIDATE_REQUIRES_VERIFICATION,HISTORICAL_REVIEW_REQUIRED,Exact LGD district name; observed IFI state context is retained separately because the IFI field can be multi-value and historical equivalence is unresolved. Observed IFI state context includes LGD state name. LGD/Census candidate by name; codes are not assumed equivalent.
West,Delhi; Jammu and Kashmir; Punjab,7,Delhi,85,West,7,96,West,Sikkim,242,exact_district_name,CANDIDATE_REQUIRES_VERIFICATION,HISTORICAL_REVIEW_REQUIRED,Exact LGD district name; observed IFI state context is retained separately because the IFI field can be multi-value and historical equivalence is unresolved. Observed IFI state context includes LGD state name. LGD/Census candidate by name; codes are not assumed equivalent.
West East Jaintia Hills,Meghalaya,,,,,,,,,,none,UNMATCHED_TO_LGD,HISTORICAL_REVIEW_REQUIRED,No exact or normalized LGD district/state candidate.
West Garo Hills,Meghalaya,17,Meghalaya,278,West Garo Hills,1,293,West Garo Hills,Meghalaya,293,exact_district_name,CANDIDATE_REQUIRES_VERIFICATION,HISTORICAL_REVIEW_REQUIRED,Exact LGD district name; observed IFI state context is retained separately because the IFI field can be multi-value and historical equivalence is unresolved. Observed IFI state context includes LGD state name. LGD/Census candidate by name; codes are not assumed equivalent.
West Godavari,Andhra Pradesh; Madhya Pradesh,28,Andhra Pradesh,523,West Godavari,15,546,West Godavari,Andhra Pradesh,546,exact_district_name,CANDIDATE_REQUIRES_VERIFICATION,HISTORICAL_REVIEW_REQUIRED,Exact LGD district name; observed IFI state context is retained separately because the IFI field can be multi-value and historical equivalence is unresolved. Observed IFI state context includes LGD state name. LGD/Census candidate by name; codes are not assumed equivalent.
West Kameng,Arunachal Pradesh; Assam; Jammu and Kashmir; Punjab; Uttar Pradesh,12,Arunachal Pradesh,242,West Kameng,2,246,West Kameng,Arunanchal Pradesh,246,exact_district_name,CANDIDATE_REQUIRES_VERIFICATION,HISTORICAL_REVIEW_REQUIRED,Exact LGD district name; observed IFI state context is retained separately because the IFI field can be multi-value and historical equivalence is unresolved. Observed IFI state context includes LGD state name. LGD/Census candidate by name; codes are not assumed equivalent.
West Karbi Anglong,Arunachal Pradesh; Assam; Bihar; Jammu and Kashmir; Kerala; Odisha; Punjab; Uttar Pradesh; West Bengal,18,Assam,710,West Karbi Anglong,0,0,,,,exact_district_name,CANDIDATE_REQUIRES_VERIFICATION,HISTORICAL_REVIEW_REQUIRED,Exact LGD district name; observed IFI state context is retained separately because the IFI field can be multi-value and historical equivalence is unresolved. Observed IFI state context includes LGD state name. LGD district has no exact Census boundary pair.
West Khasi Hills,Meghalaya,17,Meghalaya,279,West Khasi Hills,4,296,West Khasi Hills,Meghalaya,296,exact_district_name,CANDIDATE_REQUIRES_VERIFICATION,HISTORICAL_REVIEW_REQUIRED,Exact LGD district name; observed IFI state context is retained separately because the IFI field can be multi-value and historical equivalence is unresolved. Observed IFI state context includes LGD state name. LGD/Census candidate by name; codes are not assumed equivalent.
West Madhya Pradesh,Chhattisgarh; Madhya Pradesh,,,,,,,,,,none,UNMATCHED_TO_LGD,HISTORICAL_REVIEW_REQUIRED,No exact or normalized LGD district/state candidate.
West Siang,Arunachal Pradesh; Assam; Jammu and Kashmir; Punjab; Uttar Pradesh,12,Arunachal Pradesh,243,West Siang,7,250,West Siang,Arunanchal Pradesh,250,exact_district_name,CANDIDATE_REQUIRES_VERIFICATION,HISTORICAL_REVIEW_REQUIRED,Exact LGD district name; observed IFI state context is retained separately because the IFI field can be multi-value and historical equivalence is unresolved. Observed IFI state context includes LGD state name. LGD/Census candidate by name; codes are not assumed equivalent.
West Singhbhum,Bihar,20,Jharkhand,343,West Singhbhum,17,368,,,,exact_district_name,CANDIDATE_REQUIRES_VERIFICATION,HISTORICAL_REVIEW_REQUIRED,Exact LGD district name; observed IFI state context is retained separately because the IFI field can be multi-value and historical equivalence is unresolved. Observed IFI state context does not uniquely confirm LGD state name; manual review required. LGD district has no exact Census boundary pair.
West Tripura,Tripura,16,Tripura,272,West Tripura,1,289,West Tripura,Tripura,289,exact_district_name,CANDIDATE_REQUIRES_VERIFICATION,HISTORICAL_REVIEW_REQUIRED,Exact LGD district name; observed IFI state context is retained separately because the IFI field can be multi-value and historical equivalence is unresolved. Observed IFI state context includes LGD state name. LGD/Census candidate by name; codes are not assumed equivalent.
Wokha,Nagaland,13,Nagaland,250,Wokha,5,264,Wokha,Nagaland,264,exact_district_name,CANDIDATE_REQUIRES_VERIFICATION,HISTORICAL_REVIEW_REQUIRED,Exact LGD district name; observed IFI state context is retained separately because the IFI field can be multi-value and historical equivalence is unresolved. Observed IFI state context includes LGD state name. LGD/Census candidate by name; codes are not assumed equivalent.
Y.S.R.,Andhra Pradesh; Madhya Pradesh; Telangana,,,,,,,,,,none,UNMATCHED_TO_LGD,HISTORICAL_REVIEW_REQUIRED,No exact or normalized LGD district/state candidate.
Yadadri Bhuvanagiri,Telangana,36,Telangana,697,Yadadri Bhuvanagiri,0,0,,,,exact_district_name,CANDIDATE_REQUIRES_VERIFICATION,HISTORICAL_REVIEW_REQUIRED,Exact LGD district name; observed IFI state context is retained separately because the IFI field can be multi-value and historical equivalence is unresolved. Observed IFI state context includes LGD state name. LGD district has no exact Census boundary pair.
Yadadri Yadadri Bhuvanagiri,Telangana,,,,,,,,,,none,UNMATCHED_TO_LGD,HISTORICAL_REVIEW_REQUIRED,No exact or normalized LGD district/state candidate.
Yadadri Yadadri Bhuvanagiri Yadadri Bhuvanagiri,Andhra Pradesh; Maharashtra; Telangana,,,,,,,,,,none,UNMATCHED_TO_LGD,HISTORICAL_REVIEW_REQUIRED,No exact or normalized LGD district/state candidate.
Yadgir,Karnataka; Kerala,29,Karnataka,635,Yadgir,4,580,Yadgir,Karnataka,580,exact_district_name,CANDIDATE_REQUIRES_VERIFICATION,HISTORICAL_REVIEW_REQUIRED,Exact LGD district name; observed IFI state context is retained separately because the IFI field can be multi-value and historical equivalence is unresolved. Observed IFI state context includes LGD state name. LGD/Census candidate by name; codes are not assumed equivalent.
Yamunanagar,Bihar; Haryana; Kerala; Madhya Pradesh; Odisha; Punjab; Rajasthan; Uttar Pradesh; West Bengal,6,Haryana,76,Yamunanagar,3,71,Yamunanagar,Haryana,71,exact_district_name,CANDIDATE_REQUIRES_VERIFICATION,HISTORICAL_REVIEW_REQUIRED,Exact LGD district name; observed IFI state context is retained separately because the IFI field can be multi-value and historical equivalence is unresolved. Observed IFI state context includes LGD state name. LGD/Census candidate by name; codes are not assumed equivalent.
Yanam,Puducherry,,,,,,,,,,none,UNMATCHED_TO_LGD,HISTORICAL_REVIEW_REQUIRED,No exact or normalized LGD district/state candidate.
Yavatmal,Bihar; Gujarat; Madhya Pradesh; Maharashtra; Rajasthan; Telangana; Uttar Pradesh,27,Maharashtra,500,Yavatmal,14,510,Yavatmal,Maharashtra,510,exact_district_name,CANDIDATE_REQUIRES_VERIFICATION,HISTORICAL_REVIEW_REQUIRED,Exact LGD district name; observed IFI state context is retained separately because the IFI field can be multi-value and historical equivalence is unresolved. Observed IFI state context includes LGD state name. LGD/Census candidate by name; codes are not assumed equivalent.
Zunheboto,Nagaland,13,Nagaland,251,Zunheboto,4,263,Zunheboto,Nagaland,263,exact_district_name,CANDIDATE_REQUIRES_VERIFICATION,HISTORICAL_REVIEW_REQUIRED,Exact LGD district name; observed IFI state context is retained separately because the IFI field can be multi-value and historical equivalence is unresolved. Observed IFI state context includes LGD state name. LGD/Census candidate by name; codes are not assumed equivalent.
adjoining areas,Himachal Pradesh,,,,,,,,,,none,UNMATCHED_TO_LGD,HISTORICAL_REVIEW_REQUIRED,No exact or normalized LGD district/state candidate.
coastal districts of Andhra Pradesh,Andhra Pradesh,,,,,,,,,,none,UNMATCHED_TO_LGD,HISTORICAL_REVIEW_REQUIRED,No exact or normalized LGD district/state candidate.
howrah,West Bengal,19,West Bengal,313,Howrah,16,341,,,,normalized_district_name,NORMALIZED_REQUIRES_VERIFICATION,HISTORICAL_REVIEW_REQUIRED,Transparent normalization only; state and historical identity require manual review. Observed IFI state context includes LGD state name. LGD district has no exact Census boundary pair.
nalgonda,Andhra Pradesh,36,Telangana,514,Nalgonda,8,539,Nalgonda,Andhra Pradesh,539,normalized_district_name,NORMALIZED_REQUIRES_VERIFICATION,HISTORICAL_REVIEW_REQUIRED,Transparent normalization only; state and historical identity require manual review. Observed IFI state context does not uniquely confirm LGD state name; manual review required. LGD/Census candidate by name; codes are not assumed equivalent.
neighborhood,Chhattisgarh,,,,,,,,,,none,UNMATCHED_TO_LGD,HISTORICAL_REVIEW_REQUIRED,No exact or normalized LGD district/state candidate.
neighbourhood,West Bengal,,,,,,,,,,none,UNMATCHED_TO_LGD,HISTORICAL_REVIEW_REQUIRED,No exact or normalized LGD district/state candidate.
several other district (Andhra Pradesh),Andhra Pradesh,,,,,,,,,,none,UNMATCHED_TO_LGD,HISTORICAL_REVIEW_REQUIRED,No exact or normalized LGD district/state candidate.
,,35,Andaman And Nicobar Islands,603,Nicobars,2,638,,,,lgd_only_name,LGD_UNMATCHED_TO_IFI,HISTORICAL_REVIEW_REQUIRED,LGD district normalized name is absent from IFI tokens; not a negative finding about flood coverage.
,,28,Andhra Pradesh,745,Alluri Sitharama Raju,0,0,,,,lgd_only_name,LGD_UNMATCHED_TO_IFI,HISTORICAL_REVIEW_REQUIRED,LGD district normalized name is absent from IFI tokens; not a negative finding about flood coverage.
,,28,Andhra Pradesh,744,Anakapalli,0,0,,,,lgd_only_name,LGD_UNMATCHED_TO_IFI,HISTORICAL_REVIEW_REQUIRED,LGD district normalized name is absent from IFI tokens; not a negative finding about flood coverage.
,,28,Andhra Pradesh,753,Annamayya,0,0,,,,lgd_only_name,LGD_UNMATCHED_TO_IFI,HISTORICAL_REVIEW_REQUIRED,LGD district normalized name is absent from IFI tokens; not a negative finding about flood coverage.
,,28,Andhra Pradesh,750,Bapatla,0,0,,,,lgd_only_name,LGD_UNMATCHED_TO_IFI,HISTORICAL_REVIEW_REQUIRED,LGD district normalized name is absent from IFI tokens; not a negative finding about flood coverage.
,,28,Andhra Pradesh,747,Dr. B.R. Ambedkar Konaseema,0,0,,,,lgd_only_name,LGD_UNMATCHED_TO_IFI,HISTORICAL_REVIEW_REQUIRED,LGD district normalized name is absent from IFI tokens; not a negative finding about flood coverage.
,,28,Andhra Pradesh,748,Eluru,0,0,,,,lgd_only_name,LGD_UNMATCHED_TO_IFI,HISTORICAL_REVIEW_REQUIRED,LGD district normalized name is absent from IFI tokens; not a negative finding about flood coverage.
,,28,Andhra Pradesh,746,Kakinada,0,0,,,,lgd_only_name,LGD_UNMATCHED_TO_IFI,HISTORICAL_REVIEW_REQUIRED,LGD district normalized name is absent from IFI tokens; not a negative finding about flood coverage.
,,28,Andhra Pradesh,790,Markapuram,0,0,,,,lgd_only_name,LGD_UNMATCHED_TO_IFI,HISTORICAL_REVIEW_REQUIRED,LGD district normalized name is absent from IFI tokens; not a negative finding about flood coverage.
,,28,Andhra Pradesh,755,Nandyal,0,0,,,,lgd_only_name,LGD_UNMATCHED_TO_IFI,HISTORICAL_REVIEW_REQUIRED,LGD district normalized name is absent from IFI tokens; not a negative finding about flood coverage.
,,28,Andhra Pradesh,743,Parvathipuram Manyam,0,0,,,,lgd_only_name,LGD_UNMATCHED_TO_IFI,HISTORICAL_REVIEW_REQUIRED,LGD district normalized name is absent from IFI tokens; not a negative finding about flood coverage.
,,28,Andhra Pradesh,791,Polavaram,0,0,,,,lgd_only_name,LGD_UNMATCHED_TO_IFI,HISTORICAL_REVIEW_REQUIRED,LGD district normalized name is absent from IFI tokens; not a negative finding about flood coverage.
,,28,Andhra Pradesh,754,Sri Sathya Sai,0,0,,,,lgd_only_name,LGD_UNMATCHED_TO_IFI,HISTORICAL_REVIEW_REQUIRED,LGD district normalized name is absent from IFI tokens; not a negative finding about flood coverage.
,,28,Andhra Pradesh,752,Tirupati,0,0,,,,lgd_only_name,LGD_UNMATCHED_TO_IFI,HISTORICAL_REVIEW_REQUIRED,LGD district normalized name is absent from IFI tokens; not a negative finding about flood coverage.
,,28,Andhra Pradesh,504,Y.S.R. Kadapa,20,551,,,,lgd_only_name,LGD_UNMATCHED_TO_IFI,HISTORICAL_REVIEW_REQUIRED,LGD district normalized name is absent from IFI tokens; not a negative finding about flood coverage.
,,12,Arunachal Pradesh,787,Bichom,0,0,,,,lgd_only_name,LGD_UNMATCHED_TO_IFI,HISTORICAL_REVIEW_REQUIRED,LGD district normalized name is absent from IFI tokens; not a negative finding about flood coverage.
,,12,Arunachal Pradesh,786,Keyi Panyor,0,0,,,,lgd_only_name,LGD_UNMATCHED_TO_IFI,HISTORICAL_REVIEW_REQUIRED,LGD district normalized name is absent from IFI tokens; not a negative finding about flood coverage.
,,12,Arunachal Pradesh,241,Upper Subansiri,6,249,,,,lgd_only_name,LGD_UNMATCHED_TO_IFI,HISTORICAL_REVIEW_REQUIRED,LGD district normalized name is absent from IFI tokens; not a negative finding about flood coverage.
,,18,Assam,739,Bajali,0,0,,,,lgd_only_name,LGD_UNMATCHED_TO_IFI,HISTORICAL_REVIEW_REQUIRED,LGD district normalized name is absent from IFI tokens; not a negative finding about flood coverage.
,,18,Assam,293,Sribhumi,22,317,,,,lgd_only_name,LGD_UNMATCHED_TO_IFI,HISTORICAL_REVIEW_REQUIRED,LGD district normalized name is absent from IFI tokens; not a negative finding about flood coverage.
,,18,Assam,756,Tamulpur,0,0,,,,lgd_only_name,LGD_UNMATCHED_TO_IFI,HISTORICAL_REVIEW_REQUIRED,LGD district normalized name is absent from IFI tokens; not a negative finding about flood coverage.
,,22,Chhattisgarh,649,Balrampur-Ramanujganj,0,0,,,,lgd_only_name,LGD_UNMATCHED_TO_IFI,HISTORICAL_REVIEW_REQUIRED,LGD district normalized name is absent from IFI tokens; not a negative finding about flood coverage.
,,22,Chhattisgarh,645,Gariyaband,0,0,,,,lgd_only_name,LGD_UNMATCHED_TO_IFI,HISTORICAL_REVIEW_REQUIRED,LGD district normalized name is absent from IFI tokens; not a negative finding about flood coverage.
,,22,Chhattisgarh,734,Gaurela-Pendra-Marwahi,0,0,,,,lgd_only_name,LGD_UNMATCHED_TO_IFI,HISTORICAL_REVIEW_REQUIRED,LGD district normalized name is absent from IFI tokens; not a negative finding about flood coverage.
,,22,Chhattisgarh,759,Khairagarh-Chhuikhadan-Gandai,0,0,,,,lgd_only_name,LGD_UNMATCHED_TO_IFI,HISTORICAL_REVIEW_REQUIRED,LGD district normalized name is absent from IFI tokens; not a negative finding about flood coverage.
,,22,Chhattisgarh,643,Kondagaon,0,0,,,,lgd_only_name,LGD_UNMATCHED_TO_IFI,HISTORICAL_REVIEW_REQUIRED,LGD district normalized name is absent from IFI tokens; not a negative finding about flood coverage.
,,22,Chhattisgarh,760,Manendragarh-Chirmiri-Bharatpur(M C B),0,0,,,,lgd_only_name,LGD_UNMATCHED_TO_IFI,HISTORICAL_REVIEW_REQUIRED,LGD district normalized name is absent from IFI tokens; not a negative finding about flood coverage.
,,22,Chhattisgarh,761,Mohla-Manpur-Ambagarh Chouki,0,0,,,,lgd_only_name,LGD_UNMATCHED_TO_IFI,HISTORICAL_REVIEW_REQUIRED,LGD district normalized name is absent from IFI tokens; not a negative finding about flood coverage.
,,22,Chhattisgarh,762,Sakti,0,0,,,,lgd_only_name,LGD_UNMATCHED_TO_IFI,HISTORICAL_REVIEW_REQUIRED,LGD district normalized name is absent from IFI tokens; not a negative finding about flood coverage.
,,22,Chhattisgarh,763,Sarangarh-Bilaigarh,0,0,,,,lgd_only_name,LGD_UNMATCHED_TO_IFI,HISTORICAL_REVIEW_REQUIRED,LGD district normalized name is absent from IFI tokens; not a negative finding about flood coverage.
,,22,Chhattisgarh,648,Surajpur,0,0,,,,lgd_only_name,LGD_UNMATCHED_TO_IFI,HISTORICAL_REVIEW_REQUIRED,LGD district normalized name is absent from IFI tokens; not a negative finding about flood coverage.
,,22,Chhattisgarh,381,Uttar Bastar Kanker,14,413,Uttar Bastar Kanker,Chhattisgarh,413,lgd_only_name,LGD_UNMATCHED_TO_IFI,HISTORICAL_REVIEW_REQUIRED,LGD district normalized name is absent from IFI tokens; not a negative finding about flood coverage.
,,7,Delhi,796,Central North,0,0,,,,lgd_only_name,LGD_UNMATCHED_TO_IFI,HISTORICAL_REVIEW_REQUIRED,LGD district normalized name is absent from IFI tokens; not a negative finding about flood coverage.
,,7,Delhi,795,Old Delhi,0,0,,,,lgd_only_name,LGD_UNMATCHED_TO_IFI,HISTORICAL_REVIEW_REQUIRED,LGD district normalized name is absent from IFI tokens; not a negative finding about flood coverage.
,,7,Delhi,794,Outer North,0,0,,,,lgd_only_name,LGD_UNMATCHED_TO_IFI,HISTORICAL_REVIEW_REQUIRED,LGD district normalized name is absent from IFI tokens; not a negative finding about flood coverage.
,,30,Goa,793,Kushavati,0,0,,,,lgd_only_name,LGD_UNMATCHED_TO_IFI,HISTORICAL_REVIEW_REQUIRED,LGD district normalized name is absent from IFI tokens; not a negative finding about flood coverage.
,,24,Gujarat,668,Chhotaudepur,0,0,,,,lgd_only_name,LGD_UNMATCHED_TO_IFI,HISTORICAL_REVIEW_REQUIRED,LGD district normalized name is absent from IFI tokens; not a negative finding about flood coverage.
,,24,Gujarat,789,Vav-Tharad,0,0,,,,lgd_only_name,LGD_UNMATCHED_TO_IFI,HISTORICAL_REVIEW_REQUIRED,LGD district normalized name is absent from IFI tokens; not a negative finding about flood coverage.
,,6,Haryana,701,Charkhi Dadri,0,0,,,,lgd_only_name,LGD_UNMATCHED_TO_IFI,HISTORICAL_REVIEW_REQUIRED,LGD district normalized name is absent from IFI tokens; not a negative finding about flood coverage.
,,6,Haryana,792,Hansi,0,0,,,,lgd_only_name,LGD_UNMATCHED_TO_IFI,HISTORICAL_REVIEW_REQUIRED,LGD district normalized name is absent from IFI tokens; not a negative finding about flood coverage.
,,2,Himachal Pradesh,21,Lahaul And Spiti,3,25,,,,lgd_only_name,LGD_UNMATCHED_TO_IFI,HISTORICAL_REVIEW_REQUIRED,LGD district normalized name is absent from IFI tokens; not a negative finding about flood coverage.
,,20,Jharkhand,327,East Singhbum,18,357,,,,lgd_only_name,LGD_UNMATCHED_TO_IFI,HISTORICAL_REVIEW_REQUIRED,LGD district normalized name is absent from IFI tokens; not a negative finding about flood coverage.
,,29,Karnataka,631,Bengaluru South,21,584,,,,lgd_only_name,LGD_UNMATCHED_TO_IFI,HISTORICAL_REVIEW_REQUIRED,LGD district normalized name is absent from IFI tokens; not a negative finding about flood coverage.
,,29,Karnataka,529,Bidar,5,558,Bidar,Karnataka,558,lgd_only_name,LGD_UNMATCHED_TO_IFI,HISTORICAL_REVIEW_REQUIRED,LGD district normalized name is absent from IFI tokens; not a negative finding about flood coverage.
,,29,Karnataka,531,Chamarajanagar,27,578,,,,lgd_only_name,LGD_UNMATCHED_TO_IFI,HISTORICAL_REVIEW_REQUIRED,LGD district normalized name is absent from IFI tokens; not a negative finding about flood coverage.
,,29,Karnataka,535,Davanagere,14,567,Davanagere,Karnataka,567,lgd_only_name,LGD_UNMATCHED_TO_IFI,HISTORICAL_REVIEW_REQUIRED,LGD district normalized name is absent from IFI tokens; not a negative finding about flood coverage.
,,29,Karnataka,550,Uttara Kannada,10,563,Uttara Kannada,Karnataka,563,lgd_only_name,LGD_UNMATCHED_TO_IFI,HISTORICAL_REVIEW_REQUIRED,LGD district normalized name is absent from IFI tokens; not a negative finding about flood coverage.
,,29,Karnataka,738,Vijayanagara,0,0,,,,lgd_only_name,LGD_UNMATCHED_TO_IFI,HISTORICAL_REVIEW_REQUIRED,LGD district normalized name is absent from IFI tokens; not a negative finding about flood coverage.
,,31,Lakshadweep,553,Lakshadweep District,1,587,,,,lgd_only_name,LGD_UNMATCHED_TO_IFI,HISTORICAL_REVIEW_REQUIRED,LGD district normalized name is absent from IFI tokens; not a negative finding about flood coverage.
,,23,Madhya Pradesh,405,Khandwa (East Nimar),29,466,,,,lgd_only_name,LGD_UNMATCHED_TO_IFI,HISTORICAL_REVIEW_REQUIRED,LGD district normalized name is absent from IFI tokens; not a negative finding about flood coverage.
,,23,Madhya Pradesh,414,Khargone (West Nimar),27,440,,,,lgd_only_name,LGD_UNMATCHED_TO_IFI,HISTORICAL_REVIEW_REQUIRED,LGD district normalized name is absent from IFI tokens; not a negative finding about flood coverage.
,,23,Madhya Pradesh,784,Maihar,0,0,,,,lgd_only_name,LGD_UNMATCHED_TO_IFI,HISTORICAL_REVIEW_REQUIRED,LGD district normalized name is absent from IFI tokens; not a negative finding about flood coverage.
,,23,Madhya Pradesh,766,MAUGANJ,0,0,,,,lgd_only_name,LGD_UNMATCHED_TO_IFI,HISTORICAL_REVIEW_REQUIRED,LGD district normalized name is absent from IFI tokens; not a negative finding about flood coverage.
,,23,Madhya Pradesh,785,Pandhurna,0,0,,,,lgd_only_name,LGD_UNMATCHED_TO_IFI,HISTORICAL_REVIEW_REQUIRED,LGD district normalized name is absent from IFI tokens; not a negative finding about flood coverage.
,,27,Maharashtra,466,Ahilyanagar,26,522,,,,lgd_only_name,LGD_UNMATCHED_TO_IFI,HISTORICAL_REVIEW_REQUIRED,LGD district normalized name is absent from IFI tokens; not a negative finding about flood coverage.
,,27,Maharashtra,469,Chhatrapati Sambhajinagar,19,515,,,,lgd_only_name,LGD_UNMATCHED_TO_IFI,HISTORICAL_REVIEW_REQUIRED,LGD district normalized name is absent from IFI tokens; not a negative finding about flood coverage.
,,17,Meghalaya,740,Eastern West Khasi Hills,0,0,,,,lgd_only_name,LGD_UNMATCHED_TO_IFI,HISTORICAL_REVIEW_REQUIRED,LGD district normalized name is absent from IFI tokens; not a negative finding about flood coverage.
,,17,Meghalaya,275,West Jaintia Hills,7,299,,,,lgd_only_name,LGD_UNMATCHED_TO_IFI,HISTORICAL_REVIEW_REQUIRED,LGD district normalized name is absent from IFI tokens; not a negative finding about flood coverage.
,,15,Mizoram,726,Hnahthial,0,0,,,,lgd_only_name,LGD_UNMATCHED_TO_IFI,HISTORICAL_REVIEW_REQUIRED,LGD district normalized name is absent from IFI tokens; not a negative finding about flood coverage.
,,15,Mizoram,728,Khawzawl,0,0,,,,lgd_only_name,LGD_UNMATCHED_TO_IFI,HISTORICAL_REVIEW_REQUIRED,LGD district normalized name is absent from IFI tokens; not a negative finding about flood coverage.
,,15,Mizoram,727,Saitual,0,0,,,,lgd_only_name,LGD_UNMATCHED_TO_IFI,HISTORICAL_REVIEW_REQUIRED,LGD district normalized name is absent from IFI tokens; not a negative finding about flood coverage.
,,13,Nagaland,758,Chumoukedima,0,0,,,,lgd_only_name,LGD_UNMATCHED_TO_IFI,HISTORICAL_REVIEW_REQUIRED,LGD district normalized name is absent from IFI tokens; not a negative finding about flood coverage.
,,13,Nagaland,788,Meluri,0,0,,,,lgd_only_name,LGD_UNMATCHED_TO_IFI,HISTORICAL_REVIEW_REQUIRED,LGD district normalized name is absent from IFI tokens; not a negative finding about flood coverage.
,,13,Nagaland,764,Niuland,0,0,,,,lgd_only_name,LGD_UNMATCHED_TO_IFI,HISTORICAL_REVIEW_REQUIRED,LGD district normalized name is absent from IFI tokens; not a negative finding about flood coverage.
,,13,Nagaland,736,Noklak,0,0,,,,lgd_only_name,LGD_UNMATCHED_TO_IFI,HISTORICAL_REVIEW_REQUIRED,LGD district normalized name is absent from IFI tokens; not a negative finding about flood coverage.
,,13,Nagaland,765,Shamator,0,0,,,,lgd_only_name,LGD_UNMATCHED_TO_IFI,HISTORICAL_REVIEW_REQUIRED,LGD district normalized name is absent from IFI tokens; not a negative finding about flood coverage.
,,13,Nagaland,757,Tseminyu,0,0,,,,lgd_only_name,LGD_UNMATCHED_TO_IFI,HISTORICAL_REVIEW_REQUIRED,LGD district normalized name is absent from IFI tokens; not a negative finding about flood coverage.
,,21,Odisha,344,Anugola,15,384,,,,lgd_only_name,LGD_UNMATCHED_TO_IFI,HISTORICAL_REVIEW_REQUIRED,LGD district normalized name is absent from IFI tokens; not a negative finding about flood coverage.
,,21,Odisha,347,Baragada,1,370,,,,lgd_only_name,LGD_UNMATCHED_TO_IFI,HISTORICAL_REVIEW_REQUIRED,LGD district normalized name is absent from IFI tokens; not a negative finding about flood coverage.
,,21,Odisha,351,Debagada,4,373,,,,lgd_only_name,LGD_UNMATCHED_TO_IFI,HISTORICAL_REVIEW_REQUIRED,LGD district normalized name is absent from IFI tokens; not a negative finding about flood coverage.
,,21,Odisha,356,Jajpur,13,382,,,,lgd_only_name,LGD_UNMATCHED_TO_IFI,HISTORICAL_REVIEW_REQUIRED,LGD district normalized name is absent from IFI tokens; not a negative finding about flood coverage.
,,21,Odisha,359,Kandhamala,21,390,,,,lgd_only_name,LGD_UNMATCHED_TO_IFI,HISTORICAL_REVIEW_REQUIRED,LGD district normalized name is absent from IFI tokens; not a negative finding about flood coverage.
,,21,Odisha,350,Kataka,12,381,,,,lgd_only_name,LGD_UNMATCHED_TO_IFI,HISTORICAL_REVIEW_REQUIRED,LGD district normalized name is absent from IFI tokens; not a negative finding about flood coverage.
,,21,Odisha,360,Kendrapada,10,379,,,,lgd_only_name,LGD_UNMATCHED_TO_IFI,HISTORICAL_REVIEW_REQUIRED,LGD district normalized name is absent from IFI tokens; not a negative finding about flood coverage.
,,21,Odisha,367,Nayagada,16,385,,,,lgd_only_name,LGD_UNMATCHED_TO_IFI,HISTORICAL_REVIEW_REQUIRED,LGD district normalized name is absent from IFI tokens; not a negative finding about flood coverage.
,,21,Odisha,373,Sundaragada,5,374,,,,lgd_only_name,LGD_UNMATCHED_TO_IFI,HISTORICAL_REVIEW_REQUIRED,LGD district normalized name is absent from IFI tokens; not a negative finding about flood coverage.
,,34,Puducherry,600,Puducherry,2,635,Puducherry,Puducherry,635,lgd_only_name,LGD_UNMATCHED_TO_IFI,HISTORICAL_REVIEW_REQUIRED,LGD district normalized name is absent from IFI tokens; not a negative finding about flood coverage.
,,3,Punjab,737,Malerkotla,0,0,,,,lgd_only_name,LGD_UNMATCHED_TO_IFI,HISTORICAL_REVIEW_REQUIRED,LGD district normalized name is absent from IFI tokens; not a negative finding about flood coverage.
,,8,Rajasthan,775,Balotra,0,0,,,,lgd_only_name,LGD_UNMATCHED_TO_IFI,HISTORICAL_REVIEW_REQUIRED,LGD district normalized name is absent from IFI tokens; not a negative finding about flood coverage.
,,8,Rajasthan,774,Beawar,0,0,,,,lgd_only_name,LGD_UNMATCHED_TO_IFI,HISTORICAL_REVIEW_REQUIRED,LGD district normalized name is absent from IFI tokens; not a negative finding about flood coverage.
,,8,Rajasthan,767,Deeg,0,0,,,,lgd_only_name,LGD_UNMATCHED_TO_IFI,HISTORICAL_REVIEW_REQUIRED,LGD district normalized name is absent from IFI tokens; not a negative finding about flood coverage.
,,8,Rajasthan,768,Didwana-Kuchaman,0,0,,,,lgd_only_name,LGD_UNMATCHED_TO_IFI,HISTORICAL_REVIEW_REQUIRED,LGD district normalized name is absent from IFI tokens; not a negative finding about flood coverage.
,,8,Rajasthan,770,Khairthal-Tijara,0,0,,,,lgd_only_name,LGD_UNMATCHED_TO_IFI,HISTORICAL_REVIEW_REQUIRED,LGD district normalized name is absent from IFI tokens; not a negative finding about flood coverage.
,,8,Rajasthan,782,Kotputli-Behror,0,0,,,,lgd_only_name,LGD_UNMATCHED_TO_IFI,HISTORICAL_REVIEW_REQUIRED,LGD district normalized name is absent from IFI tokens; not a negative finding about flood coverage.
,,8,Rajasthan,772,Phalodi,0,0,,,,lgd_only_name,LGD_UNMATCHED_TO_IFI,HISTORICAL_REVIEW_REQUIRED,LGD district normalized name is absent from IFI tokens; not a negative finding about flood coverage.
,,8,Rajasthan,777,Salumbar,0,0,,,,lgd_only_name,LGD_UNMATCHED_TO_IFI,HISTORICAL_REVIEW_REQUIRED,LGD district normalized name is absent from IFI tokens; not a negative finding about flood coverage.
,,11,Sikkim,741,Pakyong,0,0,,,,lgd_only_name,LGD_UNMATCHED_TO_IFI,HISTORICAL_REVIEW_REQUIRED,LGD district normalized name is absent from IFI tokens; not a negative finding about flood coverage.
,,11,Sikkim,742,Soreng,0,0,,,,lgd_only_name,LGD_UNMATCHED_TO_IFI,HISTORICAL_REVIEW_REQUIRED,LGD district normalized name is absent from IFI tokens; not a negative finding about flood coverage.
,,33,Tamil Nadu,735,Mayiladuthurai,0,0,,,,lgd_only_name,LGD_UNMATCHED_TO_IFI,HISTORICAL_REVIEW_REQUIRED,LGD district normalized name is absent from IFI tokens; not a negative finding about flood coverage.
,,36,Telangana,686,Hanumakonda,0,0,,,,lgd_only_name,LGD_UNMATCHED_TO_IFI,HISTORICAL_REVIEW_REQUIRED,LGD district normalized name is absent from IFI tokens; not a negative finding about flood coverage.
,,38,The Dadra And Nagar Haveli And Daman And Diu,463,Daman,2,495,,,,lgd_only_name,LGD_UNMATCHED_TO_IFI,HISTORICAL_REVIEW_REQUIRED,LGD district normalized name is absent from IFI tokens; not a negative finding about flood coverage.
,,38,The Dadra And Nagar Haveli And Daman And Diu,464,Diu,1,494,,,,lgd_only_name,LGD_UNMATCHED_TO_IFI,HISTORICAL_REVIEW_REQUIRED,LGD district normalized name is absent from IFI tokens; not a negative finding about flood coverage.
,,5,Uttarakhand,52,Pauri Garhwal,6,61,,,,lgd_only_name,LGD_UNMATCHED_TO_IFI,HISTORICAL_REVIEW_REQUIRED,LGD district normalized name is absent from IFI tokens; not a negative finding about flood coverage.
,,5,Uttarakhand,56,Udham Singh Nagar,12,67,Udham Singh Nagar,Uttarakhand,67,lgd_only_name,LGD_UNMATCHED_TO_IFI,HISTORICAL_REVIEW_REQUIRED,LGD district normalized name is absent from IFI tokens; not a negative finding about flood coverage.
,,9,Uttar Pradesh,156,Kanpur Dehat,33,163,Kanpur Dehat,Uttar Pradesh,163,lgd_only_name,LGD_UNMATCHED_TO_IFI,HISTORICAL_REVIEW_REQUIRED,LGD district normalized name is absent from IFI tokens; not a negative finding about flood coverage.
,,19,West Bengal,664,Alipurduar,0,0,,,,lgd_only_name,LGD_UNMATCHED_TO_IFI,HISTORICAL_REVIEW_REQUIRED,LGD district normalized name is absent from IFI tokens; not a negative finding about flood coverage.
,,19,West Bengal,703,Jhargram,0,0,,,,lgd_only_name,LGD_UNMATCHED_TO_IFI,HISTORICAL_REVIEW_REQUIRED,LGD district normalized name is absent from IFI tokens; not a negative finding about flood coverage.
,,19,West Bengal,704,Paschim Bardhaman,0,0,,,,lgd_only_name,LGD_UNMATCHED_TO_IFI,HISTORICAL_REVIEW_REQUIRED,LGD district normalized name is absent from IFI tokens; not a negative finding about flood coverage.
,,19,West Bengal,311,Uttar Dinajpur,4,330,Uttar Dinajpur,West Bengal,330,lgd_only_name,LGD_UNMATCHED_TO_IFI,HISTORICAL_REVIEW_REQUIRED,LGD district normalized name is absent from IFI tokens; not a negative finding about flood coverage.
