uei,district,state,start_date,end_date,duration_days,raw_start_date,raw_end_date,raw_duration_days,classification,evidence,recommended_action,confidence,notes
UEI-IMD-FL-1969-0001,,Assam,1969-06-08,1969-07-13,36.0,08-06-1969 00:00,13-07-1969 00:00,36,CORRECTABLE_WITH_EVIDENCE,"The processed CSV stores ISO dates, but the diagnostic used day-first parsing. Re-parsing processed ISO values with ISO/year-first semantics resolves the contradiction, and the raw DD-MM-YYYY fields are chronologically ordered.",SAFE_TO_USE_AFTER_DOCUMENTED_CORRECTION,HIGH,"No dataset correction performed; this is a parsing-rule finding. Proper ISO parse: start=1969-06-08, end=1969-07-13; raw DD-first parse: start=1969-06-08, end=1969-07-13."
UEI-IMD-FL-1970-0010,,Kerala,1970-09-11,1970-09-20,10.0,11-09-1970 00:00,20-09-1970 00:00,10,CORRECTABLE_WITH_EVIDENCE,"The processed CSV stores ISO dates, but the diagnostic used day-first parsing. Re-parsing processed ISO values with ISO/year-first semantics resolves the contradiction, and the raw DD-MM-YYYY fields are chronologically ordered.",SAFE_TO_USE_AFTER_DOCUMENTED_CORRECTION,HIGH,"No dataset correction performed; this is a parsing-rule finding. Proper ISO parse: start=1970-09-11, end=1970-09-20; raw DD-first parse: start=1970-09-11, end=1970-09-20."
UEI-IMD-FL-1971-0002,Thrissur,Kerala,1971-05-08,1971-05-14,7.0,08-05-1971 00:00,14-05-1971 00:00,7,CORRECTABLE_WITH_EVIDENCE,"The processed CSV stores ISO dates, but the diagnostic used day-first parsing. Re-parsing processed ISO values with ISO/year-first semantics resolves the contradiction, and the raw DD-MM-YYYY fields are chronologically ordered.",SAFE_TO_USE_AFTER_DOCUMENTED_CORRECTION,HIGH,"No dataset correction performed; this is a parsing-rule finding. Proper ISO parse: start=1971-05-08, end=1971-05-14; raw DD-first parse: start=1971-05-08, end=1971-05-14."
UEI-IMD-FL-1972-0001,,Kerala,1972-05-08,1972-05-21,14.0,08-05-1972 00:00,21-05-1972 00:00,14,CORRECTABLE_WITH_EVIDENCE,"The processed CSV stores ISO dates, but the diagnostic used day-first parsing. Re-parsing processed ISO values with ISO/year-first semantics resolves the contradiction, and the raw DD-MM-YYYY fields are chronologically ordered.",SAFE_TO_USE_AFTER_DOCUMENTED_CORRECTION,HIGH,"No dataset correction performed; this is a parsing-rule finding. Proper ISO parse: start=1972-05-08, end=1972-05-21; raw DD-first parse: start=1972-05-08, end=1972-05-21."
UEI-IMD-FL-1972-0008,"Bhadrak, Dhenkanal, Jajapur, Subarnapur, Nuapada, Balangir, Boudh, Cuttack, Kandhamal, Nayagarh, Khordha, Kalahandi, Jagatsinghapur, Puri, Nagpur, Rayagada, Koraput, Malkangiri, Anugul, Kendrapara, Ganjam, Gajapati, Mayurbhanj, Sundargarh, Kendujhar, Baleshwar, Jharsuguda, Bargarh, Deogarh, Sambalpur, Pashchim Champaran, Purbi Champaran, Sitamarhi, Sheohar, Gopalganj, Samastipur, Katihar, Khagaria, Bhojpur, Buxar, Darbhanga, Saharsa, Kaimur (Bhabua), Rohtas, Jamui, Banka, Nawada, Gaya, Munger, Vaishali, Begusarai, Bhagalpur, Lakhisarai, Sheikhpura, Arwal, Jehanabad, Nalanda, Patna, Saran, Siwan, Muzaffarpur, Madhepura, Araria, Supaul, Madhubani, Purnia, Kishanganj, Aurangabad, Tinsukia, Dhemaji, Dibrugarh, Lakhimpur, Sivasagar, Jorhat, Sonitpur, Golaghat, Udalguri, Chirang, Baksa, Nagaon, Kokrajhar, Darrang, Barpeta, Nalbari, Marigaon, Kamrup, Bongaigaon, Dhubri, Kamrup Metro, Goalpara, Dima Hasao, Cachar, Karimganj, Hailakandi, Charaideo, Majuli, Biswanath, Hojai, South Salmara Mancachar, Karbi Anglong, West Karbi Anglong, South 24 Parganas, Darjeeling, Jalpaiguri, Dakshin Dinajpur, Maldah, Murshidabad, Birbhum, Nadia, Purba Purba Bardhaman, Purulia, Bankura, North 24 Parganas","Odisha, Bihar, Assam, West Bengal",1972-07-08,1972-07-21,14.0,08-07-1972 00:00,21-07-1972 00:00,14,CORRECTABLE_WITH_EVIDENCE,"The processed CSV stores ISO dates, but the diagnostic used day-first parsing. Re-parsing processed ISO values with ISO/year-first semantics resolves the contradiction, and the raw DD-MM-YYYY fields are chronologically ordered.",SAFE_TO_USE_AFTER_DOCUMENTED_CORRECTION,HIGH,"No dataset correction performed; this is a parsing-rule finding. Proper ISO parse: start=1972-07-08, end=1972-07-21; raw DD-first parse: start=1972-07-08, end=1972-07-21."
UEI-IMD-FL-1973-0001,Kashmir valley,Jammu and Kashmir,1973-03-08,1973-03-14,7.0,08-03-1973 00:00,14-03-1973 00:00,7,CORRECTABLE_WITH_EVIDENCE,"The processed CSV stores ISO dates, but the diagnostic used day-first parsing. Re-parsing processed ISO values with ISO/year-first semantics resolves the contradiction, and the raw DD-MM-YYYY fields are chronologically ordered.",SAFE_TO_USE_AFTER_DOCUMENTED_CORRECTION,HIGH,"No dataset correction performed; this is a parsing-rule finding. Proper ISO parse: start=1973-03-08, end=1973-03-14; raw DD-first parse: start=1973-03-08, end=1973-03-14."
UEI-IMD-FL-1973-0005,"Darrang, Sonitpur, Udalguri",Assam,1973-06-08,1973-06-21,14.0,08-06-1973 00:00,21-06-1973 00:00,14,CORRECTABLE_WITH_EVIDENCE,"The processed CSV stores ISO dates, but the diagnostic used day-first parsing. Re-parsing processed ISO values with ISO/year-first semantics resolves the contradiction, and the raw DD-MM-YYYY fields are chronologically ordered.",SAFE_TO_USE_AFTER_DOCUMENTED_CORRECTION,HIGH,"No dataset correction performed; this is a parsing-rule finding. Proper ISO parse: start=1973-06-08, end=1973-06-21; raw DD-first parse: start=1973-06-08, end=1973-06-21."
UEI-IMD-FL-1975-0018,Mumbai,Maharashtra,1975-06-20,1975-09-06,79.0,20-06-1975 00:00,06-09-1975 00:00,79,CORRECTABLE_WITH_EVIDENCE,"The processed CSV stores ISO dates, but the diagnostic used day-first parsing. Re-parsing processed ISO values with ISO/year-first semantics resolves the contradiction, and the raw DD-MM-YYYY fields are chronologically ordered.",SAFE_TO_USE_AFTER_DOCUMENTED_CORRECTION,HIGH,"No dataset correction performed; this is a parsing-rule finding. Proper ISO parse: start=1975-06-20, end=1975-09-06; raw DD-first parse: start=1975-06-20, end=1975-09-06."
UEI-IMD-FL-1976-0001,"Cachar, Silchar, Karimganj, North Tripura","Assam, Manipur, Tripura, Arunachal Pradesh",1976-06-08,1976-06-14,7.0,08-06-1976 00:00,14-06-1976 00:00,7,CORRECTABLE_WITH_EVIDENCE,"The processed CSV stores ISO dates, but the diagnostic used day-first parsing. Re-parsing processed ISO values with ISO/year-first semantics resolves the contradiction, and the raw DD-MM-YYYY fields are chronologically ordered.",SAFE_TO_USE_AFTER_DOCUMENTED_CORRECTION,HIGH,"No dataset correction performed; this is a parsing-rule finding. Proper ISO parse: start=1976-06-08, end=1976-06-14; raw DD-first parse: start=1976-06-08, end=1976-06-14."
UEI-IMD-FL-1976-0018,"Vadodara, Valsad",Gujarat,1976-07-08,1976-07-14,7.0,08-07-1976 00:00,14-07-1976 00:00,7,CORRECTABLE_WITH_EVIDENCE,"The processed CSV stores ISO dates, but the diagnostic used day-first parsing. Re-parsing processed ISO values with ISO/year-first semantics resolves the contradiction, and the raw DD-MM-YYYY fields are chronologically ordered.",SAFE_TO_USE_AFTER_DOCUMENTED_CORRECTION,HIGH,"No dataset correction performed; this is a parsing-rule finding. Proper ISO parse: start=1976-07-08, end=1976-07-14; raw DD-first parse: start=1976-07-08, end=1976-07-14."
UEI-IMD-FL-1978-0003,Kamrup,Assam,1978-06-08,1978-06-14,7.0,08-06-1978 00:00,14-06-1978 00:00,7,CORRECTABLE_WITH_EVIDENCE,"The processed CSV stores ISO dates, but the diagnostic used day-first parsing. Re-parsing processed ISO values with ISO/year-first semantics resolves the contradiction, and the raw DD-MM-YYYY fields are chronologically ordered.",SAFE_TO_USE_AFTER_DOCUMENTED_CORRECTION,HIGH,"No dataset correction performed; this is a parsing-rule finding. Proper ISO parse: start=1978-06-08, end=1978-06-14; raw DD-first parse: start=1978-06-08, end=1978-06-14."
UEI-IMD-FL-1978-0041,"Jalgaon, Satara",Maharashtra,1978-03-08,1978-03-14,7.0,08-03-1978 00:00,14-03-1978 00:00,7,CORRECTABLE_WITH_EVIDENCE,"The processed CSV stores ISO dates, but the diagnostic used day-first parsing. Re-parsing processed ISO values with ISO/year-first semantics resolves the contradiction, and the raw DD-MM-YYYY fields are chronologically ordered.",SAFE_TO_USE_AFTER_DOCUMENTED_CORRECTION,HIGH,"No dataset correction performed; this is a parsing-rule finding. Proper ISO parse: start=1978-03-08, end=1978-03-14; raw DD-first parse: start=1978-03-08, end=1978-03-14."
UEI-IMD-FL-1978-0042,"Beed, Mumbai",Maharashtra,1978-06-08,1978-06-14,7.0,08-06-1978 00:00,14-06-1978 00:00,7,CORRECTABLE_WITH_EVIDENCE,"The processed CSV stores ISO dates, but the diagnostic used day-first parsing. Re-parsing processed ISO values with ISO/year-first semantics resolves the contradiction, and the raw DD-MM-YYYY fields are chronologically ordered.",SAFE_TO_USE_AFTER_DOCUMENTED_CORRECTION,HIGH,"No dataset correction performed; this is a parsing-rule finding. Proper ISO parse: start=1978-06-08, end=1978-06-14; raw DD-first parse: start=1978-06-08, end=1978-06-14."
UEI-IMD-FL-1978-0044,Mumbai,Maharashtra,1978-07-08,1978-07-14,7.0,08-07-1978 00:00,14-07-1978 00:00,7,CORRECTABLE_WITH_EVIDENCE,"The processed CSV stores ISO dates, but the diagnostic used day-first parsing. Re-parsing processed ISO values with ISO/year-first semantics resolves the contradiction, and the raw DD-MM-YYYY fields are chronologically ordered.",SAFE_TO_USE_AFTER_DOCUMENTED_CORRECTION,HIGH,"No dataset correction performed; this is a parsing-rule finding. Proper ISO parse: start=1978-07-08, end=1978-07-14; raw DD-first parse: start=1978-07-08, end=1978-07-14."
UEI-IMD-FL-1979-0011,Jammu,Jammu and Kashmir,1979-07-08,1979-07-14,7.0,08-07-1979 00:00,14-07-1979 00:00,7,CORRECTABLE_WITH_EVIDENCE,"The processed CSV stores ISO dates, but the diagnostic used day-first parsing. Re-parsing processed ISO values with ISO/year-first semantics resolves the contradiction, and the raw DD-MM-YYYY fields are chronologically ordered.",SAFE_TO_USE_AFTER_DOCUMENTED_CORRECTION,HIGH,"No dataset correction performed; this is a parsing-rule finding. Proper ISO parse: start=1979-07-08, end=1979-07-14; raw DD-first parse: start=1979-07-08, end=1979-07-14."
UEI-IMD-FL-1979-0021,Alappuzha,Kerala,1979-06-10,1979-06-19,10.0,10-06-1979 00:00,19-06-1979 00:00,10,CORRECTABLE_WITH_EVIDENCE,"The processed CSV stores ISO dates, but the diagnostic used day-first parsing. Re-parsing processed ISO values with ISO/year-first semantics resolves the contradiction, and the raw DD-MM-YYYY fields are chronologically ordered.",SAFE_TO_USE_AFTER_DOCUMENTED_CORRECTION,HIGH,"No dataset correction performed; this is a parsing-rule finding. Proper ISO parse: start=1979-06-10, end=1979-06-19; raw DD-first parse: start=1979-06-10, end=1979-06-19."
UEI-IMD-FL-1979-0044,"Ajmer, Bhilwara, Bundi, Jalore, Jodhpur, Kota, Nagpur, Pali, Sawai Madhopur, Sikar, Tonk",Rajasthan,1979-07-08,1979-07-21,14.0,08-07-1979 00:00,21-07-1979 00:00,14,CORRECTABLE_WITH_EVIDENCE,"The processed CSV stores ISO dates, but the diagnostic used day-first parsing. Re-parsing processed ISO values with ISO/year-first semantics resolves the contradiction, and the raw DD-MM-YYYY fields are chronologically ordered.",SAFE_TO_USE_AFTER_DOCUMENTED_CORRECTION,HIGH,"No dataset correction performed; this is a parsing-rule finding. Proper ISO parse: start=1979-07-08, end=1979-07-21; raw DD-first parse: start=1979-07-08, end=1979-07-21."
UEI-IMD-FL-1979-0048,Chennai,Tamil Nadu,1979-05-12,1979-11-13,186.0,12-05-1979 00:00,13-11-1979 00:00,186,CORRECTABLE_WITH_EVIDENCE,"The processed CSV stores ISO dates, but the diagnostic used day-first parsing. Re-parsing processed ISO values with ISO/year-first semantics resolves the contradiction, and the raw DD-MM-YYYY fields are chronologically ordered.",SAFE_TO_USE_AFTER_DOCUMENTED_CORRECTION,HIGH,"No dataset correction performed; this is a parsing-rule finding. Proper ISO parse: start=1979-05-12, end=1979-11-13; raw DD-first parse: start=1979-05-12, end=1979-11-13."
UEI-IMD-FL-1979-0056,Tirunelveli,Tamil Nadu,1979-11-12,1979-11-18,7.0,12-11-1979 00:00,18-11-1979 00:00,7,CORRECTABLE_WITH_EVIDENCE,"The processed CSV stores ISO dates, but the diagnostic used day-first parsing. Re-parsing processed ISO values with ISO/year-first semantics resolves the contradiction, and the raw DD-MM-YYYY fields are chronologically ordered.",SAFE_TO_USE_AFTER_DOCUMENTED_CORRECTION,HIGH,"No dataset correction performed; this is a parsing-rule finding. Proper ISO parse: start=1979-11-12, end=1979-11-18; raw DD-first parse: start=1979-11-12, end=1979-11-18."
UEI-IMD-FL-1979-0058,"Azamgarh, Bahraich, Ballia, Bara Banki, Basti, Chamoli, Dehradun, Deoria, Ayodhya, Gonda, Gorakhpur, Kheri, Sitapur","Uttar Pradesh, Uttarakhand",1979-07-08,1979-07-28,21.0,08-07-1979 00:00,28-07-1979 00:00,21,CORRECTABLE_WITH_EVIDENCE,"The processed CSV stores ISO dates, but the diagnostic used day-first parsing. Re-parsing processed ISO values with ISO/year-first semantics resolves the contradiction, and the raw DD-MM-YYYY fields are chronologically ordered.",SAFE_TO_USE_AFTER_DOCUMENTED_CORRECTION,HIGH,"No dataset correction performed; this is a parsing-rule finding. Proper ISO parse: start=1979-07-08, end=1979-07-28; raw DD-first parse: start=1979-07-08, end=1979-07-28."
UEI-IMD-FL-1980-0003,"Darrang, Sivasagar",Assam,1980-06-08,1980-06-21,14.0,08-06-1980 00:00,21-06-1980 00:00,14,CORRECTABLE_WITH_EVIDENCE,"The processed CSV stores ISO dates, but the diagnostic used day-first parsing. Re-parsing processed ISO values with ISO/year-first semantics resolves the contradiction, and the raw DD-MM-YYYY fields are chronologically ordered.",SAFE_TO_USE_AFTER_DOCUMENTED_CORRECTION,HIGH,"No dataset correction performed; this is a parsing-rule finding. Proper ISO parse: start=1980-06-08, end=1980-06-21; raw DD-first parse: start=1980-06-08, end=1980-06-21."
UEI-IMD-FL-1980-0010,"Ambala, Jind, Karnal, Kurukshetra, Sonipat",Haryana,1980-07-08,1980-07-28,21.0,08-07-1980 00:00,28-07-1980 00:00,21,CORRECTABLE_WITH_EVIDENCE,"The processed CSV stores ISO dates, but the diagnostic used day-first parsing. Re-parsing processed ISO values with ISO/year-first semantics resolves the contradiction, and the raw DD-MM-YYYY fields are chronologically ordered.",SAFE_TO_USE_AFTER_DOCUMENTED_CORRECTION,HIGH,"No dataset correction performed; this is a parsing-rule finding. Proper ISO parse: start=1980-07-08, end=1980-07-28; raw DD-first parse: start=1980-07-08, end=1980-07-28."
UEI-IMD-FL-1980-0012,New New Delhi,Delhi,1980-07-08,1980-07-28,21.0,08-07-1980 00:00,28-07-1980 00:00,21,CORRECTABLE_WITH_EVIDENCE,"The processed CSV stores ISO dates, but the diagnostic used day-first parsing. Re-parsing processed ISO values with ISO/year-first semantics resolves the contradiction, and the raw DD-MM-YYYY fields are chronologically ordered.",SAFE_TO_USE_AFTER_DOCUMENTED_CORRECTION,HIGH,"No dataset correction performed; this is a parsing-rule finding. Proper ISO parse: start=1980-07-08, end=1980-07-28; raw DD-first parse: start=1980-07-08, end=1980-07-28."
UEI-IMD-FL-1980-0013,Chandigarh,Chandigarh,1980-07-08,1980-07-21,14.0,08-07-1980 00:00,21-07-1980 00:00,14,CORRECTABLE_WITH_EVIDENCE,"The processed CSV stores ISO dates, but the diagnostic used day-first parsing. Re-parsing processed ISO values with ISO/year-first semantics resolves the contradiction, and the raw DD-MM-YYYY fields are chronologically ordered.",SAFE_TO_USE_AFTER_DOCUMENTED_CORRECTION,HIGH,"No dataset correction performed; this is a parsing-rule finding. Proper ISO parse: start=1980-07-08, end=1980-07-21; raw DD-first parse: start=1980-07-08, end=1980-07-21."
UEI-IMD-FL-1980-0015,Jammu,Jammu and Kashmir,1980-07-08,1980-07-14,7.0,08-07-1980 00:00,14-07-1980 00:00,7,CORRECTABLE_WITH_EVIDENCE,"The processed CSV stores ISO dates, but the diagnostic used day-first parsing. Re-parsing processed ISO values with ISO/year-first semantics resolves the contradiction, and the raw DD-MM-YYYY fields are chronologically ordered.",SAFE_TO_USE_AFTER_DOCUMENTED_CORRECTION,HIGH,"No dataset correction performed; this is a parsing-rule finding. Proper ISO parse: start=1980-07-08, end=1980-07-14; raw DD-first parse: start=1980-07-08, end=1980-07-14."
UEI-IMD-FL-1980-0048,"Gurdaspur, Hoshiarpur, Kapurthala, Ludhiana, Patiala",Punjab,1980-07-08,1980-07-21,14.0,08-07-1980 00:00,21-07-1980 00:00,14,CORRECTABLE_WITH_EVIDENCE,"The processed CSV stores ISO dates, but the diagnostic used day-first parsing. Re-parsing processed ISO values with ISO/year-first semantics resolves the contradiction, and the raw DD-MM-YYYY fields are chronologically ordered.",SAFE_TO_USE_AFTER_DOCUMENTED_CORRECTION,HIGH,"No dataset correction performed; this is a parsing-rule finding. Proper ISO parse: start=1980-07-08, end=1980-07-21; raw DD-first parse: start=1980-07-08, end=1980-07-21."
UEI-IMD-FL-1980-0050,Alwar,Rajasthan,1980-07-08,1980-07-21,14.0,08-07-1980 00:00,21-07-1980 00:00,14,CORRECTABLE_WITH_EVIDENCE,"The processed CSV stores ISO dates, but the diagnostic used day-first parsing. Re-parsing processed ISO values with ISO/year-first semantics resolves the contradiction, and the raw DD-MM-YYYY fields are chronologically ordered.",SAFE_TO_USE_AFTER_DOCUMENTED_CORRECTION,HIGH,"No dataset correction performed; this is a parsing-rule finding. Proper ISO parse: start=1980-07-08, end=1980-07-21; raw DD-first parse: start=1980-07-08, end=1980-07-21."
UEI-IMD-FL-1980-0057,"Chamoli, Tehri Garhwal, Uttar Kashi Kashi, Ballia, Pratapgarh, Dehradun","Uttar Pradesh, Uttarakhand",1980-07-08,1980-07-14,7.0,08-07-1980 00:00,14-07-1980 00:00,7,CORRECTABLE_WITH_EVIDENCE,"The processed CSV stores ISO dates, but the diagnostic used day-first parsing. Re-parsing processed ISO values with ISO/year-first semantics resolves the contradiction, and the raw DD-MM-YYYY fields are chronologically ordered.",SAFE_TO_USE_AFTER_DOCUMENTED_CORRECTION,HIGH,"No dataset correction performed; this is a parsing-rule finding. Proper ISO parse: start=1980-07-08, end=1980-07-14; raw DD-first parse: start=1980-07-08, end=1980-07-14."
UEI-IMD-FL-1981-0009,"Saharsa, Purnia, Katihar, Madhubani, Purbi Champaran",Bihar,1981-07-08,1981-07-28,21.0,08-07-1981 00:00,28-07-1981 00:00,21,CORRECTABLE_WITH_EVIDENCE,"The processed CSV stores ISO dates, but the diagnostic used day-first parsing. Re-parsing processed ISO values with ISO/year-first semantics resolves the contradiction, and the raw DD-MM-YYYY fields are chronologically ordered.",SAFE_TO_USE_AFTER_DOCUMENTED_CORRECTION,HIGH,"No dataset correction performed; this is a parsing-rule finding. Proper ISO parse: start=1981-07-08, end=1981-07-28; raw DD-first parse: start=1981-07-08, end=1981-07-28."
UEI-IMD-FL-1981-0010,New Delhi,Delhi,1981-06-30,1981-07-01,2.0,30-06-1981 00:00,01-07-1981 00:00,2,CORRECTABLE_WITH_EVIDENCE,"The processed CSV stores ISO dates, but the diagnostic used day-first parsing. Re-parsing processed ISO values with ISO/year-first semantics resolves the contradiction, and the raw DD-MM-YYYY fields are chronologically ordered.",SAFE_TO_USE_AFTER_DOCUMENTED_CORRECTION,HIGH,"No dataset correction performed; this is a parsing-rule finding. Proper ISO parse: start=1981-06-30, end=1981-07-01; raw DD-first parse: start=1981-06-30, end=1981-07-01."
UEI-IMD-FL-1981-0014,"Jamnagar, Valsad, Surendranagar, Rajkot",Gujarat,1981-07-08,1981-07-14,7.0,08-07-1981 00:00,14-07-1981 00:00,7,CORRECTABLE_WITH_EVIDENCE,"The processed CSV stores ISO dates, but the diagnostic used day-first parsing. Re-parsing processed ISO values with ISO/year-first semantics resolves the contradiction, and the raw DD-MM-YYYY fields are chronologically ordered.",SAFE_TO_USE_AFTER_DOCUMENTED_CORRECTION,HIGH,"No dataset correction performed; this is a parsing-rule finding. Proper ISO parse: start=1981-07-08, end=1981-07-14; raw DD-first parse: start=1981-07-08, end=1981-07-14."
UEI-IMD-FL-1981-0037,Chhindwara,Madhya Pradesh,1981-07-08,1981-07-14,7.0,08-07-1981 00:00,14-07-1981 00:00,7,CORRECTABLE_WITH_EVIDENCE,"The processed CSV stores ISO dates, but the diagnostic used day-first parsing. Re-parsing processed ISO values with ISO/year-first semantics resolves the contradiction, and the raw DD-MM-YYYY fields are chronologically ordered.",SAFE_TO_USE_AFTER_DOCUMENTED_CORRECTION,HIGH,"No dataset correction performed; this is a parsing-rule finding. Proper ISO parse: start=1981-07-08, end=1981-07-14; raw DD-first parse: start=1981-07-08, end=1981-07-14."
UEI-IMD-FL-1981-0068,"Ludhiana, Patiala, Jalandhar",Punjab,1981-01-08,1981-01-14,7.0,08-01-1981 00:00,14-01-1981 00:00,7,CORRECTABLE_WITH_EVIDENCE,"The processed CSV stores ISO dates, but the diagnostic used day-first parsing. Re-parsing processed ISO values with ISO/year-first semantics resolves the contradiction, and the raw DD-MM-YYYY fields are chronologically ordered.",SAFE_TO_USE_AFTER_DOCUMENTED_CORRECTION,HIGH,"No dataset correction performed; this is a parsing-rule finding. Proper ISO parse: start=1981-01-08, end=1981-01-14; raw DD-first parse: start=1981-01-08, end=1981-01-14."
UEI-IMD-FL-1982-0021,Kannur,Kerala,1982-07-30,1982-08-04,6.0,30-07-1982 00:00,04-08-1982 00:00,6,CORRECTABLE_WITH_EVIDENCE,"The processed CSV stores ISO dates, but the diagnostic used day-first parsing. Re-parsing processed ISO values with ISO/year-first semantics resolves the contradiction, and the raw DD-MM-YYYY fields are chronologically ordered.",SAFE_TO_USE_AFTER_DOCUMENTED_CORRECTION,HIGH,"No dataset correction performed; this is a parsing-rule finding. Proper ISO parse: start=1982-07-30, end=1982-08-04; raw DD-first parse: start=1982-07-30, end=1982-08-04."
UEI-IMD-FL-1982-0053,"Bahraich, Gonda, Basti, Gorakhpur, Deoria, Ballia, Azamgarh, Ayodhya, Sultanpur, Jaunpur, Ghazipurr, Varanasi, Mirzapur, Prayagraj, Almora, Pithoragarh, Shahjahanpur, Gautam Buddha Nagar, Ghaziabad, Hapur, Baghpat, Muzaffarnagar, Shamli, Rampur, Amroha, Sambhal, Bareilly, Pilibhit, Shahjahanpur, Agra, Firozabad, Mainpuri, Mathura, Etah, Hathras, Kasganj, Etawah, Auraiya, Farrukhabad","Uttar Pradesh, Uttarakhand",1982-08-22,1982-09-07,17.0,22-08-1982 00:00,07-09-1982 00:00,17,CORRECTABLE_WITH_EVIDENCE,"The processed CSV stores ISO dates, but the diagnostic used day-first parsing. Re-parsing processed ISO values with ISO/year-first semantics resolves the contradiction, and the raw DD-MM-YYYY fields are chronologically ordered.",SAFE_TO_USE_AFTER_DOCUMENTED_CORRECTION,HIGH,"No dataset correction performed; this is a parsing-rule finding. Proper ISO parse: start=1982-08-22, end=1982-09-07; raw DD-first parse: start=1982-08-22, end=1982-09-07."
UEI-IMD-FL-1983-0012,"Cachar, Sivasagar",Assam,1983-05-08,1983-05-23,16.0,08-05-1983 00:00,23-05-1983 00:00,16,CORRECTABLE_WITH_EVIDENCE,"The processed CSV stores ISO dates, but the diagnostic used day-first parsing. Re-parsing processed ISO values with ISO/year-first semantics resolves the contradiction, and the raw DD-MM-YYYY fields are chronologically ordered.",SAFE_TO_USE_AFTER_DOCUMENTED_CORRECTION,HIGH,"No dataset correction performed; this is a parsing-rule finding. Proper ISO parse: start=1983-05-08, end=1983-05-23; raw DD-first parse: start=1983-05-08, end=1983-05-23."
UEI-IMD-FL-1983-0018,Purnia,Bihar,1983-07-08,1983-07-14,7.0,08-07-1983 00:00,14-07-1983 00:00,7,CORRECTABLE_WITH_EVIDENCE,"The processed CSV stores ISO dates, but the diagnostic used day-first parsing. Re-parsing processed ISO values with ISO/year-first semantics resolves the contradiction, and the raw DD-MM-YYYY fields are chronologically ordered.",SAFE_TO_USE_AFTER_DOCUMENTED_CORRECTION,HIGH,"No dataset correction performed; this is a parsing-rule finding. Proper ISO parse: start=1983-07-08, end=1983-07-14; raw DD-first parse: start=1983-07-08, end=1983-07-14."
UEI-IMD-FL-1983-0036,Rajouri,Jammu and Kashmir,1983-10-12,1983-10-16,5.0,12-10-1983 00:00,16-10-1983 00:00,5,CORRECTABLE_WITH_EVIDENCE,"The processed CSV stores ISO dates, but the diagnostic used day-first parsing. Re-parsing processed ISO values with ISO/year-first semantics resolves the contradiction, and the raw DD-MM-YYYY fields are chronologically ordered.",SAFE_TO_USE_AFTER_DOCUMENTED_CORRECTION,HIGH,"No dataset correction performed; this is a parsing-rule finding. Proper ISO parse: start=1983-10-12, end=1983-10-16; raw DD-first parse: start=1983-10-12, end=1983-10-16."
UEI-IMD-FL-1983-0047,Ernakulam,Kerala,1983-08-10,1983-08-17,8.0,10-08-1983 00:00,17-08-1983 00:00,8,CORRECTABLE_WITH_EVIDENCE,"The processed CSV stores ISO dates, but the diagnostic used day-first parsing. Re-parsing processed ISO values with ISO/year-first semantics resolves the contradiction, and the raw DD-MM-YYYY fields are chronologically ordered.",SAFE_TO_USE_AFTER_DOCUMENTED_CORRECTION,HIGH,"No dataset correction performed; this is a parsing-rule finding. Proper ISO parse: start=1983-08-10, end=1983-08-17; raw DD-first parse: start=1983-08-10, end=1983-08-17."
UEI-IMD-FL-1983-0062,"Aurangabad, Dharashiv, Jalna, Beed, Latur, Nanded, Hingoli, Parbhani, Solapur, Amravati, Akola, Bhandara, Buldhana, Chandrapur, Gadchiroli, Gondia, Nagpur, Wardha, Washim, Yavatmal",Maharashtra,1983-08-11,1983-08-17,7.0,11-08-1983 00:00,17-08-1983 00:00,7,CORRECTABLE_WITH_EVIDENCE,"The processed CSV stores ISO dates, but the diagnostic used day-first parsing. Re-parsing processed ISO values with ISO/year-first semantics resolves the contradiction, and the raw DD-MM-YYYY fields are chronologically ordered.",SAFE_TO_USE_AFTER_DOCUMENTED_CORRECTION,HIGH,"No dataset correction performed; this is a parsing-rule finding. Proper ISO parse: start=1983-08-11, end=1983-08-17; raw DD-first parse: start=1983-08-11, end=1983-08-17."
UEI-IMD-FL-1983-0086,"Gangtok, Mangan",Sikkim,1983-09-12,1983-09-13,2.0,12-09-1983 00:00,13-09-1983 00:00,2,CORRECTABLE_WITH_EVIDENCE,"The processed CSV stores ISO dates, but the diagnostic used day-first parsing. Re-parsing processed ISO values with ISO/year-first semantics resolves the contradiction, and the raw DD-MM-YYYY fields are chronologically ordered.",SAFE_TO_USE_AFTER_DOCUMENTED_CORRECTION,HIGH,"No dataset correction performed; this is a parsing-rule finding. Proper ISO parse: start=1983-09-12, end=1983-09-13; raw DD-first parse: start=1983-09-12, end=1983-09-13."
UEI-IMD-FL-1983-0103,"Cooch Behar, Jalpaiguri",West Bengal,1983-09-12,1983-09-14,3.0,12-09-1983 00:00,14-09-1983 00:00,3,CORRECTABLE_WITH_EVIDENCE,"The processed CSV stores ISO dates, but the diagnostic used day-first parsing. Re-parsing processed ISO values with ISO/year-first semantics resolves the contradiction, and the raw DD-MM-YYYY fields are chronologically ordered.",SAFE_TO_USE_AFTER_DOCUMENTED_CORRECTION,HIGH,"No dataset correction performed; this is a parsing-rule finding. Proper ISO parse: start=1983-09-12, end=1983-09-14; raw DD-first parse: start=1983-09-12, end=1983-09-14."
UEI-IMD-FL-1983-0104,"Upper Lower Subansiri, Anjaw, Changlang, Tawang, Papum Pare, Tirap, East Siang, Lohit, Kurung Kumey, Lower Lower Subansiri, East Kameng, West Kameng, West Kameng, West Kameng, Kra Daadi, Namsai, Longding, Upper Siang, Lower Siang, Dibang Valley, Lower Dibang Valley, Siang, Shi Yomi, Pakke Kessang, West Siang, Leparada, Kamle",Arunachal Pradesh,1983-09-10,1983-09-14,5.0,10-09-1983 00:00,14-09-1983 00:00,5,CORRECTABLE_WITH_EVIDENCE,"The processed CSV stores ISO dates, but the diagnostic used day-first parsing. Re-parsing processed ISO values with ISO/year-first semantics resolves the contradiction, and the raw DD-MM-YYYY fields are chronologically ordered.",SAFE_TO_USE_AFTER_DOCUMENTED_CORRECTION,HIGH,"No dataset correction performed; this is a parsing-rule finding. Proper ISO parse: start=1983-09-10, end=1983-09-14; raw DD-first parse: start=1983-09-10, end=1983-09-14."
UEI-IMD-FL-1984-0004,"Cachar, Dibrugarh, Jorhat, Lakhimpur, Darrang",Assam,1984-06-08,1984-06-14,7.0,08-06-1984 00:00,14-06-1984 00:00,7,CORRECTABLE_WITH_EVIDENCE,"The processed CSV stores ISO dates, but the diagnostic used day-first parsing. Re-parsing processed ISO values with ISO/year-first semantics resolves the contradiction, and the raw DD-MM-YYYY fields are chronologically ordered.",SAFE_TO_USE_AFTER_DOCUMENTED_CORRECTION,HIGH,"No dataset correction performed; this is a parsing-rule finding. Proper ISO parse: start=1984-06-08, end=1984-06-14; raw DD-first parse: start=1984-06-08, end=1984-06-14."
UEI-IMD-FL-1984-0005,"Darrang, Goalpara, Dhubri, Dibrugarh, Lakhimpur, Nagaon",Assam,1984-07-08,1984-07-14,7.0,08-07-1984 00:00,14-07-1984 00:00,7,CORRECTABLE_WITH_EVIDENCE,"The processed CSV stores ISO dates, but the diagnostic used day-first parsing. Re-parsing processed ISO values with ISO/year-first semantics resolves the contradiction, and the raw DD-MM-YYYY fields are chronologically ordered.",SAFE_TO_USE_AFTER_DOCUMENTED_CORRECTION,HIGH,"No dataset correction performed; this is a parsing-rule finding. Proper ISO parse: start=1984-07-08, end=1984-07-14; raw DD-first parse: start=1984-07-08, end=1984-07-14."
UEI-IMD-FL-1984-0009,"Bhagalpur, Darbhanga, Purbi Champaran, Pashchim Champaran, Munger",Bihar,1984-06-08,1984-06-14,7.0,08-06-1984 00:00,14-06-1984 00:00,7,CORRECTABLE_WITH_EVIDENCE,"The processed CSV stores ISO dates, but the diagnostic used day-first parsing. Re-parsing processed ISO values with ISO/year-first semantics resolves the contradiction, and the raw DD-MM-YYYY fields are chronologically ordered.",SAFE_TO_USE_AFTER_DOCUMENTED_CORRECTION,HIGH,"No dataset correction performed; this is a parsing-rule finding. Proper ISO parse: start=1984-06-08, end=1984-06-14; raw DD-first parse: start=1984-06-08, end=1984-06-14."
UEI-IMD-FL-1984-0018,"Valsad, Dangs, Surat",Gujarat,1984-07-08,1984-07-14,7.0,08-07-1984 00:00,14-07-1984 00:00,7,CORRECTABLE_WITH_EVIDENCE,"The processed CSV stores ISO dates, but the diagnostic used day-first parsing. Re-parsing processed ISO values with ISO/year-first semantics resolves the contradiction, and the raw DD-MM-YYYY fields are chronologically ordered.",SAFE_TO_USE_AFTER_DOCUMENTED_CORRECTION,HIGH,"No dataset correction performed; this is a parsing-rule finding. Proper ISO parse: start=1984-07-08, end=1984-07-14; raw DD-first parse: start=1984-07-08, end=1984-07-14."
UEI-IMD-FL-1984-0033,"Chikkaballapura, Kodagu, Shivamogga",Karnataka,1984-07-08,1984-07-14,7.0,08-07-1984 00:00,14-07-1984 00:00,7,CORRECTABLE_WITH_EVIDENCE,"The processed CSV stores ISO dates, but the diagnostic used day-first parsing. Re-parsing processed ISO values with ISO/year-first semantics resolves the contradiction, and the raw DD-MM-YYYY fields are chronologically ordered.",SAFE_TO_USE_AFTER_DOCUMENTED_CORRECTION,HIGH,"No dataset correction performed; this is a parsing-rule finding. Proper ISO parse: start=1984-07-08, end=1984-07-14; raw DD-first parse: start=1984-07-08, end=1984-07-14."
UEI-IMD-FL-1984-0058,"Amravati, Mumbai, Kolhapur, Mumbai, Mumbai Suburban, Raigad, Ratnagiri, Sindhudurg, Thane, Palghar, Nashik",Maharashtra,1984-06-30,1984-07-02,3.0,30-06-1984 00:00,02-07-1984 00:00,3,CORRECTABLE_WITH_EVIDENCE,"The processed CSV stores ISO dates, but the diagnostic used day-first parsing. Re-parsing processed ISO values with ISO/year-first semantics resolves the contradiction, and the raw DD-MM-YYYY fields are chronologically ordered.",SAFE_TO_USE_AFTER_DOCUMENTED_CORRECTION,HIGH,"No dataset correction performed; this is a parsing-rule finding. Proper ISO parse: start=1984-06-30, end=1984-07-02; raw DD-first parse: start=1984-06-30, end=1984-07-02."
UEI-IMD-FL-1984-0073,Koraput,Odisha,1984-06-12,1984-06-13,2.0,12-06-1984 00:00,13-06-1984 00:00,2,CORRECTABLE_WITH_EVIDENCE,"The processed CSV stores ISO dates, but the diagnostic used day-first parsing. Re-parsing processed ISO values with ISO/year-first semantics resolves the contradiction, and the raw DD-MM-YYYY fields are chronologically ordered.",SAFE_TO_USE_AFTER_DOCUMENTED_CORRECTION,HIGH,"No dataset correction performed; this is a parsing-rule finding. Proper ISO parse: start=1984-06-12, end=1984-06-13; raw DD-first parse: start=1984-06-12, end=1984-06-13."
UEI-IMD-FL-1984-0075,"Baleshwar, Cuttack, Dhenkanal, Ganjam, Kendujhar, Puri, Boudh, Kandhamal",Odisha,1984-08-08,1984-09-07,31.0,08-08-1984 00:00,07-09-1984 00:00,31,CORRECTABLE_WITH_EVIDENCE,"The processed CSV stores ISO dates, but the diagnostic used day-first parsing. Re-parsing processed ISO values with ISO/year-first semantics resolves the contradiction, and the raw DD-MM-YYYY fields are chronologically ordered.",SAFE_TO_USE_AFTER_DOCUMENTED_CORRECTION,HIGH,"No dataset correction performed; this is a parsing-rule finding. Proper ISO parse: start=1984-08-08, end=1984-09-07; raw DD-first parse: start=1984-08-08, end=1984-09-07."
UEI-IMD-FL-1984-0097,"Bankura, Birbhum, Purba bardhaman, Cooch Behar, Darjeeling, Jalpaiguri, Howrah, Hooghly, Malda, Paschim Purba Medinipur, Purba Purba Medinipur, Nadia, North 24 Parganas",West Bengal,1984-06-08,1984-06-28,21.0,08-06-1984 00:00,28-06-1984 00:00,21,CORRECTABLE_WITH_EVIDENCE,"The processed CSV stores ISO dates, but the diagnostic used day-first parsing. Re-parsing processed ISO values with ISO/year-first semantics resolves the contradiction, and the raw DD-MM-YYYY fields are chronologically ordered.",SAFE_TO_USE_AFTER_DOCUMENTED_CORRECTION,HIGH,"No dataset correction performed; this is a parsing-rule finding. Proper ISO parse: start=1984-06-08, end=1984-06-28; raw DD-first parse: start=1984-06-08, end=1984-06-28."
UEI-IMD-FL-1984-0100,"Dakshin Dinajpur, Malda, Paschim Purba Medinipur",West Bengal,1984-07-08,1984-07-21,14.0,08-07-1984 00:00,21-07-1984 00:00,14,CORRECTABLE_WITH_EVIDENCE,"The processed CSV stores ISO dates, but the diagnostic used day-first parsing. Re-parsing processed ISO values with ISO/year-first semantics resolves the contradiction, and the raw DD-MM-YYYY fields are chronologically ordered.",SAFE_TO_USE_AFTER_DOCUMENTED_CORRECTION,HIGH,"No dataset correction performed; this is a parsing-rule finding. Proper ISO parse: start=1984-07-08, end=1984-07-21; raw DD-first parse: start=1984-07-08, end=1984-07-21."
UEI-IMD-FL-1985-0047,"Ratnagiri, Sindhudurg",Maharashtra,1985-07-22,1985-08-07,17.0,22-07-1985 00:00,07-08-1985 00:00,17,CORRECTABLE_WITH_EVIDENCE,"The processed CSV stores ISO dates, but the diagnostic used day-first parsing. Re-parsing processed ISO values with ISO/year-first semantics resolves the contradiction, and the raw DD-MM-YYYY fields are chronologically ordered.",SAFE_TO_USE_AFTER_DOCUMENTED_CORRECTION,HIGH,"No dataset correction performed; this is a parsing-rule finding. Proper ISO parse: start=1985-07-22, end=1985-08-07; raw DD-first parse: start=1985-07-22, end=1985-08-07."
UEI-IMD-FL-1985-0059,"North Tripura, Dhalai, Sepahijala, Gomati, Khowai, West Tripura, South Tripura, Unakoti",Tripura,1985-06-08,1985-06-14,7.0,08-06-1985 00:00,14-06-1985 00:00,7,CORRECTABLE_WITH_EVIDENCE,"The processed CSV stores ISO dates, but the diagnostic used day-first parsing. Re-parsing processed ISO values with ISO/year-first semantics resolves the contradiction, and the raw DD-MM-YYYY fields are chronologically ordered.",SAFE_TO_USE_AFTER_DOCUMENTED_CORRECTION,HIGH,"No dataset correction performed; this is a parsing-rule finding. Proper ISO parse: start=1985-06-08, end=1985-06-14; raw DD-first parse: start=1985-06-08, end=1985-06-14."
UEI-IMD-FL-1985-0070,"Lohit, Lower Lower Subansiri, West Siang, East Siang",Arunachal Pradesh,1985-07-08,1985-07-14,7.0,08-07-1985 00:00,14-07-1985 00:00,7,CORRECTABLE_WITH_EVIDENCE,"The processed CSV stores ISO dates, but the diagnostic used day-first parsing. Re-parsing processed ISO values with ISO/year-first semantics resolves the contradiction, and the raw DD-MM-YYYY fields are chronologically ordered.",SAFE_TO_USE_AFTER_DOCUMENTED_CORRECTION,HIGH,"No dataset correction performed; this is a parsing-rule finding. Proper ISO parse: start=1985-07-08, end=1985-07-14; raw DD-first parse: start=1985-07-08, end=1985-07-14."
UEI-IMD-FL-1986-0071,Rupnagar,Punjab,1986-08-12,1986-08-13,2.0,12-08-1986 00:00,13-08-1986 00:00,2,CORRECTABLE_WITH_EVIDENCE,"The processed CSV stores ISO dates, but the diagnostic used day-first parsing. Re-parsing processed ISO values with ISO/year-first semantics resolves the contradiction, and the raw DD-MM-YYYY fields are chronologically ordered.",SAFE_TO_USE_AFTER_DOCUMENTED_CORRECTION,HIGH,"No dataset correction performed; this is a parsing-rule finding. Proper ISO parse: start=1986-08-12, end=1986-08-13; raw DD-first parse: start=1986-08-12, end=1986-08-13."
UEI-IMD-FL-1987-0002,"Upper Lower Subansiri, Anjaw, Changlang, Tawang, Papum Pare, Tirap, East Siang, Lohit, Kurung Kumey, Lower Lower Subansiri, East Kameng, West Kameng, West Kameng, West Kameng, Kra Daadi, Namsai, Longding, Upper Siang, Lower Siang, Dibang Valley, Lower Dibang Valley, Siang, Shi Yomi, Pakke Kessang, West Siang, Leparada, Kamle",Arunachal Pradesh,1987-07-22,1987-08-07,17.0,22-07-1987 00:00,07-08-1987 00:00,17,CORRECTABLE_WITH_EVIDENCE,"The processed CSV stores ISO dates, but the diagnostic used day-first parsing. Re-parsing processed ISO values with ISO/year-first semantics resolves the contradiction, and the raw DD-MM-YYYY fields are chronologically ordered.",SAFE_TO_USE_AFTER_DOCUMENTED_CORRECTION,HIGH,"No dataset correction performed; this is a parsing-rule finding. Proper ISO parse: start=1987-07-22, end=1987-08-07; raw DD-first parse: start=1987-07-22, end=1987-08-07."
UEI-IMD-FL-1987-0042,"Cooch Behar, Jalpaiguri",West Bengal,1987-08-08,1987-09-07,31.0,08-08-1987 00:00,07-09-1987 00:00,31,CORRECTABLE_WITH_EVIDENCE,"The processed CSV stores ISO dates, but the diagnostic used day-first parsing. Re-parsing processed ISO values with ISO/year-first semantics resolves the contradiction, and the raw DD-MM-YYYY fields are chronologically ordered.",SAFE_TO_USE_AFTER_DOCUMENTED_CORRECTION,HIGH,"No dataset correction performed; this is a parsing-rule finding. Proper ISO parse: start=1987-08-08, end=1987-09-07; raw DD-first parse: start=1987-08-08, end=1987-09-07."
UEI-IMD-FL-1987-0044,"Purba bardhaman, Hooghly, Howrah, Paschim Purba Medinipur, Purba Purba Medinipur, South 24 Parganas, North 24 Parganas",West Bengal,1987-08-22,1987-09-07,17.0,22-08-1987 00:00,07-09-1987 00:00,17,CORRECTABLE_WITH_EVIDENCE,"The processed CSV stores ISO dates, but the diagnostic used day-first parsing. Re-parsing processed ISO values with ISO/year-first semantics resolves the contradiction, and the raw DD-MM-YYYY fields are chronologically ordered.",SAFE_TO_USE_AFTER_DOCUMENTED_CORRECTION,HIGH,"No dataset correction performed; this is a parsing-rule finding. Proper ISO parse: start=1987-08-22, end=1987-09-07; raw DD-first parse: start=1987-08-22, end=1987-09-07."
UEI-IMD-FL-1988-0006,"Cachar, Darrang, Dibrugarh, Goalpara, Jorhat, Kamrup, Karbi Anglong, Kokrajhar, Lakhimpur, Nagaon, Sivasagar",Assam,1988-07-08,1988-07-28,21.0,08-07-1988 00:00,28-07-1988 00:00,21,CORRECTABLE_WITH_EVIDENCE,"The processed CSV stores ISO dates, but the diagnostic used day-first parsing. Re-parsing processed ISO values with ISO/year-first semantics resolves the contradiction, and the raw DD-MM-YYYY fields are chronologically ordered.",SAFE_TO_USE_AFTER_DOCUMENTED_CORRECTION,HIGH,"No dataset correction performed; this is a parsing-rule finding. Proper ISO parse: start=1988-07-08, end=1988-07-28; raw DD-first parse: start=1988-07-08, end=1988-07-28."
UEI-IMD-FL-1988-0014,"Amreli, Banas Kantha, Bhavnagar, Valsad, Jamnagar, Junagadh, Kachchh, Rajkot, Surat, Vadodara",Gujarat,1988-07-08,1988-07-28,21.0,08-07-1988 00:00,28-07-1988 00:00,21,CORRECTABLE_WITH_EVIDENCE,"The processed CSV stores ISO dates, but the diagnostic used day-first parsing. Re-parsing processed ISO values with ISO/year-first semantics resolves the contradiction, and the raw DD-MM-YYYY fields are chronologically ordered.",SAFE_TO_USE_AFTER_DOCUMENTED_CORRECTION,HIGH,"No dataset correction performed; this is a parsing-rule finding. Proper ISO parse: start=1988-07-08, end=1988-07-28; raw DD-first parse: start=1988-07-08, end=1988-07-28."
UEI-IMD-FL-1988-0020,"Faridabad, Hisar, Jind, Karnal, Kurukshetra, Sirsa, Sonipat",Haryana,1988-09-22,1988-10-07,16.0,22-09-1988 00:00,07-10-1988 00:00,16,CORRECTABLE_WITH_EVIDENCE,"The processed CSV stores ISO dates, but the diagnostic used day-first parsing. Re-parsing processed ISO values with ISO/year-first semantics resolves the contradiction, and the raw DD-MM-YYYY fields are chronologically ordered.",SAFE_TO_USE_AFTER_DOCUMENTED_CORRECTION,HIGH,"No dataset correction performed; this is a parsing-rule finding. Proper ISO parse: start=1988-09-22, end=1988-10-07; raw DD-first parse: start=1988-09-22, end=1988-10-07."
UEI-IMD-FL-1988-0086,Gurdaspur,Punjab,1988-03-11,1988-03-14,4.0,11-03-1988 00:00,14-03-1988 00:00,4,CORRECTABLE_WITH_EVIDENCE,"The processed CSV stores ISO dates, but the diagnostic used day-first parsing. Re-parsing processed ISO values with ISO/year-first semantics resolves the contradiction, and the raw DD-MM-YYYY fields are chronologically ordered.",SAFE_TO_USE_AFTER_DOCUMENTED_CORRECTION,HIGH,"No dataset correction performed; this is a parsing-rule finding. Proper ISO parse: start=1988-03-11, end=1988-03-14; raw DD-first parse: start=1988-03-11, end=1988-03-14."
UEI-IMD-FL-1988-0096,"North Tripura, Dhalai, Sepahijala, Gomati, Khowai, West Tripura, South Tripura, Unakoti",Tripura,1988-07-08,1988-07-28,21.0,08-07-1988 00:00,28-07-1988 00:00,21,CORRECTABLE_WITH_EVIDENCE,"The processed CSV stores ISO dates, but the diagnostic used day-first parsing. Re-parsing processed ISO values with ISO/year-first semantics resolves the contradiction, and the raw DD-MM-YYYY fields are chronologically ordered.",SAFE_TO_USE_AFTER_DOCUMENTED_CORRECTION,HIGH,"No dataset correction performed; this is a parsing-rule finding. Proper ISO parse: start=1988-07-08, end=1988-07-28; raw DD-first parse: start=1988-07-08, end=1988-07-28."
UEI-IMD-FL-1988-0099,"Hooghly, Purba Purba Medinipur, South 24 Parganas, North 24 Parganas",West Bengal,1988-06-12,1988-06-13,2.0,12-06-1988 00:00,13-06-1988 00:00,2,CORRECTABLE_WITH_EVIDENCE,"The processed CSV stores ISO dates, but the diagnostic used day-first parsing. Re-parsing processed ISO values with ISO/year-first semantics resolves the contradiction, and the raw DD-MM-YYYY fields are chronologically ordered.",SAFE_TO_USE_AFTER_DOCUMENTED_CORRECTION,HIGH,"No dataset correction performed; this is a parsing-rule finding. Proper ISO parse: start=1988-06-12, end=1988-06-13; raw DD-first parse: start=1988-06-12, end=1988-06-13."
UEI-IMD-FL-1989-0003,"Barpeta, Darrang, Dibrugarh, Kamrup, Sonitpur",Assam,1989-06-08,1989-06-21,14.0,08-06-1989 00:00,21-06-1989 00:00,14,CORRECTABLE_WITH_EVIDENCE,"The processed CSV stores ISO dates, but the diagnostic used day-first parsing. Re-parsing processed ISO values with ISO/year-first semantics resolves the contradiction, and the raw DD-MM-YYYY fields are chronologically ordered.",SAFE_TO_USE_AFTER_DOCUMENTED_CORRECTION,HIGH,"No dataset correction performed; this is a parsing-rule finding. Proper ISO parse: start=1989-06-08, end=1989-06-21; raw DD-first parse: start=1989-06-08, end=1989-06-21."
UEI-IMD-FL-1989-0010,"Kangra, Hamirpur",Himachal Pradesh,1989-07-12,1989-07-14,3.0,12-07-1989 00:00,14-07-1989 00:00,3,CORRECTABLE_WITH_EVIDENCE,"The processed CSV stores ISO dates, but the diagnostic used day-first parsing. Re-parsing processed ISO values with ISO/year-first semantics resolves the contradiction, and the raw DD-MM-YYYY fields are chronologically ordered.",SAFE_TO_USE_AFTER_DOCUMENTED_CORRECTION,HIGH,"No dataset correction performed; this is a parsing-rule finding. Proper ISO parse: start=1989-07-12, end=1989-07-14; raw DD-first parse: start=1989-07-12, end=1989-07-14."
UEI-IMD-FL-1989-0012,"Lahul And Spiti, Chamba, Kangra, Kullu, Mandi, Kinnaur, Una, Shimla, Solan, Sirmaur, Hamirpur, Bilaspur",Himachal Pradesh,1989-07-25,1989-08-02,9.0,25-07-1989 00:00,02-08-1989 00:00,9,CORRECTABLE_WITH_EVIDENCE,"The processed CSV stores ISO dates, but the diagnostic used day-first parsing. Re-parsing processed ISO values with ISO/year-first semantics resolves the contradiction, and the raw DD-MM-YYYY fields are chronologically ordered.",SAFE_TO_USE_AFTER_DOCUMENTED_CORRECTION,HIGH,"No dataset correction performed; this is a parsing-rule finding. Proper ISO parse: start=1989-07-25, end=1989-08-02; raw DD-first parse: start=1989-07-25, end=1989-08-02."
UEI-IMD-FL-1989-0027,"Alappuzha, Thrissur",Kerala,1989-06-08,1989-06-14,7.0,08-06-1989 00:00,14-06-1989 00:00,7,CORRECTABLE_WITH_EVIDENCE,"The processed CSV stores ISO dates, but the diagnostic used day-first parsing. Re-parsing processed ISO values with ISO/year-first semantics resolves the contradiction, and the raw DD-MM-YYYY fields are chronologically ordered.",SAFE_TO_USE_AFTER_DOCUMENTED_CORRECTION,HIGH,"No dataset correction performed; this is a parsing-rule finding. Proper ISO parse: start=1989-06-08, end=1989-06-14; raw DD-first parse: start=1989-06-08, end=1989-06-14."
UEI-IMD-FL-1989-0041,"Baleshwar, Cuttack, Puri",Odisha,1989-07-12,1989-07-20,9.0,12-07-1989 00:00,20-07-1989 00:00,9,CORRECTABLE_WITH_EVIDENCE,"The processed CSV stores ISO dates, but the diagnostic used day-first parsing. Re-parsing processed ISO values with ISO/year-first semantics resolves the contradiction, and the raw DD-MM-YYYY fields are chronologically ordered.",SAFE_TO_USE_AFTER_DOCUMENTED_CORRECTION,HIGH,"No dataset correction performed; this is a parsing-rule finding. Proper ISO parse: start=1989-07-12, end=1989-07-20; raw DD-first parse: start=1989-07-12, end=1989-07-20."
UEI-IMD-FL-1989-0045,Patiala,Punjab,1989-07-27,1989-08-02,7.0,27-07-1989 00:00,02-08-1989 00:00,7,CORRECTABLE_WITH_EVIDENCE,"The processed CSV stores ISO dates, but the diagnostic used day-first parsing. Re-parsing processed ISO values with ISO/year-first semantics resolves the contradiction, and the raw DD-MM-YYYY fields are chronologically ordered.",SAFE_TO_USE_AFTER_DOCUMENTED_CORRECTION,HIGH,"No dataset correction performed; this is a parsing-rule finding. Proper ISO parse: start=1989-07-27, end=1989-08-02; raw DD-first parse: start=1989-07-27, end=1989-08-02."
UEI-IMD-FL-1989-0055,"Paschim Purba Bardhaman, Purba Purba Bardhaman",West Bengal,1989-07-28,1989-08-03,7.0,28-07-1989 00:00,03-08-1989 00:00,7,CORRECTABLE_WITH_EVIDENCE,"The processed CSV stores ISO dates, but the diagnostic used day-first parsing. Re-parsing processed ISO values with ISO/year-first semantics resolves the contradiction, and the raw DD-MM-YYYY fields are chronologically ordered.",SAFE_TO_USE_AFTER_DOCUMENTED_CORRECTION,HIGH,"No dataset correction performed; this is a parsing-rule finding. Proper ISO parse: start=1989-07-28, end=1989-08-03; raw DD-first parse: start=1989-07-28, end=1989-08-03."
UEI-IMD-FL-1989-0057,Purba Medinipur,West Bengal,1989-07-31,1989-08-07,8.0,31-07-1989 00:00,07-08-1989 00:00,8,CORRECTABLE_WITH_EVIDENCE,"The processed CSV stores ISO dates, but the diagnostic used day-first parsing. Re-parsing processed ISO values with ISO/year-first semantics resolves the contradiction, and the raw DD-MM-YYYY fields are chronologically ordered.",SAFE_TO_USE_AFTER_DOCUMENTED_CORRECTION,HIGH,"No dataset correction performed; this is a parsing-rule finding. Proper ISO parse: start=1989-07-31, end=1989-08-07; raw DD-first parse: start=1989-07-31, end=1989-08-07."
UEI-IMD-FL-1990-0006,"Barpeta, Cachar, Dhubri, Dibrugarh, Jorhat, Kamrup, Karimganj, Lakhimpur, Nalbari, Sivasagar, Sonitpur",Assam,1990-06-08,1990-07-31,54.0,08-06-1990 00:00,31-07-1990 00:00,54,CORRECTABLE_WITH_EVIDENCE,"The processed CSV stores ISO dates, but the diagnostic used day-first parsing. Re-parsing processed ISO values with ISO/year-first semantics resolves the contradiction, and the raw DD-MM-YYYY fields are chronologically ordered.",SAFE_TO_USE_AFTER_DOCUMENTED_CORRECTION,HIGH,"No dataset correction performed; this is a parsing-rule finding. Proper ISO parse: start=1990-06-08, end=1990-07-31; raw DD-first parse: start=1990-06-08, end=1990-07-31."
UEI-IMD-FL-1990-0056,"East Garo Hills, West Garo Hills",Meghalaya,1990-10-11,1990-10-19,9.0,11-10-1990 00:00,19-10-1990 00:00,9,CORRECTABLE_WITH_EVIDENCE,"The processed CSV stores ISO dates, but the diagnostic used day-first parsing. Re-parsing processed ISO values with ISO/year-first semantics resolves the contradiction, and the raw DD-MM-YYYY fields are chronologically ordered.",SAFE_TO_USE_AFTER_DOCUMENTED_CORRECTION,HIGH,"No dataset correction performed; this is a parsing-rule finding. Proper ISO parse: start=1990-10-11, end=1990-10-19; raw DD-first parse: start=1990-10-11, end=1990-10-19."
UEI-IMD-FL-1990-0068,Ganjam,Odisha,1990-11-12,1990-11-13,2.0,12-11-1990 00:00,13-11-1990 00:00,2,CORRECTABLE_WITH_EVIDENCE,"The processed CSV stores ISO dates, but the diagnostic used day-first parsing. Re-parsing processed ISO values with ISO/year-first semantics resolves the contradiction, and the raw DD-MM-YYYY fields are chronologically ordered.",SAFE_TO_USE_AFTER_DOCUMENTED_CORRECTION,HIGH,"No dataset correction performed; this is a parsing-rule finding. Proper ISO parse: start=1990-11-12, end=1990-11-13; raw DD-first parse: start=1990-11-12, end=1990-11-13."
UEI-IMD-FL-1990-0084,Hooghly,West Bengal,1990-07-08,1990-07-14,7.0,08-07-1990 00:00,14-07-1990 00:00,7,CORRECTABLE_WITH_EVIDENCE,"The processed CSV stores ISO dates, but the diagnostic used day-first parsing. Re-parsing processed ISO values with ISO/year-first semantics resolves the contradiction, and the raw DD-MM-YYYY fields are chronologically ordered.",SAFE_TO_USE_AFTER_DOCUMENTED_CORRECTION,HIGH,"No dataset correction performed; this is a parsing-rule finding. Proper ISO parse: start=1990-07-08, end=1990-07-14; raw DD-first parse: start=1990-07-08, end=1990-07-14."
UEI-IMD-FL-1991-0013,"Barpeta, Cachar, Darrang, Dhubri, Dibrugarh, Goalpara, Golaghat, Hailakandi, Jorhat, Kamrup, Karimganj, Lakhimpur, Nagaon, Nalbari, Sivasagar, Tinsukia",Assam,1991-05-08,1991-05-22,15.0,08-05-1991 00:00,22-05-1991 00:00,15,CORRECTABLE_WITH_EVIDENCE,"The processed CSV stores ISO dates, but the diagnostic used day-first parsing. Re-parsing processed ISO values with ISO/year-first semantics resolves the contradiction, and the raw DD-MM-YYYY fields are chronologically ordered.",SAFE_TO_USE_AFTER_DOCUMENTED_CORRECTION,HIGH,"No dataset correction performed; this is a parsing-rule finding. Proper ISO parse: start=1991-05-08, end=1991-05-22; raw DD-first parse: start=1991-05-08, end=1991-05-22."
UEI-IMD-FL-1991-0014,"Barpeta, Bongaigaon, Cachar, Darrang, Dhemaji, Dhubri, Dibrugarh, Goalpara, Golaghat, Hailakandi, Jorhat, Kamrup, Karimganj, Kokrajhar, Lakhimpur, Mancachar, Nagaon, Nalbari, Sivasagar, Sonitpur, Tinsukia",Assam,1991-06-12,1991-06-30,19.0,12-06-1991 00:00,30-06-1991 00:00,19,CORRECTABLE_WITH_EVIDENCE,"The processed CSV stores ISO dates, but the diagnostic used day-first parsing. Re-parsing processed ISO values with ISO/year-first semantics resolves the contradiction, and the raw DD-MM-YYYY fields are chronologically ordered.",SAFE_TO_USE_AFTER_DOCUMENTED_CORRECTION,HIGH,"No dataset correction performed; this is a parsing-rule finding. Proper ISO parse: start=1991-06-12, end=1991-06-30; raw DD-first parse: start=1991-06-12, end=1991-06-30."
UEI-IMD-FL-1991-0026,"Doda, Udhampur",Jammu and Kashmir,1991-04-11,1991-04-21,11.0,11-04-1991 00:00,21-04-1991 00:00,11,CORRECTABLE_WITH_EVIDENCE,"The processed CSV stores ISO dates, but the diagnostic used day-first parsing. Re-parsing processed ISO values with ISO/year-first semantics resolves the contradiction, and the raw DD-MM-YYYY fields are chronologically ordered.",SAFE_TO_USE_AFTER_DOCUMENTED_CORRECTION,HIGH,"No dataset correction performed; this is a parsing-rule finding. Proper ISO parse: start=1991-04-11, end=1991-04-21; raw DD-first parse: start=1991-04-11, end=1991-04-21."
UEI-IMD-FL-1991-0061,Nanded,Maharashtra,1991-06-30,1991-07-01,2.0,30-06-1991 00:00,01-07-1991 00:00,2,CORRECTABLE_WITH_EVIDENCE,"The processed CSV stores ISO dates, but the diagnostic used day-first parsing. Re-parsing processed ISO values with ISO/year-first semantics resolves the contradiction, and the raw DD-MM-YYYY fields are chronologically ordered.",SAFE_TO_USE_AFTER_DOCUMENTED_CORRECTION,HIGH,"No dataset correction performed; this is a parsing-rule finding. Proper ISO parse: start=1991-06-30, end=1991-07-01; raw DD-first parse: start=1991-06-30, end=1991-07-01."
UEI-IMD-FL-1991-0069,"Amravati, Chandrapur, Gadchiroli, Nagpur, Yavatmal",Maharashtra,1991-08-12,1991-08-16,5.0,12-08-1991 00:00,16-08-1991 00:00,5,CORRECTABLE_WITH_EVIDENCE,"The processed CSV stores ISO dates, but the diagnostic used day-first parsing. Re-parsing processed ISO values with ISO/year-first semantics resolves the contradiction, and the raw DD-MM-YYYY fields are chronologically ordered.",SAFE_TO_USE_AFTER_DOCUMENTED_CORRECTION,HIGH,"No dataset correction performed; this is a parsing-rule finding. Proper ISO parse: start=1991-08-12, end=1991-08-16; raw DD-first parse: start=1991-08-12, end=1991-08-16."
UEI-IMD-FL-1991-0076,"Kolasib, Aizawl, Mamit, Champhai, Serchhip, Lunglei, Siaha, Lawngtlai",Mizoram,1991-04-30,1991-05-01,2.0,30-04-1991 00:00,01-05-1991 00:00,2,CORRECTABLE_WITH_EVIDENCE,"The processed CSV stores ISO dates, but the diagnostic used day-first parsing. Re-parsing processed ISO values with ISO/year-first semantics resolves the contradiction, and the raw DD-MM-YYYY fields are chronologically ordered.",SAFE_TO_USE_AFTER_DOCUMENTED_CORRECTION,HIGH,"No dataset correction performed; this is a parsing-rule finding. Proper ISO parse: start=1991-04-30, end=1991-05-01; raw DD-first parse: start=1991-04-30, end=1991-05-01."
UEI-IMD-FL-1992-0017,"Banas Kantha, Bharuch, Junagadh, Kachchh, Rajkot",Gujarat,1992-07-21,1992-08-01,12.0,21-07-1992 00:00,01-08-1992 00:00,12,CORRECTABLE_WITH_EVIDENCE,"The processed CSV stores ISO dates, but the diagnostic used day-first parsing. Re-parsing processed ISO values with ISO/year-first semantics resolves the contradiction, and the raw DD-MM-YYYY fields are chronologically ordered.",SAFE_TO_USE_AFTER_DOCUMENTED_CORRECTION,HIGH,"No dataset correction performed; this is a parsing-rule finding. Proper ISO parse: start=1992-07-21, end=1992-08-01; raw DD-first parse: start=1992-07-21, end=1992-08-01."
UEI-IMD-FL-1992-0035,"Chhatarpur, Panna",Madhya Pradesh,1992-09-12,1992-09-13,2.0,12-09-1992 00:00,13-09-1992 00:00,2,CORRECTABLE_WITH_EVIDENCE,"The processed CSV stores ISO dates, but the diagnostic used day-first parsing. Re-parsing processed ISO values with ISO/year-first semantics resolves the contradiction, and the raw DD-MM-YYYY fields are chronologically ordered.",SAFE_TO_USE_AFTER_DOCUMENTED_CORRECTION,HIGH,"No dataset correction performed; this is a parsing-rule finding. Proper ISO parse: start=1992-09-12, end=1992-09-13; raw DD-first parse: start=1992-09-12, end=1992-09-13."
UEI-IMD-FL-1992-0056,"Baleshwar, Bargarh, Cuttack, Ganjam, Kalahandi, Koraput, Kandhamal, Puri",Odisha,1992-08-17,1992-09-03,18.0,17-08-1992 00:00,03-09-1992 00:00,18,CORRECTABLE_WITH_EVIDENCE,"The processed CSV stores ISO dates, but the diagnostic used day-first parsing. Re-parsing processed ISO values with ISO/year-first semantics resolves the contradiction, and the raw DD-MM-YYYY fields are chronologically ordered.",SAFE_TO_USE_AFTER_DOCUMENTED_CORRECTION,HIGH,"No dataset correction performed; this is a parsing-rule finding. Proper ISO parse: start=1992-08-17, end=1992-09-03; raw DD-first parse: start=1992-08-17, end=1992-09-03."
UEI-IMD-FL-1993-0008,"Barpeta, Dhemaji, Dhubri, Golaghat, Jorhat, Karbi Anglong, Lakhimpur, Mancachar, Sivasagar",Assam,1993-08-10,1993-09-04,26.0,10-08-1993 00:00,04-09-1993 00:00,26,CORRECTABLE_WITH_EVIDENCE,"The processed CSV stores ISO dates, but the diagnostic used day-first parsing. Re-parsing processed ISO values with ISO/year-first semantics resolves the contradiction, and the raw DD-MM-YYYY fields are chronologically ordered.",SAFE_TO_USE_AFTER_DOCUMENTED_CORRECTION,HIGH,"No dataset correction performed; this is a parsing-rule finding. Proper ISO parse: start=1993-08-10, end=1993-09-04; raw DD-first parse: start=1993-08-10, end=1993-09-04."
UEI-IMD-FL-1993-0013,Surat,Gujarat,1993-06-12,1993-06-14,3.0,12-06-1993 00:00,14-06-1993 00:00,3,CORRECTABLE_WITH_EVIDENCE,"The processed CSV stores ISO dates, but the diagnostic used day-first parsing. Re-parsing processed ISO values with ISO/year-first semantics resolves the contradiction, and the raw DD-MM-YYYY fields are chronologically ordered.",SAFE_TO_USE_AFTER_DOCUMENTED_CORRECTION,HIGH,"No dataset correction performed; this is a parsing-rule finding. Proper ISO parse: start=1993-06-12, end=1993-06-14; raw DD-first parse: start=1993-06-12, end=1993-06-14."
UEI-IMD-FL-1993-0014,"Ahmedabad, Bharuch, Sabar Kantha, Vadodara",Gujarat,1993-07-08,1993-07-14,7.0,08-07-1993 00:00,14-07-1993 00:00,7,CORRECTABLE_WITH_EVIDENCE,"The processed CSV stores ISO dates, but the diagnostic used day-first parsing. Re-parsing processed ISO values with ISO/year-first semantics resolves the contradiction, and the raw DD-MM-YYYY fields are chronologically ordered.",SAFE_TO_USE_AFTER_DOCUMENTED_CORRECTION,HIGH,"No dataset correction performed; this is a parsing-rule finding. Proper ISO parse: start=1993-07-08, end=1993-07-14; raw DD-first parse: start=1993-07-08, end=1993-07-14."
UEI-IMD-FL-1993-0015,"Jhajjar, Gurugram, Faridabad, Mahendragarh, Rewari, Nuh, Palwal, Charki Dadri, Yamunanagar, Kurukshetra, Kaithal, Sirsa, Karnal, Jind, Fatehabad, Hisar, Panipat, Sonipat, Bhiwani, Rohtak, Panchkula, Ambala",Haryana,1993-07-08,1993-07-21,14.0,08-07-1993 00:00,21-07-1993 00:00,14,CORRECTABLE_WITH_EVIDENCE,"The processed CSV stores ISO dates, but the diagnostic used day-first parsing. Re-parsing processed ISO values with ISO/year-first semantics resolves the contradiction, and the raw DD-MM-YYYY fields are chronologically ordered.",SAFE_TO_USE_AFTER_DOCUMENTED_CORRECTION,HIGH,"No dataset correction performed; this is a parsing-rule finding. Proper ISO parse: start=1993-07-08, end=1993-07-21; raw DD-first parse: start=1993-07-08, end=1993-07-21."
UEI-IMD-FL-1993-0018,"Jammu, Srinagar",Jammu and Kashmir,1993-07-09,1993-07-14,6.0,09-07-1993 00:00,14-07-1993 00:00,6,CORRECTABLE_WITH_EVIDENCE,"The processed CSV stores ISO dates, but the diagnostic used day-first parsing. Re-parsing processed ISO values with ISO/year-first semantics resolves the contradiction, and the raw DD-MM-YYYY fields are chronologically ordered.",SAFE_TO_USE_AFTER_DOCUMENTED_CORRECTION,HIGH,"No dataset correction performed; this is a parsing-rule finding. Proper ISO parse: start=1993-07-09, end=1993-07-14; raw DD-first parse: start=1993-07-09, end=1993-07-14."
UEI-IMD-FL-1993-0021,"Belagavi, Ballari, Bijapur Surendranagar, Kalaburagi, Raichur",Karnataka,1993-10-11,1993-10-21,11.0,11-10-1993 00:00,21-10-1993 00:00,11,CORRECTABLE_WITH_EVIDENCE,"The processed CSV stores ISO dates, but the diagnostic used day-first parsing. Re-parsing processed ISO values with ISO/year-first semantics resolves the contradiction, and the raw DD-MM-YYYY fields are chronologically ordered.",SAFE_TO_USE_AFTER_DOCUMENTED_CORRECTION,HIGH,"No dataset correction performed; this is a parsing-rule finding. Proper ISO parse: start=1993-10-11, end=1993-10-21; raw DD-first parse: start=1993-10-11, end=1993-10-21."
UEI-IMD-FL-1993-0056,"Kolasib, Aizawl, Mamit, Champhai, Serchhip, Lunglei, Siaha, Lawngtlai",Mizoram,1993-06-07,1993-06-23,17.0,07-06-1993 00:00,23-06-1993 00:00,17,CORRECTABLE_WITH_EVIDENCE,"The processed CSV stores ISO dates, but the diagnostic used day-first parsing. Re-parsing processed ISO values with ISO/year-first semantics resolves the contradiction, and the raw DD-MM-YYYY fields are chronologically ordered.",SAFE_TO_USE_AFTER_DOCUMENTED_CORRECTION,HIGH,"No dataset correction performed; this is a parsing-rule finding. Proper ISO parse: start=1993-06-07, end=1993-06-23; raw DD-first parse: start=1993-06-07, end=1993-06-23."
UEI-IMD-FL-1993-0061,"Ajmer, Bhilwara, Churu, Ganganagar, Kota, Jaisalmer, Jodhpur",Rajasthan,1993-07-11,1993-07-22,12.0,11-07-1993 00:00,22-07-1993 00:00,12,CORRECTABLE_WITH_EVIDENCE,"The processed CSV stores ISO dates, but the diagnostic used day-first parsing. Re-parsing processed ISO values with ISO/year-first semantics resolves the contradiction, and the raw DD-MM-YYYY fields are chronologically ordered.",SAFE_TO_USE_AFTER_DOCUMENTED_CORRECTION,HIGH,"No dataset correction performed; this is a parsing-rule finding. Proper ISO parse: start=1993-07-11, end=1993-07-22; raw DD-first parse: start=1993-07-11, end=1993-07-22."
UEI-IMD-FL-1993-0090,"Kolkata, Hooghly, Paschim Purba Medinipur, Purba Purba Medinipur, Murshidabad, Nadia",West Bengal,1993-09-12,1993-09-16,5.0,12-09-1993 00:00,16-09-1993 00:00,5,CORRECTABLE_WITH_EVIDENCE,"The processed CSV stores ISO dates, but the diagnostic used day-first parsing. Re-parsing processed ISO values with ISO/year-first semantics resolves the contradiction, and the raw DD-MM-YYYY fields are chronologically ordered.",SAFE_TO_USE_AFTER_DOCUMENTED_CORRECTION,HIGH,"No dataset correction performed; this is a parsing-rule finding. Proper ISO parse: start=1993-09-12, end=1993-09-16; raw DD-first parse: start=1993-09-12, end=1993-09-16."
UEI-IMD-FL-1994-0013,Pashchimi West Singhbhum,Bihar,1994-07-08,1994-07-14,7.0,08-07-1994 00:00,14-07-1994 00:00,7,CORRECTABLE_WITH_EVIDENCE,"The processed CSV stores ISO dates, but the diagnostic used day-first parsing. Re-parsing processed ISO values with ISO/year-first semantics resolves the contradiction, and the raw DD-MM-YYYY fields are chronologically ordered.",SAFE_TO_USE_AFTER_DOCUMENTED_CORRECTION,HIGH,"No dataset correction performed; this is a parsing-rule finding. Proper ISO parse: start=1994-07-08, end=1994-07-14; raw DD-first parse: start=1994-07-08, end=1994-07-14."
UEI-IMD-FL-1994-0016,"Bharuch, Dangs, Junagadh, Surat, Vadodara, Valsad",Gujarat,1994-06-08,1994-06-21,14.0,08-06-1994 00:00,21-06-1994 00:00,14,CORRECTABLE_WITH_EVIDENCE,"The processed CSV stores ISO dates, but the diagnostic used day-first parsing. Re-parsing processed ISO values with ISO/year-first semantics resolves the contradiction, and the raw DD-MM-YYYY fields are chronologically ordered.",SAFE_TO_USE_AFTER_DOCUMENTED_CORRECTION,HIGH,"No dataset correction performed; this is a parsing-rule finding. Proper ISO parse: start=1994-06-08, end=1994-06-21; raw DD-first parse: start=1994-06-08, end=1994-06-21."
UEI-IMD-FL-1994-0017,"Amreli, Bharuch, Bhavnagar, Junagadh, Rajkot, Surat, Valsad",Gujarat,1994-07-08,1994-07-14,7.0,08-07-1994 00:00,14-07-1994 00:00,7,CORRECTABLE_WITH_EVIDENCE,"The processed CSV stores ISO dates, but the diagnostic used day-first parsing. Re-parsing processed ISO values with ISO/year-first semantics resolves the contradiction, and the raw DD-MM-YYYY fields are chronologically ordered.",SAFE_TO_USE_AFTER_DOCUMENTED_CORRECTION,HIGH,"No dataset correction performed; this is a parsing-rule finding. Proper ISO parse: start=1994-07-08, end=1994-07-14; raw DD-first parse: start=1994-07-08, end=1994-07-14."
UEI-IMD-FL-1994-0036,"Belagavi, Ballari, Bijapur, Chikkamagaluru, Surendranagar, Dharwad, Kalaburagi, Hassan, Kodagu, Kolar, Mandya, Mysuru",Karnataka,1994-07-08,1994-07-14,7.0,08-07-1994 00:00,14-07-1994 00:00,7,CORRECTABLE_WITH_EVIDENCE,"The processed CSV stores ISO dates, but the diagnostic used day-first parsing. Re-parsing processed ISO values with ISO/year-first semantics resolves the contradiction, and the raw DD-MM-YYYY fields are chronologically ordered.",SAFE_TO_USE_AFTER_DOCUMENTED_CORRECTION,HIGH,"No dataset correction performed; this is a parsing-rule finding. Proper ISO parse: start=1994-07-08, end=1994-07-14; raw DD-first parse: start=1994-07-08, end=1994-07-14."
UEI-IMD-FL-1994-0056,"Balaghat, Bastar, Durg, Narmadapuram, Jabalpur, Rajnandgaon",Madhya Pradesh,1994-07-12,1994-07-13,2.0,12-07-1994 00:00,13-07-1994 00:00,2,CORRECTABLE_WITH_EVIDENCE,"The processed CSV stores ISO dates, but the diagnostic used day-first parsing. Re-parsing processed ISO values with ISO/year-first semantics resolves the contradiction, and the raw DD-MM-YYYY fields are chronologically ordered.",SAFE_TO_USE_AFTER_DOCUMENTED_CORRECTION,HIGH,"No dataset correction performed; this is a parsing-rule finding. Proper ISO parse: start=1994-07-12, end=1994-07-13; raw DD-first parse: start=1994-07-12, end=1994-07-13."
UEI-IMD-FL-1994-0068,"Kolhapur, Sangli",Maharashtra,1994-07-08,1994-07-14,7.0,08-07-1994 00:00,14-07-1994 00:00,7,CORRECTABLE_WITH_EVIDENCE,"The processed CSV stores ISO dates, but the diagnostic used day-first parsing. Re-parsing processed ISO values with ISO/year-first semantics resolves the contradiction, and the raw DD-MM-YYYY fields are chronologically ordered.",SAFE_TO_USE_AFTER_DOCUMENTED_CORRECTION,HIGH,"No dataset correction performed; this is a parsing-rule finding. Proper ISO parse: start=1994-07-08, end=1994-07-14; raw DD-first parse: start=1994-07-08, end=1994-07-14."
UEI-IMD-FL-1994-0071,"Amravati, Bhandara, Chandrapur, Gadchiroli, Nagpur, Wardha, Yavatmal",Maharashtra,1994-07-11,1994-07-13,3.0,11-07-1994 00:00,13-07-1994 00:00,3,CORRECTABLE_WITH_EVIDENCE,"The processed CSV stores ISO dates, but the diagnostic used day-first parsing. Re-parsing processed ISO values with ISO/year-first semantics resolves the contradiction, and the raw DD-MM-YYYY fields are chronologically ordered.",SAFE_TO_USE_AFTER_DOCUMENTED_CORRECTION,HIGH,"No dataset correction performed; this is a parsing-rule finding. Proper ISO parse: start=1994-07-11, end=1994-07-13; raw DD-first parse: start=1994-07-11, end=1994-07-13."
UEI-IMD-FL-1994-0072,Nashik,Maharashtra,1994-07-11,1994-07-14,4.0,11-07-1994 00:00,14-07-1994 00:00,4,CORRECTABLE_WITH_EVIDENCE,"The processed CSV stores ISO dates, but the diagnostic used day-first parsing. Re-parsing processed ISO values with ISO/year-first semantics resolves the contradiction, and the raw DD-MM-YYYY fields are chronologically ordered.",SAFE_TO_USE_AFTER_DOCUMENTED_CORRECTION,HIGH,"No dataset correction performed; this is a parsing-rule finding. Proper ISO parse: start=1994-07-11, end=1994-07-14; raw DD-first parse: start=1994-07-11, end=1994-07-14."
UEI-IMD-FL-1994-0088,"Baleshwar, Bargarh, Cuttack, Kalahandi, Puri, Sambalpur, Sundargarh",Odisha,1994-07-08,1994-07-14,7.0,08-07-1994 00:00,14-07-1994 00:00,7,CORRECTABLE_WITH_EVIDENCE,"The processed CSV stores ISO dates, but the diagnostic used day-first parsing. Re-parsing processed ISO values with ISO/year-first semantics resolves the contradiction, and the raw DD-MM-YYYY fields are chronologically ordered.",SAFE_TO_USE_AFTER_DOCUMENTED_CORRECTION,HIGH,"No dataset correction performed; this is a parsing-rule finding. Proper ISO parse: start=1994-07-08, end=1994-07-14; raw DD-first parse: start=1994-07-08, end=1994-07-14."
UEI-IMD-FL-1994-0111,Varanasi,Uttar Pradesh,1994-09-12,1994-09-19,8.0,12-09-1994 00:00,19-09-1994 00:00,8,CORRECTABLE_WITH_EVIDENCE,"The processed CSV stores ISO dates, but the diagnostic used day-first parsing. Re-parsing processed ISO values with ISO/year-first semantics resolves the contradiction, and the raw DD-MM-YYYY fields are chronologically ordered.",SAFE_TO_USE_AFTER_DOCUMENTED_CORRECTION,HIGH,"No dataset correction performed; this is a parsing-rule finding. Proper ISO parse: start=1994-09-12, end=1994-09-19; raw DD-first parse: start=1994-09-12, end=1994-09-19."
UEI-IMD-FL-1995-0001,"Chittoor, East Godavari, Krishna, Guntur, Sri Potti Sriramulu Nellore, Prakasam, Srikakulam, Vizianagaram, West Godavari",Andhra Pradesh,1995-05-06,1995-05-14,9.0,06-05-1995 00:00,14-05-1995 00:00,9,CORRECTABLE_WITH_EVIDENCE,"The processed CSV stores ISO dates, but the diagnostic used day-first parsing. Re-parsing processed ISO values with ISO/year-first semantics resolves the contradiction, and the raw DD-MM-YYYY fields are chronologically ordered.",SAFE_TO_USE_AFTER_DOCUMENTED_CORRECTION,HIGH,"No dataset correction performed; this is a parsing-rule finding. Proper ISO parse: start=1995-05-06, end=1995-05-14; raw DD-first parse: start=1995-05-06, end=1995-05-14."
UEI-IMD-FL-1995-0015,"Purbi Champaran, Pashchim Champaran",Bihar,1995-07-08,1995-07-14,7.0,08-07-1995 00:00,14-07-1995 00:00,7,CORRECTABLE_WITH_EVIDENCE,"The processed CSV stores ISO dates, but the diagnostic used day-first parsing. Re-parsing processed ISO values with ISO/year-first semantics resolves the contradiction, and the raw DD-MM-YYYY fields are chronologically ordered.",SAFE_TO_USE_AFTER_DOCUMENTED_CORRECTION,HIGH,"No dataset correction performed; this is a parsing-rule finding. Proper ISO parse: start=1995-07-08, end=1995-07-14; raw DD-first parse: start=1995-07-08, end=1995-07-14."
UEI-IMD-FL-1995-0037,"Lahul And Spiti, Chamba, Kangra, Kullu, Mandi, Kinnaur, Una, Shimla, Solan, Sirmaur, Hamirpur, Bilaspur",Himachal Pradesh,1995-09-12,1995-09-14,3.0,12-09-1995 00:00,14-09-1995 00:00,3,CORRECTABLE_WITH_EVIDENCE,"The processed CSV stores ISO dates, but the diagnostic used day-first parsing. Re-parsing processed ISO values with ISO/year-first semantics resolves the contradiction, and the raw DD-MM-YYYY fields are chronologically ordered.",SAFE_TO_USE_AFTER_DOCUMENTED_CORRECTION,HIGH,"No dataset correction performed; this is a parsing-rule finding. Proper ISO parse: start=1995-09-12, end=1995-09-14; raw DD-first parse: start=1995-09-12, end=1995-09-14."
UEI-IMD-FL-1995-0038,"Kupwara, Bandipora, Baramulla, Ganderbal, Anantnag, Kishtwar, Srinagar, Budgam, Pulwama, Poonch, Shopian, Kulgam, Rajouri, Ramban, Reasi, Doda, Jammu, Kathua, Udhampur, Samba, Muzaffarabad, Mirpur",Jammu and Kashmir,1995-07-25,1995-08-02,9.0,25-07-1995 00:00,02-08-1995 00:00,9,CORRECTABLE_WITH_EVIDENCE,"The processed CSV stores ISO dates, but the diagnostic used day-first parsing. Re-parsing processed ISO values with ISO/year-first semantics resolves the contradiction, and the raw DD-MM-YYYY fields are chronologically ordered.",SAFE_TO_USE_AFTER_DOCUMENTED_CORRECTION,HIGH,"No dataset correction performed; this is a parsing-rule finding. Proper ISO parse: start=1995-07-25, end=1995-08-02; raw DD-first parse: start=1995-07-25, end=1995-08-02."
UEI-IMD-FL-1995-0096,"Faridkot, Gurdaspur, Kapurthala",Punjab,1995-09-12,1995-09-13,2.0,12-09-1995 00:00,13-09-1995 00:00,2,CORRECTABLE_WITH_EVIDENCE,"The processed CSV stores ISO dates, but the diagnostic used day-first parsing. Re-parsing processed ISO values with ISO/year-first semantics resolves the contradiction, and the raw DD-MM-YYYY fields are chronologically ordered.",SAFE_TO_USE_AFTER_DOCUMENTED_CORRECTION,HIGH,"No dataset correction performed; this is a parsing-rule finding. Proper ISO parse: start=1995-09-12, end=1995-09-13; raw DD-first parse: start=1995-09-12, end=1995-09-13."
UEI-IMD-FL-1995-0106,"Alwar, Bharatpur, Nagaur",Rajasthan,1995-08-09,1995-08-13,5.0,09-08-1995 00:00,13-08-1995 00:00,5,CORRECTABLE_WITH_EVIDENCE,"The processed CSV stores ISO dates, but the diagnostic used day-first parsing. Re-parsing processed ISO values with ISO/year-first semantics resolves the contradiction, and the raw DD-MM-YYYY fields are chronologically ordered.",SAFE_TO_USE_AFTER_DOCUMENTED_CORRECTION,HIGH,"No dataset correction performed; this is a parsing-rule finding. Proper ISO parse: start=1995-08-09, end=1995-08-13; raw DD-first parse: start=1995-08-09, end=1995-08-13."
UEI-IMD-FL-1995-0127,Purba Medinipur,West Bengal,1995-05-11,1995-05-13,3.0,11-05-1995 00:00,13-05-1995 00:00,3,CORRECTABLE_WITH_EVIDENCE,"The processed CSV stores ISO dates, but the diagnostic used day-first parsing. Re-parsing processed ISO values with ISO/year-first semantics resolves the contradiction, and the raw DD-MM-YYYY fields are chronologically ordered.",SAFE_TO_USE_AFTER_DOCUMENTED_CORRECTION,HIGH,"No dataset correction performed; this is a parsing-rule finding. Proper ISO parse: start=1995-05-11, end=1995-05-13; raw DD-first parse: start=1995-05-11, end=1995-05-13."
UEI-IMD-FL-1995-0146,Malda,West Bengal,1995-09-12,1995-09-13,2.0,12-09-1995 00:00,13-09-1995 00:00,2,CORRECTABLE_WITH_EVIDENCE,"The processed CSV stores ISO dates, but the diagnostic used day-first parsing. Re-parsing processed ISO values with ISO/year-first semantics resolves the contradiction, and the raw DD-MM-YYYY fields are chronologically ordered.",SAFE_TO_USE_AFTER_DOCUMENTED_CORRECTION,HIGH,"No dataset correction performed; this is a parsing-rule finding. Proper ISO parse: start=1995-09-12, end=1995-09-13; raw DD-first parse: start=1995-09-12, end=1995-09-13."
UEI-IMD-FL-1996-0016,"Cachar, Darrang, Dhemaji, Golaghat, Jorhat, Kamrup, Karimganj, Nagaon, Sivasagar, Sonitpur",Assam,1996-08-12,1996-09-03,23.0,12-08-1996 00:00,03-09-1996 00:00,23,CORRECTABLE_WITH_EVIDENCE,"The processed CSV stores ISO dates, but the diagnostic used day-first parsing. Re-parsing processed ISO values with ISO/year-first semantics resolves the contradiction, and the raw DD-MM-YYYY fields are chronologically ordered.",SAFE_TO_USE_AFTER_DOCUMENTED_CORRECTION,HIGH,"No dataset correction performed; this is a parsing-rule finding. Proper ISO parse: start=1996-08-12, end=1996-09-03; raw DD-first parse: start=1996-08-12, end=1996-09-03."
UEI-IMD-FL-1996-0027,"Jhajjar, Gurugram, Faridabad, Mahendragarh, Rewari, Nuh, Palwal, Charki Dadri, Yamunanagar, Kurukshetra, Kaithal, Sirsa, Karnal, Jind, Fatehabad, Hisar, Panipat, Sonipat, Bhiwani, Rohtak, Panchkula, Ambala",Haryana,1996-08-10,1996-08-15,6.0,10-08-1996 00:00,15-08-1996 00:00,6,CORRECTABLE_WITH_EVIDENCE,"The processed CSV stores ISO dates, but the diagnostic used day-first parsing. Re-parsing processed ISO values with ISO/year-first semantics resolves the contradiction, and the raw DD-MM-YYYY fields are chronologically ordered.",SAFE_TO_USE_AFTER_DOCUMENTED_CORRECTION,HIGH,"No dataset correction performed; this is a parsing-rule finding. Proper ISO parse: start=1996-08-10, end=1996-08-15; raw DD-first parse: start=1996-08-10, end=1996-08-15."
UEI-IMD-FL-1996-0081,"Beed, Latur, Nanded",Maharashtra,1996-09-10,1996-09-15,6.0,10-09-1996 00:00,15-09-1996 00:00,6,CORRECTABLE_WITH_EVIDENCE,"The processed CSV stores ISO dates, but the diagnostic used day-first parsing. Re-parsing processed ISO values with ISO/year-first semantics resolves the contradiction, and the raw DD-MM-YYYY fields are chronologically ordered.",SAFE_TO_USE_AFTER_DOCUMENTED_CORRECTION,HIGH,"No dataset correction performed; this is a parsing-rule finding. Proper ISO parse: start=1996-09-10, end=1996-09-15; raw DD-first parse: start=1996-09-10, end=1996-09-15."
UEI-IMD-FL-1996-0082,"Gondia, Bhandara, Jalgaon, Wardha, Buldhana, Akola, Nashik, Gadchiroli, Washim, Chandrapur, Yavatmal, Jalna, Ahmednagar, Hingoli, Nanded, Parbhani, Pune, Beed, Mumbai, Latur, Dharashiv, Solapur, Satara, Ratnagiri, Sangli, Kolhapur, Sindhudurg, Thane, Palghar, Nandurbar, Amravati, Dhule, Nagpur, Aurangabad, Raigarh, Mumbai Suburban",Maharashtra,1996-09-26,1996-10-05,10.0,26-09-1996 00:00,05-10-1996 00:00,10,CORRECTABLE_WITH_EVIDENCE,"The processed CSV stores ISO dates, but the diagnostic used day-first parsing. Re-parsing processed ISO values with ISO/year-first semantics resolves the contradiction, and the raw DD-MM-YYYY fields are chronologically ordered.",SAFE_TO_USE_AFTER_DOCUMENTED_CORRECTION,HIGH,"No dataset correction performed; this is a parsing-rule finding. Proper ISO parse: start=1996-09-26, end=1996-10-05; raw DD-first parse: start=1996-09-26, end=1996-10-05."
UEI-IMD-FL-1996-0116,"Cooch Behar, Darjeeling, Jalpaiguri",West Bengal,1996-07-12,1996-07-13,2.0,12-07-1996 00:00,13-07-1996 00:00,2,CORRECTABLE_WITH_EVIDENCE,"The processed CSV stores ISO dates, but the diagnostic used day-first parsing. Re-parsing processed ISO values with ISO/year-first semantics resolves the contradiction, and the raw DD-MM-YYYY fields are chronologically ordered.",SAFE_TO_USE_AFTER_DOCUMENTED_CORRECTION,HIGH,"No dataset correction performed; this is a parsing-rule finding. Proper ISO parse: start=1996-07-12, end=1996-07-13; raw DD-first parse: start=1996-07-12, end=1996-07-13."
UEI-IMD-FL-1997-0010,"Barpeta, Dhemaji, Goalpara, Jorhat, Lakhimpur, Nalbari",Assam,1997-06-10,1997-06-30,21.0,10-06-1997 00:00,30-06-1997 00:00,21,CORRECTABLE_WITH_EVIDENCE,"The processed CSV stores ISO dates, but the diagnostic used day-first parsing. Re-parsing processed ISO values with ISO/year-first semantics resolves the contradiction, and the raw DD-MM-YYYY fields are chronologically ordered.",SAFE_TO_USE_AFTER_DOCUMENTED_CORRECTION,HIGH,"No dataset correction performed; this is a parsing-rule finding. Proper ISO parse: start=1997-06-10, end=1997-06-30; raw DD-first parse: start=1997-06-10, end=1997-06-30."
UEI-IMD-FL-1997-0012,"Tinsukia, Dhemaji, Dibrugarh, Lakhimpur, Sivasagar, Jorhat, Sonitpur, Golaghat, Udalguri, Chirang, Baksa, Nagaon, Kokrajhar, Darrang, Barpeta, Nalbari, Marigaon, Kamrup, Bongaigaon, Dhubri, Kamrup Metro, Goalpara, Dima Hasao, Cachar, Karimganj, Hailakandi, Charaideo, Majuli, Biswanath, Hojai, South Salmara Mancachar, Karbi Anglong, West Karbi Anglong",Assam,1997-07-08,1997-07-21,14.0,08-07-1997 00:00,21-07-1997 00:00,14,CORRECTABLE_WITH_EVIDENCE,"The processed CSV stores ISO dates, but the diagnostic used day-first parsing. Re-parsing processed ISO values with ISO/year-first semantics resolves the contradiction, and the raw DD-MM-YYYY fields are chronologically ordered.",SAFE_TO_USE_AFTER_DOCUMENTED_CORRECTION,HIGH,"No dataset correction performed; this is a parsing-rule finding. Proper ISO parse: start=1997-07-08, end=1997-07-21; raw DD-first parse: start=1997-07-08, end=1997-07-21."
UEI-IMD-FL-1997-0031,Raichur,Karnataka,1997-04-30,1997-05-01,2.0,30-04-1997 00:00,01-05-1997 00:00,2,CORRECTABLE_WITH_EVIDENCE,"The processed CSV stores ISO dates, but the diagnostic used day-first parsing. Re-parsing processed ISO values with ISO/year-first semantics resolves the contradiction, and the raw DD-MM-YYYY fields are chronologically ordered.",SAFE_TO_USE_AFTER_DOCUMENTED_CORRECTION,HIGH,"No dataset correction performed; this is a parsing-rule finding. Proper ISO parse: start=1997-04-30, end=1997-05-01; raw DD-first parse: start=1997-04-30, end=1997-05-01."
UEI-IMD-FL-1997-0034,Dakshina Kannada,Karnataka,1997-07-10,1997-07-26,4.0,10-07-1997 00:00,26-07-1997 00:00,4,CORRECTABLE_WITH_EVIDENCE,"The processed CSV stores ISO dates, but the diagnostic used day-first parsing. Re-parsing processed ISO values with ISO/year-first semantics resolves the contradiction, and the raw DD-MM-YYYY fields are chronologically ordered.",SAFE_TO_USE_AFTER_DOCUMENTED_CORRECTION,HIGH,"No dataset correction performed; this is a parsing-rule finding. Proper ISO parse: start=1997-07-10, end=1997-07-26; raw DD-first parse: start=1997-07-10, end=1997-07-26."
UEI-IMD-FL-1997-0064,Kolhapur,Maharashtra,1997-07-08,1997-07-14,7.0,08-07-1997 00:00,14-07-1997 00:00,7,CORRECTABLE_WITH_EVIDENCE,"The processed CSV stores ISO dates, but the diagnostic used day-first parsing. Re-parsing processed ISO values with ISO/year-first semantics resolves the contradiction, and the raw DD-MM-YYYY fields are chronologically ordered.",SAFE_TO_USE_AFTER_DOCUMENTED_CORRECTION,HIGH,"No dataset correction performed; this is a parsing-rule finding. Proper ISO parse: start=1997-07-08, end=1997-07-14; raw DD-first parse: start=1997-07-08, end=1997-07-14."
UEI-IMD-FL-1997-0082,"Aurangabad, Jalgaon",Maharashtra,1997-11-28,1997-12-04,7.0,28-11-1997 00:00,04-12-1997 00:00,7,CORRECTABLE_WITH_EVIDENCE,"The processed CSV stores ISO dates, but the diagnostic used day-first parsing. Re-parsing processed ISO values with ISO/year-first semantics resolves the contradiction, and the raw DD-MM-YYYY fields are chronologically ordered.",SAFE_TO_USE_AFTER_DOCUMENTED_CORRECTION,HIGH,"No dataset correction performed; this is a parsing-rule finding. Proper ISO parse: start=1997-11-28, end=1997-12-04; raw DD-first parse: start=1997-11-28, end=1997-12-04."
UEI-IMD-FL-1997-0099,"Sri Sri Muktsar Sahib Sahib, Mansa, Bathinda, Sangrur",Punjab,1997-08-27,1997-09-03,8.0,27-08-1997 00:00,03-09-1997 00:00,8,CORRECTABLE_WITH_EVIDENCE,"The processed CSV stores ISO dates, but the diagnostic used day-first parsing. Re-parsing processed ISO values with ISO/year-first semantics resolves the contradiction, and the raw DD-MM-YYYY fields are chronologically ordered.",SAFE_TO_USE_AFTER_DOCUMENTED_CORRECTION,HIGH,"No dataset correction performed; this is a parsing-rule finding. Proper ISO parse: start=1997-08-27, end=1997-09-03; raw DD-first parse: start=1997-08-27, end=1997-09-03."
UEI-IMD-FL-1997-0112,Siddharthnagar,Uttar Pradesh,1997-07-08,1997-07-14,7.0,08-07-1997 00:00,14-07-1997 00:00,7,CORRECTABLE_WITH_EVIDENCE,"The processed CSV stores ISO dates, but the diagnostic used day-first parsing. Re-parsing processed ISO values with ISO/year-first semantics resolves the contradiction, and the raw DD-MM-YYYY fields are chronologically ordered.",SAFE_TO_USE_AFTER_DOCUMENTED_CORRECTION,HIGH,"No dataset correction performed; this is a parsing-rule finding. Proper ISO parse: start=1997-07-08, end=1997-07-14; raw DD-first parse: start=1997-07-08, end=1997-07-14."
UEI-IMD-FL-1997-0120,Darjeeling,West Bengal,1997-06-28,1997-07-01,4.0,28-06-1997 00:00,01-07-1997 00:00,4,CORRECTABLE_WITH_EVIDENCE,"The processed CSV stores ISO dates, but the diagnostic used day-first parsing. Re-parsing processed ISO values with ISO/year-first semantics resolves the contradiction, and the raw DD-MM-YYYY fields are chronologically ordered.",SAFE_TO_USE_AFTER_DOCUMENTED_CORRECTION,HIGH,"No dataset correction performed; this is a parsing-rule finding. Proper ISO parse: start=1997-06-28, end=1997-07-01; raw DD-first parse: start=1997-06-28, end=1997-07-01."
UEI-IMD-FL-1998-0003,"Srikakulam, Vizianagaram, Visakhapatnam, Krishna, Guntur, East Godavari, Prakasam, Kurnool, Ananthapuramuamu, Sri Potti Sriramulu Nellore, West Godavari, Y.S.R., Chittoor",Andhra Pradesh,1998-10-28,1998-11-04,8.0,28-10-1998 00:00,04-11-1998 00:00,8,CORRECTABLE_WITH_EVIDENCE,"The processed CSV stores ISO dates, but the diagnostic used day-first parsing. Re-parsing processed ISO values with ISO/year-first semantics resolves the contradiction, and the raw DD-MM-YYYY fields are chronologically ordered.",SAFE_TO_USE_AFTER_DOCUMENTED_CORRECTION,HIGH,"No dataset correction performed; this is a parsing-rule finding. Proper ISO parse: start=1998-10-28, end=1998-11-04; raw DD-first parse: start=1998-10-28, end=1998-11-04."
UEI-IMD-FL-1998-0008,"Cachar, Darrang, Dhemaji, Dibrugarh, Jorhat, Lakhimpur, Sonitpur, Tinsukia",Assam,1998-06-10,1998-06-16,7.0,10-06-1998 00:00,16-06-1998 00:00,7,CORRECTABLE_WITH_EVIDENCE,"The processed CSV stores ISO dates, but the diagnostic used day-first parsing. Re-parsing processed ISO values with ISO/year-first semantics resolves the contradiction, and the raw DD-MM-YYYY fields are chronologically ordered.",SAFE_TO_USE_AFTER_DOCUMENTED_CORRECTION,HIGH,"No dataset correction performed; this is a parsing-rule finding. Proper ISO parse: start=1998-06-10, end=1998-06-16; raw DD-first parse: start=1998-06-10, end=1998-06-16."
UEI-IMD-FL-1998-0058,"Ernakulam, Idukki, Malappuram, Pathanamthitta, Thrissur",Kerala,1998-07-12,1998-07-15,4.0,12-07-1998 00:00,15-07-1998 00:00,4,CORRECTABLE_WITH_EVIDENCE,"The processed CSV stores ISO dates, but the diagnostic used day-first parsing. Re-parsing processed ISO values with ISO/year-first semantics resolves the contradiction, and the raw DD-MM-YYYY fields are chronologically ordered.",SAFE_TO_USE_AFTER_DOCUMENTED_CORRECTION,HIGH,"No dataset correction performed; this is a parsing-rule finding. Proper ISO parse: start=1998-07-12, end=1998-07-15; raw DD-first parse: start=1998-07-12, end=1998-07-15."
UEI-IMD-FL-1998-0092,"Mangan, Gyalshing, Namchi, Gangtok",Sikkim,1998-05-13,1998-06-04,23.0,13-05-1998 00:00,04-06-1998 00:00,23,CORRECTABLE_WITH_EVIDENCE,"The processed CSV stores ISO dates, but the diagnostic used day-first parsing. Re-parsing processed ISO values with ISO/year-first semantics resolves the contradiction, and the raw DD-MM-YYYY fields are chronologically ordered.",SAFE_TO_USE_AFTER_DOCUMENTED_CORRECTION,HIGH,"No dataset correction performed; this is a parsing-rule finding. Proper ISO parse: start=1998-05-13, end=1998-06-04; raw DD-first parse: start=1998-05-13, end=1998-06-04."
UEI-IMD-FL-1998-0114,"Cooch Behar, Jalpaiguri, Malda, Uttar Kashi Dinajpur, Dakshin Dinajpur",West Bengal,1998-07-26,1998-08-02,8.0,26-07-1998 00:00,02-08-1998 00:00,8,CORRECTABLE_WITH_EVIDENCE,"The processed CSV stores ISO dates, but the diagnostic used day-first parsing. Re-parsing processed ISO values with ISO/year-first semantics resolves the contradiction, and the raw DD-MM-YYYY fields are chronologically ordered.",SAFE_TO_USE_AFTER_DOCUMENTED_CORRECTION,HIGH,"No dataset correction performed; this is a parsing-rule finding. Proper ISO parse: start=1998-07-26, end=1998-08-02; raw DD-first parse: start=1998-07-26, end=1998-08-02."
UEI-IMD-FL-1999-0007,"Dhemaji, Dhubri, Golaghat, Jorhat, Sivasagar",Assam,1999-08-22,1999-09-02,12.0,22-08-1999 00:00,02-09-1999 00:00,12,CORRECTABLE_WITH_EVIDENCE,"The processed CSV stores ISO dates, but the diagnostic used day-first parsing. Re-parsing processed ISO values with ISO/year-first semantics resolves the contradiction, and the raw DD-MM-YYYY fields are chronologically ordered.",SAFE_TO_USE_AFTER_DOCUMENTED_CORRECTION,HIGH,"No dataset correction performed; this is a parsing-rule finding. Proper ISO parse: start=1999-08-22, end=1999-09-02; raw DD-first parse: start=1999-08-22, end=1999-09-02."
UEI-IMD-FL-1999-0008,"Jorhat, Kamrup",Assam,1999-09-12,1999-09-13,2.0,12-09-1999 00:00,13-09-1999 00:00,2,CORRECTABLE_WITH_EVIDENCE,"The processed CSV stores ISO dates, but the diagnostic used day-first parsing. Re-parsing processed ISO values with ISO/year-first semantics resolves the contradiction, and the raw DD-MM-YYYY fields are chronologically ordered.",SAFE_TO_USE_AFTER_DOCUMENTED_CORRECTION,HIGH,"No dataset correction performed; this is a parsing-rule finding. Proper ISO parse: start=1999-09-12, end=1999-09-13; raw DD-first parse: start=1999-09-12, end=1999-09-13."
UEI-IMD-FL-1999-0012,"North Goa, South Goa",Goa,1999-06-09,1999-06-13,5.0,09-06-1999 00:00,13-06-1999 00:00,5,CORRECTABLE_WITH_EVIDENCE,"The processed CSV stores ISO dates, but the diagnostic used day-first parsing. Re-parsing processed ISO values with ISO/year-first semantics resolves the contradiction, and the raw DD-MM-YYYY fields are chronologically ordered.",SAFE_TO_USE_AFTER_DOCUMENTED_CORRECTION,HIGH,"No dataset correction performed; this is a parsing-rule finding. Proper ISO parse: start=1999-06-09, end=1999-06-13; raw DD-first parse: start=1999-06-09, end=1999-06-13."
UEI-IMD-FL-1999-0033,"Beedar, Kalaburagi, Belagavi, Yadgir, Bagalkotee, Raichur, Koppal, Gadag, Ballari, Dharwad, Uttar Kashia Kannada, Haveri, Chitradurga, Davangere, Shivamogga, Udupi, Chikkamagaluru, Chikkaballapura, Hassan, Kolar, Bengaluru Rural, Dakshina Kannada, Bengaluru Urban, Kodagu, Chamarajanagaraa, Tumakuru, Ramanagara, Mandya, Mysuru, Vijayapura",Karnataka,1999-07-12,1999-07-24,13.0,12-07-1999 00:00,24-07-1999 00:00,13,CORRECTABLE_WITH_EVIDENCE,"The processed CSV stores ISO dates, but the diagnostic used day-first parsing. Re-parsing processed ISO values with ISO/year-first semantics resolves the contradiction, and the raw DD-MM-YYYY fields are chronologically ordered.",SAFE_TO_USE_AFTER_DOCUMENTED_CORRECTION,HIGH,"No dataset correction performed; this is a parsing-rule finding. Proper ISO parse: start=1999-07-12, end=1999-07-24; raw DD-first parse: start=1999-07-12, end=1999-07-24."
UEI-IMD-FL-1999-0056,Sindhudurg,Maharashtra,1999-06-12,1999-06-18,7.0,12-06-1999 00:00,18-06-1999 00:00,7,CORRECTABLE_WITH_EVIDENCE,"The processed CSV stores ISO dates, but the diagnostic used day-first parsing. Re-parsing processed ISO values with ISO/year-first semantics resolves the contradiction, and the raw DD-MM-YYYY fields are chronologically ordered.",SAFE_TO_USE_AFTER_DOCUMENTED_CORRECTION,HIGH,"No dataset correction performed; this is a parsing-rule finding. Proper ISO parse: start=1999-06-12, end=1999-06-18; raw DD-first parse: start=1999-06-12, end=1999-06-18."
UEI-IMD-FL-1999-0068,"Baleshwar, Bhadrak, Cuttack, Kendrapara, Koraput, Mayurbhanj, Sambalpur",Odisha,1999-07-22,1999-08-07,17.0,22-07-1999 00:00,07-08-1999 00:00,17,CORRECTABLE_WITH_EVIDENCE,"The processed CSV stores ISO dates, but the diagnostic used day-first parsing. Re-parsing processed ISO values with ISO/year-first semantics resolves the contradiction, and the raw DD-MM-YYYY fields are chronologically ordered.",SAFE_TO_USE_AFTER_DOCUMENTED_CORRECTION,HIGH,"No dataset correction performed; this is a parsing-rule finding. Proper ISO parse: start=1999-07-22, end=1999-08-07; raw DD-first parse: start=1999-07-22, end=1999-08-07."
UEI-IMD-FL-2000-0002,"Adilabad, Hyderabad, Khammam, Kurnool, Mahabubnagar, Nalgonda, Warangal, Warangal, Warangal, Warangal",Andhra Pradesh,2000-07-11,2000-07-14,4.0,11-07-2000 00:00,14-07-2000 00:00,4,CORRECTABLE_WITH_EVIDENCE,"The processed CSV stores ISO dates, but the diagnostic used day-first parsing. Re-parsing processed ISO values with ISO/year-first semantics resolves the contradiction, and the raw DD-MM-YYYY fields are chronologically ordered.",SAFE_TO_USE_AFTER_DOCUMENTED_CORRECTION,HIGH,"No dataset correction performed; this is a parsing-rule finding. Proper ISO parse: start=2000-07-11, end=2000-07-14; raw DD-first parse: start=2000-07-11, end=2000-07-14."
UEI-IMD-FL-2000-0005,"East Siang, West Siang, Upper Siang",Arunachal Pradesh,2000-06-11,2000-06-16,6.0,11-06-2000 00:00,16-06-2000 00:00,6,CORRECTABLE_WITH_EVIDENCE,"The processed CSV stores ISO dates, but the diagnostic used day-first parsing. Re-parsing processed ISO values with ISO/year-first semantics resolves the contradiction, and the raw DD-MM-YYYY fields are chronologically ordered.",SAFE_TO_USE_AFTER_DOCUMENTED_CORRECTION,HIGH,"No dataset correction performed; this is a parsing-rule finding. Proper ISO parse: start=2000-06-11, end=2000-06-16; raw DD-first parse: start=2000-06-11, end=2000-06-16."
UEI-IMD-FL-2000-0010,Dhubri,Assam,2000-05-09,2000-05-13,5.0,09-05-2000 00:00,13-05-2000 00:00,5,CORRECTABLE_WITH_EVIDENCE,"The processed CSV stores ISO dates, but the diagnostic used day-first parsing. Re-parsing processed ISO values with ISO/year-first semantics resolves the contradiction, and the raw DD-MM-YYYY fields are chronologically ordered.",SAFE_TO_USE_AFTER_DOCUMENTED_CORRECTION,HIGH,"No dataset correction performed; this is a parsing-rule finding. Proper ISO parse: start=2000-05-09, end=2000-05-13; raw DD-first parse: start=2000-05-09, end=2000-05-13."
UEI-IMD-FL-2000-0015,"Bongaigaon, Darrang, Dhemaji, Dhubri, Dibrugarh, Jorhat, Karimganj, Kokrajhar, Lakhimpur, Sonitpur, Tinsukia",Assam,2000-06-12,2000-06-30,19.0,12-06-2000 00:00,30-06-2000 00:00,19,CORRECTABLE_WITH_EVIDENCE,"The processed CSV stores ISO dates, but the diagnostic used day-first parsing. Re-parsing processed ISO values with ISO/year-first semantics resolves the contradiction, and the raw DD-MM-YYYY fields are chronologically ordered.",SAFE_TO_USE_AFTER_DOCUMENTED_CORRECTION,HIGH,"No dataset correction performed; this is a parsing-rule finding. Proper ISO parse: start=2000-06-12, end=2000-06-30; raw DD-first parse: start=2000-06-12, end=2000-06-30."
UEI-IMD-FL-2000-0017,"Bongaigaon, Dhemaji, Dhubri, Sonitpur",Assam,2000-07-08,2000-07-14,7.0,08-07-2000 00:00,14-07-2000 00:00,7,CORRECTABLE_WITH_EVIDENCE,"The processed CSV stores ISO dates, but the diagnostic used day-first parsing. Re-parsing processed ISO values with ISO/year-first semantics resolves the contradiction, and the raw DD-MM-YYYY fields are chronologically ordered.",SAFE_TO_USE_AFTER_DOCUMENTED_CORRECTION,HIGH,"No dataset correction performed; this is a parsing-rule finding. Proper ISO parse: start=2000-07-08, end=2000-07-14; raw DD-first parse: start=2000-07-08, end=2000-07-14."
UEI-IMD-FL-2000-0022,North Goa,Goa,2000-06-11,2000-06-13,3.0,11-06-2000 00:00,13-06-2000 00:00,3,CORRECTABLE_WITH_EVIDENCE,"The processed CSV stores ISO dates, but the diagnostic used day-first parsing. Re-parsing processed ISO values with ISO/year-first semantics resolves the contradiction, and the raw DD-MM-YYYY fields are chronologically ordered.",SAFE_TO_USE_AFTER_DOCUMENTED_CORRECTION,HIGH,"No dataset correction performed; this is a parsing-rule finding. Proper ISO parse: start=2000-06-11, end=2000-06-13; raw DD-first parse: start=2000-06-11, end=2000-06-13."
UEI-IMD-FL-2000-0023,"Ahmedabad, Bharuch, Junagadh, Kheda, Navsari, Panch Mahals, Sabar Kantha, Surat, Surendranagar, Valsad",Gujarat,2000-07-12,2000-07-15,4.0,12-07-2000 00:00,15-07-2000 00:00,4,CORRECTABLE_WITH_EVIDENCE,"The processed CSV stores ISO dates, but the diagnostic used day-first parsing. Re-parsing processed ISO values with ISO/year-first semantics resolves the contradiction, and the raw DD-MM-YYYY fields are chronologically ordered.",SAFE_TO_USE_AFTER_DOCUMENTED_CORRECTION,HIGH,"No dataset correction performed; this is a parsing-rule finding. Proper ISO parse: start=2000-07-12, end=2000-07-15; raw DD-first parse: start=2000-07-12, end=2000-07-15."
UEI-IMD-FL-2000-0030,"Lahul And Spiti, Chamba, Kangra, Kullu, Mandi, Kinnaur, Una, Shimla, Solan, Sirmaur, Hamirpur, Bilaspur",Himachal Pradesh,2000-07-27,2000-08-03,8.0,27-07-2000 00:00,03-08-2000 00:00,8,CORRECTABLE_WITH_EVIDENCE,"The processed CSV stores ISO dates, but the diagnostic used day-first parsing. Re-parsing processed ISO values with ISO/year-first semantics resolves the contradiction, and the raw DD-MM-YYYY fields are chronologically ordered.",SAFE_TO_USE_AFTER_DOCUMENTED_CORRECTION,HIGH,"No dataset correction performed; this is a parsing-rule finding. Proper ISO parse: start=2000-07-27, end=2000-08-03; raw DD-first parse: start=2000-07-27, end=2000-08-03."
UEI-IMD-FL-2000-0043,"Chikkaballapura, Kalaburagi",Karnataka,2000-07-11,2000-07-14,4.0,11-07-2000 00:00,14-07-2000 00:00,4,CORRECTABLE_WITH_EVIDENCE,"The processed CSV stores ISO dates, but the diagnostic used day-first parsing. Re-parsing processed ISO values with ISO/year-first semantics resolves the contradiction, and the raw DD-MM-YYYY fields are chronologically ordered.",SAFE_TO_USE_AFTER_DOCUMENTED_CORRECTION,HIGH,"No dataset correction performed; this is a parsing-rule finding. Proper ISO parse: start=2000-07-11, end=2000-07-14; raw DD-first parse: start=2000-07-11, end=2000-07-14."
UEI-IMD-FL-2000-0054,Bengaluru Rural,Karnataka,2000-09-30,2000-10-02,3.0,30-09-2000 00:00,02-10-2000 00:00,3,CORRECTABLE_WITH_EVIDENCE,"The processed CSV stores ISO dates, but the diagnostic used day-first parsing. Re-parsing processed ISO values with ISO/year-first semantics resolves the contradiction, and the raw DD-MM-YYYY fields are chronologically ordered.",SAFE_TO_USE_AFTER_DOCUMENTED_CORRECTION,HIGH,"No dataset correction performed; this is a parsing-rule finding. Proper ISO parse: start=2000-09-30, end=2000-10-02; raw DD-first parse: start=2000-09-30, end=2000-10-02."
UEI-IMD-FL-2000-0063,"Alappuzha, Idukki, Kannur",Kerala,2000-06-08,2000-06-14,7.0,08-06-2000 00:00,14-06-2000 00:00,7,CORRECTABLE_WITH_EVIDENCE,"The processed CSV stores ISO dates, but the diagnostic used day-first parsing. Re-parsing processed ISO values with ISO/year-first semantics resolves the contradiction, and the raw DD-MM-YYYY fields are chronologically ordered.",SAFE_TO_USE_AFTER_DOCUMENTED_CORRECTION,HIGH,"No dataset correction performed; this is a parsing-rule finding. Proper ISO parse: start=2000-06-08, end=2000-06-14; raw DD-first parse: start=2000-06-08, end=2000-06-14."
UEI-IMD-FL-2000-0111,"Bijnor, Moradabad, Uttar Kashi Kashi, Chamoli, Dehradun, Tehri Garhwal, Rudra Prayag, Pithoragarh, Bageshwar, Haridwar, Garhwal, Almora, Nainital, Champawat, Udam Singh Nagar",Uttar Pradesh,2000-06-08,2000-06-14,7.0,08-06-2000 00:00,14-06-2000 00:00,7,CORRECTABLE_WITH_EVIDENCE,"The processed CSV stores ISO dates, but the diagnostic used day-first parsing. Re-parsing processed ISO values with ISO/year-first semantics resolves the contradiction, and the raw DD-MM-YYYY fields are chronologically ordered.",SAFE_TO_USE_AFTER_DOCUMENTED_CORRECTION,HIGH,"No dataset correction performed; this is a parsing-rule finding. Proper ISO parse: start=2000-06-08, end=2000-06-14; raw DD-first parse: start=2000-06-08, end=2000-06-14."
UEI-IMD-FL-2001-0004,"Cachar, Dhubri, Goalpara, Hailakandi, Kamrup, Karimganj, Nagaon",Assam,2001-06-08,2001-06-21,14.0,08-06-2001 00:00,21-06-2001 00:00,14,CORRECTABLE_WITH_EVIDENCE,"The processed CSV stores ISO dates, but the diagnostic used day-first parsing. Re-parsing processed ISO values with ISO/year-first semantics resolves the contradiction, and the raw DD-MM-YYYY fields are chronologically ordered.",SAFE_TO_USE_AFTER_DOCUMENTED_CORRECTION,HIGH,"No dataset correction performed; this is a parsing-rule finding. Proper ISO parse: start=2001-06-08, end=2001-06-21; raw DD-first parse: start=2001-06-08, end=2001-06-21."
UEI-IMD-FL-2001-0006,"Barpeta, Bongaigaon, Darrang, Dhemaji, Dhubri, Jorhat, Kamrup, Lakhimpur, Nalbari, Sonitpur",Assam,2001-07-15,2001-08-07,24.0,15-07-2001 00:00,07-08-2001 00:00,24,CORRECTABLE_WITH_EVIDENCE,"The processed CSV stores ISO dates, but the diagnostic used day-first parsing. Re-parsing processed ISO values with ISO/year-first semantics resolves the contradiction, and the raw DD-MM-YYYY fields are chronologically ordered.",SAFE_TO_USE_AFTER_DOCUMENTED_CORRECTION,HIGH,"No dataset correction performed; this is a parsing-rule finding. Proper ISO parse: start=2001-07-15, end=2001-08-07; raw DD-first parse: start=2001-07-15, end=2001-08-07."
UEI-IMD-FL-2001-0052,"Alappuzha, Idukki, Kollam, Kottayam, Thiruvananthapuram, Thrissur",Kerala,2001-07-08,2001-07-14,7.0,08-07-2001 00:00,14-07-2001 00:00,7,CORRECTABLE_WITH_EVIDENCE,"The processed CSV stores ISO dates, but the diagnostic used day-first parsing. Re-parsing processed ISO values with ISO/year-first semantics resolves the contradiction, and the raw DD-MM-YYYY fields are chronologically ordered.",SAFE_TO_USE_AFTER_DOCUMENTED_CORRECTION,HIGH,"No dataset correction performed; this is a parsing-rule finding. Proper ISO parse: start=2001-07-08, end=2001-07-14; raw DD-first parse: start=2001-07-08, end=2001-07-14."
UEI-IMD-FL-2001-0083,"Imphal West, Imphal East",Manipur,2001-06-30,2001-07-01,2.0,30-06-2001 00:00,01-07-2001 00:00,2,CORRECTABLE_WITH_EVIDENCE,"The processed CSV stores ISO dates, but the diagnostic used day-first parsing. Re-parsing processed ISO values with ISO/year-first semantics resolves the contradiction, and the raw DD-MM-YYYY fields are chronologically ordered.",SAFE_TO_USE_AFTER_DOCUMENTED_CORRECTION,HIGH,"No dataset correction performed; this is a parsing-rule finding. Proper ISO parse: start=2001-06-30, end=2001-07-01; raw DD-first parse: start=2001-06-30, end=2001-07-01."
UEI-IMD-FL-2001-0086,"Bhadrak, Dhenkanal, Jajapur, Subarnapur, Nuapada, Balangir, Boudh, Cuttack, Kandhamal, Nayagarh, Khordha, Kalahandi, Jagatsinghapur, Puri, Nagpur, Rayagada, Koraput, Malkangiri, Anugul, Kendrapara, Ganjam, Gajapati, Mayurbhanj, Sundargarh, Kendujhar, Baleshwar, Jharsuguda, Bargarh, Deogarh, Sambalpur",Odisha,2001-07-08,2001-07-21,14.0,08-07-2001 00:00,21-07-2001 00:00,14,CORRECTABLE_WITH_EVIDENCE,"The processed CSV stores ISO dates, but the diagnostic used day-first parsing. Re-parsing processed ISO values with ISO/year-first semantics resolves the contradiction, and the raw DD-MM-YYYY fields are chronologically ordered.",SAFE_TO_USE_AFTER_DOCUMENTED_CORRECTION,HIGH,"No dataset correction performed; this is a parsing-rule finding. Proper ISO parse: start=2001-07-08, end=2001-07-21; raw DD-first parse: start=2001-07-08, end=2001-07-21."
UEI-IMD-FL-2001-0094,"Banswara, Bundi, Jodhpur, Udaipur",Rajasthan,2001-07-10,2001-07-14,5.0,10-07-2001 00:00,14-07-2001 00:00,5,CORRECTABLE_WITH_EVIDENCE,"The processed CSV stores ISO dates, but the diagnostic used day-first parsing. Re-parsing processed ISO values with ISO/year-first semantics resolves the contradiction, and the raw DD-MM-YYYY fields are chronologically ordered.",SAFE_TO_USE_AFTER_DOCUMENTED_CORRECTION,HIGH,"No dataset correction performed; this is a parsing-rule finding. Proper ISO parse: start=2001-07-10, end=2001-07-14; raw DD-first parse: start=2001-07-10, end=2001-07-14."
UEI-IMD-FL-2001-0104,"Hooghly, Kolkata",West Bengal,2001-06-10,2001-06-13,4.0,10-06-2001 00:00,13-06-2001 00:00,4,CORRECTABLE_WITH_EVIDENCE,"The processed CSV stores ISO dates, but the diagnostic used day-first parsing. Re-parsing processed ISO values with ISO/year-first semantics resolves the contradiction, and the raw DD-MM-YYYY fields are chronologically ordered.",SAFE_TO_USE_AFTER_DOCUMENTED_CORRECTION,HIGH,"No dataset correction performed; this is a parsing-rule finding. Proper ISO parse: start=2001-06-10, end=2001-06-13; raw DD-first parse: start=2001-06-10, end=2001-06-13."
UEI-IMD-FL-2002-0030,"Kollam, Kozhikode, Thrissur",Kerala,2002-06-11,2002-06-13,3.0,11-06-2002 00:00,13-06-2002 00:00,3,CORRECTABLE_WITH_EVIDENCE,"The processed CSV stores ISO dates, but the diagnostic used day-first parsing. Re-parsing processed ISO values with ISO/year-first semantics resolves the contradiction, and the raw DD-MM-YYYY fields are chronologically ordered.",SAFE_TO_USE_AFTER_DOCUMENTED_CORRECTION,HIGH,"No dataset correction performed; this is a parsing-rule finding. Proper ISO parse: start=2002-06-11, end=2002-06-13; raw DD-first parse: start=2002-06-11, end=2002-06-13."
UEI-IMD-FL-2002-0033,Kasaragod,Kerala,2002-10-12,2002-10-13,2.0,12-10-2002 00:00,13-10-2002 00:00,2,CORRECTABLE_WITH_EVIDENCE,"The processed CSV stores ISO dates, but the diagnostic used day-first parsing. Re-parsing processed ISO values with ISO/year-first semantics resolves the contradiction, and the raw DD-MM-YYYY fields are chronologically ordered.",SAFE_TO_USE_AFTER_DOCUMENTED_CORRECTION,HIGH,"No dataset correction performed; this is a parsing-rule finding. Proper ISO parse: start=2002-10-12, end=2002-10-13; raw DD-first parse: start=2002-10-12, end=2002-10-13."
UEI-IMD-FL-2003-0003,"Tinsukia, Dhemaji, Dibrugarh, Lakhimpur, Sivasagar, Jorhat, Sonitpur, Golaghat, Udalguri, Chirang, Baksa, Nagaon, Kokrajhar, Darrang, Barpeta, Nalbari, Marigaon, Kamrup, Bongaigaon, Dhubri, Kamrup Metro, Goalpara, Dima Hasao, Cachar, Karimganj, Hailakandi, Charaideo, Majuli, Biswanath, Hojai, South Salmara Mancachar, Karbi Anglong, West Karbi Anglong",Assam,2003-06-08,2003-07-21,44.0,08-06-2003 00:00,21-07-2003 00:00,44,CORRECTABLE_WITH_EVIDENCE,"The processed CSV stores ISO dates, but the diagnostic used day-first parsing. Re-parsing processed ISO values with ISO/year-first semantics resolves the contradiction, and the raw DD-MM-YYYY fields are chronologically ordered.",SAFE_TO_USE_AFTER_DOCUMENTED_CORRECTION,HIGH,"No dataset correction performed; this is a parsing-rule finding. Proper ISO parse: start=2003-06-08, end=2003-07-21; raw DD-first parse: start=2003-06-08, end=2003-07-21."
UEI-IMD-FL-2003-0042,Bengaluru Urban,Karnataka,2003-10-12,2003-10-13,2.0,12-10-2003 00:00,13-10-2003 00:00,2,CORRECTABLE_WITH_EVIDENCE,"The processed CSV stores ISO dates, but the diagnostic used day-first parsing. Re-parsing processed ISO values with ISO/year-first semantics resolves the contradiction, and the raw DD-MM-YYYY fields are chronologically ordered.",SAFE_TO_USE_AFTER_DOCUMENTED_CORRECTION,HIGH,"No dataset correction performed; this is a parsing-rule finding. Proper ISO parse: start=2003-10-12, end=2003-10-13; raw DD-first parse: start=2003-10-12, end=2003-10-13."
UEI-IMD-FL-2003-0059,"Bhopal, Gwalior, Rewa, Satna",Madhya Pradesh,2003-09-10,2003-09-15,6.0,10-09-2003 00:00,15-09-2003 00:00,6,CORRECTABLE_WITH_EVIDENCE,"The processed CSV stores ISO dates, but the diagnostic used day-first parsing. Re-parsing processed ISO values with ISO/year-first semantics resolves the contradiction, and the raw DD-MM-YYYY fields are chronologically ordered.",SAFE_TO_USE_AFTER_DOCUMENTED_CORRECTION,HIGH,"No dataset correction performed; this is a parsing-rule finding. Proper ISO parse: start=2003-09-10, end=2003-09-15; raw DD-first parse: start=2003-09-10, end=2003-09-15."
UEI-IMD-FL-2003-0085,"Ajmer, Alwar, Banswara, Bharatpur, Churu, Jaisalmer, Jhunjhunu, Jodhpur, Sikar",Rajasthan,2003-07-10,2003-07-13,4.0,10-07-2003 00:00,13-07-2003 00:00,4,CORRECTABLE_WITH_EVIDENCE,"The processed CSV stores ISO dates, but the diagnostic used day-first parsing. Re-parsing processed ISO values with ISO/year-first semantics resolves the contradiction, and the raw DD-MM-YYYY fields are chronologically ordered.",SAFE_TO_USE_AFTER_DOCUMENTED_CORRECTION,HIGH,"No dataset correction performed; this is a parsing-rule finding. Proper ISO parse: start=2003-07-10, end=2003-07-13; raw DD-first parse: start=2003-07-10, end=2003-07-13."
UEI-IMD-FL-2003-0095,Most parts,Uttar Pradesh,2003-07-11,2003-07-14,4.0,11-07-2003 00:00,14-07-2003 00:00,4,CORRECTABLE_WITH_EVIDENCE,"The processed CSV stores ISO dates, but the diagnostic used day-first parsing. Re-parsing processed ISO values with ISO/year-first semantics resolves the contradiction, and the raw DD-MM-YYYY fields are chronologically ordered.",SAFE_TO_USE_AFTER_DOCUMENTED_CORRECTION,HIGH,"No dataset correction performed; this is a parsing-rule finding. Proper ISO parse: start=2003-07-11, end=2003-07-14; raw DD-first parse: start=2003-07-11, end=2003-07-14."
UEI-IMD-FL-2004-0004,6 districts,Arunachal Pradesh,2004-07-10,2004-07-22,13.0,10-07-2004 00:00,22-07-2004 00:00,13,CORRECTABLE_WITH_EVIDENCE,"The processed CSV stores ISO dates, but the diagnostic used day-first parsing. Re-parsing processed ISO values with ISO/year-first semantics resolves the contradiction, and the raw DD-MM-YYYY fields are chronologically ordered.",SAFE_TO_USE_AFTER_DOCUMENTED_CORRECTION,HIGH,"No dataset correction performed; this is a parsing-rule finding. Proper ISO parse: start=2004-07-10, end=2004-07-22; raw DD-first parse: start=2004-07-10, end=2004-07-22."
UEI-IMD-FL-2004-0023,Kullu,Himachal Pradesh,2004-08-12,2004-08-13,2.0,12-08-2004 00:00,13-08-2004 00:00,2,CORRECTABLE_WITH_EVIDENCE,"The processed CSV stores ISO dates, but the diagnostic used day-first parsing. Re-parsing processed ISO values with ISO/year-first semantics resolves the contradiction, and the raw DD-MM-YYYY fields are chronologically ordered.",SAFE_TO_USE_AFTER_DOCUMENTED_CORRECTION,HIGH,"No dataset correction performed; this is a parsing-rule finding. Proper ISO parse: start=2004-08-12, end=2004-08-13; raw DD-first parse: start=2004-08-12, end=2004-08-13."
UEI-IMD-FL-2004-0027,"Bengaluru Urban, Belagavi, Chikkaballapura, Dakshina Kannada, Hassan, Kodagu",Karnataka,2004-06-11,2004-06-16,6.0,11-06-2004 00:00,16-06-2004 00:00,6,CORRECTABLE_WITH_EVIDENCE,"The processed CSV stores ISO dates, but the diagnostic used day-first parsing. Re-parsing processed ISO values with ISO/year-first semantics resolves the contradiction, and the raw DD-MM-YYYY fields are chronologically ordered.",SAFE_TO_USE_AFTER_DOCUMENTED_CORRECTION,HIGH,"No dataset correction performed; this is a parsing-rule finding. Proper ISO parse: start=2004-06-11, end=2004-06-16; raw DD-first parse: start=2004-06-11, end=2004-06-16."
UEI-IMD-FL-2004-0028,"Bengaluru Urban, Bengaluru Rural, Gadag",Karnataka,2004-07-08,2004-07-14,7.0,08-07-2004 00:00,14-07-2004 00:00,7,CORRECTABLE_WITH_EVIDENCE,"The processed CSV stores ISO dates, but the diagnostic used day-first parsing. Re-parsing processed ISO values with ISO/year-first semantics resolves the contradiction, and the raw DD-MM-YYYY fields are chronologically ordered.",SAFE_TO_USE_AFTER_DOCUMENTED_CORRECTION,HIGH,"No dataset correction performed; this is a parsing-rule finding. Proper ISO parse: start=2004-07-08, end=2004-07-14; raw DD-first parse: start=2004-07-08, end=2004-07-14."
UEI-IMD-FL-2004-0044,"Mumbai, Pune, Thane",Maharashtra,2004-07-26,2004-08-05,11.0,26-07-2004 00:00,05-08-2004 00:00,11,CORRECTABLE_WITH_EVIDENCE,"The processed CSV stores ISO dates, but the diagnostic used day-first parsing. Re-parsing processed ISO values with ISO/year-first semantics resolves the contradiction, and the raw DD-MM-YYYY fields are chronologically ordered.",SAFE_TO_USE_AFTER_DOCUMENTED_CORRECTION,HIGH,"No dataset correction performed; this is a parsing-rule finding. Proper ISO parse: start=2004-07-26, end=2004-08-05; raw DD-first parse: start=2004-07-26, end=2004-08-05."
UEI-IMD-FL-2004-0070,Northern parts,West Bengal,2004-07-08,2004-07-14,7.0,08-07-2004 00:00,14-07-2004 00:00,7,CORRECTABLE_WITH_EVIDENCE,"The processed CSV stores ISO dates, but the diagnostic used day-first parsing. Re-parsing processed ISO values with ISO/year-first semantics resolves the contradiction, and the raw DD-MM-YYYY fields are chronologically ordered.",SAFE_TO_USE_AFTER_DOCUMENTED_CORRECTION,HIGH,"No dataset correction performed; this is a parsing-rule finding. Proper ISO parse: start=2004-07-08, end=2004-07-14; raw DD-first parse: start=2004-07-08, end=2004-07-14."
UEI-IMD-FL-2005-0008,"Barpeta, Cachar, Dhemaji, Dhubri, Lakhimpur, Marigaon, Nagaon, Nalbari, Sonitpur",Assam,2005-06-08,2005-06-21,14.0,08-06-2005 00:00,21-06-2005 00:00,14,CORRECTABLE_WITH_EVIDENCE,"The processed CSV stores ISO dates, but the diagnostic used day-first parsing. Re-parsing processed ISO values with ISO/year-first semantics resolves the contradiction, and the raw DD-MM-YYYY fields are chronologically ordered.",SAFE_TO_USE_AFTER_DOCUMENTED_CORRECTION,HIGH,"No dataset correction performed; this is a parsing-rule finding. Proper ISO parse: start=2005-06-08, end=2005-06-21; raw DD-first parse: start=2005-06-08, end=2005-06-21."
UEI-IMD-FL-2005-0009,"Barpeta, Bongaigaon, Dhemaji, Dhubri, Dibrugarh, Goalpara, Jorhat, Kamrup, Karimganj, Kokrajhar, Lakhimpur, Marigaon, Nalbari, Sonitpur, Tinsukia",Assam,2005-07-08,2005-07-28,21.0,08-07-2005 00:00,28-07-2005 00:00,21,CORRECTABLE_WITH_EVIDENCE,"The processed CSV stores ISO dates, but the diagnostic used day-first parsing. Re-parsing processed ISO values with ISO/year-first semantics resolves the contradiction, and the raw DD-MM-YYYY fields are chronologically ordered.",SAFE_TO_USE_AFTER_DOCUMENTED_CORRECTION,HIGH,"No dataset correction performed; this is a parsing-rule finding. Proper ISO parse: start=2005-07-08, end=2005-07-28; raw DD-first parse: start=2005-07-08, end=2005-07-28."
UEI-IMD-FL-2005-0020,"Valsad, Amreli, Dangs, Banas Kantha, Patan, Mahesana, Gandhinagar, Ahmedabad, Panch Mahals, Dahod, Vadodara, Bharuch, Porbandar, Narmada, Surat, Tapi, Arvalli, Botad, Chota Udaipur, Mahisagar, Gir Somnath, Sabar Kantha, Kachchh, Surendranagar, Rajkot, Kheda, Anand, Bhavnagar, Junagadh, Jamnagar, Devbhumi Dwarka Dwarka, Morbi, Navsari",Gujarat,2005-07-08,2005-07-28,21.0,08-07-2005 00:00,28-07-2005 00:00,21,CORRECTABLE_WITH_EVIDENCE,"The processed CSV stores ISO dates, but the diagnostic used day-first parsing. Re-parsing processed ISO values with ISO/year-first semantics resolves the contradiction, and the raw DD-MM-YYYY fields are chronologically ordered.",SAFE_TO_USE_AFTER_DOCUMENTED_CORRECTION,HIGH,"No dataset correction performed; this is a parsing-rule finding. Proper ISO parse: start=2005-07-08, end=2005-07-28; raw DD-first parse: start=2005-07-08, end=2005-07-28."
UEI-IMD-FL-2005-0025,"Faridabad, Gurugram, Hisar, Jind, Sonipat, Yamunanagar",Haryana,2005-07-08,2005-07-21,14.0,08-07-2005 00:00,21-07-2005 00:00,14,CORRECTABLE_WITH_EVIDENCE,"The processed CSV stores ISO dates, but the diagnostic used day-first parsing. Re-parsing processed ISO values with ISO/year-first semantics resolves the contradiction, and the raw DD-MM-YYYY fields are chronologically ordered.",SAFE_TO_USE_AFTER_DOCUMENTED_CORRECTION,HIGH,"No dataset correction performed; this is a parsing-rule finding. Proper ISO parse: start=2005-07-08, end=2005-07-21; raw DD-first parse: start=2005-07-08, end=2005-07-21."
UEI-IMD-FL-2005-0094,"Damoh, Indore",Madhya Pradesh,2005-07-22,2005-08-07,17.0,22-07-2005 00:00,07-08-2005 00:00,17,CORRECTABLE_WITH_EVIDENCE,"The processed CSV stores ISO dates, but the diagnostic used day-first parsing. Re-parsing processed ISO values with ISO/year-first semantics resolves the contradiction, and the raw DD-MM-YYYY fields are chronologically ordered.",SAFE_TO_USE_AFTER_DOCUMENTED_CORRECTION,HIGH,"No dataset correction performed; this is a parsing-rule finding. Proper ISO parse: start=2005-07-22, end=2005-08-07; raw DD-first parse: start=2005-07-22, end=2005-08-07."
UEI-IMD-FL-2006-0004,"Dhemaji, Jorhat",Assam,2006-05-30,2006-06-01,3.0,30-05-2006 00:00,01-06-2006 00:00,3,CORRECTABLE_WITH_EVIDENCE,"The processed CSV stores ISO dates, but the diagnostic used day-first parsing. Re-parsing processed ISO values with ISO/year-first semantics resolves the contradiction, and the raw DD-MM-YYYY fields are chronologically ordered.",SAFE_TO_USE_AFTER_DOCUMENTED_CORRECTION,HIGH,"No dataset correction performed; this is a parsing-rule finding. Proper ISO parse: start=2006-05-30, end=2006-06-01; raw DD-first parse: start=2006-05-30, end=2006-06-01."
UEI-IMD-FL-2006-0005,"Barpeta, Cachar, Darrang, Dhemaji, Hailakandi, Jorhat, Kamrup, Karbi Anglong, Karimganj, Lakhimpur, Nagaon, Nalbari, Cachar, Mancachar, Sonitpur, Tinsukia",Assam,2006-06-11,2006-06-17,7.0,11-06-2006 00:00,17-06-2006 00:00,7,CORRECTABLE_WITH_EVIDENCE,"The processed CSV stores ISO dates, but the diagnostic used day-first parsing. Re-parsing processed ISO values with ISO/year-first semantics resolves the contradiction, and the raw DD-MM-YYYY fields are chronologically ordered.",SAFE_TO_USE_AFTER_DOCUMENTED_CORRECTION,HIGH,"No dataset correction performed; this is a parsing-rule finding. Proper ISO parse: start=2006-06-11, end=2006-06-17; raw DD-first parse: start=2006-06-11, end=2006-06-17."
UEI-IMD-FL-2006-0073,"Aurangabad, Dhule, Mumbai, Nagpur, Kolhapur, Sindhudurg",Maharashtra,2006-05-30,2006-06-02,4.0,30-05-2006 00:00,02-06-2006 00:00,4,CORRECTABLE_WITH_EVIDENCE,"The processed CSV stores ISO dates, but the diagnostic used day-first parsing. Re-parsing processed ISO values with ISO/year-first semantics resolves the contradiction, and the raw DD-MM-YYYY fields are chronologically ordered.",SAFE_TO_USE_AFTER_DOCUMENTED_CORRECTION,HIGH,"No dataset correction performed; this is a parsing-rule finding. Proper ISO parse: start=2006-05-30, end=2006-06-02; raw DD-first parse: start=2006-05-30, end=2006-06-02."
UEI-IMD-FL-2006-0080,"Kolhapur, Nashik, Pune, Ratnagiri, Sangli, Satara, Sindhudurg, Solapur, ",Maharashtra,2006-07-28,2006-08-02,6.0,28-07-2006 00:00,02-08-2006 00:00,6,CORRECTABLE_WITH_EVIDENCE,"The processed CSV stores ISO dates, but the diagnostic used day-first parsing. Re-parsing processed ISO values with ISO/year-first semantics resolves the contradiction, and the raw DD-MM-YYYY fields are chronologically ordered.",SAFE_TO_USE_AFTER_DOCUMENTED_CORRECTION,HIGH,"No dataset correction performed; this is a parsing-rule finding. Proper ISO parse: start=2006-07-28, end=2006-08-02; raw DD-first parse: start=2006-07-28, end=2006-08-02."
UEI-IMD-FL-2006-0084,"Ahmednagar, Beed, Jalna, Mumbai, Nashik, Dharashiv, Pune, Satara",Maharashtra,2006-09-12,2006-09-17,6.0,12-09-2006 00:00,17-09-2006 00:00,6,CORRECTABLE_WITH_EVIDENCE,"The processed CSV stores ISO dates, but the diagnostic used day-first parsing. Re-parsing processed ISO values with ISO/year-first semantics resolves the contradiction, and the raw DD-MM-YYYY fields are chronologically ordered.",SAFE_TO_USE_AFTER_DOCUMENTED_CORRECTION,HIGH,"No dataset correction performed; this is a parsing-rule finding. Proper ISO parse: start=2006-09-12, end=2006-09-17; raw DD-first parse: start=2006-09-12, end=2006-09-17."
UEI-IMD-FL-2006-0100,"Banswara, Barmer, Bundi, Dholpur, Jaisalmer, Jalore, Jodhpur, Kota, Pali, Sirohi, Udaipur",Rajasthan,2006-08-24,2006-09-01,9.0,24-08-2006 00:00,01-09-2006 00:00,9,CORRECTABLE_WITH_EVIDENCE,"The processed CSV stores ISO dates, but the diagnostic used day-first parsing. Re-parsing processed ISO values with ISO/year-first semantics resolves the contradiction, and the raw DD-MM-YYYY fields are chronologically ordered.",SAFE_TO_USE_AFTER_DOCUMENTED_CORRECTION,HIGH,"No dataset correction performed; this is a parsing-rule finding. Proper ISO parse: start=2006-08-24, end=2006-09-01; raw DD-first parse: start=2006-08-24, end=2006-09-01."
UEI-IMD-FL-2007-0012,"Dhemaji, Kamrup",Assam,2007-07-12,2007-07-13,2.0,12-07-2007 00:00,13-07-2007 00:00,2,CORRECTABLE_WITH_EVIDENCE,"The processed CSV stores ISO dates, but the diagnostic used day-first parsing. Re-parsing processed ISO values with ISO/year-first semantics resolves the contradiction, and the raw DD-MM-YYYY fields are chronologically ordered.",SAFE_TO_USE_AFTER_DOCUMENTED_CORRECTION,HIGH,"No dataset correction performed; this is a parsing-rule finding. Proper ISO parse: start=2007-07-12, end=2007-07-13; raw DD-first parse: start=2007-07-12, end=2007-07-13."
UEI-IMD-FL-2007-0014,"Tinsukia, Dhemaji, Dibrugarh, Lakhimpur, Sivasagar, Jorhat, Sonitpur, Golaghat, Udalguri, Chirang, Baksa, Nagaon, Kokrajhar, Darrang, Barpeta, Nalbari, Marigaon, Kamrup, Bongaigaon, Dhubri, Kamrup Metro, Goalpara, Dima Hasao, Cachar, Karimganj, Hailakandi, Charaideo, Majuli, Biswanath, Hojai, South Salmara Mancachar, Karbi Anglong, West Karbi Anglong",Assam,2007-07-22,2007-08-07,17.0,22-07-2007 00:00,07-08-2007 00:00,17,CORRECTABLE_WITH_EVIDENCE,"The processed CSV stores ISO dates, but the diagnostic used day-first parsing. Re-parsing processed ISO values with ISO/year-first semantics resolves the contradiction, and the raw DD-MM-YYYY fields are chronologically ordered.",SAFE_TO_USE_AFTER_DOCUMENTED_CORRECTION,HIGH,"No dataset correction performed; this is a parsing-rule finding. Proper ISO parse: start=2007-07-22, end=2007-08-07; raw DD-first parse: start=2007-07-22, end=2007-08-07."
UEI-IMD-FL-2007-0134,"Balrampur, Basti, Gonda, Gorakhpur, Kushinagar, Kheri, Lucknow, Mahrajganj, Shahjahanpur, SShrawasti, Siddharthnagar",Uttar Pradesh,2007-07-22,2007-08-07,17.0,22-07-2007 00:00,07-08-2007 00:00,17,CORRECTABLE_WITH_EVIDENCE,"The processed CSV stores ISO dates, but the diagnostic used day-first parsing. Re-parsing processed ISO values with ISO/year-first semantics resolves the contradiction, and the raw DD-MM-YYYY fields are chronologically ordered.",SAFE_TO_USE_AFTER_DOCUMENTED_CORRECTION,HIGH,"No dataset correction performed; this is a parsing-rule finding. Proper ISO parse: start=2007-07-22, end=2007-08-07; raw DD-first parse: start=2007-07-22, end=2007-08-07."
UEI-IMD-FL-2008-0027,"Faridabad, Panchkula",Haryana,2008-07-12,2008-07-14,3.0,12-07-2008 00:00,14-07-2008 00:00,3,CORRECTABLE_WITH_EVIDENCE,"The processed CSV stores ISO dates, but the diagnostic used day-first parsing. Re-parsing processed ISO values with ISO/year-first semantics resolves the contradiction, and the raw DD-MM-YYYY fields are chronologically ordered.",SAFE_TO_USE_AFTER_DOCUMENTED_CORRECTION,HIGH,"No dataset correction performed; this is a parsing-rule finding. Proper ISO parse: start=2008-07-12, end=2008-07-14; raw DD-first parse: start=2008-07-12, end=2008-07-14."
UEI-IMD-FL-2008-0065,Thiruvananthapuram,Kerala,2008-07-11,2008-07-15,5.0,11-07-2008 00:00,15-07-2008 00:00,5,CORRECTABLE_WITH_EVIDENCE,"The processed CSV stores ISO dates, but the diagnostic used day-first parsing. Re-parsing processed ISO values with ISO/year-first semantics resolves the contradiction, and the raw DD-MM-YYYY fields are chronologically ordered.",SAFE_TO_USE_AFTER_DOCUMENTED_CORRECTION,HIGH,"No dataset correction performed; this is a parsing-rule finding. Proper ISO parse: start=2008-07-11, end=2008-07-15; raw DD-first parse: start=2008-07-11, end=2008-07-15."
UEI-IMD-FL-2008-0081,"Kolhapur, Mumbai, Pune, Ratnagiri, Satara, Sindhudurg",Maharashtra,2008-08-09,2008-08-14,6.0,09-08-2008 00:00,14-08-2008 00:00,6,CORRECTABLE_WITH_EVIDENCE,"The processed CSV stores ISO dates, but the diagnostic used day-first parsing. Re-parsing processed ISO values with ISO/year-first semantics resolves the contradiction, and the raw DD-MM-YYYY fields are chronologically ordered.",SAFE_TO_USE_AFTER_DOCUMENTED_CORRECTION,HIGH,"No dataset correction performed; this is a parsing-rule finding. Proper ISO parse: start=2008-08-09, end=2008-08-14; raw DD-first parse: start=2008-08-09, end=2008-08-14."
UEI-IMD-FL-2008-0084,"Beed, Dhule, Latur, Nanded, Nandurbar, Dharashiv, Parbhani, Solapur",Maharashtra,2008-09-12,2008-09-17,6.0,12-09-2008 00:00,17-09-2008 00:00,6,CORRECTABLE_WITH_EVIDENCE,"The processed CSV stores ISO dates, but the diagnostic used day-first parsing. Re-parsing processed ISO values with ISO/year-first semantics resolves the contradiction, and the raw DD-MM-YYYY fields are chronologically ordered.",SAFE_TO_USE_AFTER_DOCUMENTED_CORRECTION,HIGH,"No dataset correction performed; this is a parsing-rule finding. Proper ISO parse: start=2008-09-12, end=2008-09-17; raw DD-first parse: start=2008-09-12, end=2008-09-17."
UEI-IMD-FL-2009-0004,Lakhimpur,Assam,2009-06-11,2009-06-16,6.0,11-06-2009 00:00,16-06-2009 00:00,6,CORRECTABLE_WITH_EVIDENCE,"The processed CSV stores ISO dates, but the diagnostic used day-first parsing. Re-parsing processed ISO values with ISO/year-first semantics resolves the contradiction, and the raw DD-MM-YYYY fields are chronologically ordered.",SAFE_TO_USE_AFTER_DOCUMENTED_CORRECTION,HIGH,"No dataset correction performed; this is a parsing-rule finding. Proper ISO parse: start=2009-06-11, end=2009-06-16; raw DD-first parse: start=2009-06-11, end=2009-06-16."
UEI-IMD-FL-2009-0010,"Dhemaji, Lakhimpur, Sonitpur",Assam,2009-08-12,2009-08-13,2.0,12-08-2009 00:00,13-08-2009 00:00,2,CORRECTABLE_WITH_EVIDENCE,"The processed CSV stores ISO dates, but the diagnostic used day-first parsing. Re-parsing processed ISO values with ISO/year-first semantics resolves the contradiction, and the raw DD-MM-YYYY fields are chronologically ordered.",SAFE_TO_USE_AFTER_DOCUMENTED_CORRECTION,HIGH,"No dataset correction performed; this is a parsing-rule finding. Proper ISO parse: start=2009-08-12, end=2009-08-13; raw DD-first parse: start=2009-08-12, end=2009-08-13."
UEI-IMD-FL-2009-0024,Bengaluru Urban,Karnataka,2009-06-11,2009-06-15,5.0,11-06-2009 00:00,15-06-2009 00:00,5,CORRECTABLE_WITH_EVIDENCE,"The processed CSV stores ISO dates, but the diagnostic used day-first parsing. Re-parsing processed ISO values with ISO/year-first semantics resolves the contradiction, and the raw DD-MM-YYYY fields are chronologically ordered.",SAFE_TO_USE_AFTER_DOCUMENTED_CORRECTION,HIGH,"No dataset correction performed; this is a parsing-rule finding. Proper ISO parse: start=2009-06-11, end=2009-06-15; raw DD-first parse: start=2009-06-11, end=2009-06-15."
UEI-IMD-FL-2009-0032,"Bagalkotee, Bijapur, Gadag, Dharwad, Haveri, Belagavi, Ballari, Beedar, Kalaburagi, Koppal, Raichur, Vijayapura, Yadgir",Karnataka,2009-09-29,2009-10-03,5.0,29-09-2009 00:00,03-10-2009 00:00,5,CORRECTABLE_WITH_EVIDENCE,"The processed CSV stores ISO dates, but the diagnostic used day-first parsing. Re-parsing processed ISO values with ISO/year-first semantics resolves the contradiction, and the raw DD-MM-YYYY fields are chronologically ordered.",SAFE_TO_USE_AFTER_DOCUMENTED_CORRECTION,HIGH,"No dataset correction performed; this is a parsing-rule finding. Proper ISO parse: start=2009-09-29, end=2009-10-03; raw DD-first parse: start=2009-09-29, end=2009-10-03."
UEI-IMD-FL-2010-0007,"Dhemaji, Golaghat",Assam,2010-05-10,2010-05-16,7.0,10-05-2010 00:00,16-05-2010 00:00,7,CORRECTABLE_WITH_EVIDENCE,"The processed CSV stores ISO dates, but the diagnostic used day-first parsing. Re-parsing processed ISO values with ISO/year-first semantics resolves the contradiction, and the raw DD-MM-YYYY fields are chronologically ordered.",SAFE_TO_USE_AFTER_DOCUMENTED_CORRECTION,HIGH,"No dataset correction performed; this is a parsing-rule finding. Proper ISO parse: start=2010-05-10, end=2010-05-16; raw DD-first parse: start=2010-05-10, end=2010-05-16."
UEI-IMD-FL-2010-0043,"Hamirpur, Kangra, Kullu, Shimla",Himachal Pradesh,2010-09-12,2010-09-13,2.0,12-09-2010 00:00,13-09-2010 00:00,2,CORRECTABLE_WITH_EVIDENCE,"The processed CSV stores ISO dates, but the diagnostic used day-first parsing. Re-parsing processed ISO values with ISO/year-first semantics resolves the contradiction, and the raw DD-MM-YYYY fields are chronologically ordered.",SAFE_TO_USE_AFTER_DOCUMENTED_CORRECTION,HIGH,"No dataset correction performed; this is a parsing-rule finding. Proper ISO parse: start=2010-09-12, end=2010-09-13; raw DD-first parse: start=2010-09-12, end=2010-09-13."
UEI-IMD-FL-2010-0067,"Alappuzha, Ernakulam, Idukki, Kasaragod, Kochi, Kottayam, Kozhikode, Malappuram, Palakkad, Pathanamthitta, Thrissur, Thiruvananthapuram, Wayanad",Kerala,2010-06-11,2010-06-15,5.0,11-06-2010 00:00,15-06-2010 00:00,5,CORRECTABLE_WITH_EVIDENCE,"The processed CSV stores ISO dates, but the diagnostic used day-first parsing. Re-parsing processed ISO values with ISO/year-first semantics resolves the contradiction, and the raw DD-MM-YYYY fields are chronologically ordered.",SAFE_TO_USE_AFTER_DOCUMENTED_CORRECTION,HIGH,"No dataset correction performed; this is a parsing-rule finding. Proper ISO parse: start=2010-06-11, end=2010-06-15; raw DD-first parse: start=2010-06-11, end=2010-06-15."
UEI-IMD-FL-2010-0082,"Ahmednagar, Akola, Buldhana, Parbhani, Pune, Satara",Maharashtra,2010-03-12,2010-03-14,3.0,12-03-2010 00:00,14-03-2010 00:00,3,CORRECTABLE_WITH_EVIDENCE,"The processed CSV stores ISO dates, but the diagnostic used day-first parsing. Re-parsing processed ISO values with ISO/year-first semantics resolves the contradiction, and the raw DD-MM-YYYY fields are chronologically ordered.",SAFE_TO_USE_AFTER_DOCUMENTED_CORRECTION,HIGH,"No dataset correction performed; this is a parsing-rule finding. Proper ISO parse: start=2010-03-12, end=2010-03-14; raw DD-first parse: start=2010-03-12, end=2010-03-14."
UEI-IMD-FL-2010-0084,"Aurangabad, Nandurbar, Pune, Thane",Maharashtra,2010-06-11,2010-06-14,4.0,11-06-2010 00:00,14-06-2010 00:00,4,CORRECTABLE_WITH_EVIDENCE,"The processed CSV stores ISO dates, but the diagnostic used day-first parsing. Re-parsing processed ISO values with ISO/year-first semantics resolves the contradiction, and the raw DD-MM-YYYY fields are chronologically ordered.",SAFE_TO_USE_AFTER_DOCUMENTED_CORRECTION,HIGH,"No dataset correction performed; this is a parsing-rule finding. Proper ISO parse: start=2010-06-11, end=2010-06-14; raw DD-first parse: start=2010-06-11, end=2010-06-14."
UEI-IMD-FL-2010-0088,"Amravati, Washim",Maharashtra,2010-06-29,2010-07-01,3.0,29-06-2010 00:00,01-07-2010 00:00,3,CORRECTABLE_WITH_EVIDENCE,"The processed CSV stores ISO dates, but the diagnostic used day-first parsing. Re-parsing processed ISO values with ISO/year-first semantics resolves the contradiction, and the raw DD-MM-YYYY fields are chronologically ordered.",SAFE_TO_USE_AFTER_DOCUMENTED_CORRECTION,HIGH,"No dataset correction performed; this is a parsing-rule finding. Proper ISO parse: start=2010-06-29, end=2010-07-01; raw DD-first parse: start=2010-06-29, end=2010-07-01."
UEI-IMD-FL-2010-0139,Many districts of Uttar Kashi Pradesh,Uttar Pradesh,2010-09-12,2010-09-14,3.0,12-09-2010 00:00,14-09-2010 00:00,3,CORRECTABLE_WITH_EVIDENCE,"The processed CSV stores ISO dates, but the diagnostic used day-first parsing. Re-parsing processed ISO values with ISO/year-first semantics resolves the contradiction, and the raw DD-MM-YYYY fields are chronologically ordered.",SAFE_TO_USE_AFTER_DOCUMENTED_CORRECTION,HIGH,"No dataset correction performed; this is a parsing-rule finding. Proper ISO parse: start=2010-09-12, end=2010-09-14; raw DD-first parse: start=2010-09-12, end=2010-09-14."
UEI-IMD-FL-2010-0145,"South 24 Parganas, North 24 Parganas",West Bengal,2010-08-12,2010-08-13,2.0,12-08-2010 00:00,13-08-2010 00:00,2,CORRECTABLE_WITH_EVIDENCE,"The processed CSV stores ISO dates, but the diagnostic used day-first parsing. Re-parsing processed ISO values with ISO/year-first semantics resolves the contradiction, and the raw DD-MM-YYYY fields are chronologically ordered.",SAFE_TO_USE_AFTER_DOCUMENTED_CORRECTION,HIGH,"No dataset correction performed; this is a parsing-rule finding. Proper ISO parse: start=2010-08-12, end=2010-08-13; raw DD-first parse: start=2010-08-12, end=2010-08-13."
UEI-IMD-FL-2011-0024,"Kangra, Kullu, Mandi, Sirmaur, Una",Himachal Pradesh,2011-08-12,2011-08-16,5.0,12-08-2011 00:00,16-08-2011 00:00,5,CORRECTABLE_WITH_EVIDENCE,"The processed CSV stores ISO dates, but the diagnostic used day-first parsing. Re-parsing processed ISO values with ISO/year-first semantics resolves the contradiction, and the raw DD-MM-YYYY fields are chronologically ordered.",SAFE_TO_USE_AFTER_DOCUMENTED_CORRECTION,HIGH,"No dataset correction performed; this is a parsing-rule finding. Proper ISO parse: start=2011-08-12, end=2011-08-16; raw DD-first parse: start=2011-08-12, end=2011-08-16."
UEI-IMD-FL-2011-0026,"Mandi, Kangra, Kullu, Sirmaur",Himachal Pradesh,2011-09-12,2011-09-15,4.0,12-09-2011 00:00,15-09-2011 00:00,4,CORRECTABLE_WITH_EVIDENCE,"The processed CSV stores ISO dates, but the diagnostic used day-first parsing. Re-parsing processed ISO values with ISO/year-first semantics resolves the contradiction, and the raw DD-MM-YYYY fields are chronologically ordered.",SAFE_TO_USE_AFTER_DOCUMENTED_CORRECTION,HIGH,"No dataset correction performed; this is a parsing-rule finding. Proper ISO parse: start=2011-09-12, end=2011-09-15; raw DD-first parse: start=2011-09-12, end=2011-09-15."
UEI-IMD-FL-2011-0050,"Kozhikode, Malappuram, Palakkad, Thiruvananthapuram, Thrissur, Wayanad",Kerala,2011-08-28,2011-09-04,8.0,28-08-2011 00:00,04-09-2011 00:00,8,CORRECTABLE_WITH_EVIDENCE,"The processed CSV stores ISO dates, but the diagnostic used day-first parsing. Re-parsing processed ISO values with ISO/year-first semantics resolves the contradiction, and the raw DD-MM-YYYY fields are chronologically ordered.",SAFE_TO_USE_AFTER_DOCUMENTED_CORRECTION,HIGH,"No dataset correction performed; this is a parsing-rule finding. Proper ISO parse: start=2011-08-28, end=2011-09-04; raw DD-first parse: start=2011-08-28, end=2011-09-04."
UEI-IMD-FL-2011-0054,"Kannur, Thiruvananthapuram, Wayanad",Kerala,2011-10-31,2011-11-08,9.0,31-10-2011 00:00,08-11-2011 00:00,9,CORRECTABLE_WITH_EVIDENCE,"The processed CSV stores ISO dates, but the diagnostic used day-first parsing. Re-parsing processed ISO values with ISO/year-first semantics resolves the contradiction, and the raw DD-MM-YYYY fields are chronologically ordered.",SAFE_TO_USE_AFTER_DOCUMENTED_CORRECTION,HIGH,"No dataset correction performed; this is a parsing-rule finding. Proper ISO parse: start=2011-10-31, end=2011-11-08; raw DD-first parse: start=2011-10-31, end=2011-11-08."
UEI-IMD-FL-2012-0014,14 districts of Assam,Assam,2012-06-11,2012-06-18,8.0,11-06-2012 00:00,18-06-2012 00:00,8,CORRECTABLE_WITH_EVIDENCE,"The processed CSV stores ISO dates, but the diagnostic used day-first parsing. Re-parsing processed ISO values with ISO/year-first semantics resolves the contradiction, and the raw DD-MM-YYYY fields are chronologically ordered.",SAFE_TO_USE_AFTER_DOCUMENTED_CORRECTION,HIGH,"No dataset correction performed; this is a parsing-rule finding. Proper ISO parse: start=2012-06-11, end=2012-06-18; raw DD-first parse: start=2012-06-11, end=2012-06-18."
UEI-IMD-FL-2013-0008,"Srikakulam, Visakhapatnam, Vizianagaram",Andhra Pradesh,2013-10-11,2013-10-14,4.0,11-10-2013 00:00,14-10-2013 00:00,4,CORRECTABLE_WITH_EVIDENCE,"The processed CSV stores ISO dates, but the diagnostic used day-first parsing. Re-parsing processed ISO values with ISO/year-first semantics resolves the contradiction, and the raw DD-MM-YYYY fields are chronologically ordered.",SAFE_TO_USE_AFTER_DOCUMENTED_CORRECTION,HIGH,"No dataset correction performed; this is a parsing-rule finding. Proper ISO parse: start=2013-10-11, end=2013-10-14; raw DD-first parse: start=2013-10-11, end=2013-10-14."
UEI-IMD-FL-2013-0016,"Goalpara, Jorhat",Assam,2013-08-10,2013-08-13,4.0,10-08-2013 00:00,13-08-2013 00:00,4,CORRECTABLE_WITH_EVIDENCE,"The processed CSV stores ISO dates, but the diagnostic used day-first parsing. Re-parsing processed ISO values with ISO/year-first semantics resolves the contradiction, and the raw DD-MM-YYYY fields are chronologically ordered.",SAFE_TO_USE_AFTER_DOCUMENTED_CORRECTION,HIGH,"No dataset correction performed; this is a parsing-rule finding. Proper ISO parse: start=2013-08-10, end=2013-08-13; raw DD-first parse: start=2013-08-10, end=2013-08-13."
UEI-IMD-FL-2013-0023,"Araria, Katihar, Kishanganj, Madhepura, Purnia, Supaul",Bihar,2013-07-11,2013-07-15,5.0,11-07-2013 00:00,15-07-2013 00:00,5,CORRECTABLE_WITH_EVIDENCE,"The processed CSV stores ISO dates, but the diagnostic used day-first parsing. Re-parsing processed ISO values with ISO/year-first semantics resolves the contradiction, and the raw DD-MM-YYYY fields are chronologically ordered.",SAFE_TO_USE_AFTER_DOCUMENTED_CORRECTION,HIGH,"No dataset correction performed; this is a parsing-rule finding. Proper ISO parse: start=2013-07-11, end=2013-07-15; raw DD-first parse: start=2013-07-11, end=2013-07-15."
UEI-IMD-FL-2013-0031,"Valsad, Amreli, Dangs, Banas Kantha, Patan, Mahesana, Gandhinagar, Ahmedabad, Panch Mahals, Dahod, Vadodara, Bharuch, Porbandar, Narmada, Surat, Tapi, Arvalli, Botad, Chota Udaipur, Mahisagar, Gir Somnath, Sabar Kantha, Kachchh, Surendranagar, Rajkot, Kheda, Anand, Bhavnagar, Junagadh, Jamnagar, Devbhumi Dwarka Dwarka, Morbi, Navsari",Gujarat,2013-09-26,2013-10-02,7.0,26-09-2013 00:00,02-10-2013 00:00,7,CORRECTABLE_WITH_EVIDENCE,"The processed CSV stores ISO dates, but the diagnostic used day-first parsing. Re-parsing processed ISO values with ISO/year-first semantics resolves the contradiction, and the raw DD-MM-YYYY fields are chronologically ordered.",SAFE_TO_USE_AFTER_DOCUMENTED_CORRECTION,HIGH,"No dataset correction performed; this is a parsing-rule finding. Proper ISO parse: start=2013-09-26, end=2013-10-02; raw DD-first parse: start=2013-09-26, end=2013-10-02."
UEI-IMD-FL-2013-0054,Dakshina Kannada,Karnataka,2013-06-10,2013-06-18,9.0,10-06-2013 00:00,18-06-2013 00:00,9,CORRECTABLE_WITH_EVIDENCE,"The processed CSV stores ISO dates, but the diagnostic used day-first parsing. Re-parsing processed ISO values with ISO/year-first semantics resolves the contradiction, and the raw DD-MM-YYYY fields are chronologically ordered.",SAFE_TO_USE_AFTER_DOCUMENTED_CORRECTION,HIGH,"No dataset correction performed; this is a parsing-rule finding. Proper ISO parse: start=2013-06-10, end=2013-06-18; raw DD-first parse: start=2013-06-10, end=2013-06-18."
UEI-IMD-FL-2013-0070,Wayanad,Kerala,2013-06-08,2013-06-16,9.0,08-06-2013 00:00,16-06-2013 00:00,9,CORRECTABLE_WITH_EVIDENCE,"The processed CSV stores ISO dates, but the diagnostic used day-first parsing. Re-parsing processed ISO values with ISO/year-first semantics resolves the contradiction, and the raw DD-MM-YYYY fields are chronologically ordered.",SAFE_TO_USE_AFTER_DOCUMENTED_CORRECTION,HIGH,"No dataset correction performed; this is a parsing-rule finding. Proper ISO parse: start=2013-06-08, end=2013-06-16; raw DD-first parse: start=2013-06-08, end=2013-06-16."
UEI-IMD-FL-2013-0071,Thiruvananthapuram,Kerala,2013-06-11,2013-06-26,16.0,11-06-2013 00:00,26-06-2013 00:00,16,CORRECTABLE_WITH_EVIDENCE,"The processed CSV stores ISO dates, but the diagnostic used day-first parsing. Re-parsing processed ISO values with ISO/year-first semantics resolves the contradiction, and the raw DD-MM-YYYY fields are chronologically ordered.",SAFE_TO_USE_AFTER_DOCUMENTED_CORRECTION,HIGH,"No dataset correction performed; this is a parsing-rule finding. Proper ISO parse: start=2013-06-11, end=2013-06-26; raw DD-first parse: start=2013-06-11, end=2013-06-26."
UEI-IMD-FL-2013-0079,"Alappuzha, Ernakulam, Kollam, Kottayam",Kerala,2013-07-11,2013-07-13,3.0,11-07-2013 00:00,13-07-2013 00:00,3,CORRECTABLE_WITH_EVIDENCE,"The processed CSV stores ISO dates, but the diagnostic used day-first parsing. Re-parsing processed ISO values with ISO/year-first semantics resolves the contradiction, and the raw DD-MM-YYYY fields are chronologically ordered.",SAFE_TO_USE_AFTER_DOCUMENTED_CORRECTION,HIGH,"No dataset correction performed; this is a parsing-rule finding. Proper ISO parse: start=2013-07-11, end=2013-07-13; raw DD-first parse: start=2013-07-11, end=2013-07-13."
UEI-IMD-FL-2013-0086,Wayanad,Kerala,2013-08-10,2013-08-16,7.0,10-08-2013 00:00,16-08-2013 00:00,7,CORRECTABLE_WITH_EVIDENCE,"The processed CSV stores ISO dates, but the diagnostic used day-first parsing. Re-parsing processed ISO values with ISO/year-first semantics resolves the contradiction, and the raw DD-MM-YYYY fields are chronologically ordered.",SAFE_TO_USE_AFTER_DOCUMENTED_CORRECTION,HIGH,"No dataset correction performed; this is a parsing-rule finding. Proper ISO parse: start=2013-08-10, end=2013-08-16; raw DD-first parse: start=2013-08-10, end=2013-08-16."
UEI-IMD-FL-2014-0025,Parts of Jharkhand,Jharkhand,2014-10-12,2014-10-14,3.0,12-10-2014 00:00,14-10-2014 00:00,3,CORRECTABLE_WITH_EVIDENCE,"The processed CSV stores ISO dates, but the diagnostic used day-first parsing. Re-parsing processed ISO values with ISO/year-first semantics resolves the contradiction, and the raw DD-MM-YYYY fields are chronologically ordered.",SAFE_TO_USE_AFTER_DOCUMENTED_CORRECTION,HIGH,"No dataset correction performed; this is a parsing-rule finding. Proper ISO parse: start=2014-10-12, end=2014-10-14; raw DD-first parse: start=2014-10-12, end=2014-10-14."
UEI-IMD-FL-2014-0043,"Alappuzha, Kasaragod, Kozhikode, Thiruvananthapuram, Thrissur, Wayanad",Kerala,2014-04-10,2014-04-16,7.0,10-04-2014 00:00,16-04-2014 00:00,7,CORRECTABLE_WITH_EVIDENCE,"The processed CSV stores ISO dates, but the diagnostic used day-first parsing. Re-parsing processed ISO values with ISO/year-first semantics resolves the contradiction, and the raw DD-MM-YYYY fields are chronologically ordered.",SAFE_TO_USE_AFTER_DOCUMENTED_CORRECTION,HIGH,"No dataset correction performed; this is a parsing-rule finding. Proper ISO parse: start=2014-04-10, end=2014-04-16; raw DD-first parse: start=2014-04-10, end=2014-04-16."
UEI-IMD-FL-2014-0047,Thiruvananthapuram,Kerala,2014-06-12,2014-06-14,3.0,12-06-2014 00:00,14-06-2014 00:00,3,CORRECTABLE_WITH_EVIDENCE,"The processed CSV stores ISO dates, but the diagnostic used day-first parsing. Re-parsing processed ISO values with ISO/year-first semantics resolves the contradiction, and the raw DD-MM-YYYY fields are chronologically ordered.",SAFE_TO_USE_AFTER_DOCUMENTED_CORRECTION,HIGH,"No dataset correction performed; this is a parsing-rule finding. Proper ISO parse: start=2014-06-12, end=2014-06-14; raw DD-first parse: start=2014-06-12, end=2014-06-14."
UEI-IMD-FL-2014-0049,"Kannur, Kasaragod, Kozhikode, Malappuram, Wayanad",Kerala,2014-07-12,2014-07-15,4.0,12-07-2014 00:00,15-07-2014 00:00,4,CORRECTABLE_WITH_EVIDENCE,"The processed CSV stores ISO dates, but the diagnostic used day-first parsing. Re-parsing processed ISO values with ISO/year-first semantics resolves the contradiction, and the raw DD-MM-YYYY fields are chronologically ordered.",SAFE_TO_USE_AFTER_DOCUMENTED_CORRECTION,HIGH,"No dataset correction performed; this is a parsing-rule finding. Proper ISO parse: start=2014-07-12, end=2014-07-15; raw DD-first parse: start=2014-07-12, end=2014-07-15."
UEI-IMD-FL-2015-0007,"Baksa, Barpeta, Darrang, Dhemaji, Dibrugarh, Goalpara, Jorhat, Kamrup, Kamrup Metro, Lakhimpur, Marigaon, Nagaon, Nalbari, Sivasagar, Sonitpur, Tinsukia",Assam,2015-06-09,2015-06-17,9.0,09-06-2015 00:00,17-06-2015 00:00,9,CORRECTABLE_WITH_EVIDENCE,"The processed CSV stores ISO dates, but the diagnostic used day-first parsing. Re-parsing processed ISO values with ISO/year-first semantics resolves the contradiction, and the raw DD-MM-YYYY fields are chronologically ordered.",SAFE_TO_USE_AFTER_DOCUMENTED_CORRECTION,HIGH,"No dataset correction performed; this is a parsing-rule finding. Proper ISO parse: start=2015-06-09, end=2015-06-17; raw DD-first parse: start=2015-06-09, end=2015-06-17."
UEI-IMD-FL-2015-0029,"Anantnag, Ganderbal",Jammu and Kashmir,2015-07-09,2015-07-16,8.0,09-07-2015 00:00,16-07-2015 00:00,8,CORRECTABLE_WITH_EVIDENCE,"The processed CSV stores ISO dates, but the diagnostic used day-first parsing. Re-parsing processed ISO values with ISO/year-first semantics resolves the contradiction, and the raw DD-MM-YYYY fields are chronologically ordered.",SAFE_TO_USE_AFTER_DOCUMENTED_CORRECTION,HIGH,"No dataset correction performed; this is a parsing-rule finding. Proper ISO parse: start=2015-07-09, end=2015-07-16; raw DD-first parse: start=2015-07-09, end=2015-07-16."
UEI-IMD-FL-2015-0033,"Ballari, Dakshina Kannada, Gadag, Hassan, Uttar Kashia Kannada",Karnataka,2015-03-06,2015-03-14,9.0,06-03-2015 00:00,14-03-2015 00:00,9,CORRECTABLE_WITH_EVIDENCE,"The processed CSV stores ISO dates, but the diagnostic used day-first parsing. Re-parsing processed ISO values with ISO/year-first semantics resolves the contradiction, and the raw DD-MM-YYYY fields are chronologically ordered.",SAFE_TO_USE_AFTER_DOCUMENTED_CORRECTION,HIGH,"No dataset correction performed; this is a parsing-rule finding. Proper ISO parse: start=2015-03-06, end=2015-03-14; raw DD-first parse: start=2015-03-06, end=2015-03-14."
UEI-IMD-FL-2015-0039,"Ballari, Dakshina Kannada, Udupi",Karnataka,2015-07-10,2015-07-20,11.0,10-07-2015 00:00,20-07-2015 00:00,11,CORRECTABLE_WITH_EVIDENCE,"The processed CSV stores ISO dates, but the diagnostic used day-first parsing. Re-parsing processed ISO values with ISO/year-first semantics resolves the contradiction, and the raw DD-MM-YYYY fields are chronologically ordered.",SAFE_TO_USE_AFTER_DOCUMENTED_CORRECTION,HIGH,"No dataset correction performed; this is a parsing-rule finding. Proper ISO parse: start=2015-07-10, end=2015-07-20; raw DD-first parse: start=2015-07-10, end=2015-07-20."
UEI-IMD-FL-2015-0048,"Ernakulam, Idukki, Kollam, Kozhikode, Malappuram, Pathanamthitta, Thiruvananthapuram, Wayanad",Kerala,2015-04-11,2015-04-16,6.0,11-04-2015 00:00,16-04-2015 00:00,6,CORRECTABLE_WITH_EVIDENCE,"The processed CSV stores ISO dates, but the diagnostic used day-first parsing. Re-parsing processed ISO values with ISO/year-first semantics resolves the contradiction, and the raw DD-MM-YYYY fields are chronologically ordered.",SAFE_TO_USE_AFTER_DOCUMENTED_CORRECTION,HIGH,"No dataset correction performed; this is a parsing-rule finding. Proper ISO parse: start=2015-04-11, end=2015-04-16; raw DD-first parse: start=2015-04-11, end=2015-04-16."
UEI-IMD-FL-2015-0053,"Ernakulam, Idukki, Kannur, Kasaragod, Kollam, Kozhikode, Malappuram, Palakkad, Thrissur, Wayanad",Kerala,2015-05-10,2015-05-14,5.0,10-05-2015 00:00,14-05-2015 00:00,5,CORRECTABLE_WITH_EVIDENCE,"The processed CSV stores ISO dates, but the diagnostic used day-first parsing. Re-parsing processed ISO values with ISO/year-first semantics resolves the contradiction, and the raw DD-MM-YYYY fields are chronologically ordered.",SAFE_TO_USE_AFTER_DOCUMENTED_CORRECTION,HIGH,"No dataset correction performed; this is a parsing-rule finding. Proper ISO parse: start=2015-05-10, end=2015-05-14; raw DD-first parse: start=2015-05-10, end=2015-05-14."
UEI-IMD-FL-2015-0055,"Alappuzha, Kannur, Kollam, Thrissur, Thiruvananthapuram",Kerala,2015-06-08,2015-06-16,9.0,08-06-2015 00:00,16-06-2015 00:00,9,CORRECTABLE_WITH_EVIDENCE,"The processed CSV stores ISO dates, but the diagnostic used day-first parsing. Re-parsing processed ISO values with ISO/year-first semantics resolves the contradiction, and the raw DD-MM-YYYY fields are chronologically ordered.",SAFE_TO_USE_AFTER_DOCUMENTED_CORRECTION,HIGH,"No dataset correction performed; this is a parsing-rule finding. Proper ISO parse: start=2015-06-08, end=2015-06-16; raw DD-first parse: start=2015-06-08, end=2015-06-16."
UEI-IMD-FL-2015-0067,"Aurangabad, Beed, Hingoli, Jalna, Latur, Nanded, Dharashiv, Parbhani",Maharashtra,2015-06-07,2015-06-16,10.0,07-06-2015 00:00,16-06-2015 00:00,10,CORRECTABLE_WITH_EVIDENCE,"The processed CSV stores ISO dates, but the diagnostic used day-first parsing. Re-parsing processed ISO values with ISO/year-first semantics resolves the contradiction, and the raw DD-MM-YYYY fields are chronologically ordered.",SAFE_TO_USE_AFTER_DOCUMENTED_CORRECTION,HIGH,"No dataset correction performed; this is a parsing-rule finding. Proper ISO parse: start=2015-06-07, end=2015-06-16; raw DD-first parse: start=2015-06-07, end=2015-06-16."
UEI-IMD-FL-2016-0033,Raipur,Chhattisgarh,2016-06-12,2016-06-13,2.0,12-06-2016 00:00,13-06-2016 00:00,2,CORRECTABLE_WITH_EVIDENCE,"The processed CSV stores ISO dates, but the diagnostic used day-first parsing. Re-parsing processed ISO values with ISO/year-first semantics resolves the contradiction, and the raw DD-MM-YYYY fields are chronologically ordered.",SAFE_TO_USE_AFTER_DOCUMENTED_CORRECTION,HIGH,"No dataset correction performed; this is a parsing-rule finding. Proper ISO parse: start=2016-06-12, end=2016-06-13; raw DD-first parse: start=2016-06-12, end=2016-06-13."
UEI-IMD-FL-2016-0037,"Jagdalpur, Janjgir-Champa, Narayanpur, Rajnandgaon",Chhattisgarh,2016-09-11,2016-09-13,3.0,11-09-2016 00:00,13-09-2016 00:00,3,CORRECTABLE_WITH_EVIDENCE,"The processed CSV stores ISO dates, but the diagnostic used day-first parsing. Re-parsing processed ISO values with ISO/year-first semantics resolves the contradiction, and the raw DD-MM-YYYY fields are chronologically ordered.",SAFE_TO_USE_AFTER_DOCUMENTED_CORRECTION,HIGH,"No dataset correction performed; this is a parsing-rule finding. Proper ISO parse: start=2016-09-11, end=2016-09-13; raw DD-first parse: start=2016-09-11, end=2016-09-13."
UEI-IMD-FL-2016-0042,"Chamba, Kinnaur",Himachal Pradesh,2016-07-10,2016-07-17,8.0,10-07-2016 00:00,17-07-2016 00:00,8,CORRECTABLE_WITH_EVIDENCE,"The processed CSV stores ISO dates, but the diagnostic used day-first parsing. Re-parsing processed ISO values with ISO/year-first semantics resolves the contradiction, and the raw DD-MM-YYYY fields are chronologically ordered.",SAFE_TO_USE_AFTER_DOCUMENTED_CORRECTION,HIGH,"No dataset correction performed; this is a parsing-rule finding. Proper ISO parse: start=2016-07-10, end=2016-07-17; raw DD-first parse: start=2016-07-10, end=2016-07-17."
UEI-IMD-FL-2016-0079,"Idukki, Kannur, Kollam, Pathanamthitta, Thiruvananthapuram, Wayanad",Kerala,2016-06-10,2016-06-13,4.0,10-06-2016 00:00,13-06-2016 00:00,4,CORRECTABLE_WITH_EVIDENCE,"The processed CSV stores ISO dates, but the diagnostic used day-first parsing. Re-parsing processed ISO values with ISO/year-first semantics resolves the contradiction, and the raw DD-MM-YYYY fields are chronologically ordered.",SAFE_TO_USE_AFTER_DOCUMENTED_CORRECTION,HIGH,"No dataset correction performed; this is a parsing-rule finding. Proper ISO parse: start=2016-06-10, end=2016-06-13; raw DD-first parse: start=2016-06-10, end=2016-06-13."
UEI-IMD-FL-2016-0083,"Idukki, Kasaragod, Wayanad",Kerala,2016-07-10,2016-07-15,6.0,10-07-2016 00:00,15-07-2016 00:00,6,CORRECTABLE_WITH_EVIDENCE,"The processed CSV stores ISO dates, but the diagnostic used day-first parsing. Re-parsing processed ISO values with ISO/year-first semantics resolves the contradiction, and the raw DD-MM-YYYY fields are chronologically ordered.",SAFE_TO_USE_AFTER_DOCUMENTED_CORRECTION,HIGH,"No dataset correction performed; this is a parsing-rule finding. Proper ISO parse: start=2016-07-10, end=2016-07-15; raw DD-first parse: start=2016-07-10, end=2016-07-15."
UEI-IMD-FL-2016-0112,"Barmer, Jodhpur, Kota",Rajasthan,2016-08-09,2016-08-13,5.0,09-08-2016 00:00,13-08-2016 00:00,5,CORRECTABLE_WITH_EVIDENCE,"The processed CSV stores ISO dates, but the diagnostic used day-first parsing. Re-parsing processed ISO values with ISO/year-first semantics resolves the contradiction, and the raw DD-MM-YYYY fields are chronologically ordered.",SAFE_TO_USE_AFTER_DOCUMENTED_CORRECTION,HIGH,"No dataset correction performed; this is a parsing-rule finding. Proper ISO parse: start=2016-08-09, end=2016-08-13; raw DD-first parse: start=2016-08-09, end=2016-08-13."
UEI-IMD-FL-2016-0115,Kanniyakumariumari,Tamil Nadu,2016-06-11,2016-06-13,3.0,11-06-2016 00:00,13-06-2016 00:00,3,CORRECTABLE_WITH_EVIDENCE,"The processed CSV stores ISO dates, but the diagnostic used day-first parsing. Re-parsing processed ISO values with ISO/year-first semantics resolves the contradiction, and the raw DD-MM-YYYY fields are chronologically ordered.",SAFE_TO_USE_AFTER_DOCUMENTED_CORRECTION,HIGH,"No dataset correction performed; this is a parsing-rule finding. Proper ISO parse: start=2016-06-11, end=2016-06-13; raw DD-first parse: start=2016-06-11, end=2016-06-13."
UEI-IMD-FL-2017-0029,"Chamba, Hamirpur, Kangra, Kullu, Shimla",Himachal Pradesh,2018-06-08,2017-07-08,2.0,08-06-2018 00:00,08-07-2017 00:00,2,SOURCE_INCONSISTENCY,The raw DD-MM-YYYY source fields are themselves end-before-start; the contradiction is not introduced by cleaning.,EXCLUDE_FROM_INTERVAL_TARGETING,HIGH,"Do not swap dates or trust duration without authoritative source correction. Proper ISO parse: start=2018-06-08, end=2017-07-08; raw DD-first parse: start=2018-06-08, end=2017-07-08."
UEI-IMD-FL-2017-0118,"Bahraich, Balrampur, Bara Banki, Gonda, SShrawasti & Parts of East U.P.",Uttar Pradesh,2017-08-14,2017-07-16,3.0,14-08-2017 00:00,16-07-2017 00:00,3,SOURCE_INCONSISTENCY,The raw DD-MM-YYYY source fields are themselves end-before-start; the contradiction is not introduced by cleaning.,EXCLUDE_FROM_INTERVAL_TARGETING,HIGH,"Do not swap dates or trust duration without authoritative source correction. Proper ISO parse: start=2017-08-14, end=2017-07-16; raw DD-first parse: start=2017-08-14, end=2017-07-16."
UEI-IMD-FL-2021-0108,"Alappuzha, Idukki, Ernakulam, Kannur, Kottayam, Kollam, Kozhikode, Malappuram, Palakkad, Pathanamthitta, Thrissur, Thiruvananthapuram",Kerala,2021-10-11,2021-10-19,9.0,11-10-2021 00:00,19-10-2021 00:00,9,CORRECTABLE_WITH_EVIDENCE,"The processed CSV stores ISO dates, but the diagnostic used day-first parsing. Re-parsing processed ISO values with ISO/year-first semantics resolves the contradiction, and the raw DD-MM-YYYY fields are chronologically ordered.",SAFE_TO_USE_AFTER_DOCUMENTED_CORRECTION,HIGH,"No dataset correction performed; this is a parsing-rule finding. Proper ISO parse: start=2021-10-11, end=2021-10-19; raw DD-first parse: start=2021-10-11, end=2021-10-19."
UEI-IMD-FL-2021-0109,Alappuzha,Kerala,2021-10-11,2021-10-19,9.0,11-10-2021 00:00,19-10-2021 00:00,9,CORRECTABLE_WITH_EVIDENCE,"The processed CSV stores ISO dates, but the diagnostic used day-first parsing. Re-parsing processed ISO values with ISO/year-first semantics resolves the contradiction, and the raw DD-MM-YYYY fields are chronologically ordered.",SAFE_TO_USE_AFTER_DOCUMENTED_CORRECTION,HIGH,"No dataset correction performed; this is a parsing-rule finding. Proper ISO parse: start=2021-10-11, end=2021-10-19; raw DD-first parse: start=2021-10-11, end=2021-10-19."
UEI-IMD-FL-2021-0110,Kannur,Kerala,2021-10-11,2021-10-19,9.0,11-10-2021 00:00,19-10-2021 00:00,9,CORRECTABLE_WITH_EVIDENCE,"The processed CSV stores ISO dates, but the diagnostic used day-first parsing. Re-parsing processed ISO values with ISO/year-first semantics resolves the contradiction, and the raw DD-MM-YYYY fields are chronologically ordered.",SAFE_TO_USE_AFTER_DOCUMENTED_CORRECTION,HIGH,"No dataset correction performed; this is a parsing-rule finding. Proper ISO parse: start=2021-10-11, end=2021-10-19; raw DD-first parse: start=2021-10-11, end=2021-10-19."
UEI-IMD-FL-2021-0111,Thrissur,Kerala,2021-10-11,2021-10-19,9.0,11-10-2021 00:00,19-10-2021 00:00,9,CORRECTABLE_WITH_EVIDENCE,"The processed CSV stores ISO dates, but the diagnostic used day-first parsing. Re-parsing processed ISO values with ISO/year-first semantics resolves the contradiction, and the raw DD-MM-YYYY fields are chronologically ordered.",SAFE_TO_USE_AFTER_DOCUMENTED_CORRECTION,HIGH,"No dataset correction performed; this is a parsing-rule finding. Proper ISO parse: start=2021-10-11, end=2021-10-19; raw DD-first parse: start=2021-10-11, end=2021-10-19."
UEI-IMD-FL-2021-0151,Nagpur,Maharashtra,2021-05-10,2021-05-30,5.0,10-05-2021 00:00,30-05-2021 00:00,5,CORRECTABLE_WITH_EVIDENCE,"The processed CSV stores ISO dates, but the diagnostic used day-first parsing. Re-parsing processed ISO values with ISO/year-first semantics resolves the contradiction, and the raw DD-MM-YYYY fields are chronologically ordered.",SAFE_TO_USE_AFTER_DOCUMENTED_CORRECTION,HIGH,"No dataset correction performed; this is a parsing-rule finding. Proper ISO parse: start=2021-05-10, end=2021-05-30; raw DD-first parse: start=2021-05-10, end=2021-05-30."
UEI-IMD-FL-2021-0246,"Anugul, Cuttack, Dhenkanal, Jagatsinghapur, Jajapur, Kalahandi, Kandhamal, Kendrapara, Khordha, Koraput, Puri",Odisha,2021-09-12,2021-09-13,2.0,12-09-2021 00:00,13-09-2021 00:00,2,CORRECTABLE_WITH_EVIDENCE,"The processed CSV stores ISO dates, but the diagnostic used day-first parsing. Re-parsing processed ISO values with ISO/year-first semantics resolves the contradiction, and the raw DD-MM-YYYY fields are chronologically ordered.",SAFE_TO_USE_AFTER_DOCUMENTED_CORRECTION,HIGH,"No dataset correction performed; this is a parsing-rule finding. Proper ISO parse: start=2021-09-12, end=2021-09-13; raw DD-first parse: start=2021-09-12, end=2021-09-13."
UEI-IMD-FL-2021-0247,Kendrapara,Odisha,2021-09-12,2021-09-13,2.0,12-09-2021 00:00,13-09-2021 00:00,2,CORRECTABLE_WITH_EVIDENCE,"The processed CSV stores ISO dates, but the diagnostic used day-first parsing. Re-parsing processed ISO values with ISO/year-first semantics resolves the contradiction, and the raw DD-MM-YYYY fields are chronologically ordered.",SAFE_TO_USE_AFTER_DOCUMENTED_CORRECTION,HIGH,"No dataset correction performed; this is a parsing-rule finding. Proper ISO parse: start=2021-09-12, end=2021-09-13; raw DD-first parse: start=2021-09-12, end=2021-09-13."
UEI-IMD-FL-2021-0248,Khordha,Odisha,2021-09-12,2021-09-13,2.0,12-09-2021 00:00,13-09-2021 00:00,2,CORRECTABLE_WITH_EVIDENCE,"The processed CSV stores ISO dates, but the diagnostic used day-first parsing. Re-parsing processed ISO values with ISO/year-first semantics resolves the contradiction, and the raw DD-MM-YYYY fields are chronologically ordered.",SAFE_TO_USE_AFTER_DOCUMENTED_CORRECTION,HIGH,"No dataset correction performed; this is a parsing-rule finding. Proper ISO parse: start=2021-09-12, end=2021-09-13; raw DD-first parse: start=2021-09-12, end=2021-09-13."
UEI-IMD-FL-2022-0078,Cachar,Assam,2022-05-12,2022-05-13,2.0,12-05-2022 00:00,13-05-2022 00:00,2,CORRECTABLE_WITH_EVIDENCE,"The processed CSV stores ISO dates, but the diagnostic used day-first parsing. Re-parsing processed ISO values with ISO/year-first semantics resolves the contradiction, and the raw DD-MM-YYYY fields are chronologically ordered.",SAFE_TO_USE_AFTER_DOCUMENTED_CORRECTION,HIGH,"No dataset correction performed; this is a parsing-rule finding. Proper ISO parse: start=2022-05-12, end=2022-05-13; raw DD-first parse: start=2022-05-12, end=2022-05-13."
UEI-IMD-FL-2022-0079,Dhemaji,Assam,2022-05-12,2022-05-13,2.0,12-05-2022 00:00,13-05-2022 00:00,2,CORRECTABLE_WITH_EVIDENCE,"The processed CSV stores ISO dates, but the diagnostic used day-first parsing. Re-parsing processed ISO values with ISO/year-first semantics resolves the contradiction, and the raw DD-MM-YYYY fields are chronologically ordered.",SAFE_TO_USE_AFTER_DOCUMENTED_CORRECTION,HIGH,"No dataset correction performed; this is a parsing-rule finding. Proper ISO parse: start=2022-05-12, end=2022-05-13; raw DD-first parse: start=2022-05-12, end=2022-05-13."
UEI-IMD-FL-2022-0080,Dima Hasao,Assam,2022-05-12,2022-05-13,2.0,12-05-2022 00:00,13-05-2022 00:00,2,CORRECTABLE_WITH_EVIDENCE,"The processed CSV stores ISO dates, but the diagnostic used day-first parsing. Re-parsing processed ISO values with ISO/year-first semantics resolves the contradiction, and the raw DD-MM-YYYY fields are chronologically ordered.",SAFE_TO_USE_AFTER_DOCUMENTED_CORRECTION,HIGH,"No dataset correction performed; this is a parsing-rule finding. Proper ISO parse: start=2022-05-12, end=2022-05-13; raw DD-first parse: start=2022-05-12, end=2022-05-13."
UEI-IMD-FL-2022-0081,Hojai,Assam,2022-05-12,2022-05-13,2.0,12-05-2022 00:00,13-05-2022 00:00,2,CORRECTABLE_WITH_EVIDENCE,"The processed CSV stores ISO dates, but the diagnostic used day-first parsing. Re-parsing processed ISO values with ISO/year-first semantics resolves the contradiction, and the raw DD-MM-YYYY fields are chronologically ordered.",SAFE_TO_USE_AFTER_DOCUMENTED_CORRECTION,HIGH,"No dataset correction performed; this is a parsing-rule finding. Proper ISO parse: start=2022-05-12, end=2022-05-13; raw DD-first parse: start=2022-05-12, end=2022-05-13."
UEI-IMD-FL-2022-0082,Kamrup Metro,Assam,2022-05-12,2022-05-13,2.0,12-05-2022 00:00,13-05-2022 00:00,2,CORRECTABLE_WITH_EVIDENCE,"The processed CSV stores ISO dates, but the diagnostic used day-first parsing. Re-parsing processed ISO values with ISO/year-first semantics resolves the contradiction, and the raw DD-MM-YYYY fields are chronologically ordered.",SAFE_TO_USE_AFTER_DOCUMENTED_CORRECTION,HIGH,"No dataset correction performed; this is a parsing-rule finding. Proper ISO parse: start=2022-05-12, end=2022-05-13; raw DD-first parse: start=2022-05-12, end=2022-05-13."
UEI-IMD-FL-2022-0083,Karbi Anglong,Assam,2022-05-12,2022-05-13,2.0,12-05-2022 00:00,13-05-2022 00:00,2,CORRECTABLE_WITH_EVIDENCE,"The processed CSV stores ISO dates, but the diagnostic used day-first parsing. Re-parsing processed ISO values with ISO/year-first semantics resolves the contradiction, and the raw DD-MM-YYYY fields are chronologically ordered.",SAFE_TO_USE_AFTER_DOCUMENTED_CORRECTION,HIGH,"No dataset correction performed; this is a parsing-rule finding. Proper ISO parse: start=2022-05-12, end=2022-05-13; raw DD-first parse: start=2022-05-12, end=2022-05-13."
UEI-IMD-FL-2022-0084,Nagaon,Assam,2022-05-12,2022-05-13,2.0,12-05-2022 00:00,13-05-2022 00:00,2,CORRECTABLE_WITH_EVIDENCE,"The processed CSV stores ISO dates, but the diagnostic used day-first parsing. Re-parsing processed ISO values with ISO/year-first semantics resolves the contradiction, and the raw DD-MM-YYYY fields are chronologically ordered.",SAFE_TO_USE_AFTER_DOCUMENTED_CORRECTION,HIGH,"No dataset correction performed; this is a parsing-rule finding. Proper ISO parse: start=2022-05-12, end=2022-05-13; raw DD-first parse: start=2022-05-12, end=2022-05-13."
UEI-IMD-FL-2022-0085,Dima Hasao,Assam,2022-05-12,2022-05-13,1.0,12-05-2022 00:00,13-05-2022 00:00,1,CORRECTABLE_WITH_EVIDENCE,"The processed CSV stores ISO dates, but the diagnostic used day-first parsing. Re-parsing processed ISO values with ISO/year-first semantics resolves the contradiction, and the raw DD-MM-YYYY fields are chronologically ordered.",SAFE_TO_USE_AFTER_DOCUMENTED_CORRECTION,HIGH,"No dataset correction performed; this is a parsing-rule finding. Proper ISO parse: start=2022-05-12, end=2022-05-13; raw DD-first parse: start=2022-05-12, end=2022-05-13."
UEI-IMD-FL-2022-0086,Cachar,Assam,2022-05-12,2022-05-13,1.0,12-05-2022 00:00,13-05-2022 00:00,1,CORRECTABLE_WITH_EVIDENCE,"The processed CSV stores ISO dates, but the diagnostic used day-first parsing. Re-parsing processed ISO values with ISO/year-first semantics resolves the contradiction, and the raw DD-MM-YYYY fields are chronologically ordered.",SAFE_TO_USE_AFTER_DOCUMENTED_CORRECTION,HIGH,"No dataset correction performed; this is a parsing-rule finding. Proper ISO parse: start=2022-05-12, end=2022-05-13; raw DD-first parse: start=2022-05-12, end=2022-05-13."
UEI-IMD-FL-2022-0430,"Amreli, Bharuch, Dangs, Gir Somnath, Junagadh, Kachchh, Navsari, Tapi",Gujarat,2022-07-12,2022-07-13,2.0,12-07-2022 00:00,13-07-2022 00:00,2,CORRECTABLE_WITH_EVIDENCE,"The processed CSV stores ISO dates, but the diagnostic used day-first parsing. Re-parsing processed ISO values with ISO/year-first semantics resolves the contradiction, and the raw DD-MM-YYYY fields are chronologically ordered.",SAFE_TO_USE_AFTER_DOCUMENTED_CORRECTION,HIGH,"No dataset correction performed; this is a parsing-rule finding. Proper ISO parse: start=2022-07-12, end=2022-07-13; raw DD-first parse: start=2022-07-12, end=2022-07-13."
UEI-IMD-FL-2022-0431,Amreli,Gujarat,2022-07-12,2022-07-13,2.0,12-07-2022 00:00,13-07-2022 00:00,2,CORRECTABLE_WITH_EVIDENCE,"The processed CSV stores ISO dates, but the diagnostic used day-first parsing. Re-parsing processed ISO values with ISO/year-first semantics resolves the contradiction, and the raw DD-MM-YYYY fields are chronologically ordered.",SAFE_TO_USE_AFTER_DOCUMENTED_CORRECTION,HIGH,"No dataset correction performed; this is a parsing-rule finding. Proper ISO parse: start=2022-07-12, end=2022-07-13; raw DD-first parse: start=2022-07-12, end=2022-07-13."
UEI-IMD-FL-2022-0432,Bharuch,Gujarat,2022-07-12,2022-07-13,2.0,12-07-2022 00:00,13-07-2022 00:00,2,CORRECTABLE_WITH_EVIDENCE,"The processed CSV stores ISO dates, but the diagnostic used day-first parsing. Re-parsing processed ISO values with ISO/year-first semantics resolves the contradiction, and the raw DD-MM-YYYY fields are chronologically ordered.",SAFE_TO_USE_AFTER_DOCUMENTED_CORRECTION,HIGH,"No dataset correction performed; this is a parsing-rule finding. Proper ISO parse: start=2022-07-12, end=2022-07-13; raw DD-first parse: start=2022-07-12, end=2022-07-13."
UEI-IMD-FL-2022-0433,Dangs,Gujarat,2022-07-12,2022-07-13,2.0,12-07-2022 00:00,13-07-2022 00:00,2,CORRECTABLE_WITH_EVIDENCE,"The processed CSV stores ISO dates, but the diagnostic used day-first parsing. Re-parsing processed ISO values with ISO/year-first semantics resolves the contradiction, and the raw DD-MM-YYYY fields are chronologically ordered.",SAFE_TO_USE_AFTER_DOCUMENTED_CORRECTION,HIGH,"No dataset correction performed; this is a parsing-rule finding. Proper ISO parse: start=2022-07-12, end=2022-07-13; raw DD-first parse: start=2022-07-12, end=2022-07-13."
UEI-IMD-FL-2022-0434,Gir Somnath,Gujarat,2022-07-12,2022-07-13,2.0,12-07-2022 00:00,13-07-2022 00:00,2,CORRECTABLE_WITH_EVIDENCE,"The processed CSV stores ISO dates, but the diagnostic used day-first parsing. Re-parsing processed ISO values with ISO/year-first semantics resolves the contradiction, and the raw DD-MM-YYYY fields are chronologically ordered.",SAFE_TO_USE_AFTER_DOCUMENTED_CORRECTION,HIGH,"No dataset correction performed; this is a parsing-rule finding. Proper ISO parse: start=2022-07-12, end=2022-07-13; raw DD-first parse: start=2022-07-12, end=2022-07-13."
UEI-IMD-FL-2022-0435,Junagadh,Gujarat,2022-07-12,2022-07-13,2.0,12-07-2022 00:00,13-07-2022 00:00,2,CORRECTABLE_WITH_EVIDENCE,"The processed CSV stores ISO dates, but the diagnostic used day-first parsing. Re-parsing processed ISO values with ISO/year-first semantics resolves the contradiction, and the raw DD-MM-YYYY fields are chronologically ordered.",SAFE_TO_USE_AFTER_DOCUMENTED_CORRECTION,HIGH,"No dataset correction performed; this is a parsing-rule finding. Proper ISO parse: start=2022-07-12, end=2022-07-13; raw DD-first parse: start=2022-07-12, end=2022-07-13."
UEI-IMD-FL-2022-0436,Kachchh,Gujarat,2022-07-12,2022-07-13,2.0,12-07-2022 00:00,13-07-2022 00:00,2,CORRECTABLE_WITH_EVIDENCE,"The processed CSV stores ISO dates, but the diagnostic used day-first parsing. Re-parsing processed ISO values with ISO/year-first semantics resolves the contradiction, and the raw DD-MM-YYYY fields are chronologically ordered.",SAFE_TO_USE_AFTER_DOCUMENTED_CORRECTION,HIGH,"No dataset correction performed; this is a parsing-rule finding. Proper ISO parse: start=2022-07-12, end=2022-07-13; raw DD-first parse: start=2022-07-12, end=2022-07-13."
UEI-IMD-FL-2022-0437,Navsari,Gujarat,2022-07-12,2022-07-13,2.0,12-07-2022 00:00,13-07-2022 00:00,2,CORRECTABLE_WITH_EVIDENCE,"The processed CSV stores ISO dates, but the diagnostic used day-first parsing. Re-parsing processed ISO values with ISO/year-first semantics resolves the contradiction, and the raw DD-MM-YYYY fields are chronologically ordered.",SAFE_TO_USE_AFTER_DOCUMENTED_CORRECTION,HIGH,"No dataset correction performed; this is a parsing-rule finding. Proper ISO parse: start=2022-07-12, end=2022-07-13; raw DD-first parse: start=2022-07-12, end=2022-07-13."
UEI-IMD-FL-2022-0438,Tapi,Gujarat,2022-07-12,2022-07-13,2.0,12-07-2022 00:00,13-07-2022 00:00,2,CORRECTABLE_WITH_EVIDENCE,"The processed CSV stores ISO dates, but the diagnostic used day-first parsing. Re-parsing processed ISO values with ISO/year-first semantics resolves the contradiction, and the raw DD-MM-YYYY fields are chronologically ordered.",SAFE_TO_USE_AFTER_DOCUMENTED_CORRECTION,HIGH,"No dataset correction performed; this is a parsing-rule finding. Proper ISO parse: start=2022-07-12, end=2022-07-13; raw DD-first parse: start=2022-07-12, end=2022-07-13."
UEI-IMD-FL-2022-0708,Akola,Maharashtra,2022-09-11,2022-09-14,4.0,11-09-2022 00:00,14-09-2022 00:00,4,CORRECTABLE_WITH_EVIDENCE,"The processed CSV stores ISO dates, but the diagnostic used day-first parsing. Re-parsing processed ISO values with ISO/year-first semantics resolves the contradiction, and the raw DD-MM-YYYY fields are chronologically ordered.",SAFE_TO_USE_AFTER_DOCUMENTED_CORRECTION,HIGH,"No dataset correction performed; this is a parsing-rule finding. Proper ISO parse: start=2022-09-11, end=2022-09-14; raw DD-first parse: start=2022-09-11, end=2022-09-14."
UEI-IMD-FL-2022-0709,Amravati,Maharashtra,2022-09-11,2022-09-14,4.0,11-09-2022 00:00,14-09-2022 00:00,4,CORRECTABLE_WITH_EVIDENCE,"The processed CSV stores ISO dates, but the diagnostic used day-first parsing. Re-parsing processed ISO values with ISO/year-first semantics resolves the contradiction, and the raw DD-MM-YYYY fields are chronologically ordered.",SAFE_TO_USE_AFTER_DOCUMENTED_CORRECTION,HIGH,"No dataset correction performed; this is a parsing-rule finding. Proper ISO parse: start=2022-09-11, end=2022-09-14; raw DD-first parse: start=2022-09-11, end=2022-09-14."
UEI-IMD-FL-2022-0710,Bhandara,Maharashtra,2022-09-11,2022-09-14,4.0,11-09-2022 00:00,14-09-2022 00:00,4,CORRECTABLE_WITH_EVIDENCE,"The processed CSV stores ISO dates, but the diagnostic used day-first parsing. Re-parsing processed ISO values with ISO/year-first semantics resolves the contradiction, and the raw DD-MM-YYYY fields are chronologically ordered.",SAFE_TO_USE_AFTER_DOCUMENTED_CORRECTION,HIGH,"No dataset correction performed; this is a parsing-rule finding. Proper ISO parse: start=2022-09-11, end=2022-09-14; raw DD-first parse: start=2022-09-11, end=2022-09-14."
UEI-IMD-FL-2022-0711,Chandrapur,Maharashtra,2022-09-11,2022-09-14,4.0,11-09-2022 00:00,14-09-2022 00:00,4,CORRECTABLE_WITH_EVIDENCE,"The processed CSV stores ISO dates, but the diagnostic used day-first parsing. Re-parsing processed ISO values with ISO/year-first semantics resolves the contradiction, and the raw DD-MM-YYYY fields are chronologically ordered.",SAFE_TO_USE_AFTER_DOCUMENTED_CORRECTION,HIGH,"No dataset correction performed; this is a parsing-rule finding. Proper ISO parse: start=2022-09-11, end=2022-09-14; raw DD-first parse: start=2022-09-11, end=2022-09-14."
UEI-IMD-FL-2022-0712,Gadchiroli,Maharashtra,2022-09-11,2022-09-14,4.0,11-09-2022 00:00,14-09-2022 00:00,4,CORRECTABLE_WITH_EVIDENCE,"The processed CSV stores ISO dates, but the diagnostic used day-first parsing. Re-parsing processed ISO values with ISO/year-first semantics resolves the contradiction, and the raw DD-MM-YYYY fields are chronologically ordered.",SAFE_TO_USE_AFTER_DOCUMENTED_CORRECTION,HIGH,"No dataset correction performed; this is a parsing-rule finding. Proper ISO parse: start=2022-09-11, end=2022-09-14; raw DD-first parse: start=2022-09-11, end=2022-09-14."
UEI-IMD-FL-2022-0713,Gondia,Maharashtra,2022-09-11,2022-09-14,4.0,11-09-2022 00:00,14-09-2022 00:00,4,CORRECTABLE_WITH_EVIDENCE,"The processed CSV stores ISO dates, but the diagnostic used day-first parsing. Re-parsing processed ISO values with ISO/year-first semantics resolves the contradiction, and the raw DD-MM-YYYY fields are chronologically ordered.",SAFE_TO_USE_AFTER_DOCUMENTED_CORRECTION,HIGH,"No dataset correction performed; this is a parsing-rule finding. Proper ISO parse: start=2022-09-11, end=2022-09-14; raw DD-first parse: start=2022-09-11, end=2022-09-14."
UEI-IMD-FL-2022-0714,Nagpur,Maharashtra,2022-09-11,2022-09-14,4.0,11-09-2022 00:00,14-09-2022 00:00,4,CORRECTABLE_WITH_EVIDENCE,"The processed CSV stores ISO dates, but the diagnostic used day-first parsing. Re-parsing processed ISO values with ISO/year-first semantics resolves the contradiction, and the raw DD-MM-YYYY fields are chronologically ordered.",SAFE_TO_USE_AFTER_DOCUMENTED_CORRECTION,HIGH,"No dataset correction performed; this is a parsing-rule finding. Proper ISO parse: start=2022-09-11, end=2022-09-14; raw DD-first parse: start=2022-09-11, end=2022-09-14."
UEI-IMD-FL-2022-0715,Nashik,Maharashtra,2022-09-11,2022-09-14,4.0,11-09-2022 00:00,14-09-2022 00:00,4,CORRECTABLE_WITH_EVIDENCE,"The processed CSV stores ISO dates, but the diagnostic used day-first parsing. Re-parsing processed ISO values with ISO/year-first semantics resolves the contradiction, and the raw DD-MM-YYYY fields are chronologically ordered.",SAFE_TO_USE_AFTER_DOCUMENTED_CORRECTION,HIGH,"No dataset correction performed; this is a parsing-rule finding. Proper ISO parse: start=2022-09-11, end=2022-09-14; raw DD-first parse: start=2022-09-11, end=2022-09-14."
UEI-IMD-FL-2022-0716,Raigarh,Maharashtra,2022-09-11,2022-09-14,4.0,11-09-2022 00:00,14-09-2022 00:00,4,CORRECTABLE_WITH_EVIDENCE,"The processed CSV stores ISO dates, but the diagnostic used day-first parsing. Re-parsing processed ISO values with ISO/year-first semantics resolves the contradiction, and the raw DD-MM-YYYY fields are chronologically ordered.",SAFE_TO_USE_AFTER_DOCUMENTED_CORRECTION,HIGH,"No dataset correction performed; this is a parsing-rule finding. Proper ISO parse: start=2022-09-11, end=2022-09-14; raw DD-first parse: start=2022-09-11, end=2022-09-14."
UEI-IMD-FL-2022-0717,Thane,Maharashtra,2022-09-11,2022-09-14,4.0,11-09-2022 00:00,14-09-2022 00:00,4,CORRECTABLE_WITH_EVIDENCE,"The processed CSV stores ISO dates, but the diagnostic used day-first parsing. Re-parsing processed ISO values with ISO/year-first semantics resolves the contradiction, and the raw DD-MM-YYYY fields are chronologically ordered.",SAFE_TO_USE_AFTER_DOCUMENTED_CORRECTION,HIGH,"No dataset correction performed; this is a parsing-rule finding. Proper ISO parse: start=2022-09-11, end=2022-09-14; raw DD-first parse: start=2022-09-11, end=2022-09-14."
UEI-IMD-FL-2022-0718,Wardha,Maharashtra,2022-09-11,2022-09-14,4.0,11-09-2022 00:00,14-09-2022 00:00,4,CORRECTABLE_WITH_EVIDENCE,"The processed CSV stores ISO dates, but the diagnostic used day-first parsing. Re-parsing processed ISO values with ISO/year-first semantics resolves the contradiction, and the raw DD-MM-YYYY fields are chronologically ordered.",SAFE_TO_USE_AFTER_DOCUMENTED_CORRECTION,HIGH,"No dataset correction performed; this is a parsing-rule finding. Proper ISO parse: start=2022-09-11, end=2022-09-14; raw DD-first parse: start=2022-09-11, end=2022-09-14."
UEI-IMD-FL-2022-0719,Washim,Maharashtra,2022-09-11,2022-09-14,4.0,11-09-2022 00:00,14-09-2022 00:00,4,CORRECTABLE_WITH_EVIDENCE,"The processed CSV stores ISO dates, but the diagnostic used day-first parsing. Re-parsing processed ISO values with ISO/year-first semantics resolves the contradiction, and the raw DD-MM-YYYY fields are chronologically ordered.",SAFE_TO_USE_AFTER_DOCUMENTED_CORRECTION,HIGH,"No dataset correction performed; this is a parsing-rule finding. Proper ISO parse: start=2022-09-11, end=2022-09-14; raw DD-first parse: start=2022-09-11, end=2022-09-14."
UEI-IMD-FL-2022-0720,Yavatmal,Maharashtra,2022-09-11,2022-09-14,4.0,11-09-2022 00:00,14-09-2022 00:00,4,CORRECTABLE_WITH_EVIDENCE,"The processed CSV stores ISO dates, but the diagnostic used day-first parsing. Re-parsing processed ISO values with ISO/year-first semantics resolves the contradiction, and the raw DD-MM-YYYY fields are chronologically ordered.",SAFE_TO_USE_AFTER_DOCUMENTED_CORRECTION,HIGH,"No dataset correction performed; this is a parsing-rule finding. Proper ISO parse: start=2022-09-11, end=2022-09-14; raw DD-first parse: start=2022-09-11, end=2022-09-14."
UEI-IMD-FL-2022-0749,Jiribam,Manipur,2022-05-11,2022-05-15,5.0,11-05-2022 00:00,15-05-2022 00:00,5,CORRECTABLE_WITH_EVIDENCE,"The processed CSV stores ISO dates, but the diagnostic used day-first parsing. Re-parsing processed ISO values with ISO/year-first semantics resolves the contradiction, and the raw DD-MM-YYYY fields are chronologically ordered.",SAFE_TO_USE_AFTER_DOCUMENTED_CORRECTION,HIGH,"No dataset correction performed; this is a parsing-rule finding. Proper ISO parse: start=2022-05-11, end=2022-05-15; raw DD-first parse: start=2022-05-11, end=2022-05-15."
UEI-IMD-FL-2022-0868,Rajanna Sircilla,Telangana,2022-07-09,2022-07-14,6.0,09-07-2022 00:00,14-07-2022 00:00,6,CORRECTABLE_WITH_EVIDENCE,"The processed CSV stores ISO dates, but the diagnostic used day-first parsing. Re-parsing processed ISO values with ISO/year-first semantics resolves the contradiction, and the raw DD-MM-YYYY fields are chronologically ordered.",SAFE_TO_USE_AFTER_DOCUMENTED_CORRECTION,HIGH,"No dataset correction performed; this is a parsing-rule finding. Proper ISO parse: start=2022-07-09, end=2022-07-14; raw DD-first parse: start=2022-07-09, end=2022-07-14."
UEI-IMD-FL-2022-0927,Karimnagar,Telangana,2022-09-11,2022-09-13,3.0,11-09-2022 00:00,13-09-2022 00:00,3,CORRECTABLE_WITH_EVIDENCE,"The processed CSV stores ISO dates, but the diagnostic used day-first parsing. Re-parsing processed ISO values with ISO/year-first semantics resolves the contradiction, and the raw DD-MM-YYYY fields are chronologically ordered.",SAFE_TO_USE_AFTER_DOCUMENTED_CORRECTION,HIGH,"No dataset correction performed; this is a parsing-rule finding. Proper ISO parse: start=2022-09-11, end=2022-09-13; raw DD-first parse: start=2022-09-11, end=2022-09-13."
UEI-IMD-FL-2022-0928,Medak,Telangana,2022-09-11,2022-09-13,3.0,11-09-2022 00:00,13-09-2022 00:00,3,CORRECTABLE_WITH_EVIDENCE,"The processed CSV stores ISO dates, but the diagnostic used day-first parsing. Re-parsing processed ISO values with ISO/year-first semantics resolves the contradiction, and the raw DD-MM-YYYY fields are chronologically ordered.",SAFE_TO_USE_AFTER_DOCUMENTED_CORRECTION,HIGH,"No dataset correction performed; this is a parsing-rule finding. Proper ISO parse: start=2022-09-11, end=2022-09-13; raw DD-first parse: start=2022-09-11, end=2022-09-13."
UEI-IMD-FL-2023-0487,East East Jaintia Hills,Meghalaya,2023-06-10,2023-06-19,10.0,10-06-2023 00:00,19-06-2023 00:00,10,CORRECTABLE_WITH_EVIDENCE,"The processed CSV stores ISO dates, but the diagnostic used day-first parsing. Re-parsing processed ISO values with ISO/year-first semantics resolves the contradiction, and the raw DD-MM-YYYY fields are chronologically ordered.",SAFE_TO_USE_AFTER_DOCUMENTED_CORRECTION,HIGH,"No dataset correction performed; this is a parsing-rule finding. Proper ISO parse: start=2023-06-10, end=2023-06-19; raw DD-first parse: start=2023-06-10, end=2023-06-19."
UEI-IMD-FL-2023-0488,East Khasi Hills,Meghalaya,2023-06-10,2023-06-19,10.0,10-06-2023 00:00,19-06-2023 00:00,10,CORRECTABLE_WITH_EVIDENCE,"The processed CSV stores ISO dates, but the diagnostic used day-first parsing. Re-parsing processed ISO values with ISO/year-first semantics resolves the contradiction, and the raw DD-MM-YYYY fields are chronologically ordered.",SAFE_TO_USE_AFTER_DOCUMENTED_CORRECTION,HIGH,"No dataset correction performed; this is a parsing-rule finding. Proper ISO parse: start=2023-06-10, end=2023-06-19; raw DD-first parse: start=2023-06-10, end=2023-06-19."
UEI-IMD-FL-2023-0489,North Garo Hills,Meghalaya,2023-06-10,2023-06-19,10.0,10-06-2023 00:00,19-06-2023 00:00,10,CORRECTABLE_WITH_EVIDENCE,"The processed CSV stores ISO dates, but the diagnostic used day-first parsing. Re-parsing processed ISO values with ISO/year-first semantics resolves the contradiction, and the raw DD-MM-YYYY fields are chronologically ordered.",SAFE_TO_USE_AFTER_DOCUMENTED_CORRECTION,HIGH,"No dataset correction performed; this is a parsing-rule finding. Proper ISO parse: start=2023-06-10, end=2023-06-19; raw DD-first parse: start=2023-06-10, end=2023-06-19."
UEI-IMD-FL-2023-0490,Ri Bhoi,Meghalaya,2023-06-10,2023-06-19,10.0,10-06-2023 00:00,19-06-2023 00:00,10,CORRECTABLE_WITH_EVIDENCE,"The processed CSV stores ISO dates, but the diagnostic used day-first parsing. Re-parsing processed ISO values with ISO/year-first semantics resolves the contradiction, and the raw DD-MM-YYYY fields are chronologically ordered.",SAFE_TO_USE_AFTER_DOCUMENTED_CORRECTION,HIGH,"No dataset correction performed; this is a parsing-rule finding. Proper ISO parse: start=2023-06-10, end=2023-06-19; raw DD-first parse: start=2023-06-10, end=2023-06-19."
UEI-IMD-FL-2023-0491,South West Garo Hills,Meghalaya,2023-06-10,2023-06-19,10.0,10-06-2023 00:00,19-06-2023 00:00,10,CORRECTABLE_WITH_EVIDENCE,"The processed CSV stores ISO dates, but the diagnostic used day-first parsing. Re-parsing processed ISO values with ISO/year-first semantics resolves the contradiction, and the raw DD-MM-YYYY fields are chronologically ordered.",SAFE_TO_USE_AFTER_DOCUMENTED_CORRECTION,HIGH,"No dataset correction performed; this is a parsing-rule finding. Proper ISO parse: start=2023-06-10, end=2023-06-19; raw DD-first parse: start=2023-06-10, end=2023-06-19."
UEI-IMD-FL-2023-0492,West Garo Hills,Meghalaya,2023-06-10,2023-06-19,10.0,10-06-2023 00:00,19-06-2023 00:00,10,CORRECTABLE_WITH_EVIDENCE,"The processed CSV stores ISO dates, but the diagnostic used day-first parsing. Re-parsing processed ISO values with ISO/year-first semantics resolves the contradiction, and the raw DD-MM-YYYY fields are chronologically ordered.",SAFE_TO_USE_AFTER_DOCUMENTED_CORRECTION,HIGH,"No dataset correction performed; this is a parsing-rule finding. Proper ISO parse: start=2023-06-10, end=2023-06-19; raw DD-first parse: start=2023-06-10, end=2023-06-19."
UEI-IMD-FL-2023-0493,West Khasi Hills,Meghalaya,2023-06-10,2023-06-19,10.0,10-06-2023 00:00,19-06-2023 00:00,10,CORRECTABLE_WITH_EVIDENCE,"The processed CSV stores ISO dates, but the diagnostic used day-first parsing. Re-parsing processed ISO values with ISO/year-first semantics resolves the contradiction, and the raw DD-MM-YYYY fields are chronologically ordered.",SAFE_TO_USE_AFTER_DOCUMENTED_CORRECTION,HIGH,"No dataset correction performed; this is a parsing-rule finding. Proper ISO parse: start=2023-06-10, end=2023-06-19; raw DD-first parse: start=2023-06-10, end=2023-06-19."
UEI-IMD-FL-2023-0561,Bijnor,Uttar Pradesh,2023-07-12,2023-07-15,4.0,12-07-2023 00:00,15-07-2023 00:00,4,CORRECTABLE_WITH_EVIDENCE,"The processed CSV stores ISO dates, but the diagnostic used day-first parsing. Re-parsing processed ISO values with ISO/year-first semantics resolves the contradiction, and the raw DD-MM-YYYY fields are chronologically ordered.",SAFE_TO_USE_AFTER_DOCUMENTED_CORRECTION,HIGH,"No dataset correction performed; this is a parsing-rule finding. Proper ISO parse: start=2023-07-12, end=2023-07-15; raw DD-first parse: start=2023-07-12, end=2023-07-15."
UEI-IMD-FL-2023-0562,Mathura,Uttar Pradesh,2023-07-12,2023-07-15,4.0,12-07-2023 00:00,15-07-2023 00:00,4,CORRECTABLE_WITH_EVIDENCE,"The processed CSV stores ISO dates, but the diagnostic used day-first parsing. Re-parsing processed ISO values with ISO/year-first semantics resolves the contradiction, and the raw DD-MM-YYYY fields are chronologically ordered.",SAFE_TO_USE_AFTER_DOCUMENTED_CORRECTION,HIGH,"No dataset correction performed; this is a parsing-rule finding. Proper ISO parse: start=2023-07-12, end=2023-07-15; raw DD-first parse: start=2023-07-12, end=2023-07-15."
UEI-IMD-FL-2023-0563,Rampur,Uttar Pradesh,2023-07-12,2023-07-15,4.0,12-07-2023 00:00,15-07-2023 00:00,4,CORRECTABLE_WITH_EVIDENCE,"The processed CSV stores ISO dates, but the diagnostic used day-first parsing. Re-parsing processed ISO values with ISO/year-first semantics resolves the contradiction, and the raw DD-MM-YYYY fields are chronologically ordered.",SAFE_TO_USE_AFTER_DOCUMENTED_CORRECTION,HIGH,"No dataset correction performed; this is a parsing-rule finding. Proper ISO parse: start=2023-07-12, end=2023-07-15; raw DD-first parse: start=2023-07-12, end=2023-07-15."
UEI-IMD-FL-2023-0564,& Parts of Uttar Pradesh,Uttar Pradesh,2023-07-12,2023-07-15,4.0,12-07-2023 00:00,15-07-2023 00:00,4,CORRECTABLE_WITH_EVIDENCE,"The processed CSV stores ISO dates, but the diagnostic used day-first parsing. Re-parsing processed ISO values with ISO/year-first semantics resolves the contradiction, and the raw DD-MM-YYYY fields are chronologically ordered.",SAFE_TO_USE_AFTER_DOCUMENTED_CORRECTION,HIGH,"No dataset correction performed; this is a parsing-rule finding. Proper ISO parse: start=2023-07-12, end=2023-07-15; raw DD-first parse: start=2023-07-12, end=2023-07-15."
